delivery_date,mtu,q0.025,q0.250,q0.500,q0.750,q0.975,y_true
2026-09-17,1,107.75971995376092,175.76624951283344,187.3111026902435,196.5950650053233,235.8476160003636,199.33
2026-09-17,2,100.14162068210204,166.37059572408,178.32631791039378,188.64951035530493,229.51182763137228,186.44
2026-09-17,3,94.83924818901092,159.54550576255284,171.6967651195705,182.6677555545696,224.7297913885461,176.97
2026-09-17,4,90.5964073233871,153.487099297765,165.63845355359362,177.00618098188468,220.34372940344667,171.32
2026-09-17,5,96.72780961952822,161.36819078033076,173.31806932735776,183.96499908260847,226.0469029972093,175.44
2026-09-17,6,91.47157308918544,155.18012415661994,167.46203722643625,178.8542827926255,221.76055274733343,170.27
2026-09-17,7,90.0722770217472,153.43982635999978,165.77443167051553,177.3335611512004,220.4564992814971,166.6
2026-09-17,8,86.07829438186496,148.20434655792903,160.60528119693566,172.57077418235895,216.39065165210923,163.99
2026-09-17,9,86.19394385039342,148.37833664822048,160.84795547605358,172.87804408536024,216.9615732970369,166.77
2026-09-17,10,84.2617648216254,145.97760335939049,158.5899595275301,170.92789548641963,215.6262087921716,164.87
2026-09-17,11,82.60253725759824,144.14224807706742,156.83469473979304,169.37024514316988,214.01237036420525,164.94
2026-09-17,12,81.22191424394111,142.22496865613073,154.9339683840195,167.6122450022476,212.65153897769463,165.37
2026-09-17,13,81.94581254421448,143.31521023014787,156.04829846267523,168.68071004296127,213.51490362929152,165.29
2026-09-17,14,81.15848701630566,142.26192931685935,155.03805553901518,167.7856442817498,212.93065334355745,166.03
2026-09-17,15,80.3051836627042,140.99950936764637,153.7586532505578,166.5709920644757,211.97071585575856,165.3
2026-09-17,16,79.15449955633483,139.67971936753375,152.4896297576272,165.4377919962386,210.857710289552,165.63
2026-09-17,17,79.39989567791466,140.17065757239968,153.02435894415433,165.98595490668052,211.28978392357936,164.56
2026-09-17,18,78.81922687407535,139.4187974297078,152.32065308935535,165.3832322351509,210.9482164468025,165.29
2026-09-17,19,79.63765018462522,140.63220126204442,153.5167728299202,166.47979054162158,211.64269018692863,167.42
2026-09-17,20,80.88214354400918,141.96509826010086,154.6900533780489,167.39824155249838,212.2240281293159,165.3
2026-09-17,21,81.40306592753564,142.65165214975477,155.35346379262566,167.9922567586444,212.65456674455504,158.03
2026-09-17,22,84.54883394193328,146.83199879904058,159.44050978422283,171.70878125790992,215.5368132513051,159.86
2026-09-17,23,90.8756435298534,155.4751284858211,168.12847899217658,179.88895736507965,222.6946274956776,166.75
2026-09-17,24,104.34141653380829,172.4104439019716,183.78834502051225,193.0743686881737,229.96171741195784,175.4
2026-09-17,25,104.01240538081204,171.50921541056283,183.2848505223081,193.08017317387265,232.62673715141216,172.47
2026-09-17,26,123.04218692244694,195.5048028409419,206.7896459197425,214.53736099366543,251.60235839442169,194.74
2026-09-17,27,126.80872412169263,203.64147284697628,215.56772319990068,223.43537216753924,257.54124128598863,209.2
2026-09-17,28,137.5253642368814,214.5412635701919,225.14396316775125,230.92387188838865,263.35631421190163,219.99
2026-09-17,29,141.63058445049833,223.7847081018785,235.5081191050986,241.8538116150487,272.33971332360977,230.2
2026-09-17,30,149.80507974184036,232.00963820397013,243.08961857837795,248.25664600181688,279.29219836649975,221.02
2026-09-17,31,156.33079437786012,236.22411192278267,245.95397656106712,249.4564030862377,281.16552777472936,210.96
2026-09-17,32,174.56193349698628,250.08212084603164,256.50409309399646,256.8901665328641,290.383758439735,203.59
2026-09-17,33,181.3763653235,262.7283712533323,269.5909578461901,270.1673261768862,299.2760795003934,215.92
2026-09-17,34,157.53793320698347,235.5019033363249,244.3357578528299,246.9438168923573,278.41577993110184,204.59
2026-09-17,35,153.3432848208219,224.26881539125955,231.60171533108112,233.39218219227013,268.3116870096405,195.46
2026-09-17,36,137.81023756295494,204.81831633487096,213.4012513478393,217.7933522649864,258.38335152263807,177.83
2026-09-17,37,150.5469400804556,226.86929624763448,235.7853332026546,239.0209533136403,270.64146382659743,200.0
2026-09-17,38,143.84022856838106,212.99997420945056,220.578303431626,223.3297262288098,258.2587790493757,178.9
2026-09-17,39,116.38570479752792,181.31542459337507,190.45861224060184,196.8597990762316,234.22227522925743,150.24
2026-09-17,40,96.24655399848945,159.55435853414363,169.92689128077424,178.96718683618462,215.932894122684,124.42
2026-09-17,41,121.52971800737156,188.89359215291265,199.1244834194898,206.23091118816487,246.613181958108,145.92
2026-09-17,42,116.6217720148186,184.4039814073736,193.8234344411837,200.2702278020372,234.07892572550304,125.69
2026-09-17,43,99.8842759712052,168.03634448561257,180.14965162068347,190.49526902968503,228.64862144388965,99.3
2026-09-17,44,87.0550176267403,150.69241249575325,162.5636871700055,173.7555851783504,212.97765045051503,74.45
2026-09-17,45,105.62062067346044,179.43978878792487,191.9822095989395,201.98877705278173,234.8385448479937,69.57
2026-09-17,46,91.155124757253,155.70762140307832,167.81462326287047,178.95749420357384,219.47130962309888,43.17
2026-09-17,47,45.98130453251303,116.11244876956808,134.08986112746905,153.80520133493917,191.7523135342936,19.12
2026-09-17,48,34.798477855867496,107.36590791666978,127.19540481772276,149.38366913168753,186.6972466472912,7.2
2026-09-17,49,79.21151689136667,149.55476891084365,164.57759350822712,179.1249765739416,217.7462157396928,17.53
2026-09-17,50,54.11448192799251,118.14818151507863,133.89850852271297,151.21453906164052,193.06196964678173,10.1
2026-09-17,51,63.107495681213,122.43241194567736,135.60958070781663,149.97354701209204,192.1223296881724,7.62
2026-09-17,52,40.46579850776508,109.02920054027788,125.95229850014368,144.94519378383436,178.3685263439652,7.43
2026-09-17,53,37.46738961554973,104.15095147682491,120.97232357727972,140.1844751807834,175.07339724791245,5.0
2026-09-17,54,27.736121750742832,91.5258606296663,108.06518904031584,127.7640280346103,162.0989174781944,2.12
2026-09-17,55,24.609287896708217,85.37558430146476,101.44753365548922,121.06655505475676,157.1129446282722,0.42
2026-09-17,56,24.27524538008228,78.8760551404876,94.36954433873213,113.90076709598912,157.7907671509864,0.1
2026-09-17,57,41.5188989055979,93.90376758357104,107.01691170645486,123.12865327376142,167.51041642051186,3.97
2026-09-17,58,40.02218292318167,102.16927467174928,118.4373246710061,137.28541765461756,178.58717981299128,6.04
2026-09-17,59,44.236378548558925,111.60061424808838,128.06370740997278,146.43797367035668,181.47735342271352,13.69
2026-09-17,60,42.77335574543188,103.97089673641,119.79412992898575,138.07623164252718,180.18714348545475,25.2
2026-09-17,61,56.89432648102693,123.47660448617866,137.92989025019867,153.42964460003716,186.1747550689674,10.0
2026-09-17,62,46.65016912902863,104.01526126727468,118.99149609291229,136.44824856434872,182.9950175500997,23.24
2026-09-17,63,56.84638161728852,118.79196886892358,133.7743625517031,150.26591489498765,193.401710959798,42.54
2026-09-17,64,55.92197533012446,114.17165439695876,128.7713279585471,145.21117718193105,192.56789199091983,49.01
2026-09-17,65,28.60240318773016,78.66794276671695,94.14739232427186,113.81266486263254,167.35141260595665,27.41
2026-09-17,66,37.517251118610936,89.38119993615372,104.55274828753062,123.2180986077908,176.14848974747747,51.65
2026-09-17,67,62.05770708486589,124.69646421537728,139.01255939365305,154.41131441515972,195.5880928292603,101.03
2026-09-17,68,77.19760995738628,143.81300359354438,157.48608340162153,170.97344714718764,208.97792224553683,117.35
2026-09-17,69,66.75598099972646,128.5661773724673,142.33766593120262,156.93952775887968,199.1126568232611,97.67
2026-09-17,70,90.90020160242749,154.77293769953903,166.8566778758772,178.04709341157908,219.51533129341868,135.5
2026-09-17,71,109.27066430945048,179.22060627432504,190.0578046510891,198.30317139874344,231.6336290995485,163.74
2026-09-17,72,126.95222952223496,194.3127641798954,203.3342280778215,208.79402392536747,246.03026014877847,208.99
2026-09-17,73,93.17217665477004,157.01821137001784,168.1765216966141,178.21485579450405,216.49644917144468,181.97
2026-09-17,74,108.48374908002492,175.50648516991154,185.92394810751367,194.00211770681125,230.1190684561201,197.33
2026-09-17,75,118.40692084924063,189.0989416265885,199.62585907588755,206.94783470073764,241.5773844068105,205.66
2026-09-17,76,122.81837101285106,193.09806137290045,202.9257126995621,209.25932028480148,243.3357405519189,208.99
2026-09-17,77,122.27008097695668,191.1879845627876,201.1495380905884,207.7807008270556,244.5770416985373,210.17
2026-09-17,78,126.2895359353002,196.1742167277621,206.07783922293527,212.33435208735173,248.95696143761944,211.58
2026-09-17,79,187.91832042153163,243.43690190298605,247.2121808140812,248.8746446397841,287.6385590904251,213.42
2026-09-17,80,161.850450475726,232.2749781205324,237.52054912829823,237.9759526199352,269.5717308216384,232.7
2026-09-17,81,134.57250168806382,209.582012324773,219.56836892536643,225.00520515686333,256.7911753546507,216.09
2026-09-17,82,134.3424382733835,206.98677691521328,216.27145262498368,221.14825242268805,253.70749813531265,215.16
2026-09-17,83,127.15243850484292,199.74847972670327,210.0038902050916,216.3666869533704,250.2979213856976,216.64
2026-09-17,84,126.88691288521196,199.20592932192395,209.6065010744228,216.16928944007225,251.1250192645249,214.98
2026-09-17,85,127.11458039424502,198.94387530687607,208.96497351142503,215.1365609582992,249.30330158013908,219.05
2026-09-17,86,118.05862871940852,189.7338968092785,200.6291185675157,208.29388699817912,242.75765096500163,210.72
2026-09-17,87,114.6345189661786,185.1196650037513,196.2390503258036,204.44865655431727,240.49081338361952,204.19
2026-09-17,88,110.32756514296312,178.08684688213026,189.20507875603948,197.89262898978663,236.74623201481185,188.96
2026-09-17,89,116.9956601259208,185.71284613098385,196.3982727645482,204.1469167646432,242.2884565822681,199.0
2026-09-17,90,106.60500268806078,174.53887196251955,186.07391181504545,195.4183704561005,234.2463851208153,191.64
2026-09-17,91,105.85589363937876,172.82422851986644,184.2419970752608,193.5823825604409,233.21213271511857,194.99
2026-09-17,92,102.36020385962732,167.6803304601032,179.05139742259234,188.67999287974527,229.409723003051,187.88
2026-09-17,93,98.16553055626062,165.8153996329972,178.31558891408622,189.23071569877604,229.2651930681638,186.23
2026-09-17,94,92.03886513546296,157.0548400654373,169.50393035629853,180.93618169413853,222.5995761312124,184.76
2026-09-17,95,91.5057860595108,155.42293939155513,167.78496873567593,179.24604144067206,222.1734523439859,179.29
2026-09-17,96,83.30178737967253,145.8008478095094,158.64563518495146,171.22749931282624,215.2169059874638,167.18
2026-09-18,1,94.35930412990838,163.3388638309497,175.97719169208804,186.756383764205,228.36865645293787,148.62
2026-09-18,2,88.80167441047006,156.16543143669344,168.88516542446172,180.1184469276481,222.25743569470671,142.08
2026-09-18,3,84.83439347495592,151.14222898354308,164.10348770334934,175.9402683225635,219.0450989189656,134.81
2026-09-18,4,81.20311121919859,145.99169960285045,159.01417467516472,171.27623141589953,215.37433126765995,131.43
2026-09-18,5,86.84301051430985,152.58731386987478,165.2352969730088,176.72353340232132,220.0531169083057,135.96
2026-09-18,6,81.24248848636404,146.1882721906295,159.21849532348426,171.45486121405872,215.38769018486903,130.24
2026-09-18,7,79.34793160238759,143.71611839935744,156.89032998220344,169.48056207847912,214.0847896296052,127.5
2026-09-18,8,76.4916057292378,139.8715225885748,153.10154647555453,165.9875474799607,211.1276315634459,128.07
2026-09-18,9,77.4838911062283,141.21579665706895,154.408724940786,167.1605112609028,212.0334071883273,126.68
2026-09-18,10,76.85635494558274,140.35928692725895,153.5628009855847,166.37974089286718,211.3795771314384,125.54
2026-09-18,11,75.69081362282294,138.7082481442639,151.90072653464688,164.80284424226664,209.99822556297457,132.78
2026-09-18,12,73.68191375113439,136.27999803947444,149.5602933488243,162.6822343472757,208.07767880133088,133.02
2026-09-18,13,75.55157805053979,138.59820972026813,151.8154274100008,164.74916459704002,209.95397784585816,128.71
2026-09-18,14,73.88508177071434,136.837436078655,150.1878757131568,163.34082336160327,208.61060510696905,129.52
2026-09-18,15,73.97262840659594,136.8360979784679,150.13387751497623,163.22306712914792,208.4352825369781,129.9
2026-09-18,16,72.39638922871471,135.33838469836624,148.7506193351301,161.98631200475882,206.99118713154468,132.57
2026-09-18,17,72.42973963876376,135.38256280113305,148.81950001037276,162.0938851905368,207.1929507242509,128.05
2026-09-18,18,72.71061807367377,135.29786876173236,148.63196417799557,161.83122255351134,207.1121673211812,131.76
2026-09-18,19,74.59629320954686,137.41200652654118,150.541001802948,163.37194858546428,208.2037842364618,130.27
2026-09-18,20,77.16460017990518,139.59496217201476,152.46844621112518,165.01046171234464,210.25226827704805,134.34
2026-09-18,21,75.42648748637387,138.00207227255015,151.0452801531582,163.8062894721004,208.912101717814,138.82
2026-09-18,22,79.4559702034261,142.80655034835317,155.52963724541365,167.62784971196362,211.8554936250005,138.32
2026-09-18,23,86.07927465294564,152.14076268362464,165.0883668117503,176.98232062736133,220.7976785820356,148.74
2026-09-18,24,94.42020010924962,164.79857823366888,177.40214485307774,187.776753904783,227.409997629272,160.69
2026-09-18,25,94.24867491896332,161.74068339955934,173.84011460140388,184.0956442940877,225.53652907254155,173.0
2026-09-18,26,107.42518020859602,179.7438620024779,191.4325855277359,200.00345977820973,238.0143194786744,181.67
2026-09-18,27,116.25327389807268,191.2871890151008,202.9997825398957,211.06595207767825,248.6432827920433,187.86
2026-09-18,28,126.37372230475876,202.99468405235604,213.8500727116343,220.2529241370508,255.89485912762805,201.49
2026-09-18,29,131.12581398470866,208.63516410787884,218.96859771505223,224.35708734828728,258.4306844377129,207.0
2026-09-18,30,126.59018452323753,203.74100156537355,214.5273364969229,220.68730128720856,255.4279960649935,217.56
2026-09-18,31,124.55598278106592,199.7488957276556,210.55549654905192,217.2057969966041,253.9227338500985,213.62
2026-09-18,32,116.03268759221989,190.28711716528773,201.85903185725863,209.8829496251184,247.8696438950717,207.24
2026-09-18,33,132.4595646219119,210.27383103413945,221.11176794087987,227.27933659851385,263.3934527204952,221.78
2026-09-18,34,121.03142959433627,195.8532562345877,207.06507102797272,214.42605616925263,251.99366998944456,207.62
2026-09-18,35,111.38646745042811,184.95761917028915,196.87248338333995,205.5650076129802,244.18131359765025,203.33
2026-09-18,36,95.64852672188648,164.22558972370047,176.66719312552584,187.2400221874928,229.06798418424484,187.27
2026-09-18,37,112.34551789807324,188.2664688986448,200.7785016704668,209.8892741625197,248.0537436535432,204.35
2026-09-18,38,97.86194344155548,168.38240251140635,180.977778984636,191.35463157288785,231.9714215834429,181.26
2026-09-18,39,91.5470480022263,156.19576373416163,168.55765162139545,179.9147337278555,225.2284141411578,150.0
2026-09-18,40,87.87684762870374,147.72804302129384,159.7441111852689,171.66757304303474,220.73185854397863,114.83
2026-09-18,41,96.31987884911196,163.13396978523912,175.5741998530254,186.5932600317536,231.00005487800064,135.33
2026-09-18,42,98.7572718460956,160.80487371734642,171.72831145127105,181.45847267507708,227.117571653919,110.0
2026-09-18,43,83.77701592086017,142.41870540714177,153.99496898311466,165.43035645347237,212.94494460091053,83.5
2026-09-18,44,35.012903207324726,94.09154490639438,112.17376956546296,133.5452014149118,188.9361764124784,55.06
2026-09-18,45,48.72650310996818,107.8052695442946,124.19604817944877,142.97136871243077,196.5256879871073,70.83
2026-09-18,46,27.227201833416487,83.85103998142051,102.2666274357008,124.6848019072824,181.929151305434,48.15
2026-09-18,47,19.717423774156728,78.38622168293503,96.4903013349078,117.77257325700656,168.4402348832533,36.32
2026-09-18,48,11.852743109378745,66.70289852186505,84.93216550418555,107.25465936611238,160.74841107660674,14.31
2026-09-18,49,37.10891857088247,91.99573557861775,107.2885218754665,125.11642198676252,175.88011136762134,14.62
2026-09-18,50,25.51967188319045,75.13104439517721,90.21800855841288,108.84523484118512,161.77317866826343,5.82
2026-09-18,51,12.689297727753484,64.92336875549859,81.73312476238199,102.36906232012916,154.0709783989147,3.52
2026-09-18,52,4.25497336849957,54.278924187599806,71.67985990538686,93.71880374590086,147.732725581032,1.08
2026-09-18,53,5.339330762654889,53.94476988786391,70.92342765384036,92.63233221833224,147.25890913505674,0.5
2026-09-18,54,-3.781925063799413,42.105776370564776,59.51303826515377,82.47189641800799,139.20837091314047,0.04
2026-09-18,55,-12.821824338854192,32.65359904650858,50.722524313372055,74.74485991557134,131.46228635703244,0.01
2026-09-18,56,-9.776645130278231,32.77783599047209,50.266281000399225,74.09956158428737,133.4973137533245,0.0
2026-09-18,57,-0.8395582204815994,40.724995390364974,57.403567539711695,80.27530121592295,140.94292473004887,0.0
2026-09-18,58,18.66780956780231,61.02523168850241,75.41702052132445,94.59608094623582,152.06288736190214,0.0
2026-09-18,59,19.50571440298247,63.76031423129367,78.58259275934576,98.01478395813218,154.93635151933518,0.0
2026-09-18,60,4.694286820254362,54.20142028708465,72.90399817396445,97.23263840418252,157.19714879194635,0.01
2026-09-18,61,-2.6857702457701507,42.50680842108171,60.83295277914826,85.50203640008529,147.15457572314077,0.07
2026-09-18,62,5.539207123196988,53.38658312327454,70.68634386983288,93.11830503191987,150.08511005117788,1.94
2026-09-18,63,17.344761212040837,71.66451799403339,89.06959788913043,110.24135357094328,163.13030202242982,4.15
2026-09-18,64,34.22389520094755,90.29814531004465,107.0970096548354,127.07968994576464,181.1614192311316,5.97
2026-09-18,65,14.41969094914117,62.78068780002767,79.47906573600666,100.919754866181,157.95131683294642,3.88
2026-09-18,66,48.25985885748146,98.53205109173538,112.9420260807629,130.62216184427706,187.97452311341056,9.28
2026-09-18,67,70.38418397783647,132.45159214897336,146.5299805062623,161.05600790291294,209.13599815265428,48.23
2026-09-18,68,84.40373324801054,149.1597391533863,162.20143721480244,174.55097807881873,219.88852280665515,61.63
2026-09-18,69,75.60394716684067,132.24429746330668,144.70899040342908,157.99137177439792,208.79774894352263,30.0
2026-09-18,70,89.13803027025175,150.3144530753918,162.1294067764763,173.40906142176624,220.3597882687017,67.3
2026-09-18,71,94.93450859754292,161.57121776724765,174.00900633240045,185.04756184006948,229.19609664220863,129.39
2026-09-18,72,108.59924576768664,181.18556957253216,193.69096306026137,203.56454592408272,244.83473955748008,164.97
2026-09-18,73,92.7219274406,157.75923168789518,170.61301423946728,182.70513055427256,229.8427319770632,149.46
2026-09-18,74,121.89778057885242,188.95819061669985,198.69786176415047,205.56548006223915,248.001326844029,172.5
2026-09-18,75,123.66890688107718,197.04090932714385,208.0436969288073,215.458504925972,255.0611440510636,191.15
2026-09-18,76,137.68140458647468,212.297986059929,221.75927706570727,226.52107671718807,263.3219222369545,207.29
2026-09-18,77,123.8569286153942,199.66425878500684,212.07876530400088,221.22741815082293,263.19089446219976,189.3
2026-09-18,78,133.7105057973614,208.67280718883,219.00676874620189,225.06810216287977,263.44267207064075,186.45
2026-09-18,79,142.34898471434883,223.91050982778543,234.7845744113569,240.2267893138977,274.9518878823207,189.82
2026-09-18,80,147.4219493771157,231.6653966525718,241.68189796061992,245.11285498525208,274.6750157839865,205.31
2026-09-18,81,154.7997570058102,229.10794036050493,236.3085597222564,237.6593426792708,271.9928534771231,200.57
2026-09-18,82,140.26919311512745,217.0529974391148,226.18982522734947,229.91390946790472,263.4596337561593,198.19
2026-09-18,83,144.59579857140744,217.14420066325152,225.2355529160256,228.3468788183107,264.9482931552825,191.41
2026-09-18,84,136.73795467563002,210.42506079850625,219.3947855950356,223.56007592689605,259.34005166234533,189.78
2026-09-18,85,132.71955593185663,210.4955802391083,220.6347660039808,225.65906503237017,259.1730136021208,189.0
2026-09-18,86,126.44687057876564,200.86325835208672,210.9529310464294,216.63775106291587,252.23795766446176,184.75
2026-09-18,87,123.0799627177902,195.82032620602536,205.96765503434847,212.1147837471032,248.99575635901067,174.98
2026-09-18,88,116.19751808784125,185.56162893390191,195.88167924659945,203.0522671159333,242.7002809520449,164.99
2026-09-18,89,115.23835438562686,187.6319014820957,198.58425284512623,206.0336847621956,243.790515980844,172.86
2026-09-18,90,107.78823982309216,177.92262973185518,189.3268203207522,197.97543016244384,237.9073747419989,169.16
2026-09-18,91,108.77698696687376,178.88834538063708,190.20711408508748,198.73474595366395,238.70833039715424,164.99
2026-09-18,92,103.30552629503636,172.1729380306779,183.8190600375092,193.1166821750841,234.1168373761444,145.72
2026-09-18,93,106.1084869878526,175.20040097468228,186.60486478853096,195.48827614332987,236.2222892104276,157.35
2026-09-18,94,101.30360392393534,168.69511575421848,180.3000041145416,189.8667455650276,231.9708244442226,139.85
2026-09-18,95,98.88562315872888,163.8222811958531,175.181330337524,184.915833066788,228.479682258202,130.39
2026-09-18,96,90.15677671942116,154.89616914143826,167.3870315072779,178.91439160127942,224.12663045766843,111.0
2026-09-19,1,69.59545526133431,126.99231910519543,140.69031601143178,155.9772187160663,208.98577794392924,132.52
2026-09-19,2,64.16962460232202,119.50408895058384,132.948877519308,148.4493697019417,201.6229730314402,117.76
2026-09-19,3,60.9294860703337,118.71229851126724,132.50636173027195,147.87290375354797,198.1279092285888,97.43
2026-09-19,4,59.02174491761641,116.45700547539714,130.35544904355143,145.97282518143294,196.4599928048895,65.83
2026-09-19,5,63.793713026831504,117.0755987479096,130.22107136313684,145.84062229155677,200.5163154685277,96.05
2026-09-19,6,58.52009122480198,114.43945464440752,128.59912425517396,144.99331097479052,198.1652166574688,82.44
2026-09-19,7,60.616299166476246,115.55753780509504,129.30775020860193,145.36639400541694,199.0243788524039,79.18
2026-09-19,8,60.47621683594489,117.53770501950456,131.456959572784,147.1955198737075,198.667044882639,60.43
2026-09-19,9,61.713582276899935,118.9173658462598,132.99310783149608,148.91069268520312,201.1016841943689,73.77
2026-09-19,10,58.144037817941786,114.2682298611845,128.49322604009586,144.92823740733252,197.9475984413945,62.38
2026-09-19,11,58.79250447575952,116.07017262668064,129.88481922627523,145.42565291441517,195.7612767143825,52.75
2026-09-19,12,59.90233424314611,116.10642183436777,129.6142617216161,144.99633862691917,195.99576386376708,48.02
2026-09-19,13,56.12442853926827,113.99387895334247,128.24182963775226,144.2575555721643,194.51336197872115,45.15
2026-09-19,14,59.113845011681256,115.15665946476555,128.76789157576872,144.34422780449756,195.66738501958267,32.75
2026-09-19,15,58.08902923497418,113.85561349202038,127.50794843101907,143.22140929543644,194.73317574924096,26.48
2026-09-19,16,57.43006428815615,113.72102082869418,127.54835850838164,143.37582809757086,194.61413165035444,23.16
2026-09-19,17,58.382531262977416,115.19355871896336,129.11057399941663,144.92316661431946,196.08375412860795,33.57
2026-09-19,18,59.02663795438432,116.21870885492852,130.1131104355047,145.7891419439163,196.57601803563333,36.04
2026-09-19,19,58.46012717719292,115.16376517672558,129.02528467837783,144.7867972977643,195.9193451922748,36.9
2026-09-19,20,55.49108503394256,111.442263704026,125.54195163658098,141.85787808878936,193.8810113127872,36.66
2026-09-19,21,59.65847997191603,117.34328132030087,131.53026952582826,147.48967459862448,198.8291878345584,34.79
2026-09-19,22,54.00144513600956,109.4106425848924,123.93828449798482,141.01580863585994,194.7471120927185,34.41
2026-09-19,23,56.772366777849975,107.6909027026318,120.5809940032651,136.49905821539394,191.24249139865964,34.03
2026-09-19,24,58.61673528314399,102.6604084776815,113.38613541527674,128.03012587701355,184.77430319565565,39.94
2026-09-19,25,71.02844846626152,126.78254177608552,140.0556421741839,155.16455323191892,209.2614878159784,40.74
2026-09-19,26,67.82034790129987,120.85505008980812,134.31934761905475,150.43816281114997,207.71798759362224,46.66
2026-09-19,27,65.50632776062321,120.27872041969816,134.11725091819562,150.32122676640805,205.95552203726567,40.08
2026-09-19,28,62.25012793020184,117.96007478594947,132.27393274262448,148.92414558837103,204.002626475307,43.47
2026-09-19,29,74.34612157373402,136.8031203577299,150.3451210797237,164.04402840578024,211.4466150985533,41.38
2026-09-19,30,69.75770265113366,130.1798856862059,144.31894536209336,159.43225117293295,210.109616246984,41.99
2026-09-19,31,63.48612540477915,120.14404816548289,133.8028470597901,149.26134363679924,201.26176366205573,45.07
2026-09-19,32,54.5153116623021,109.49599616314272,123.57922732134628,140.13392342113053,193.05503929766792,40.1
2026-09-19,33,70.78286143684514,132.3142290366516,145.995977115133,160.15792284600704,208.16085084322776,47.71
2026-09-19,34,57.51852155134312,115.27313032826451,129.7480039357994,146.11052168470988,197.70230396750785,36.53
2026-09-19,35,46.42063070848294,98.41918783843563,113.20928173697207,131.60416570065968,188.3432605678568,27.96
2026-09-19,36,21.389771952098435,70.04212485454464,86.69149994718923,108.75417196196244,168.64957819339406,11.8
2026-09-19,37,51.9245645181178,102.79693349766866,116.49980211132082,133.61423269720925,189.73817365648603,16.9
2026-09-19,38,28.665107736237296,79.62139127939598,95.62737627024828,116.12433853675444,173.04357259482424,6.55
2026-09-19,39,4.8115729067279815,46.52238082163008,62.733345092629406,86.09628739862023,148.45871588268068,2.74
2026-09-19,40,-113.2765159423868,-49.86464404505836,-17.372041580787467,24.069590813632367,78.79915904936249,0.01
2026-09-19,41,-39.57801832676984,10.498024757301522,33.971557337517254,65.70410498352373,128.82034050645768,0.1
2026-09-19,42,-111.92767758855923,-60.89458963495633,-30.78573570099704,10.530077713311451,73.42704100344199,0.0
2026-09-19,43,-37.13340597123344,-3.442505089715869,12.8784638660158,38.7409730383187,99.25318791268676,-0.03
2026-09-19,44,-23.824287036165146,4.734820596540924,19.45269374162534,44.32014021251469,109.92846269519876,-0.09
2026-09-19,45,-22.45219699427789,5.892816576579815,19.73358473151681,43.39992240942442,106.70562432100674,-0.13
2026-09-19,46,-58.592327631811216,-21.92276368828069,-1.9624716900979744,28.41153271131663,91.0922463311666,-0.16
2026-09-19,47,-25.74582278959481,-3.656209012891156,10.705055176606106,36.78834380639202,108.90942593685892,-0.21
2026-09-19,48,-26.94589627411268,-1.622945858403181,13.852935408880724,40.675037381593306,112.08513773624549,-0.74
2026-09-19,49,-43.84645284005703,-10.764763252359844,8.0897649638031,37.7613075086387,105.67942605470826,-0.78
2026-09-19,50,-70.68505847938133,-31.26396413292209,-8.384750401660952,25.485107938042617,90.96707542516867,-0.65
2026-09-19,51,-65.18740913119822,-30.39828599189328,-9.344023617534308,23.122456667999263,89.97325004564017,-0.71
2026-09-19,52,-57.11260859642727,-25.944798880460866,-5.959794686093435,25.89972542766957,96.1648104577439,-0.86
2026-09-19,53,-88.82551385467193,-46.23797879675807,-20.11901759341791,17.62558700148831,84.66459085712316,-1.01
2026-09-19,54,-60.83221434950629,-29.99501829836326,-9.619583754506596,22.903575178415498,93.81255991403016,-1.06
2026-09-19,55,-50.89093082175765,-22.139455492874536,-3.2548811902416546,27.643519940241244,99.1178839663007,-1.34
2026-09-19,56,-49.15833508569048,-18.749949890044125,0.5412733765726596,31.571487602855093,102.82165697703824,-1.62
2026-09-19,57,-45.82180245937995,-16.134726174453107,2.576822733435149,32.95428308655435,104.1514755727678,-1.27
2026-09-19,58,-38.204790639963946,-11.607613086224164,5.586423909017813,34.57927547243243,106.84600520021924,-1.26
2026-09-19,59,-32.59447593034169,-4.374798633798996,11.57467620820141,38.33377061106741,105.9547660390324,-1.21
2026-09-19,60,-29.32387226929477,2.930775817057828,20.527506534526427,48.54933633503761,117.57839649065528,-1.46
2026-09-19,61,-30.35796383473492,2.806406372260722,20.64185382303872,48.76837513288317,117.13460459932548,-1.85
2026-09-19,62,-24.58287379533744,10.199187587209051,27.787204027769377,55.102272335215616,122.2734716631832,-1.5
2026-09-19,63,-24.922069501693635,10.818759924586605,28.412107134044003,55.4824648718222,121.34051804737584,-1.43
2026-09-19,64,-30.16382158387271,4.304193507988025,22.131994012120025,49.90114260782379,116.62668015574016,-1.94
2026-09-19,65,-25.031311426140483,11.130989243995678,29.00772291477571,56.37106042951131,122.62074517935235,-0.1
2026-09-19,66,-32.37073990619184,3.6207852184306937,21.973742932157386,50.09946830240246,116.00014222602658,-0.07
2026-09-19,67,-17.725044781876264,24.565906842796668,43.12451048506638,69.79822659300277,132.68655349884864,-0.01
2026-09-19,68,7.730953291916151,52.151100370075184,68.89504720563882,92.2849080863552,153.8571382760568,0.0
2026-09-19,69,-10.057701944705627,34.42018636127986,52.72352638341171,78.41396220952282,139.9148019221603,0.0
2026-09-19,70,11.215307014133572,57.871748507058015,73.55978127105293,94.8332602132554,150.98034878397246,0.0
2026-09-19,71,43.3966952508706,100.49974529363844,115.9455392026721,133.93843687955396,185.45902835418684,8.2
2026-09-19,72,72.32461238825834,129.62158509074,142.1735333531246,155.8385215588091,205.8870288755894,25.0
2026-09-19,73,48.74739111713424,112.0158564830236,128.21675343816463,145.62485392224465,193.40284126638863,30.0
2026-09-19,74,72.1721424338354,128.5619531217816,141.15812252348877,155.12735455087142,206.44483984700616,51.74
2026-09-19,75,88.89957919527146,151.70347985004554,163.78723639136456,175.23934755135608,221.57336991922068,79.66
2026-09-19,76,95.77652115337268,161.07679467400564,173.14081819543432,183.86760781435524,228.98333490746668,100.43
2026-09-19,77,90.33624040900986,156.59768680120197,168.81433235595543,179.53225297994368,222.311381961429,99.98
2026-09-19,78,92.90843110691262,159.1469025383556,170.77569487693526,180.64810495526024,222.22240261684104,119.52
2026-09-19,79,94.10606010382838,156.75638527193016,168.7612187915801,180.11449314872195,227.93016793109643,129.37
2026-09-19,80,98.43002347347792,166.796833417301,178.00483276262443,186.68457419231743,225.7427279107609,134.25
2026-09-19,81,92.11669614982408,160.0429217686507,171.75594125486896,181.3053120130792,220.76481262697743,133.07
2026-09-19,82,73.65288190478736,150.1009235297916,165.8072841066496,178.88852521778307,215.50373858865143,119.19
2026-09-19,83,86.55605671874767,159.16687852443178,173.04647171158922,184.4727465615384,223.640383154184,107.0
2026-09-19,84,89.48465148343757,155.79836511137262,168.09926347660635,178.9278906794597,221.67278118273697,99.94
2026-09-19,85,84.18129411410416,159.08730191979458,173.27069021453818,184.53426339045728,221.08313052025176,101.57
2026-09-19,86,71.88050900785933,143.05212395138682,157.36781279313414,169.87341591286162,207.99405607018093,99.95
2026-09-19,87,65.57555899333727,128.9554289533728,142.87394313171455,156.91065981210954,201.7945784385592,91.05
2026-09-19,88,70.01220035649308,131.59741545844852,145.10604264161393,159.0108481534392,206.12526089808523,67.32
2026-09-19,89,81.68458667509017,147.6421661712331,161.05259364897248,173.5981934355498,218.25095085927387,88.87
2026-09-19,90,71.91263944263329,127.5107681146426,139.9918594225103,154.0081315783289,205.87206404004075,86.21
2026-09-19,91,72.4003290081564,124.7410082905374,137.2040207973714,152.05519880228002,208.1823785061597,83.64
2026-09-19,92,60.98102077592785,115.09445195075654,128.80983698822237,145.03629346038963,199.7465776797628,75.7
2026-09-19,93,58.5763160356098,118.89551671897765,133.8725173954411,150.26596301168055,200.592784061928,85.0
2026-09-19,94,58.67788515340359,110.94087602138184,124.11908951770756,140.0818537337663,194.649962821984,80.0
2026-09-19,95,54.45508481183483,121.154550163495,137.73396059172083,154.74301743639637,201.1108231718431,77.65
2026-09-19,96,62.08305947727836,118.47457399601468,131.89427931947606,147.08970560399302,198.1991732247891,70.82
2026-09-20,1,46.39728856260109,108.85153966257118,123.16808535631078,139.92551923600928,192.89799825026108,18.2
2026-09-20,2,38.49985741713168,101.77116752389011,116.91330172734564,134.15041062107608,184.78431594196616,16.37
2026-09-20,3,25.791453288721968,83.9776192849013,100.01577309043977,119.4873809949444,173.7293384524878,14.99
2026-09-20,4,16.822242688407712,71.32975501419493,87.73433940652576,108.50483423351582,164.68440367993688,13.61
2026-09-20,5,29.815864632586667,87.8931993819988,103.2994420616598,122.18974226061816,176.63349423917316,14.85
2026-09-20,6,27.257063614737945,84.40173718022018,100.08193818338856,119.50171936364828,174.80633282079987,13.05
2026-09-20,7,26.60261984448813,85.64585376528824,101.98121525899056,121.55441650196953,175.8253151186155,12.49
2026-09-20,8,23.42805772467005,80.0129027935899,96.51105855577975,116.93609908795382,173.52950504897936,11.04
2026-09-20,9,29.305619582896952,86.55237142249376,101.44598054872264,119.98735777204276,173.91012320314576,8.57
2026-09-20,10,24.797635270164577,80.7903393049295,95.5799267825616,114.26080643962332,167.57239514264143,11.25
2026-09-20,11,19.866885727681137,74.66810578900105,91.03414684414214,111.75480206950988,168.7887021772117,12.2
2026-09-20,12,17.426428504905772,72.08721282437931,88.54744156509348,109.35169544858788,165.74724550394416,8.0
2026-09-20,13,19.23204643445986,73.42920478242065,89.39049129856565,109.81338159321604,166.2637118533079,8.19
2026-09-20,14,18.329367559153724,73.14819141609803,89.2690938110136,109.66003975713936,165.31559607299317,7.92
2026-09-20,15,16.65128697028142,71.818069678291,88.65457933068987,109.71482479804853,166.1206226856574,8.05
2026-09-20,16,16.937085128332413,71.78520549899248,88.65717743751715,109.86366910840522,166.91964912255426,7.09
2026-09-20,17,21.88420182266948,77.1614266692241,93.6312995913514,114.38143631206508,171.95968720278316,9.69
2026-09-20,18,19.59597753630662,72.72928889345054,89.06355403356817,110.2508909205723,169.30727638963745,8.95
2026-09-20,19,15.019788971319556,67.41643780481586,84.07240318574848,105.72815685354364,164.6179374540511,8.75
2026-09-20,20,14.219796195044488,62.82980369579002,78.71592541310173,100.62427952153892,162.11163393748268,8.6
2026-09-20,21,4.958885350991224,53.77864150180113,71.78420490544845,95.80725335977016,158.70773928985756,10.12
2026-09-20,22,1.6774449179109752,50.62190480619815,68.76665366744045,92.82051763159164,154.47786268650958,9.62
2026-09-20,23,-8.209440754381468,37.88485154733932,56.66212599984736,82.04155172756764,144.85034463180116,9.47
2026-09-20,24,-5.74581302627719,43.28370938535856,61.64088039325662,85.70706472844469,144.5348982123196,10.81
2026-09-20,25,-17.46038513157132,27.29160958456413,47.27833236105548,74.20222344685004,138.0099619786589,8.13
2026-09-20,26,-21.7790965027331,8.225008808903803,24.263278417398027,51.04577497672618,121.83227508294269,8.96
2026-09-20,27,-10.896407594043456,29.882951489321627,47.06479997742582,72.16375065631352,136.51274102810427,10.37
2026-09-20,28,3.171269617731604,48.20876842580967,63.56056002502887,85.64254501421459,145.53351150537912,12.55
2026-09-20,29,4.937587906536379,53.4074897629347,71.29144807510045,95.28128542957607,158.30681769300273,11.51
2026-09-20,30,12.641232164119527,57.81387984586654,72.17569158585445,93.3411108821848,154.54573609991454,12.74
2026-09-20,31,14.937046148885486,60.601831887303575,76.1017088461152,98.48789570633096,163.17310495002835,13.34
2026-09-20,32,7.268736568975008,44.911125475540345,61.12179927699769,86.56869736875112,160.52049437006158,11.49
2026-09-20,33,10.031863422250352,60.02994259887957,75.90850042335687,97.26706875485996,155.01736585959168,13.4
2026-09-20,34,1.0241853816477686,41.91946552728021,57.94246481475737,82.00459962966374,148.3189331894319,12.51
2026-09-20,35,-9.263849863597809,23.556667240384257,40.64805982196117,68.12527019702097,143.59226486016487,8.34
2026-09-20,36,-8.408488092965541,14.09113375480372,29.00466752200112,57.16307152286522,140.84070067621212,5.12
2026-09-20,37,-11.347126992355117,19.805007405380856,36.11268564840096,63.14238827214976,137.7668205274377,8.15
2026-09-20,38,-26.40588862693747,-9.898166451406984,3.437572069024715,31.11870283845777,110.48805142351758,5.06
2026-09-20,39,-48.48239025796844,-34.717439002114496,-15.830504612585973,18.45783223454741,106.89811968904296,1.4
2026-09-20,40,-88.08838654817566,-80.15665353461944,-69.22887806450667,-29.206514737210696,74.09434028004868,0.01
2026-09-20,41,-58.54528781986448,-49.059998708962205,-43.80848532175512,-7.186236698640727,100.70943103192911,0.01
2026-09-20,42,-64.48751840320156,-59.45862886906652,-42.78663269600538,-8.812285487488701,78.1276862937303,0.0
2026-09-20,43,-80.43648543325105,-73.56309165649346,-55.47253582417865,-20.8748453088291,60.40080581033436,-0.01
2026-09-20,44,-54.03566923051184,-42.74021481987165,-26.95487612633512,4.371442600857776,85.14700931992762,-0.04
2026-09-20,45,-53.464072886753584,-40.83732439390985,-23.794396770454338,8.585308259437642,91.2810678646813,-0.04
2026-09-20,46,-38.28797084443402,-32.85897394882792,-18.154911646668705,14.161583937131129,106.81346130786024,-0.1
2026-09-20,47,-36.50879242517719,-28.083456204531387,-13.431095037373016,17.95783354398592,107.25249668537946,-0.12
2026-09-20,48,-33.77829852755747,-12.47101841178482,3.0984601981894366,31.67259635483246,107.47092000147332,-0.17
2026-09-20,49,-29.92503336640073,-12.491829325377026,3.1554955199417654,33.11211111883242,116.01507336575747,-1.0
2026-09-20,50,-30.30783823677291,-5.506354553576874,10.468356522340326,38.5344505416747,112.31343395978402,-1.0
2026-09-20,51,-32.118500200080526,-6.535071536302101,9.965103832314744,38.34543211758029,111.71449467943614,-1.05
2026-09-20,52,-36.32148175160776,-12.01395037664863,5.117917784299247,34.49835114539027,109.43700475551744,-1.59
2026-09-20,53,-35.91822218338713,-11.35124101829082,5.622580150128844,34.753125450887694,109.09096938603196,-1.92
2026-09-20,54,-36.406455180137,-13.26924463222795,3.4502265569961343,32.7127385318149,108.04822661075224,-1.97
2026-09-20,55,-38.23041732597497,-13.990636015424464,3.1232383127261865,32.450830590758244,106.58268499450392,-2.02
2026-09-20,56,-40.16228856037488,-15.992059370615316,1.1544954802559806,30.48739608717854,103.94353237891114,-2.02
2026-09-20,57,-41.83275004945204,-17.285154074533754,0.1020246869651764,29.549596068785064,102.41846027224874,-1.94
2026-09-20,58,-46.97937724111599,-39.581286967581725,-21.48197150813823,13.892420354606042,109.3543441068712,-1.95
2026-09-20,59,-51.847122515609634,-49.16021016072742,-34.329205722426124,3.404599420926999,109.78763902474628,-1.94
2026-09-20,60,-54.77540529960936,-49.37183123446536,-37.95849169637745,-0.2042924636300753,107.795842452762,-1.91
2026-09-20,61,-37.58704805772772,-19.16864177463317,-3.64056837516416,25.664983132075776,103.52004462632895,-1.56
2026-09-20,62,-48.6469054563762,-35.08969582708763,-19.27444727151218,11.543058419769618,91.77075688894352,-1.39
2026-09-20,63,-54.47042222389118,-43.43814190223032,-27.51355902975462,4.041307672509042,85.35714716223146,-1.01
2026-09-20,64,-62.88920014935266,-54.151541264956855,-38.01559418226161,-5.748566325743383,75.4741136484853,-1.0
2026-09-20,65,-52.888128129833206,-41.386017944312655,-26.09214625839632,4.637922757713664,84.30025969511723,-0.18
2026-09-20,66,-68.23382230521527,-65.0597331397238,-49.51848405336524,-16.379455386738982,68.27740121787286,-0.1
2026-09-20,67,-95.03269347645582,-86.88940239700725,-78.31764325987727,-40.88144756500952,53.83474791423342,-0.08
2026-09-20,68,-103.937615718651,-94.55663707535774,-85.06349362355338,-44.97969333718288,53.90139593805996,-0.01
2026-09-20,69,-101.9531991019756,-89.74645436753774,-87.54672386868371,-51.59844212851712,40.95500048516077,-0.03
2026-09-20,70,-90.92736710998165,-85.042826548318,-76.30764429936622,-41.919769860286976,44.85519153039876,0.0
2026-09-20,71,-55.801569182548775,-42.15897755528356,-40.8851713109715,-4.904606873273608,110.88553887952936,0.01
2026-09-20,72,-14.20957709869477,7.585709110255481,20.175706613186225,45.71886044091028,121.39383074367883,10.72
2026-09-20,73,-50.95221080346764,-49.70949736667935,-27.33765276465598,14.72122731291632,128.35548632474166,15.13
2026-09-20,74,4.273992760387586,37.63821151203784,51.69667745741095,75.89728253614874,148.34070876848546,35.62
2026-09-20,75,16.24658195567224,49.82670971003719,65.16051412281898,91.0924175464408,172.06093379301296,58.37
2026-09-20,76,31.645326976528125,87.37079246548063,103.45080649160056,123.88621950315836,184.1333853056481,92.51
2026-09-20,77,5.819868953970087,24.616492602207465,37.09071821362538,63.97414209338574,152.23928180428325,61.64
2026-09-20,78,27.580949449910207,80.31402068091671,99.4721745328492,124.24849463398157,195.12562264755329,79.14
2026-09-20,79,37.10329757310896,84.01164085173393,98.66360318361184,120.30898083604028,190.85575039799187,86.21
2026-09-20,80,38.79155697753451,103.20703304446842,118.66647279559407,135.92596522419404,186.0292687453064,102.24
2026-09-20,81,40.48648500759681,100.79289870519096,115.03620981548995,132.20331944952926,185.2207196060509,86.69
2026-09-20,82,51.22980383109274,116.41106752737576,130.6504369282652,146.61812124974233,197.88013958419464,88.42
2026-09-20,83,24.393123106794818,84.49945417197488,102.52864103447104,123.66157734203912,180.1711025949043,82.02
2026-09-20,84,23.86054923948369,83.75181521340656,101.08750145075868,121.47458066378796,176.13465731489617,89.48
2026-09-20,85,30.52419079756837,112.00435030647286,134.04651524112427,153.4163950518386,195.0705728985845,90.08
2026-09-20,86,25.771502002189905,86.14688807827619,102.77831722060638,122.26081566650504,175.19275988120972,79.26
2026-09-20,87,19.0570239626192,76.74262943994624,94.0086252582762,114.85784747166464,170.14178697456572,67.9
2026-09-20,88,8.843286864648583,53.47412818505383,69.08922162510662,91.75550634814904,155.43154078322124,65.36
2026-09-20,89,13.602362874698322,75.79522158375576,96.25268341724671,119.2381529000493,174.818275669041,76.2
2026-09-20,90,19.40625577268697,69.2313673113814,84.59875340136837,105.6826817350213,166.4281787849183,80.07
2026-09-20,91,10.279066851101284,50.04582506104914,62.49328267497759,83.04857766137401,145.18535334724777,67.31
2026-09-20,92,11.779949331847234,61.63151249007278,76.9828462768771,97.82885832122844,155.10691563932878,61.68
2026-09-20,93,25.004557335609974,62.42052362804969,68.06589578173104,81.9323886859637,135.1145198195217,63.74
2026-09-20,94,20.679208070290137,69.71194502135448,85.06232643739207,106.40461606208208,168.72840870793283,60.09
2026-09-20,95,28.9195226812583,78.66989688592082,93.0474493731016,113.28044649923793,175.6398494475566,57.78
2026-09-20,96,23.959270783635787,69.0058356107256,83.47353839976118,105.11294013761218,171.80449039526883,51.76
2026-09-21,1,23.542281877836352,84.1752760342762,100.43989695920412,120.08476583012776,173.83602921040074,50.68
2026-09-21,2,19.812674782409417,78.29861689406222,94.82587638070645,115.26111715580453,170.59320998265707,50.29
2026-09-21,3,9.292710991330232,61.96297140074883,77.89590744028665,99.2610342944935,155.92864498325886,45.28
2026-09-21,4,3.8457440098152063,53.56408536133539,70.23432648201471,93.03521696791444,152.54994513883491,40.81
2026-09-21,5,9.78278298312329,63.227188936929466,79.54528847666326,101.07091937134943,157.8494139934822,45.61
2026-09-21,6,9.964945300447836,64.86910955098536,80.73509679999927,101.47065644594528,155.65359734696804,41.88
2026-09-21,7,11.7252862861108,66.74712303407867,83.18459815059533,104.4196099110425,160.3836285746699,42.85
2026-09-21,8,8.73601513871099,62.35581160835834,79.11727164905162,101.01008134101446,158.11021999898486,40.01
2026-09-21,9,15.43108449620565,75.37924624229844,91.00033446699555,110.22570233181972,160.17307163216066,41.33
2026-09-21,10,3.1937739063421304,61.93381015033218,79.92167192509459,101.65449634314048,153.1733255989174,37.85
2026-09-21,11,-1.200133582321989,54.62463443703351,73.13444026665277,96.09349799141803,150.37797116642608,38.38
2026-09-21,12,0.4770298133306312,57.00336183651535,75.26799793608863,97.82078538738592,151.43225112932686,39.82
2026-09-21,13,1.813607066944968,60.96139245705265,79.04957169704473,100.77252779504708,151.4782308435855,40.85
2026-09-21,14,1.179777273820953,59.74536603981841,77.7864956035302,99.61390268451052,150.64697987447107,41.02
2026-09-21,15,-0.7510952384169087,56.92080104794096,75.20112714666173,97.4781550643266,149.29485595155873,39.9
2026-09-21,16,0.1473827327211552,56.34939123847504,74.69339405304677,97.40228805485586,151.4302446981003,37.99
2026-09-21,17,7.235205460163286,67.31492822087033,85.37008464686484,106.82342363522288,158.531535115044,37.53
2026-09-21,18,8.71377903394636,68.33915529567948,85.6531083625785,106.53363234286414,157.78408731887305,39.24
2026-09-21,19,14.93088876806722,83.10289691248191,105.83219886063532,129.56322320194923,184.83576695665383,43.76
2026-09-21,20,17.191294547212387,78.67416865464452,97.09223333597984,118.52158869101832,173.33239989408997,47.2
2026-09-21,21,5.55498698960642,61.18142418749686,80.10547503525548,103.49617449833625,161.58762083374256,43.27
2026-09-21,22,14.045205841248452,74.91724434273124,93.42899465805584,115.10171487359446,169.57134254597088,54.93
2026-09-21,23,27.832154681193224,93.475134597799,111.21229853662965,130.94918559041912,183.6921157744409,60.38
2026-09-21,24,37.71638631059198,109.04139672340806,126.78391083830086,145.0788051985275,195.134969734012,76.69
2026-09-21,25,39.64920554641382,112.56248584938298,131.08542664594592,149.7001299193166,200.3326886122198,91.43
2026-09-21,26,57.30006332701216,134.72819655971534,151.27633998387847,166.9052495929937,215.09560872454284,124.61
2026-09-21,27,57.90972467524141,137.9003244237519,155.5139436143377,171.48030455014774,219.188106649247,130.5
2026-09-21,28,59.17361266439254,140.7892726244085,157.9621442399939,173.10653300757636,218.48112288440592,148.88
2026-09-21,29,68.69622635774175,149.056072558288,163.24510427248356,175.93642554906862,220.2223786647394,160.88
2026-09-21,30,68.95242454753256,152.6619183919484,168.66322863510757,182.18501316364444,226.517680441112,187.01
2026-09-21,31,69.83613312874706,152.3438193630907,168.0621954421303,181.62628054663955,227.11313837447585,194.48
2026-09-21,32,65.5868975533557,144.2136144085482,159.8522344243296,174.32955118733577,222.4870510734887,170.08
2026-09-21,33,68.96947889026211,151.7822993175673,167.65816328256972,181.29123845758505,226.4113256319687,257.09
2026-09-21,34,64.79476711098815,144.38271976982054,159.9694482275274,174.15492721665282,220.7629870239348,195.49
2026-09-21,35,58.635156123756495,136.61006704508804,153.17584270372004,168.6817000158501,216.8030358646142,154.11
2026-09-21,36,42.94181699899381,114.67531273086712,131.93738990462705,149.6806428555712,200.32006220783805,108.01
2026-09-21,37,50.482627668941255,126.13723142230994,142.54804681122485,158.50284549588832,205.754927838388,121.74
2026-09-21,38,35.95277584242336,106.3881053171649,123.83320869764326,142.0788876246272,191.8382252576505,103.29
2026-09-21,39,19.913536540299543,80.21619477008215,97.66775071311312,118.49905175653046,173.71650815861278,63.51
2026-09-21,40,12.470134422102255,64.11272297764397,81.56019261448365,104.58969374240644,166.94940293791294,43.74
2026-09-21,41,25.79495360120699,87.36188364067951,104.40313121475704,124.5302750400937,179.74191144465175,62.15
2026-09-21,42,12.4627678219128,68.13077318723289,86.8943797796617,110.12267691905744,170.5781287590318,33.39
2026-09-21,43,-2.4201972834684184,50.54871836551644,71.2474272447108,96.96247634013577,158.75759826298236,28.43
2026-09-21,44,-11.98722914998487,37.85592529523023,60.6808619770317,89.16594841510332,155.32567494910774,11.39
2026-09-21,45,-0.518859378195792,52.74780084082238,74.12411237271577,100.39126243218251,164.03919819708267,19.82
2026-09-21,46,-8.400326509881381,38.88105527968203,58.66528729529661,84.9787322535708,149.0880787341099,13.13
2026-09-21,47,-15.406418324139455,29.793083861192954,49.80120450059701,76.85396534499543,141.07914217469153,2.66
2026-09-21,48,-13.564724755552184,25.96691028879659,43.07390434982615,68.87387309185465,134.2792617065241,0.03
2026-09-21,49,-2.9786346224832982,38.39287812315891,54.57644228460104,79.04809214202513,144.55843219871457,0.76
2026-09-21,50,-12.023883685482213,27.184810850259424,43.9050227669924,69.42753912374707,135.00113154686193,0.01
2026-09-21,51,-20.759719091863115,17.302221663457132,34.99686815725063,61.71822478773756,127.22329573444988,0.02
2026-09-21,52,-31.555137537818783,4.99129588381366,23.96039349321061,52.25340444519004,117.93839394208284,0.01
2026-09-21,53,-28.260070928977875,7.806520676945446,25.978020146370064,53.6515834592425,119.51288430840864,0.0
2026-09-21,54,-32.70841827706711,1.4393296909091564,20.17828176282436,48.86732957132503,116.40520692783896,0.0
2026-09-21,55,-34.09307132881179,-0.74103451114234,17.95185440189219,46.80080682049016,114.6182782941476,0.0
2026-09-21,56,-37.801503755141496,-6.0997469236612805,12.340416163852945,41.37556408471026,109.10463989898123,0.0
2026-09-21,57,-35.73131460126134,-2.406645962073366,16.38911083542536,45.34114690871876,112.75642928345871,0.0
2026-09-21,58,-35.73690049476463,-2.6052967998606924,15.89613066657307,44.62417393333246,111.63617656898414,0.0
2026-09-21,59,-37.02523251225088,-4.280742459001784,14.449356312457647,43.48835929650695,110.9258599132619,0.01
2026-09-21,60,-33.91861498871607,-0.0324743454299305,18.869811664402583,47.77731436009411,115.48609240982154,0.03
2026-09-21,61,-36.71317078326184,-3.209765057544196,15.323572261190158,43.98724379014094,110.24351565285308,0.0
2026-09-21,62,-31.917282872478182,2.6813786579899954,20.808438120760187,48.815078257609215,114.83878867157684,0.03
2026-09-21,63,-22.851562436800723,14.0022669993624,30.597987613873865,56.60765279111992,120.35064427040804,0.1
2026-09-21,64,-16.906259984195806,23.3805883376494,41.02445628639892,67.13213628572383,131.46584533848022,5.47
2026-09-21,65,-32.87597168233348,0.9610339754643392,18.50450464913418,46.16362012515897,111.45256068226333,0.08
2026-09-21,66,-23.0495809895626,15.731023008969032,33.64718074193397,60.39254490495286,124.61653384735877,20.95
2026-09-21,67,-10.684947132267862,33.81839588490238,51.60012570555604,76.76242076751082,138.9434358772765,33.95
2026-09-21,68,-9.344339769591556,39.78273047615602,57.80709313306036,82.01992951521544,139.84952827240454,59.32
2026-09-21,69,-24.695996950185297,18.182785006896136,37.406803293237,64.325530449871,125.88912835245196,22.71
2026-09-21,70,-9.91357202929131,43.015506366930445,62.78386578799848,87.64933897300102,144.52262416268604,67.08
2026-09-21,71,24.79241102158624,104.92703160269072,128.84879134857184,150.64437022704217,198.41006745322028,135.63
2026-09-21,72,40.20428967419051,129.01810078740982,151.49407608774004,169.73824510835584,210.4296032274948,203.34
2026-09-21,73,55.31948052455882,125.3252465237904,140.0703218823611,155.9121019359885,208.146517671012,166.62
2026-09-21,74,44.03008655223567,122.12799121521608,141.55718432231782,159.69424818878846,207.94505794705728,198.79
2026-09-21,75,58.15190680651013,146.23776720489445,165.76961709384176,181.45984782666483,223.8894412141277,222.59
2026-09-21,76,75.34348823720285,175.6664544825715,195.91293161525687,209.15159136658207,245.65882749489347,261.72
2026-09-21,77,66.83715269932713,155.22135470249577,173.09200574543354,187.1617976277647,229.16891127150149,220.8
2026-09-21,78,76.35228751932974,164.88908307676428,181.6829525837872,194.71103877108663,238.0410899854836,223.97
2026-09-21,79,83.99736039792572,171.0618453453283,184.92473020878043,195.6045652220569,237.4628865915144,251.23
2026-09-21,80,102.4746243362527,198.6995527571248,211.6853333246938,219.2177243389468,255.87231627309552,275.9
2026-09-21,81,85.31040941281947,174.45611629058618,188.541549426698,198.89883239003888,239.3227249291436,251.3
2026-09-21,82,96.28801678714215,186.30350419257405,198.8858615160408,207.6232889752904,248.20763994548025,250.28
2026-09-21,83,95.07642842890012,184.2215049446232,197.12004686964303,206.3722816029869,248.16374512025013,243.48
2026-09-21,84,92.4983623506287,180.066315987734,192.9882781388366,202.66378616045304,245.31998012578111,219.04
2026-09-21,85,96.5478254956827,183.6888820415038,195.143232479446,203.5640311468472,245.20897858384245,232.28
2026-09-21,86,86.07744548356325,169.57217634322177,182.1652054274652,192.57257677756783,236.72768280802867,218.15
2026-09-21,87,78.28121713515932,158.71327709870678,171.52781827446069,182.92166313500377,228.0184931459844,213.93
2026-09-21,88,69.509332385417,145.55538489446803,159.1562900128646,172.39696508682528,220.7953294845855,206.68
2026-09-21,89,82.43943537172342,165.95403554826737,181.3552115335101,194.3639032210304,243.0239230666577,216.0
2026-09-21,90,74.34635034353684,154.4915984439918,170.17102237839663,184.2968086423012,234.25932153314767,204.58
2026-09-21,91,70.83813312895393,148.28928146396345,163.36794054123567,177.62202030477127,228.05460848491177,206.08
2026-09-21,92,76.51065360916212,150.16652758046507,163.35219797070258,176.81149569891824,229.9100269575717,196.23
2026-09-21,93,71.94208687084009,144.0847800856247,158.406158567349,173.30509911857274,228.76811825317515,197.98
2026-09-21,94,66.3487420287669,137.0369904847746,152.09655581680835,168.0519436017735,224.5559042697255,184.14
2026-09-21,95,57.95916293759185,129.51239492161957,145.9938203580551,163.05215223287414,218.22765538537,186.58
2026-09-21,96,31.423415403406544,93.03400088949628,109.48681616803812,129.05459592971937,185.20653014520505,172.11
2026-09-22,1,81.82166415791914,168.9897224578525,183.09144497784828,193.93318562864408,235.79403699079847,189.97
2026-09-22,2,76.06054526589125,160.32633424502623,174.81759543558005,186.7290095692165,230.47070210223228,183.05
2026-09-22,3,71.04187282280176,152.9607619848508,167.4651443489638,179.94335425244594,224.3170137048153,176.66
2026-09-22,4,64.51393846103653,142.88964881612955,157.59319973563933,171.12288874805057,217.3370201673364,175.81
2026-09-22,5,71.14426989415168,152.68390276683405,166.99901795609415,179.40520827493603,223.8071328207191,177.29
2026-09-22,6,67.37940502259198,147.09638537969215,161.70585631571444,174.82833352434065,220.46944321762737,174.96
2026-09-22,7,66.92130395870382,145.65482348276046,160.03497094836848,173.20589851433317,219.2461034789568,176.55
2026-09-22,8,65.01646913188233,143.8189644637433,158.8797804431333,172.64296113355132,219.44135471261148,175.61
2026-09-22,9,65.14208804640162,143.72003565893252,158.3263790918136,171.7192356763575,217.72907375312428,175.89
2026-09-22,10,64.78136185504087,142.93308651613145,158.0214578144829,171.99056192539285,219.5185084834752,174.39
2026-09-22,11,64.91029621743849,143.27406265098534,158.68930053857127,172.91529271698545,221.0451662610487,172.41
2026-09-22,12,64.0127669532938,141.85524840946948,157.46137638879932,171.99878715516354,220.81959428548964,171.52
2026-09-22,13,64.6497312866939,142.62744611609708,157.932968824115,172.1572492770296,220.36122543544616,173.57
2026-09-22,14,64.1619901031552,142.3262528239884,157.65648121489812,171.8407036419906,219.67674246772208,170.91
2026-09-22,15,64.67977233916031,142.785276745422,158.1613817814575,172.4179121880062,220.65662049255016,170.42
2026-09-22,16,62.76195019986222,139.79643498783147,155.29502264881543,169.9304882620249,218.90084014037689,171.42
2026-09-22,17,62.649771979962985,139.20766293901465,154.7090259187727,169.47990723695898,218.9679391744232,172.65
2026-09-22,18,65.22219404265172,142.98863534608802,158.34541538113038,172.69167473603076,221.513771274152,172.33
2026-09-22,19,64.74480515421337,142.98775863721684,158.52152054635704,172.8920365520363,221.3810300327048,174.19
2026-09-22,20,69.16051806704738,149.66304160310577,165.53934888218367,179.6962886324755,228.262519225453,180.34
2026-09-22,21,65.47494287126418,144.54202138781258,160.12069069299295,174.31677047145547,222.2615403827962,167.7
2026-09-22,22,69.22313960689797,149.44881090696478,164.81744828848088,178.56636927839827,226.24893183095443,180.53
2026-09-22,23,76.72767066419522,161.67625743263162,176.73042674724,189.0040154621821,233.60065055382472,193.44
2026-09-22,24,83.81993317481735,171.34122062375727,185.45570584707968,196.2539972237425,238.58877367070005,224.33
2026-09-22,25,82.8483614409852,169.51469516222195,183.87584738568268,195.13220938771727,238.65327187069505,198.34
2026-09-22,26,94.4382455153514,188.1697262926995,202.18591433284712,211.3639773360925,250.7299713966276,225.83
2026-09-22,27,94.40889382957356,189.41900404356545,204.5849216145173,214.50461718222755,255.15574105366096,253.32
2026-09-22,28,106.57290664431464,204.81870365305232,219.21236369188856,227.7425532026905,267.93718239794885,277.03
2026-09-22,29,113.30358204326888,212.0637994307629,224.33368020063747,230.82644552854552,268.13730034094647,289.86
2026-09-22,30,120.95109851434742,224.3188627216672,237.81685214808,244.35295493353493,282.5280037923705,302.05
2026-09-22,31,110.84057914984012,211.9650012040801,226.51736508641167,234.478294178122,273.5131672834042,293.4
2026-09-22,32,103.46637457241684,204.92217435105627,223.37525259795265,234.8272609888966,279.801425512739,276.47
2026-09-22,33,133.62898202225966,241.525900882218,254.38442059797129,259.30304468148466,296.04789223846007,282.29
2026-09-22,34,110.21839987299415,208.7195037371687,223.47646257516536,232.364631685385,274.70760857444475,268.06
2026-09-22,35,95.01665514408847,188.9573895513325,204.47481064469648,215.0493836693912,258.07090233073023,240.76
2026-09-22,36,75.54596782440214,166.44098277014268,185.0547086157935,199.03598801063487,244.8117316307929,204.98
2026-09-22,37,86.78922235923287,179.47207660154513,194.8154402371596,205.3963571179504,245.94047826527952,247.86
2026-09-22,38,80.4939322231823,171.1812109569144,186.6504506991619,197.77840284805023,238.26910420855208,217.86
2026-09-22,39,54.288406940422455,132.41344082242668,148.67897390874242,163.55336881362595,209.4757019597949,191.48
2026-09-22,40,40.964943980059125,110.80221323580103,127.1935320246399,144.24387739469051,194.47844181334924,166.18
2026-09-22,41,52.97571852694947,129.817804221842,147.3794106148653,163.83443480977633,213.8522190135212,186.02
2026-09-22,42,30.65513658053046,99.55018920712638,118.3461047975286,137.74545516991367,190.5135333879107,173.99
2026-09-22,43,19.10944053872371,81.85181270556433,100.73135338981552,121.69984574899806,176.935716288023,167.25
2026-09-22,44,7.711778185442071,65.15342420966604,84.61842612568661,107.39996322562747,165.3888654426315,161.83
2026-09-22,45,12.038707489013971,64.67705524449471,81.78691919536038,103.76414863341938,163.51290670059802,162.63
2026-09-22,46,5.523812759282329,60.38437636403568,79.34774071653825,102.33080609076676,161.18815145222376,151.03
2026-09-22,47,0.2234460677615004,50.55929662565073,68.74908332817292,92.154501152073,152.16334283592252,144.7
2026-09-22,48,-8.48554363752205,36.677361185469294,55.6918111751947,81.1638409961082,145.51124087880237,135.85
2026-09-22,49,-4.120617954615796,47.136556906945415,67.03433963377387,91.7232654849144,152.94384185816477,128.76
2026-09-22,50,-10.76501528363318,39.97049874894742,62.0053716873814,88.74849336631371,152.93073722845216,130.54
2026-09-22,51,-18.619787018159567,27.72025946402264,49.30136336028136,76.68065146100764,141.54517482365318,125.51
2026-09-22,52,-25.98851995460139,16.990717682712095,38.44558039314448,66.49307345998287,131.83166472108832,118.22
2026-09-22,53,-20.6540705694921,20.72651369625485,40.579038003262,67.65886052881916,133.2621729142645,119.31
2026-09-22,54,-26.38279300007951,13.246438524631632,33.624818398348225,61.57945962520608,128.05916622191123,117.72
2026-09-22,55,-28.632042567715835,11.29496876656984,32.45428261409676,61.02494993586805,128.090679640986,114.92
2026-09-22,56,-30.706695719289847,8.40750638181208,30.51437716533428,60.180282841370925,129.61509785756624,112.14
2026-09-22,57,-23.573547815215026,15.32561871635032,34.704379577854894,61.96794224295282,128.07681279867774,115.15
2026-09-22,58,-23.47524067938241,14.743724165853228,33.69978276808732,60.75225592894889,126.6726457874114,119.39
2026-09-22,59,-27.124093699636024,11.566868530688511,31.305282061900844,58.8945241894984,124.59963819537454,119.08
2026-09-22,60,-23.39735442984155,18.42943673949655,39.09804591789779,66.77455426402187,132.66338455889317,122.93
2026-09-22,61,-26.40252787293677,13.127260314219722,35.493235576744006,65.38615951174307,136.81033993958837,124.89
2026-09-22,62,-21.849223645936533,17.648075917942958,36.91432827817918,63.93842715570002,129.81161766772536,130.22
2026-09-22,63,-14.706251267641832,29.25589918538409,48.60806384668284,74.60685895056581,138.51595429997064,139.62
2026-09-22,64,3.3432793236894653,53.652877647993705,71.03729079039091,93.74553390734204,153.16384119918337,151.71
2026-09-22,65,-9.172994369633038,34.282099251710136,52.44022158237073,77.55846276227021,141.53059167725235,147.3
2026-09-22,66,11.63831631819253,65.96844633001771,84.29828612988454,106.95915875106608,167.52017316712403,161.28
2026-09-22,67,28.27598576355991,91.98800020014993,110.04016077118966,130.14243415735498,186.1599300441295,185.78
2026-09-22,68,49.25196827434405,120.39875128754744,136.61523578964494,153.31055321619908,205.1385753721265,213.13
2026-09-22,69,24.759353540667554,85.50060824952963,103.40449288119316,124.12892946439942,181.76180883172967,164.68
2026-09-22,70,52.13723779779756,124.07923015039486,139.62719179663307,155.51853734149202,206.0248109869956,211.86
2026-09-22,71,78.36630894828554,163.73990323469684,180.01822693377426,193.38438986272703,241.164083747924,241.96
2026-09-22,72,107.31627862764444,199.77227663455207,213.67380879895003,223.39054556756747,269.4980874520028,289.06
2026-09-22,73,79.4180261310151,162.8282562688958,179.0374554866779,192.9177695431921,243.28347373300792,253.0
2026-09-22,74,214.41416349566293,291.3272868240323,300.1678728765701,307.7848990560066,329.9445973810897,317.94
2026-09-22,75,184.01714718509515,296.9644757075986,311.8529525525588,318.4122624389735,375.7876643523244,417.93
2026-09-22,76,354.13874201892475,397.7299313183855,424.9665587670732,429.35594823814426,460.1768020479595,510.34
2026-09-22,77,134.44035332688205,245.264966269882,265.4579215548192,276.61375924038776,328.1188783348944,564.09
2026-09-22,78,154.1792054330237,272.2185926578248,291.7338084127592,300.6305798595633,350.4911147143648,647.5
2026-09-22,79,341.00975480666983,423.26987215341774,446.3191477696112,460.0024071417258,463.1569449944319,640.67
2026-09-22,80,534.6672681733114,538.7676821663059,552.954651689099,598.9387094976507,658.4131005120322,533.26
2026-09-22,81,164.67784290072828,291.60706178831964,308.11349870494894,311.8293571271655,348.4446383433856,543.39
2026-09-22,82,290.10043566992294,374.2464207770667,393.6109918550631,403.7301182181864,406.9881171242159,442.38
2026-09-22,83,251.6145280178141,354.5196131300867,368.9350430582994,374.500392749059,379.46572349197817,389.22
2026-09-22,84,185.15852422225163,297.0511965491984,298.45482670808536,301.55381695865583,332.2857188272376,357.66
2026-09-22,85,212.3576896650009,306.7929678353603,316.69979245515054,320.8994643072714,335.0475655254005,315.72
2026-09-22,86,183.7690207077055,284.78656887295915,287.56411831620204,288.7789040326653,319.5198424677882,292.8
2026-09-22,87,139.47322235553202,242.53076887227985,251.845992379379,254.86227897698893,291.16911788873733,291.88
2026-09-22,88,124.53693351236116,222.8550831980945,233.6240699481864,239.04988904829088,278.0461109287427,256.14
2026-09-22,89,131.184358566909,235.41980773135,248.2630218528895,254.15151578253884,294.10537145984586,258.79
2026-09-22,90,118.76744208510377,221.4567301673395,237.167801428456,245.97503194134103,289.3941549253876,252.99
2026-09-22,91,157.58655187221603,250.4182981455325,250.66679224605528,251.918165777383,286.5775476209971,249.35
2026-09-22,92,148.4807506219484,241.32144710341328,246.54370926506616,248.72580843706004,290.9219811480056,225.58
2026-09-22,93,130.20296542984147,226.32678517544835,237.2858999301016,243.64341881936383,288.10683370052584,226.09
2026-09-22,94,137.22474352904803,235.7892172686572,250.93665421911007,260.7838835879893,315.587752951883,214.54
2026-09-22,95,141.84128779512952,240.8768621351988,257.2056739335005,268.1576257903535,327.26384670075447,210.21
2026-09-22,96,82.98987823452316,174.20965280746677,195.64105249323853,212.40440940112504,267.84854299396784,201.18
2026-09-23,1,117.4807621687082,222.9260382944969,235.06491940658609,240.55803875635308,280.2000055003064,194.51
2026-09-23,2,113.1896579893736,216.5899818784212,229.52249263051087,236.18682721652323,278.6856302267017,188.57
2026-09-23,3,105.87465140931889,207.08714600025303,220.4366936964269,227.95789935283105,269.8951127385181,190.3
2026-09-23,4,102.15459426519604,205.0407216796487,218.463238684892,225.5806181958174,262.1768049962415,182.46
2026-09-23,5,121.90061544030787,247.1831208905216,257.71086994304505,258.23655722149385,264.4190270037419,181.76
2026-09-23,6,121.29679464182,248.33701657982783,249.36140714146148,254.84835941822632,258.093406214924,174.93
2026-09-23,7,120.82612074906046,237.09000614773595,253.7254506311044,255.86302425750625,261.3303447952549,173.68
2026-09-23,8,109.53701359208556,227.90962415919984,236.81136373680545,237.1889462953769,239.07724525598505,179.0
2026-09-23,9,109.20518116197786,217.3742497150243,232.05646623504185,233.90066226158604,238.1641521473229,174.52
2026-09-23,10,110.167115758674,234.7522281051133,235.62032644658504,243.00946076768705,245.0671562915616,171.11
2026-09-23,11,112.78666121971042,233.87765681724449,241.7158387635618,241.86532557524825,243.027209489084,177.24
2026-09-23,12,113.66125380088091,231.9276928507745,236.66640510696948,240.84727347037523,244.03029315808723,183.06
2026-09-23,13,104.44784359808196,217.8621991210107,226.560957609998,226.91929149583592,231.3481870217348,176.72
2026-09-23,14,100.78932801605428,210.7808247836134,220.5905116524215,222.7545961655889,233.9038888427877,178.53
2026-09-23,15,109.28869294025284,224.5697838778059,230.3688211924172,234.5543830073354,237.48918030111,178.72
2026-09-23,16,112.08082310135444,230.3996828501048,233.76896162820205,238.31021759110573,241.1513985410972,173.43
2026-09-23,17,108.7641370967702,226.16682896136908,227.92248305415936,232.8780066614882,235.192422453248,173.39
2026-09-23,18,132.99127859557464,164.57774540325232,269.1830623659971,293.22795216277234,297.78088168020224,178.13
2026-09-23,19,131.2899002956061,175.17956894025866,265.53655624003005,286.6962956581083,289.77086839365114,178.35
2026-09-23,20,117.48591380821244,225.82400417006824,240.32338050185257,240.5538269155309,245.5350904058632,173.94
2026-09-23,21,106.1595189660882,205.1107289546956,216.65077714411896,223.2040189158628,262.6737584110018,171.61
2026-09-23,22,114.9654927228432,226.15017036085425,234.2856848985136,234.83239867260488,249.00256831157927,188.0
2026-09-23,23,118.50177828460396,235.94966323840143,242.10870087214744,243.58125980583253,246.9555828556027,202.0
2026-09-23,24,133.0697371991019,256.25271991036,261.022458786299,263.8625812319996,267.58684323586954,232.86
2026-09-23,25,137.42700858259266,267.36408179435307,274.84824252053465,277.3511599579231,282.0908245562142,236.07
2026-09-23,26,141.54239882166726,270.4753035658697,285.45424767971184,287.5380971539809,317.21571432104025,260.63
2026-09-23,27,156.65923477320075,290.51290257527546,307.0090223897124,309.2631964438943,347.8486596104475,355.5
2026-09-23,28,181.4048835971308,317.23485573060475,322.84601645065226,326.8173372099985,352.7836287833496,347.79
2026-09-23,29,232.84393128121545,386.0196984808089,394.56468864256914,399.33797984114216,448.7892767554095,370.63
2026-09-23,30,196.7183981726224,347.4778869795616,353.6645458301982,359.3696233335304,379.0631756059574,385.35
2026-09-23,31,181.92947785056785,314.966799699274,315.0602800287772,321.19097746854305,338.1151919945944,348.25
2026-09-23,32,163.17234887961524,305.728309115926,310.9492426583185,316.1254304670325,318.74269097686283,280.09
2026-09-23,33,186.74700850595204,332.99867544649,337.0902125559947,343.186093114538,356.1955811929301,274.32
2026-09-23,34,190.0502165998601,327.4345451843629,331.01990634643624,336.3280713410184,340.49764919147844,240.5
2026-09-23,35,176.82071218902695,315.5607879762221,316.07096379427406,322.85913716158063,326.506436277718,224.31
2026-09-23,36,136.4831913193801,258.25778599026944,267.57543728181446,268.10111104906906,286.9562881716556,189.12
2026-09-23,37,195.49897819202133,316.55554196289233,318.0000980985606,321.865911192754,358.962824789526,217.94
2026-09-23,38,165.05670442102186,289.4475628433867,293.34140480975947,296.5969032249167,320.8682326246798,193.88
2026-09-23,39,111.51969416187572,228.4409134413583,243.33476189548364,248.17508475756512,274.1695667232632,170.82
2026-09-23,40,81.63218485299203,183.8883839085646,199.6395893829219,208.7331873044987,238.82313483125083,146.46
2026-09-23,41,131.33010602233296,239.77865853058407,250.52113120097445,254.1648026910925,294.59249432844547,166.24
2026-09-23,42,91.39971874035452,186.83842385044727,200.3065104137284,209.2893149092323,249.9857270287495,148.1
2026-09-23,43,61.66474273144579,146.90777786323684,161.1397152073268,173.14183664110544,210.39945883240523,134.95
2026-09-23,44,42.19920413682059,116.03362840930708,130.55897956127097,145.58352695436304,187.61525075538867,116.12
2026-09-23,45,51.20281652191739,128.6051730596331,146.32168765348425,163.24876204592766,217.6210242239393,119.82
2026-09-23,46,38.80213827999699,114.70589369734768,128.72440400382004,142.7475751027938,176.99049374892667,107.13
2026-09-23,47,22.69388928650037,87.31972860433983,103.61944274938388,122.3701210557586,170.7716973981975,86.82
2026-09-23,48,8.031556220601509,63.85261979317018,81.13455013089285,102.87058075361112,157.9026105377201,75.87
2026-09-23,49,15.222629693860805,82.07020408024503,100.69438311140306,120.80005120565536,168.03307124720502,85.87
2026-09-23,50,7.242219273388962,70.28018345657307,88.84902573247597,109.8186700948492,156.96741825596416,73.37
2026-09-23,51,4.157836726403467,62.797012740043805,80.5737387539101,101.97125901646656,151.15921206438338,69.72
2026-09-23,52,26.59407345688505,83.85154005373313,96.83211877114135,114.67043737850216,166.41567234594794,63.26
2026-09-23,53,26.571439537862894,84.79258424284107,98.19172773736898,116.14048156666166,167.76795188251594,64.74
2026-09-23,54,21.57178117725158,75.31066445256656,86.79718479804097,104.21499363281988,152.59019573734247,60.02
2026-09-23,55,43.36798184498661,99.34910280215068,106.48785528128867,119.78938684500672,165.8774576853099,55.07
2026-09-23,56,43.55584692641785,101.69252347165242,110.23586004726091,124.18904825220316,171.850863406113,49.47
2026-09-23,57,28.06683228072358,86.12854347390122,99.32650672120349,117.15725829381196,169.4839333461964,41.99
2026-09-23,58,1.9810394096656765,59.828003449221136,76.29969934611134,96.76059923693649,140.9655301517811,64.85
2026-09-23,59,4.418142372703009,58.761406975604096,72.93806692152518,92.35452483575804,136.06545314568334,85.33
2026-09-23,60,4.595294440640146,56.45441585270364,74.78370173338452,98.41219947408985,160.99387796997698,108.18
2026-09-23,61,1.0885030216916434,46.93027905713242,60.778441653741815,82.07918005697638,135.99884197169305,72.09
2026-09-23,62,12.07765806811276,65.66598352823694,82.35535187096679,104.19617976180837,163.9005177621258,101.31
2026-09-23,63,24.45249425413277,84.39378539309827,101.13337942672986,121.48875253383922,180.4681932522239,126.3
2026-09-23,64,34.24842709567,100.17560827615056,117.2077672075455,136.35721256603634,194.0881911077889,141.93
2026-09-23,65,23.65055116174279,84.23467553893987,102.69808582890413,124.36131626973813,187.75965662196376,124.17
2026-09-23,66,39.25486428258197,111.60450685941504,129.45318412353416,147.69032746798072,201.62955299954808,148.07
2026-09-23,67,62.82182101176867,147.5370768313582,163.81561663237417,177.72340564487757,223.96206249623424,165.54
2026-09-23,68,103.0963416748753,202.81591480020512,217.8667033121682,227.21023030238769,275.4672274397925,189.45
2026-09-23,69,67.99377078166737,159.56099004762535,179.50876079546967,194.84617013644663,246.7912978401628,158.94
2026-09-23,70,115.01663984505116,238.39913093371047,258.2525799869245,265.7170164930045,301.3285579070291,186.1
2026-09-23,71,133.69567203675072,285.9324834342775,307.008109574177,308.2368684641015,315.2451356620907,211.46
2026-09-23,72,132.16821623127805,263.3293433678109,280.7414211387725,284.25456406987223,311.6752433690321,239.54
2026-09-23,73,124.52984507618616,241.5929646685907,255.2609343156372,259.1301322709417,290.5552255168858,206.0
2026-09-23,74,160.91867449495896,286.0001732500872,290.1745719947296,293.4167492674246,314.3356502946942,225.83
2026-09-23,75,156.47945947968844,280.31889302591173,287.90728482512105,289.42081551542736,316.6454402815511,267.94
2026-09-23,76,187.8807128765424,312.59318770051846,314.6205523064666,318.79952077564496,343.31185528750865,275.11
2026-09-23,77,180.37350912316208,328.063292189895,335.50356334632863,340.28298920204395,354.53525517646,271.83
2026-09-23,78,182.9421829733921,324.6576406478963,334.79755286562545,337.48628188217543,367.73911350911936,257.33
2026-09-23,79,189.96530251040448,327.68989598626564,337.72213909578363,339.87139875752706,380.3097104202644,272.89
2026-09-23,80,176.11179816742506,308.5509474376082,321.9003912928578,321.9939878356282,366.7241689373096,284.31
2026-09-23,81,170.46328018901448,295.07732644043296,303.97941146545725,304.92467988884886,344.82145727839355,262.21
2026-09-23,82,162.53458313383558,288.1154862506052,302.66682010895994,305.44142704039257,355.22269980740555,249.7
2026-09-23,83,154.3192415631129,286.3380006222106,300.90193070224655,301.9485198760094,334.91876397851945,223.83
2026-09-23,84,139.33342807937328,263.5054999313128,274.16468142861333,274.3895467935182,295.4827900921693,210.76
2026-09-23,85,128.51612925323153,241.6149933166852,255.25023040066768,260.15222422517905,301.0171560080146,213.26
2026-09-23,86,121.59848420821147,229.74269643768585,242.6524407988604,248.14815821212648,289.25401791839266,205.96
2026-09-23,87,114.88244730879848,225.72402135093083,241.3113898457864,248.34956659591808,289.335017591842,190.73
2026-09-23,88,102.16168572606855,203.78215586646783,218.13909755797883,226.38659528373225,268.361506384081,170.84
2026-09-23,89,112.25958483412612,228.11789503481432,250.6275922312232,262.2938452966343,317.493929221259,182.87
2026-09-23,90,114.89752495639524,227.16119240403765,245.60668578606465,254.73354768309133,303.49484568826267,170.36
2026-09-23,91,104.78375781417188,206.2614698765288,220.2651237759441,228.2699032780569,271.2448593601403,165.74
2026-09-23,92,95.62741524993628,194.6150184688956,209.84289011841983,219.45944923735328,263.8043934712041,161.5
2026-09-23,93,100.63394842598528,207.7845433012364,225.2076099815981,234.64679756663665,277.217870438286,166.95
2026-09-23,94,91.57947570643672,195.78352597126965,211.64149706532464,220.41442793835057,255.3306479873448,154.16
2026-09-23,95,99.82676716362568,219.6322143703476,243.0625380740776,254.38616726879303,296.82283099050613,150.68
2026-09-23,96,81.63083036091555,179.80755418884053,197.09719113283828,208.5670339901068,250.77161049228488,144.2
2026-09-24,1,71.16765194465239,150.92987994670867,167.82565570474247,181.64352703781336,232.755583709706,124.78
2026-09-24,2,62.48292581625066,138.55262589843227,155.60740604861954,170.6180093967685,222.345252401784,136.68
2026-09-24,3,58.429515068524616,132.5433210662648,149.56141710757666,165.11448692439737,217.3407983658652,130.6
2026-09-24,4,59.18551468203882,131.43769329616504,147.4722798304994,162.643858457161,215.6336306477017,129.4
2026-09-24,5,57.98438995668088,132.0416342671336,149.104541515638,164.78044685018506,217.3533723568549,121.01
2026-09-24,6,58.63610658363667,131.6138817341332,148.07594519214828,163.4623503342639,216.2734199560168,118.29
2026-09-24,7,55.60081900435433,127.79567782345424,144.55034413918756,160.39490765499085,213.041731694018,119.7
2026-09-24,8,54.040445260652994,125.28412544028144,141.94703203222102,157.95423677898668,210.696765152152,116.49
2026-09-24,9,55.89538818609181,128.0806267658282,144.76911539514748,160.5578430088085,213.24869795541065,117.38
2026-09-24,10,52.71926199875353,122.96077362419364,139.46968522434094,155.56721153922615,208.28250335356483,114.96
2026-09-24,11,55.948254633079024,127.33465168857988,143.65744223171035,159.33427999891586,212.3274248068076,114.36
2026-09-24,12,52.58123460989247,123.30151177016528,140.0263632237215,156.26213366469707,209.20046589872368,111.35
2026-09-24,13,53.39790528647452,124.08739145321675,140.656269089031,156.67770299005693,209.2594768902592,109.27
2026-09-24,14,53.02449034561602,124.19684538246156,141.00829858045535,157.26174529144808,210.4363597770888,107.97
2026-09-24,15,52.83962652293311,123.38842483820515,139.9531374170725,156.17889049213042,209.7026223672499,106.5
2026-09-24,16,51.80137205894884,122.13697226901394,138.83628443770445,155.20506516709997,208.4842641152057,104.39
2026-09-24,17,51.192406040323,121.56787588715105,138.43086495541547,154.8814165342091,207.7675498842118,106.36
2026-09-24,18,51.17110221859739,122.0151986671105,139.0718480475231,155.62412480489166,208.6425402922585,106.43
2026-09-24,19,52.28888377062683,123.71533190478696,140.81514491319388,157.19522214869377,209.83148209093417,105.65
2026-09-24,20,52.08150655300491,123.70272387151522,140.91992225463565,157.38878877872577,210.1317478505792,110.85
2026-09-24,21,53.10424874795036,125.042987443014,142.19936239315115,158.49269780073888,211.0431713050459,118.13
2026-09-24,22,53.33783373108694,125.22894432255714,142.30081469483508,158.57347986916616,211.4073153625785,118.67
2026-09-24,23,57.96673284995655,132.4682125305833,149.7486517600114,165.45113088863715,217.5852133634324,121.55
2026-09-24,24,69.51133943412111,146.97334698562537,163.18804895701135,177.0354076430589,228.9028655621978,128.45
2026-09-24,25,71.82174214340918,150.84433468328683,167.3693961868735,180.7802248085661,230.6990117417241,123.98
2026-09-24,26,86.54450193532895,168.1215598057734,182.8579979821048,193.5205697279135,241.70823149781927,142.78
2026-09-24,27,85.9025129035156,168.5195027943029,183.75865776964767,194.86188890437305,244.11309780895056,156.71
2026-09-24,28,92.82885599823138,178.87030982952757,193.98003399757067,204.6268821103093,256.73828547524533,167.77
2026-09-24,29,101.60893855552028,188.4994815353803,202.24316577140976,211.1650286934384,262.4942353140702,161.37
2026-09-24,30,109.3739952187075,200.29123430592227,214.0085884792425,222.37130768316447,276.25626127335687,167.17
2026-09-24,31,113.91379209029762,212.23674952969503,228.04417158890104,237.0008124616142,292.754041749793,172.69
2026-09-24,32,110.35274954150428,205.88340084700724,221.1514542362581,230.50862011704672,287.5949612989717,170.83
2026-09-24,33,139.6088631846603,236.09752527990355,245.9748366816456,249.3618611666808,304.6697924526736,185.99
2026-09-24,34,111.62194812000678,205.0159846460375,219.2652631406824,227.71900584249968,282.5540398063488,175.9
2026-09-24,35,106.12754660419014,192.2977224180438,204.57736283049448,212.96116192333483,268.3641041407857,172.6
2026-09-24,36,75.28061155484818,151.40100186489752,166.0083746105033,178.21101965202013,228.0813353145136,160.57
2026-09-24,37,99.8107829952644,182.50592954669887,194.78429872925423,203.4650691548489,255.78520916641395,172.79
2026-09-24,38,82.76902392422528,163.31735288389024,178.35788976701278,189.65475090830472,238.2395094590632,162.39
2026-09-24,39,65.37596595450353,140.29018814798286,156.34853173346917,170.4247335788773,220.93853122798163,144.42
2026-09-24,40,60.17097865769191,131.57296261824402,146.98225015037258,161.94460519829292,216.0519177599504,130.04
2026-09-24,41,68.78886510039757,145.549909608318,161.4955946325339,175.60805415744113,229.43134199463708,136.4
2026-09-24,42,54.349815617685415,126.87678752696456,143.8494815663773,160.3553284435007,215.8560208418289,122.77
2026-09-24,43,47.98090967227609,116.24533445552436,132.6523087195086,149.8185717403598,206.21771743684,106.24
2026-09-24,44,34.235865730007056,97.10189749341804,113.88535160256464,133.14312508676602,191.5462824596933,81.51
2026-09-24,45,33.153311301791895,101.28861554114935,120.5662625092679,140.84344697574582,198.3343708560351,98.66
2026-09-24,46,12.920865952241217,75.55860349474906,96.61787774617969,120.00396352863612,177.24002279421,78.86
2026-09-24,47,0.3253036543764196,54.695510927899385,74.81015160751905,99.31762876452822,156.59892511919656,60.02
2026-09-24,48,-17.38833917529503,27.57715524984801,47.35557522378607,73.712333281702,130.14074042561916,36.1
2026-09-24,49,3.2055421440046743,50.60568562419619,67.30640439238925,89.8152502268958,145.3963492855915,25.01
2026-09-24,50,-14.810846295040534,27.01057599748449,44.97321408580006,70.20590535690323,126.16055215687696,15.11
2026-09-24,51,-12.883714250581892,28.80362138892536,46.27966334626596,71.18237211607371,127.81263331929011,13.88
2026-09-24,52,-9.886657281732802,28.966876057993368,44.61317184636577,68.48147380673916,125.62082281631524,10.0
2026-09-24,53,-27.97816903851474,10.851276230904176,30.34195775430724,57.454468303732426,111.25034642483868,14.0
2026-09-24,54,-30.167103906176614,8.912140603010798,28.867925390271544,56.63103667386387,111.76619822456792,10.03
2026-09-24,55,-28.495773561794547,9.135694706333396,28.209326599207685,55.25277214124738,109.32297104033483,12.32
2026-09-24,56,-20.35755340445637,15.934552949730223,32.662844516522945,58.107924966371705,114.45377544150756,10.05
2026-09-24,57,-18.59305988670868,19.486327405925028,36.6374804454959,61.983150370740965,117.90551554798698,8.86
2026-09-24,58,-11.544427977983029,27.511089816779155,43.66645824516964,67.72499878652927,123.39928896017268,10.9
2026-09-24,59,-7.845184268394618,31.512973710033577,47.19332699064172,70.26656983330898,123.58537409471852,24.0
2026-09-24,60,-4.307129011912352,37.499613240792,53.40989970301604,76.36829921693348,131.12508870210462,34.99
2026-09-24,61,-6.660128491703986,33.7213801508827,49.62786759424222,72.5700623580506,125.3308263467531,38.66
2026-09-24,62,-0.3657526426297863,44.855515390265786,61.40272430349793,84.1682110266216,139.03034020630363,61.86
2026-09-24,63,6.1738137455652335,59.22131405870741,77.6041790138329,100.68844959681562,157.87874559171638,95.0
2026-09-24,64,8.410458906317963,62.26189567516799,80.72106668652397,103.11213063990228,157.21007455164238,108.0
2026-09-24,65,5.831332001843528,53.72886368973638,70.17628654765264,92.10545880405834,146.5904543393154,76.9
2026-09-24,66,19.638087022453675,75.21423615600048,92.07811757502216,112.61070192655608,167.63449747774277,108.86
2026-09-24,67,32.91039948977096,98.14543665037166,116.4699691387769,135.8517215166746,189.74384339272643,132.15
2026-09-24,68,48.46746576579296,118.0167744604714,135.1987770741269,151.82143040734456,202.78741883487945,152.8
2026-09-24,69,33.62329184884077,98.69266813520596,116.8941993849837,135.92070306871528,188.3289369978021,141.6
2026-09-24,70,54.95242307261888,130.18720217891558,148.45134014062842,164.75660280825866,215.80113248069551,170.89
2026-09-24,71,67.8517133160473,153.47437807413024,173.22092844347625,189.3027075084485,245.1200800540712,193.19
2026-09-24,72,78.86655788608522,164.1391249214917,181.98691763802023,194.83203724659649,242.93475419937016,214.43
2026-09-24,73,80.54054467997628,162.41216412987592,178.1071356399133,190.793644017977,245.15339550072952,186.47
2026-09-24,74,95.28860515447846,186.7058026825336,203.2697216964989,214.982663503268,272.241607003163,218.93
2026-09-24,75,118.07294059545656,211.2562878944817,223.9662487279298,231.37836404967328,288.6517969956321,236.02
2026-09-24,76,143.2475720043773,257.01867125904454,272.6354709665017,279.9048525820408,348.437539517706,262.74
2026-09-24,77,117.36189593877586,214.82373800803177,229.55885932608425,237.6966498847104,293.6753790317445,249.33
2026-09-24,78,131.41371250939423,231.48149240380545,244.4597920034404,250.24598388926407,306.54437372005407,263.79
2026-09-24,79,145.75859995570949,248.793444226444,260.5004889695623,263.1485010402421,313.3396688551748,267.94
2026-09-24,80,171.28950382948514,272.8311988360736,275.8469102552786,278.8924499933289,323.8334039287702,288.23
2026-09-24,81,120.90069905435683,222.5052667926716,239.01066941375024,245.66342419130035,289.5448969922286,272.65
2026-09-24,82,149.60589210844998,247.42322901348183,256.24028559860864,257.0364761548292,305.843928633954,265.8
2026-09-24,83,142.04639982490224,240.1091073165645,250.46061876054856,253.01786538409985,303.36758044872886,253.5
2026-09-24,84,142.62160776652675,238.6281939020076,247.9316083835907,250.1487225850101,301.57495996756614,248.05
2026-09-24,85,144.0179234964143,239.3733550975139,248.1811932980916,249.8813760613591,300.31706699599846,240.29
2026-09-24,86,125.83556561139429,219.72897120417247,231.539151358136,236.7650499689102,288.02467312061844,230.0
2026-09-24,87,121.10236164094088,213.5236345449956,225.60102347081124,231.6652892833872,284.0311724317654,223.38
2026-09-24,88,127.05070057918076,215.22871783553376,224.1168912294457,228.64808940223887,284.3089443314125,209.62
2026-09-24,89,119.52955414078744,214.3521757575032,227.6290556042619,234.68806755274443,289.1756006732452,220.96
2026-09-24,90,123.11250059659857,210.87363106549347,220.42577702838727,225.59078136436096,280.5147913448165,204.52
2026-09-24,91,119.7699038695724,205.68543609724168,215.16347509291165,220.626498987833,275.07497644691693,201.0
2026-09-24,92,134.22825323471858,216.48973574397897,221.286515046073,223.64396804911,281.76768649994017,192.99
2026-09-24,93,127.01296998896548,211.32400170991303,218.4688183641607,222.5828817157639,280.2367652717622,196.93
2026-09-24,94,127.74526993521928,210.1374856579056,216.2839286085077,220.00243918243257,278.3469501765894,188.32
2026-09-24,95,112.60417385612509,193.40953555022108,202.10408860335733,208.2850031540005,263.9826369831595,185.64
2026-09-24,96,105.21254977093196,183.39168273656853,192.365483958038,199.79927159401603,257.2270382849694,181.14
2026-09-26,1,89.99484950279756,173.40611196806077,189.7768013491616,201.3587512936244,250.36530828291168,205.94
2026-09-26,2,85.7678638674166,168.30830699123592,185.07185002860552,197.3615989522571,246.74435621173987,199.14
2026-09-26,3,80.2948732501064,160.60969179279618,177.43508805850718,190.5777137619744,241.1730943268816,194.54
2026-09-26,4,74.87398649397747,152.51775327216023,169.22164707023236,183.0235947848012,234.177561745664,185.56
2026-09-26,5,81.85668275677644,163.5889077192994,180.70790561060537,193.8098746487844,244.4872484365316,187.85
2026-09-26,6,77.27863148795828,157.27392237695182,174.4962723116928,188.29986678928933,239.7950538009376,184.4
2026-09-26,7,76.00768620806193,155.70260289286222,173.02625120252216,187.06591534099823,238.8526206365105,182.86
2026-09-26,8,73.24674394994199,151.1635936589312,168.2644852441149,182.413263828933,233.5450392238804,181.02
2026-09-26,9,74.84301808037259,153.39803088535865,170.4706128872219,184.4996913788817,236.06335921647243,181.33
2026-09-26,10,74.5482164824505,153.09796873363683,170.22222367391234,184.26582562892983,235.590715045194,179.17
2026-09-26,11,74.91199401722932,153.30615288877874,170.30704104221985,184.181569028916,235.05736394329463,173.17
2026-09-26,12,72.84596809372337,150.21045631874432,167.16213100684578,181.24610254347,232.0954547389505,166.7
2026-09-26,13,72.29417735095305,149.59758764256105,166.6191139107052,180.86181957145152,232.105382617204,165.93
2026-09-26,14,72.10269202890603,148.9867261394775,165.87280957334693,180.09549526445772,231.4265241238759,163.25
2026-09-26,15,72.64405549033003,149.97700302336924,166.94954157613813,181.1124398026432,232.2403926007584,162.56
2026-09-26,16,72.48552340252311,150.26936096159258,167.45116610599143,181.71810467512887,232.83778396000267,162.47
2026-09-26,17,72.88881946884919,150.43229245167544,167.44751197501145,181.57228390413275,232.5342135486877,159.61
2026-09-26,18,73.85205009701278,151.87007726816637,168.90376294398547,182.98059564563528,234.25872455604784,160.35
2026-09-26,19,74.53203407674863,153.43563353863885,170.70678357055948,184.77243177530104,235.8547367138433,161.3
2026-09-26,20,74.96255146203804,154.14270834908166,171.45178549832593,185.422707567009,236.14145562530496,161.76
2026-09-26,21,75.98647662740132,154.79101396624387,171.77337873406051,185.37997559758804,235.4413929440232,159.09
2026-09-26,22,78.1976474762495,158.20660342016828,175.28333171155197,188.6711726487489,238.6900692401613,158.03
2026-09-26,23,79.76632261466753,160.902939175596,178.1578882940055,191.4038366637245,241.1969671572192,160.44
2026-09-26,24,83.80881521853848,166.11696361834498,183.1316629477972,195.7730972326441,245.2994432832112,164.62
2026-09-26,25,87.20678287841443,172.0274441355814,189.46459346963297,201.62442053114148,249.5455695832669,167.7
2026-09-26,26,90.2262045340637,176.53401229082445,194.02967355367224,206.02129909871505,254.82647548712345,176.77
2026-09-26,27,91.60741104022216,179.31616317112105,197.12706725210387,209.1895605018952,258.5597080853361,181.6
2026-09-26,28,91.84286467509608,180.42642786099952,198.56699743611327,210.2952271023525,257.0419654833105,188.88
2026-09-26,29,94.5735279401264,182.45952678264385,199.84647029938367,210.75671294105973,256.3657484533534,192.05
2026-09-26,30,93.97231626605328,183.8586775317547,202.12976516155115,214.06885297786152,263.160393212797,194.29
2026-09-26,31,91.49537699873622,181.13232201899103,199.72232577272644,212.48071628516183,263.95759053084225,194.14
2026-09-26,32,87.83496509051412,177.2699077596572,196.4635492671958,208.99996251264287,255.2353850048561,196.76
2026-09-26,33,88.52966685227415,175.2266073131213,193.18550794737524,205.39177933631248,253.18660820788344,210.93
2026-09-26,34,84.17848143009002,171.2841293200009,190.19309075633544,202.87656750799965,248.23425608229616,203.0
2026-09-26,35,70.10481753257957,148.13078403012486,165.83516839425812,180.4707868212833,230.884001844641,187.34
2026-09-26,36,60.055875559104834,133.14788884590666,150.64370534424916,166.289246988382,216.446237359862,166.4
2026-09-26,37,71.3721066772823,149.25498153227932,166.65859387263737,181.47280339149927,234.52602546464047,193.17
2026-09-26,38,61.07156754352387,135.36397932130734,153.17568415996254,168.55208147046648,217.02493954797924,165.98
2026-09-26,39,56.12300126528608,125.96742681285792,142.86316123290203,158.44261811933472,207.05783986336684,139.03
2026-09-26,40,45.79901737747059,113.6016940053414,131.48327873764833,148.98173958864987,199.57190565553992,127.59
2026-09-26,41,51.63345845278735,122.91272652415654,141.17966841982667,157.78583996755822,206.07188688450245,132.41
2026-09-26,42,38.8816353007884,105.83357413458222,124.52399521209658,144.72758791008744,204.63768742702268,120.56
2026-09-26,43,38.48468895977675,100.70757722919166,117.55081226396253,137.39944735075215,199.5005954375119,104.99
2026-09-26,44,28.11976526892512,87.26596690461554,104.6792794357393,126.43702583170295,191.4510630465987,90.0
2026-09-26,45,17.81069404566125,73.72877981579973,91.70780757596089,113.8563030493218,172.88622317412893,78.49
2026-09-26,46,21.85410380089563,80.2791776221909,98.48524654601556,121.8024930635954,189.86260424837468,59.07
2026-09-26,47,8.475863295023416,62.06677966543274,80.70839458437095,105.30318241440638,170.8717161747004,46.32
2026-09-26,48,-5.0998527990036,46.45447204079944,66.74234230337815,91.97385527801409,148.162867082474,28.53
2026-09-26,49,-8.200402262471357,44.38472899508572,65.543706641051,93.54407153820748,161.82730977568835,17.33
2026-09-26,50,-11.809824711521753,35.55792426312396,55.26671017189909,82.83811342920146,149.75096186019474,12.51
2026-09-26,51,-18.473537522160303,25.38938051544928,44.87195801843883,72.9453892699616,138.91689711006265,9.47
2026-09-26,52,-21.336255162046925,22.82054161794614,42.91656410338008,71.79200042061981,139.06387094256266,4.71
2026-09-26,53,-21.57881312813733,20.004384889661942,39.12175981000143,67.3190888446502,132.84320431984165,4.64
2026-09-26,54,-22.75084872718121,21.381841344861748,41.71506328670053,70.91076154478793,138.53951897345632,3.73
2026-09-26,55,-22.329382279230984,22.46230416477384,42.98340547740888,72.27023585963718,140.25515599894774,2.43
2026-09-26,56,-23.73346917322611,19.53862850074184,39.70186369570426,68.87916705951814,136.1609990719375,2.42
2026-09-26,57,-23.493461181828,22.719021975555016,44.00829982086332,73.93667553072908,143.03153962763744,9.02
2026-09-26,58,-20.973118881125394,20.12963888501736,38.95243304154653,66.83531926095128,131.6372103996257,12.51
2026-09-26,59,-15.83450218380229,34.29933950771197,55.81234237964773,84.99578451092842,154.27257163263135,23.3
2026-09-26,60,-9.590019373543427,42.678071893628704,63.96058326044326,92.03773383672616,159.54001011619857,28.97
2026-09-26,61,-13.833552010701382,34.329166653541726,54.711885826671626,82.85422455798093,150.118232051182,23.0
2026-09-26,62,-7.417344051359187,34.37310012353611,51.12711807468929,75.55534877385266,134.16243248801453,40.0
2026-09-26,63,3.11476888120373,53.17024899489883,71.37961062152617,95.42193856797554,155.21514161087816,59.82
2026-09-26,64,10.216471639147317,62.853505858163736,80.84897757412818,103.9671006816366,163.5908428211764,83.28
2026-09-26,65,5.661167686259176,55.74329473144437,73.506967133741,97.23754200690676,157.99407769415194,91.58
2026-09-26,66,15.719976269941569,72.45916286542666,91.12796824753472,114.00903135746644,174.2585282146765,122.8
2026-09-26,67,44.926320358914936,108.2532333901936,124.43589859484638,142.5481480829036,200.3533738161252,135.09
2026-09-26,68,63.2783009966242,133.90121860674992,149.79396589217762,165.3625832704283,221.16776740302083,160.1
2026-09-26,69,51.71401623034777,117.70138511873664,133.76221330181465,150.91186610706134,207.8848594379856,154.56
2026-09-26,70,75.02348769101674,149.3756481929318,164.70247275326153,178.54044304962048,233.39683395718444,194.8
2026-09-26,71,87.62272406222931,167.62049181418342,183.0150973059756,194.97000399606907,246.9906229897749,215.13
2026-09-26,72,115.72820153628354,204.5199020504888,218.5152351524424,226.14701883275217,274.93715132261264,203.04
2026-09-26,73,90.76998138711886,173.66939179335992,189.66141569548896,201.8205574690849,255.6780650899528,196.0
2026-09-26,74,111.1023166292492,206.1637673907701,223.55005126015345,231.8784717318865,273.3312296402553,206.37
2026-09-26,75,116.9811860073427,212.4012260792109,228.86136652348443,236.89056470155265,282.7916463453855,220.86
2026-09-26,76,123.33636631331284,221.0580571878654,237.2392040303435,246.32001445448725,303.35282327760285,234.23
2026-09-26,77,130.41165911678206,229.6472211842874,245.25908751235005,251.6973172762676,299.2945215217501,222.0
2026-09-26,78,134.63439005929288,238.71438772588937,255.4977348639402,262.6478399964931,314.3784237945048,230.46
2026-09-26,79,135.69680208144464,240.2825180247154,257.1148354429966,263.4111619177829,310.7017425179831,243.61
2026-09-26,80,143.05066824347077,247.7445215529272,263.3289325377556,268.1339826747364,314.6286100183981,251.08
2026-09-26,81,135.83119491565793,236.8730596131332,252.28011555193365,257.44398394107384,301.6616880595436,238.97
2026-09-26,82,125.75161634432736,225.4489219970044,242.08242879328765,249.15897758261963,294.88545910125424,232.0
2026-09-26,83,125.3564784999694,221.76880596207704,237.1432152077556,243.92934017610435,290.7804377003979,222.48
2026-09-26,84,130.37909129619862,228.4711370396053,243.65398147788343,249.35049172022389,293.61246217073995,211.99
2026-09-26,85,122.27350493810414,218.37872432416347,234.1743835684137,241.46779218291567,288.2088571433236,218.18
2026-09-26,86,118.0889666451164,213.6413169491948,229.9290617997108,238.4467033582013,288.39050616054965,210.24
2026-09-26,87,112.19558360077843,205.2303610262,221.5418970439057,230.82756504161057,281.2967157262798,205.53
2026-09-26,88,102.81472209652988,192.23094060689223,208.74209068220432,219.1936790380045,269.76744150379443,200.0
2026-09-26,89,116.68704589274397,210.5321402484986,226.3891324208848,234.699872012256,283.5478133778847,207.0
2026-09-26,90,108.725368820007,199.5981264491137,215.6742413462265,224.7677332869828,272.3638767190183,200.62
2026-09-26,91,105.3478968703595,193.0631285714641,208.44824195022423,218.0378044123784,267.99921005320755,197.73
2026-09-26,92,99.87423338602407,186.2671068413376,202.0842314912381,212.52289914025656,262.76295824135104,191.89
2026-09-26,93,102.45015663334934,191.56670074784304,208.0380823533825,218.14179438716235,266.52025341430965,195.2
2026-09-26,94,98.81104472535668,185.7637131051085,202.0009583719724,212.56407393435143,261.7920619234219,188.45
2026-09-26,95,92.0622164127405,175.92769901297868,192.10074839571263,203.718397249333,254.8042299055776,182.55
2026-09-26,96,89.15719797682172,171.33591477763275,187.33781189541213,199.3417119905289,251.18191861556755,177.8
2026-09-27,1,90.37000057061456,173.6862851075825,190.0178734612765,201.90290165993093,250.9575501666806,192.07
2026-09-27,2,85.87500495205666,166.82470262024378,182.9968421730437,195.4178587560214,244.92769008378323,185.95
2026-09-27,3,82.30677225848112,162.30655883957724,178.75849070067062,191.8013757539363,241.9511267356076,182.68
2026-09-27,4,77.20515992279641,155.43530150773282,172.10545487837112,185.93930748151465,236.815221427776,172.18
2026-09-27,5,82.96085690264897,163.4263992752187,179.9646714377598,193.0191454527992,243.5145580854792,180.47
2026-09-27,6,77.89618701233923,156.73981989322547,173.538963289064,187.31284185370345,238.0152566990565,178.0
2026-09-27,7,76.64684420160418,154.63581093116733,171.3121943094718,185.24254311455488,236.3010495380858,176.62
2026-09-27,8,73.17203004285429,150.0902914747312,166.9658106147515,181.40977172526223,232.6883699359407,178.0
2026-09-27,9,76.34742294287892,155.18794808156468,172.30328554954642,186.53375649654416,238.2250130967164,176.0
2026-09-27,10,73.846009179742,151.18092182467592,168.09919079944785,182.4235823043272,233.34537985233663,171.31
2026-09-27,11,69.66426008723232,144.74712983665273,161.48708206263103,176.2488662591529,227.2818045406357,169.97
2026-09-27,12,67.93793551044584,141.8526246038557,158.4264902018299,173.39410227324046,224.8460523807973,168.08
2026-09-27,13,69.54044747489675,144.70924517465977,161.5206114717703,176.39085780730804,227.84439584955925,168.16
2026-09-27,14,68.40575930657221,142.87871257787424,159.6153912284452,174.65515785900686,226.51738456489423,166.78
2026-09-27,15,68.35966920929866,142.69377977292476,159.3843290517053,174.4413017987707,226.48495598543465,165.4
2026-09-27,16,67.59192204003662,141.76969381481257,158.5368402200379,173.70828961620836,225.73082311266603,165.39
2026-09-27,17,67.97145038871926,142.3473271833951,159.13083326917396,174.279911214316,226.40006501426527,165.0
2026-09-27,18,66.78901424252155,140.30735581419532,156.94392929475345,172.17048144333248,224.25863461740963,160.83
2026-09-27,19,66.69593082166793,140.42436050549748,157.16884522523966,172.44755958039144,224.54222782356007,160.44
2026-09-27,20,66.36816120841542,140.0514911252555,156.83076929968158,172.11590186830065,223.93174658128763,160.0
2026-09-27,21,68.27856346199829,142.78078454832587,159.5494542323033,174.5890130754148,226.2831146319621,160.44
2026-09-27,22,67.46161151732548,141.8474857409886,158.70868389116328,173.81140617982354,225.09135301182567,158.08
2026-09-27,23,68.55229239454206,143.8184837923714,160.85716399309942,175.9255890662712,227.3692183684872,159.4
2026-09-27,24,70.07857362506397,145.6371572517026,162.5110518182638,177.31960297072172,228.63284555577485,156.76
2026-09-27,25,74.88372256146252,152.22383105059907,168.9521896910607,183.10252982342308,234.1335930768988,156.03
2026-09-27,26,75.85973909738794,153.73987475543936,170.487592886966,184.3568352056421,234.2967419067364,156.05
2026-09-27,27,75.68631751872178,153.20717203188048,169.829138672666,183.64742688257505,233.43658046739395,162.42
2026-09-27,28,75.29180004071972,152.68589109624543,169.34394078608247,183.31983106775928,233.72216831032,162.85
2026-09-27,29,77.60012791732953,156.34715744227373,173.1169283463944,186.65305132189627,235.72544638064016,165.56
2026-09-27,30,76.4347005553785,154.25943278924066,170.8975724998558,184.79284186390504,235.5676485465221,157.95
2026-09-27,31,75.92501920335562,152.39218429739557,168.5969272698812,182.71318439207408,235.5071864738707,146.68
2026-09-27,32,72.79700676299859,152.15812321440933,170.35201306277594,186.52355488783448,245.23859429647143,134.63
2026-09-27,33,72.20116136267274,150.59396032830583,168.3912804227245,183.92806166131084,239.1738111374829,160.43
2026-09-27,34,70.13033214059081,148.11824776972725,166.30354876845138,183.26193010720743,244.9724512790885,143.86
2026-09-27,35,64.75386359167663,140.24914490233894,158.16636205213305,174.4013537926777,228.3217570077672,119.48
2026-09-27,36,52.49016373552536,121.86222520225743,139.43202771039373,156.82807790841517,209.90612032831984,87.03
2026-09-27,37,64.63561524786007,140.62661401097188,158.7820150819285,175.13787061730392,229.1716819527745,101.36
2026-09-27,38,49.44711278525782,115.60538328363045,132.36287972121556,149.78613329299583,202.719091348144,76.32
2026-09-27,39,41.06838823620833,104.092591985752,121.20216735514322,140.4709946747788,198.02173980096293,30.96
2026-09-27,40,27.128894609785128,86.3648992727829,104.56599228933214,126.4538802586846,187.69179416353927,18.32
2026-09-27,41,30.53464554673355,89.6916650514203,107.2224063324536,128.48656672947607,189.86518836155528,5.51
2026-09-27,42,25.123326312715427,81.70610349793702,99.2008728830648,121.39627623013118,184.7440733138487,0.06
2026-09-27,43,7.506326145049755,58.31119001700738,76.6268202316758,101.12406048076556,164.14211350724892,0.0
2026-09-27,44,-3.240513568181335,45.93574749619685,65.61504825547686,92.12968952392347,156.762436755076,0.0
2026-09-27,45,-1.8759837239967323,47.06539735975516,66.40047305576229,92.7068815610456,157.83229199427038,0.0
2026-09-27,46,-0.898076936777926,43.94126093304937,61.36860531139873,87.07732448065761,153.62795713966852,-0.01
2026-09-27,47,-8.933032146222196,31.26165480843537,48.14018768543435,74.19341138506181,138.3433804473102,-0.09
2026-09-27,48,-22.39498977354158,12.896581397614735,30.2539659781932,58.37787177188412,124.5670744029988,-0.19
2026-09-27,49,-18.30247941081864,19.99449880950913,37.7886128702399,65.0901802838309,128.09913754746725,-1.01
2026-09-27,50,-29.084505516193254,6.011157737122755,24.540150041680608,53.86921385187746,119.9955928033596,-1.76
2026-09-27,51,-31.055245290041427,3.4133152929451995,21.91986343426409,50.72842139250992,112.22919700670684,-2.02
2026-09-27,52,-33.649279170832266,-0.7460142474250873,17.706455385496966,47.58052058360372,113.97446210596996,-2.99
2026-09-27,53,-35.916364440158034,-2.596446495709668,16.46171695726089,46.82901483430864,113.2446902015786,-2.21
2026-09-27,54,-34.15965165193609,-1.1334239482196633,17.461470249151297,47.4100852577996,113.56707900661428,-2.95
2026-09-27,55,-40.64531777177724,-7.866888478237585,11.8341315009077,42.91049661309432,108.82209914687436,-2.76
2026-09-27,56,-34.33146150573027,-2.464679855064958,15.674153515903129,45.53045067303354,112.04944739333278,-2.02
2026-09-27,57,-35.652773224383395,-3.585999703507877,14.905095667889,45.15450647449959,112.347185207174,-2.0
2026-09-27,58,-33.19619944228812,-0.3244125150250116,18.0296954658826,47.81630621161983,114.2224217331116,-1.02
2026-09-27,59,-28.39640336822853,6.225882720082424,24.336428055117203,52.91453559304528,115.82900952080033,-0.21
2026-09-27,60,-25.437714012919773,11.447640146676854,29.99670907817482,58.53023332861426,122.29114532910847,-0.12
2026-09-27,61,-26.00845920556202,9.7330163946326,27.87768028842556,56.2044155377541,119.20319224196544,-0.01
2026-09-27,62,-21.78749980698681,16.95247820437749,35.60665615314356,63.7227526944689,127.28207699873386,-0.01
2026-09-27,63,-17.864511197323846,22.54124297530675,41.16954935471687,68.79605483903238,132.2065863603548,0.0
2026-09-27,64,-14.813852255127962,26.21365599100615,44.53789822610906,71.71002717564647,135.2069045917,0.0
2026-09-27,65,-12.889379148611273,28.86552207672306,47.10010550963128,73.77285264726083,135.75855650983155,0.0
2026-09-27,66,-6.618220720562626,37.934664814650525,56.19223804846771,82.14419922256837,144.1281156295739,0.15
2026-09-27,67,9.309941756449817,62.02913433773268,80.88064639763451,105.6841757447522,170.6733499312097,7.01
2026-09-27,68,26.391896495088663,85.55767845127997,103.94038319757598,126.4212770858066,190.4018492065412,45.25
2026-09-27,69,16.890933158894597,70.76626106738803,88.59984790034542,111.60470265539652,173.24160268876346,41.25
2026-09-27,70,46.20216303904042,110.04892666966532,126.6472593366566,145.7310458300364,207.0429665494601,92.71
2026-09-27,71,62.17992783923348,132.89485117749962,149.37559727126649,166.17175746859644,225.07401462188224,144.61
2026-09-27,72,65.14166419659944,134.81001580423015,150.30553040005452,166.5156422406746,226.20536038486185,178.48
2026-09-27,73,64.20598093658327,132.32238520405627,147.2132366714201,162.62267312141205,218.04609874056283,168.79
2026-09-27,74,72.96360983094033,146.55782175460877,162.28420006797796,177.76035390515153,238.0067814849019,188.35
2026-09-27,75,83.02816348689896,161.56815231000644,177.5166088522509,191.8427941033929,251.6973723586054,193.27
2026-09-27,76,87.86419126289675,172.42633447921264,189.8973108322533,203.29861616367643,257.3422918856984,194.45
2026-09-27,77,88.71400076197736,169.39172033156075,185.170186747079,198.6551502009886,257.7814256440481,190.84
2026-09-27,78,98.62045869835929,184.879251957456,201.076814153322,212.87017753053257,267.65083873936385,191.93
2026-09-27,79,101.57921454602442,187.1338383118136,202.53034125853603,214.0260358543407,270.9624095363048,198.95
2026-09-27,80,97.33530328820233,182.33171592776665,197.99384476225472,208.32787308318728,254.31711828711005,201.28
2026-09-27,81,99.57152010824424,187.53403441414088,204.23208258957908,215.7864202310578,268.5992084952736,194.32
2026-09-27,82,95.03791488441388,182.78511399012064,200.2593118883854,212.7292646776588,266.15802418410584,188.0
2026-09-27,83,99.42061850705484,186.88499282728208,203.488089342322,215.56850150883577,271.7759549537599,185.68
2026-09-27,84,105.25041672747751,193.7061838717277,209.49507679082663,219.728301416852,270.5355247870226,167.39
2026-09-27,85,103.54261799790092,190.89796938935427,206.59370792352547,217.3417234492533,270.33948003158457,174.16
2026-09-27,86,98.27414177381962,183.7202247382272,199.5549193812438,210.7797137285592,262.6066403464661,164.44
2026-09-27,87,95.60116415710786,180.12071778000353,196.04093797445697,207.4947766352101,258.612471164957,151.86
2026-09-27,88,88.63621278643492,171.6770992523447,188.2811930649468,200.8589862309756,252.34384400658973,148.56
2026-09-27,89,95.7105363508952,180.3478284794121,196.29662795249072,207.73981323930337,258.8037792934233,164.94
2026-09-27,90,90.61143429178802,173.2270796817108,189.2762280800929,201.4111229713316,252.85834547390184,156.51
2026-09-27,91,90.05320692939017,172.9392801628792,189.24596914394985,201.7606753212297,254.57291360783367,152.22
2026-09-27,92,89.28458237397987,171.90529726229585,188.2707301783668,201.06623020951503,254.9361891216444,148.03
2026-09-27,93,87.25706499591936,168.4759611639146,184.5734133394254,197.2227370655688,249.33400908351297,149.36
2026-09-27,94,86.86884542537408,168.165556078353,184.4461228641262,197.6693231149249,252.6534165388377,147.47
2026-09-27,95,84.04299551266104,164.2115193003021,180.54349024732664,194.14335855945964,249.3080446553628,145.18
2026-09-27,96,77.40846609566273,154.94090221740635,171.3632584721211,185.6216638390378,239.87186260355404,143.72
2026-09-28,1,68.17390673854672,142.60212982971686,159.62132769051456,174.79273631836296,227.18726358935103,150.75
2026-09-28,2,63.23759152251262,135.95449777505934,153.13632755359265,169.06277368551483,222.09973785707663,150.76
2026-09-28,3,60.90692579693215,132.63746501673322,149.81967444005255,166.06431136958673,219.30989166397225,150.58
2026-09-28,4,55.82289032209044,125.7883645721085,143.1414695656742,160.08432401969836,213.51112480004,150.75
2026-09-28,5,61.88866279899883,134.2409048277374,151.5137847683506,167.62475155193886,220.6251820177616,152.64
2026-09-28,6,59.045169324543615,130.6439809022613,148.10775879733526,164.74418471427538,218.48494072622464,150.22
2026-09-28,7,58.13716863255855,130.02578554023947,147.78211127075943,164.62289932081757,218.41206412129128,151.75
2026-09-28,8,56.844664535925695,127.70603282922478,145.26020687322384,162.11540316046785,215.4072520952357,151.03
2026-09-28,9,57.3358369026163,128.58002666321838,146.20522605729712,163.09839019013768,216.84896006503817,150.96
2026-09-28,10,57.5507869010164,128.65152861551255,146.18068571602984,162.9166759049778,216.0527827543713,151.36
2026-09-28,11,58.60887330194391,129.75390508730575,147.10447002536986,163.707504792281,217.13076688082123,151.75
2026-09-28,12,58.19652732454198,129.39176806998486,146.84069651174426,163.51242204020025,216.8741233197688,151.89
2026-09-28,13,57.32813404406816,127.72256060002412,144.98299487925814,161.73358346105474,215.2669549417306,152.62
2026-09-28,14,57.13700066401778,127.96730222450032,145.45274375031377,162.2766973055482,215.71472506706647,153.8
2026-09-28,15,57.84875167109912,128.80007296436497,146.20491090222956,162.95102168487304,216.5820933412324,154.6
2026-09-28,16,59.40560727354096,131.1727785213108,148.6510621640504,165.10465740423433,217.989232301546,157.33
2026-09-28,17,57.74929289466426,128.11225504897467,145.2822212150498,161.94036413408335,215.3859069367419,156.68
2026-09-28,18,60.15492628963506,131.20837800541048,148.23826819136804,164.48629645264202,217.47362020861053,158.24
2026-09-28,19,62.20955284141916,134.99659265082485,152.40243740216053,168.44682670012995,221.0490265281036,162.04
2026-09-28,20,66.65775256045674,141.4300352907847,158.87463998431198,174.4131489157568,227.15374769845243,166.87
2026-09-28,21,64.16601026414588,137.87776252628882,155.33097106961512,171.01899501884742,222.8290617252182,167.67
2026-09-28,22,72.3396865778671,147.80034408282413,164.5021675055837,179.01402800765422,231.0489191058282,170.36
2026-09-28,23,77.83015379678363,155.0696051690471,171.52894866241908,185.31855753206509,237.4493032294718,176.77
2026-09-28,24,86.04956238911416,166.01973849560247,182.15471150875285,194.70907480627528,245.99534166420813,185.9
2026-09-28,25,87.46535997134151,167.12217998563008,182.8635230711492,195.0728843370064,246.01648699860127,193.68
2026-09-28,26,96.6046467257795,180.3751610817248,196.2274491493688,207.1164174840849,256.6104728576526,204.99
2026-09-28,27,101.39919564023444,188.388067106704,204.77862557410324,214.74696211695428,261.2760631636268,214.84
2026-09-28,28,121.23234752465736,213.06473027035648,227.9242557870056,234.5476818059308,278.1759595632913,231.02
2026-09-28,29,106.28420251122134,194.35826083425363,210.3488311218659,219.06050328390288,262.3294595686632,228.23
2026-09-28,30,118.6244247434457,213.4443069021177,230.2405014516396,234.8654416391149,261.26100987215835,244.02
2026-09-28,31,124.83814303754286,221.4369641654284,237.9695557529004,239.7719479164153,254.27679123999832,246.17
2026-09-28,32,114.04632283703536,205.94094926772263,222.32335506772225,227.2105533150259,252.5761106077109,245.5
2026-09-28,33,127.02639122481943,235.56553691922525,256.6050164007534,264.1799445430001,306.85189360508804,275.95
2026-09-28,34,117.00585984649088,210.2941475887708,226.73156854034045,231.3323403740237,257.038328282289,250.74
2026-09-28,35,99.88305650717628,186.8214580609824,203.52782234992085,212.73364375754733,253.0520777141702,231.15
2026-09-28,36,82.4291629300136,162.1653244197535,179.01039207488418,189.6387189133821,225.5430890281255,210.77
2026-09-28,37,98.60610942189696,186.34885141100773,203.6001652509228,213.8194156267748,258.3093621909366,235.13
2026-09-28,38,85.97453807192935,166.52090729934602,183.0597640982165,193.23124394900125,229.51711595337213,220.36
2026-09-28,39,73.14057155889853,147.6369974732988,163.92202515239816,175.55467707157513,211.7000593245532,202.0
2026-09-28,40,61.47751899410013,142.72172444756106,164.0677105768897,178.84532194435715,216.43172852685632,182.95
2026-09-28,41,72.67282236159767,148.93467448033468,165.9962984182575,179.24891180691912,223.3704634621804,203.48
2026-09-28,42,59.53300925700099,131.963741006326,149.76245107815072,165.28624582981976,212.14559783717272,185.07
2026-09-28,43,53.410787391325776,123.07547265203492,140.7851788318499,157.37145261508934,206.29094759416824,172.75
2026-09-28,44,47.70347240352556,113.88521301765292,131.1271382034671,148.4644869601496,198.549589056218,155.95
2026-09-28,45,49.01485633401793,111.96609093299836,127.50847714496146,145.22278120384934,201.4950585031238,157.93
2026-09-28,46,24.714664498888773,90.54685320673892,111.79542979442698,134.54622379565586,193.25513387544976,158.52
2026-09-28,47,32.65277092277734,98.7535145299656,118.67978920509186,139.63044485493444,195.6671931659614,150.4
2026-09-28,48,20.653572619754897,82.22656023961733,102.37705223975132,125.32198582210792,184.1702758182627,147.22
2026-09-28,49,21.099275004768053,77.92065120806517,95.93064156073788,118.1811524380722,176.9610375288563,145.33
2026-09-28,50,-1.6788686330055853,53.21462504762782,74.58326217853285,100.6941799995999,160.10922816717644,126.73
2026-09-28,51,-6.657347873323879,49.3806689415683,72.14099520215328,99.66297042703212,161.4521195187586,117.8
2026-09-28,52,2.578292615665952,52.408044152215226,70.75268037920078,96.2597361942699,160.46489487790734,114.68
2026-09-28,53,-15.97820856880086,36.95491027801175,60.10037436604602,88.65494589237034,149.17160722021896,116.98
2026-09-28,54,0.7186279438218932,50.12364899238338,68.6015909145037,94.83067057495754,161.765813022754,114.49
2026-09-28,55,-2.729402758061042,44.91805315896421,63.28599444647991,89.61882035521265,154.86398841848853,126.85
2026-09-28,56,-2.5911414815036338,50.49391922346595,71.16055749698971,98.72462959799594,167.3917951020905,127.03
2026-09-28,57,-0.8446997914514398,53.74537079784915,74.76146280846355,101.8703749537306,168.47245725495338,120.78
2026-09-28,58,3.122172348157072,60.09938953860399,81.38331439891046,108.7171705973124,179.07265034029604,134.99
2026-09-28,59,7.998181378120407,68.66669342993647,90.7015703835538,116.76014463066664,181.7175685736896,145.51
2026-09-28,60,17.43565832134518,85.48952250325509,108.97283354040496,134.51837925427054,200.71889896305225,151.87
2026-09-28,61,13.9056408628827,76.5908584146268,98.42294698476016,123.4790360892166,187.09102597734585,146.6
2026-09-28,62,25.315768933504607,91.23307098776483,112.39386106994968,135.29322849609758,195.4802431204183,150.9
2026-09-28,63,35.92368538363956,105.32709800155418,125.9988429166456,148.24708213474355,213.10238972539867,151.9
2026-09-28,64,44.43714510654394,108.26666854889724,125.017585414178,143.931315383444,201.9256541025216,165.54
2026-09-28,65,34.74250769364928,102.41769464078548,122.57016470370073,144.5982424896291,208.1921786014505,156.69
2026-09-28,66,56.00702010914264,126.73740056000167,144.32626184572544,162.4202512227571,222.4446033923207,172.33
2026-09-28,67,69.71367022764497,148.4278076621852,166.95103167886217,183.6153695419042,243.4075315229724,198.69
2026-09-28,68,80.46444074034335,165.04286338170925,184.1545803026816,199.154714021966,255.7747241543449,224.59
2026-09-28,69,75.67880281607256,158.6594426606718,177.9223402886617,194.2436360050165,255.01798663266555,207.45
2026-09-28,70,91.92944856665656,176.15001016963046,193.01967969454867,205.48513151835883,259.2187997038705,231.26
2026-09-28,71,129.60500746586152,238.70681383962832,259.2675432586553,270.80798414038014,339.88482314923647,241.07
2026-09-28,72,182.3147548625428,341.53137294487783,374.23347299702726,380.3495345177415,433.9682550809738,266.9
2026-09-28,73,135.0079858424204,256.0714569723117,280.98659671860975,290.15516697816906,341.339840653562,247.48
2026-09-28,74,148.26553596152212,290.2506724784898,321.6838648132607,333.0019194533227,395.21213329002575,284.36
2026-09-28,75,154.2121147072675,297.6526270346828,328.5300085527865,340.5716961771386,412.3975539445017,319.88
2026-09-28,76,150.07215849669703,275.2896748567845,299.2524036365154,305.86040193365005,354.35307150394084,390.6
2026-09-28,77,154.08954496885798,303.3981276174642,337.0069328921515,346.8955288500969,400.97408991396856,350.0
2026-09-28,78,169.6568595439403,338.773210846925,377.82145667718527,392.30345688505565,475.57910232562006,354.0
2026-09-28,79,178.6055985194148,321.7289988336421,347.9568202499734,355.92513367935493,429.2818033279375,349.99
2026-09-28,80,214.35868083045028,382.03521032596456,412.3885159942819,415.82025537518905,480.78404010416864,314.86
2026-09-28,81,201.125806464548,351.88045584258487,377.34125362985367,380.9417687359672,445.8956761477255,320.83
2026-09-28,82,164.41603884544193,307.22179860916305,336.04517607740047,344.41031955364394,405.28207332196695,280.59
2026-09-28,83,144.0474039781929,253.650384630093,271.98633424495216,277.165304227979,322.622811960101,260.91
2026-09-28,84,134.44154515571768,254.197607483948,278.61907776809403,288.2764205008502,342.8366864855953,246.9
2026-09-28,85,137.90280865456828,255.59680334542284,278.52333710868953,286.6627197347149,337.2900567023762,252.58
2026-09-28,86,119.6438586026548,238.4832065293625,265.2212603820463,277.6195080950874,333.74824271261565,234.44
2026-09-28,87,108.88940555970387,212.9030807209696,235.2577728831038,246.63934409020783,296.5808798497584,223.98
2026-09-28,88,100.14417170296107,204.6001086952948,228.7135085387587,242.4868334716572,297.2833868501017,205.0
2026-09-28,89,109.28858481371716,211.4271814965857,232.892795921334,244.01777658216983,294.2765408175207,216.93
2026-09-28,90,102.51902248679568,204.379928415888,226.9298596359296,239.97509508184703,294.8896345878694,208.16
2026-09-28,91,102.65830769874393,209.33881313290263,233.90741569570983,248.3169156273851,307.9404459021416,201.99
2026-09-28,92,99.23658067486062,208.1074941480956,234.2117721352298,250.28202717185147,314.64883873017953,186.32
2026-09-28,93,99.23357694878536,204.4767362997957,229.12618246667995,242.6842265308293,294.5926695608252,197.01
2026-09-28,94,99.91832471071842,224.466689317088,257.11975289549764,277.1564773252865,354.22214767813614,187.78
2026-09-28,95,90.23261781154616,192.92185238919427,218.0211479278296,234.6496283220673,297.5797149731909,179.24
2026-09-28,96,78.09360492221532,171.09550167570777,194.2597124322249,211.3590536088731,271.68725308746053,161.14
2026-09-29,1,88.3637920299266,169.62399065025102,186.4236703083723,198.7997194074541,248.04962433923515,191.82
2026-09-29,2,82.23841067475968,161.26341764172332,178.1531611668518,191.47993822096765,241.5385730374084,189.19
2026-09-29,3,77.25883402432021,154.6397799783035,171.7037288154171,185.7937106826097,236.25093206075687,180.22
2026-09-29,4,72.98477076979881,148.30882651105424,165.17771485810118,179.84552187903648,231.0997174660552,174.22
2026-09-29,5,79.40470511859724,157.41247462663256,174.369731779307,188.0791436851976,238.23312160327484,181.81
2026-09-29,6,74.18790563268456,150.14165709335057,167.09225063400825,181.6043457789611,232.6024635372169,175.85
2026-09-29,7,72.2489126986236,147.64573716207008,164.69937571532142,179.5509153567608,230.79126475594023,171.4
2026-09-29,8,69.78618013376143,144.15501917194024,161.15035557168352,176.4581030123889,228.5179989704781,166.79
2026-09-29,9,70.48067960265223,145.46413991159395,162.6589575322004,177.84266494786198,229.28834410426265,170.78
2026-09-29,10,68.63275368266636,142.58379218914467,159.63032713188502,175.00320561734776,226.6979316926791,168.95
2026-09-29,11,70.04291449653186,144.35055002504788,161.28451755889498,176.44604037918867,228.18498152393545,168.78
2026-09-29,12,69.85115657181592,144.11443313803477,161.03933039245285,176.32329138186424,228.4736137294328,167.64
2026-09-29,13,67.80929928421847,141.43493248589203,158.45718540027724,174.03585445187787,226.2219588356604,164.24
2026-09-29,14,67.9696058394411,141.55970197383124,158.52392036970028,174.0857439371128,226.40388292711688,165.16
2026-09-29,15,67.72605897434673,141.0789041142645,157.98749430398098,173.49936090145388,225.63846218981163,165.14
2026-09-29,16,67.00021883206395,140.58142310362695,157.72998942387946,173.53231915975124,225.95559070217453,165.1
2026-09-29,17,66.94053600214158,140.1908783149475,157.19504736151092,172.9007543281494,225.2388506505553,162.1
2026-09-29,18,67.99487870276911,141.96758187199424,159.19100202470457,174.58203311326645,225.67990278369825,161.64
2026-09-29,19,68.52708410854581,143.06117517704678,160.46541480361643,175.84331491367294,226.727501631558,159.64
2026-09-29,20,68.95094300845557,144.4311472372059,162.1836547000253,177.8282360191692,229.1713317184027,158.22
2026-09-29,21,67.8443666855479,141.82948729095045,159.0174210454055,174.6980385968015,226.93257830721183,154.64
2026-09-29,22,73.80117184373574,149.82806717356112,166.86285740093203,181.58621282029213,233.0508843296859,158.2
2026-09-29,23,80.08022482232155,158.35672901688008,175.2635260469595,189.0544433769493,239.9319506880017,170.54
2026-09-29,24,92.96985781486131,177.16910225536077,194.4316336277749,206.73710750130869,256.71949927690764,179.47
2026-09-29,25,91.22455697178768,174.6366924345391,191.9384919527013,204.1680948674021,253.00404748233987,191.32
2026-09-29,26,106.68032413022851,193.9348815128556,210.14383867148925,219.4314569577473,266.0135194840434,216.62
2026-09-29,27,124.82190515059196,218.2477892624817,233.9014585998975,240.49192139678945,285.7717400290928,229.85
2026-09-29,28,125.28657059846782,224.0288001888366,242.34529444177863,249.7482735962463,292.554380604567,226.6
2026-09-29,29,147.35037800724595,247.47119646660627,262.06127028764695,264.6855281245797,306.77143167466033,231.37
2026-09-29,30,145.72174436583418,243.5244570731699,257.0884503196914,260.21575064227267,305.78935145518244,233.0
2026-09-29,31,126.49149842534814,220.91849014855944,236.78159599158107,243.07254615120524,287.46245871769537,226.86
2026-09-29,32,126.84554502316576,219.2198183537089,233.7772141130789,240.22980916520493,288.26364195640554,223.25
2026-09-29,33,136.47903055491017,233.75780719065392,249.0977604217872,253.5799456786548,296.4711113402742,239.11
2026-09-29,34,128.10658338634008,226.8375924649293,244.7700693327887,250.8657122534035,290.671712805544,230.33
2026-09-29,35,114.63536247918708,206.8568156511768,224.0261648819821,232.4102562922751,276.86820412999066,213.57
2026-09-29,36,101.61421714974712,188.98129579930924,206.1740955064386,216.9634940857996,265.0014989101604,180.74
2026-09-29,37,117.79003406248285,212.33932236772284,229.8172198873723,238.80944398958457,286.3377760256043,212.3
2026-09-29,38,98.37857373957902,185.04707702717707,202.6392395998525,213.65712234958312,260.28826763554576,187.84
2026-09-29,39,92.79077220433456,180.32474502673443,199.313575309786,212.37138868479784,261.4157023710047,173.02
2026-09-29,40,72.85280449421253,155.72829976986844,176.26897257817274,193.2175038180959,245.2292638828212,163.64
2026-09-29,41,91.83769300214286,180.6257061074047,200.13561460149143,214.7520103270533,268.2911926484029,179.29
2026-09-29,42,71.5482562696364,152.45237051316354,171.95838755644567,189.82778723869384,247.11133430290568,166.3
2026-09-29,43,57.8116947763012,132.68677504618068,151.94919196468527,171.4895826700449,229.77181556803245,158.59
2026-09-29,44,44.37052352926187,113.65875889653611,133.05989818615822,153.53535041005614,209.2493759408811,143.09
2026-09-29,45,54.24362151982045,128.32198979767787,148.2475207688973,167.20648995503467,220.21194360291503,146.58
2026-09-29,46,40.16714260377507,108.3206506042013,127.85789164928514,149.51971056982174,207.70017702522404,137.15
2026-09-29,47,26.669892705132973,89.7374532825164,109.66319271248165,132.4337037037793,188.1486318320613,115.77
2026-09-29,48,10.484681101701334,69.89585787183604,91.224960576776,116.89969760070078,173.72150954622472,101.85
2026-09-29,49,18.4699830887242,81.66387281741166,103.641327619953,127.1211902333544,177.49932147729174,98.32
2026-09-29,50,8.115895849012425,68.97759929024144,92.09649469123303,116.59362291953909,163.8803650229226,89.79
2026-09-29,51,5.414459493099066,65.23979502186347,88.42014820260448,113.15963979536026,160.06810844839353,88.93
2026-09-29,52,1.3644928767578222,61.03520153372254,84.75724473451702,111.06882163490393,161.12083597856224,76.72
2026-09-29,53,0.5492672979003927,57.7700528986601,80.63504507510632,105.83561223206868,153.09175220850736,82.26
2026-09-29,54,7.982166032029362,67.16950576532861,89.04710914279224,114.68831358864269,169.0802954876878,74.88
2026-09-29,55,1.2988693977859072,61.401751023349206,84.97023204450606,112.7417235185796,168.77270193310147,68.67
2026-09-29,56,-7.839442170328304,49.51237275554754,73.93071769128464,101.7735170879673,152.21053035218685,63.94
2026-09-29,57,-3.5335563712180047,56.4676088064259,81.22647892146796,109.13105500768404,160.95101405346065,65.66
2026-09-29,58,5.158993971926826,66.29878229627793,90.29245580815946,115.03516623521315,160.06217552527525,79.03
2026-09-29,59,11.489780626011118,74.06343289496239,97.24948764573271,121.77059465923926,170.48348846093563,88.03
2026-09-29,60,18.27947563411636,82.31594964697206,104.99869335092822,127.86065994084022,174.20967429593028,93.47
2026-09-29,61,28.67064902722312,93.42599828850987,114.221355292065,135.4354946236097,184.0769115197569,89.63
2026-09-29,62,27.20470691715564,94.34300164966368,116.75754286031147,138.40581597622952,184.5431494794406,108.68
2026-09-29,63,38.64367577310933,105.38167340220345,125.54135972301285,143.62471755809997,185.87191221978384,120.71
2026-09-29,64,43.9092631264456,112.18322407618469,131.33177430920838,151.10430006283718,204.43870945338668,130.04
2026-09-29,65,31.37804227629445,98.01746178789833,119.23507191203716,140.19270580302654,188.1003179613712,115.21
2026-09-29,66,47.36276749569712,117.27141390138222,136.72856442641745,155.45044101077383,205.5423654918832,144.04
2026-09-29,67,67.38616119008711,143.47878483696974,161.83667759357235,178.03786360737593,229.5303907118235,161.18
2026-09-29,68,84.30349975379235,172.7604774927275,193.4230444693794,210.3694420835648,267.1293340042844,199.62
2026-09-29,69,61.07695227945204,138.60711944876311,158.7603396023171,177.41559163646593,231.7401734647931,179.02
2026-09-29,70,86.9301793327916,173.64982932012128,193.48676698566703,207.4187001058901,255.42952394325488,201.77
2026-09-29,71,104.3543981264888,201.7829142813513,223.91939451029424,234.84621350135376,273.7891601145717,213.69
2026-09-29,72,118.82058516188376,218.3054305540701,238.77949838220687,246.12944602334585,281.16589154088643,218.93
2026-09-29,73,108.90576233967472,208.8691040169421,231.0923191269543,242.51371938890784,285.1846411407919,219.11
2026-09-29,74,125.65082174572952,227.27240820771163,247.16397309223663,254.4360819404372,293.44280181522413,227.88
2026-09-29,75,133.04165921896407,232.32822492604728,249.0770181344841,255.8236723391077,302.9170046147831,231.77
2026-09-29,76,153.7688421975225,269.6687410154798,289.6047275649866,298.9050543348392,358.0289644711207,244.45
2026-09-29,77,141.63792902291428,252.13497794817664,271.93211797930576,282.2843248376124,340.47676918849567,242.68
2026-09-29,78,136.25098350531502,245.0630130850978,265.49645027434593,275.2902819165672,327.5562792704462,233.35
2026-09-29,79,145.6532436946297,254.5074347729626,273.2278298423972,280.33830071553353,330.0581635165896,227.37
2026-09-29,80,150.37237209732578,257.04912883847646,274.34756806863584,277.7058241400071,318.0351361704769,215.79
2026-09-29,81,142.89133021863228,257.1071181570734,278.74423575173057,288.87790173024564,342.74008031439985,218.43
2026-09-29,82,126.56458918047392,224.6702823559288,242.32157559635084,249.5972558662336,293.92689658054667,207.01
2026-09-29,83,118.30793182697808,214.05271387587595,231.9766692002304,241.3013595071926,289.3711638367016,196.85
2026-09-29,84,112.5408322377896,206.0900647738884,224.0169121133457,234.34255731479408,283.7643709400463,185.29
2026-09-29,85,113.59084726781272,209.0948398803777,227.54114427080663,238.9567289778064,291.935197740692,183.94
2026-09-29,86,105.67069598693524,197.64909005162207,216.01709017803623,228.07986321280225,280.2694047528068,174.47
2026-09-29,87,100.84581620288924,190.1997332168484,208.48653246217543,220.1120904009969,268.66438968448347,168.62
2026-09-29,88,88.51865732523808,170.93394039139008,188.4278593061856,200.52452465791788,247.2360534116564,152.73
2026-09-29,89,94.92111824717634,181.70175290258533,199.9003448769121,212.2414314320905,261.1673958702619,161.51
2026-09-29,90,87.70657118101988,172.53945115897187,191.11254302227425,204.99556334726395,255.9259211003829,155.92
2026-09-29,91,87.69795390268024,173.83359102829485,192.9858458150255,207.4394613962961,259.3137467181081,153.74
2026-09-29,92,79.8230473098319,161.36913062357303,179.94124638355586,194.64149771180763,245.2901431373813,145.44
2026-09-29,93,82.20158825219812,165.8901991150322,184.9804755882264,199.90928616250443,251.3540617411633,139.69
2026-09-29,94,74.6023217980638,152.2366640555013,169.90147116327668,184.8680018335666,236.24850923410187,134.04
2026-09-29,95,72.37143898163012,148.18871748036076,165.45467125881083,180.2843975307109,231.02860383112923,128.69
2026-09-29,96,63.55416303812766,136.25750616712975,153.74152965622287,169.835872959778,221.146777976962,119.12
2026-09-30,1,63.23814322680192,133.68267485487058,150.31194784502114,166.88152920628613,222.7914726650634,112.61
2026-09-30,2,56.96690175433199,125.76469282905856,142.7902405924036,160.00198533790405,214.7060975159963,101.44
2026-09-30,3,53.50604028829533,120.83340529846416,137.80968820719343,155.36354397781946,210.11574018243127,110.12
2026-09-30,4,51.12179384703729,117.95033102733862,135.10283242997963,153.17501885602707,208.5402366044665,114.22
2026-09-30,5,53.75999343897126,120.76116534987332,137.52919866269536,155.08528293559158,210.55271454350407,105.64
2026-09-30,6,51.07681038396611,117.70043009294332,134.74719189165774,152.94683813890708,209.126080761104,102.58
2026-09-30,7,53.41727453936962,121.10904773443804,138.23135982264628,156.14683516567263,211.9525883760054,103.07
2026-09-30,8,53.30595298292364,121.39997882704722,138.74385085615134,156.61318233373535,211.5450772395241,110.7
2026-09-30,9,52.70112221984856,119.78033627781926,136.77481492294405,154.52700850270412,209.7014806982572,97.63
2026-09-30,10,50.77217399605315,117.1615497743403,134.16469527490185,152.30934738325269,208.249706048122,101.73
2026-09-30,11,55.28306767391572,123.50868355029894,140.5752298484243,157.98257621749326,212.64633473679305,100.05
2026-09-30,12,54.84565414176279,123.32660506023444,140.5816066189073,158.1638278425205,212.8274462042513,107.42
2026-09-30,13,52.62355443229938,120.04197472915048,137.2198761785821,154.93400673623626,209.39202492046087,100.1
2026-09-30,14,53.39129874181911,121.28194444842114,138.52613771027575,156.27804505999654,211.0418204362918,103.65
2026-09-30,15,53.61183085554435,121.7127399394018,139.01101122417344,156.77974862066773,211.5563099289681,104.97
2026-09-30,16,53.66123731788334,121.59796771112858,138.81214920140144,156.54455483520857,211.43118039393408,102.77
2026-09-30,17,53.94580010651159,122.0725710057564,139.32683962124315,157.00905633699583,211.6968040546948,107.32
2026-09-30,18,55.6349343796659,124.375497643485,141.61208717048888,159.06456881661506,213.58597546484265,98.65
2026-09-30,19,55.673184060149104,124.35469133121222,141.5708735987161,158.90227636821697,212.993369454496,101.6
2026-09-30,20,57.74372306213514,126.84787829553454,143.90434176348717,160.7981612455049,214.42834749256804,109.62
2026-09-30,21,56.530454294273305,125.84513557462172,143.1918871698354,160.5211996973632,214.6075278033468,115.64
2026-09-30,22,59.96092921926458,130.14109706924398,147.29082650773103,163.98551292035484,217.49243030280329,119.08
2026-09-30,23,66.80100989260373,139.2642952450685,156.25823360828494,171.922699614888,224.57930392089148,124.14
2026-09-30,24,73.37975552336232,148.4778840727734,165.53451451813228,180.1936717432711,231.36555499031607,129.93
2026-09-30,25,77.8658570119199,154.3508090292187,171.22794955737598,185.3986975693801,237.01517552843367,144.69
2026-09-30,26,88.75340493529754,168.4901832130625,184.95536608489232,197.33586455859816,247.43907168875924,159.42
2026-09-30,27,93.39314612472302,175.0823479447622,191.6456882420293,203.2496027132433,251.8696755902602,166.78
2026-09-30,28,100.9877829064242,184.6797332615652,200.70999990076976,211.97839139525024,264.0559950245907,170.57
2026-09-30,29,98.28508886091628,181.28412229892723,197.503014736118,208.9725133916691,260.1637902778362,189.56
2026-09-30,30,105.74409927580577,191.385034123022,207.48830546389576,217.97933802779644,268.6935756698157,202.12
2026-09-30,31,119.0137538051496,205.8674112517443,220.24268878713784,227.82485441098785,277.1595296652585,204.29
2026-09-30,32,107.5602521101253,193.69612778160345,209.72022176271105,219.81736159434945,269.9114176268581,199.67
2026-09-30,33,118.1993357719194,207.54201282273968,223.23684966714288,231.1267040047485,277.62166208721385,218.13
2026-09-30,34,108.23232963745755,195.0655571568579,211.3170778506121,221.1915550969492,270.00241513605124,203.6
2026-09-30,35,96.38272123074812,179.6516638694006,196.3782185665025,207.902060813362,257.0354827451693,187.45
2026-09-30,36,78.91944032540772,158.32211630837497,176.1750169936486,191.97655629436937,248.0776102316597,165.82
2026-09-30,37,94.45216862636212,177.7735105744542,194.8143147568233,207.1240827038947,257.7927837181204,189.23
2026-09-30,38,80.03100825060969,157.77030924306223,174.71813455114778,189.6064596929833,244.9674367787361,170.85
2026-09-30,39,68.49647406747212,144.6030238412293,162.76376012969027,180.2690531953424,238.02363648005263,156.01
2026-09-30,40,54.44453730651633,126.49838861198576,145.377154546348,164.28861416782192,219.68962343816543,144.76
2026-09-30,41,78.39599743070357,157.55076647699104,175.39867139017986,191.1384480863324,246.76601391382405,140.0
2026-09-30,42,64.6171312375655,138.4352178678787,156.33539661293813,173.43708303832264,228.5464591368865,130.9
2026-09-30,43,54.62530017785593,124.81193637491629,142.75882699932774,161.66394192692286,219.77755479249203,123.18
2026-09-30,44,40.83509083551868,105.08706312728016,122.78802090220836,143.15949233113156,202.03698852616765,95.15
2026-09-30,45,50.90067261027979,119.33980531116909,137.18071521087083,156.25145954841304,213.72254786562,114.95
2026-09-30,46,38.48730352866226,102.54123675142252,120.57421274422748,141.3186042630203,199.7735519876469,90.16
2026-09-30,47,22.88154970407701,80.02429817430331,97.6513105413956,120.31749255299688,181.09636057369983,77.97
2026-09-30,48,-1.4368439926982504,50.29612240861168,69.75051063237976,96.2785584380375,157.27703134128785,42.6
2026-09-30,49,10.697054064221112,63.81700549991845,81.77819930091914,106.00579348974506,166.99500853319122,60.08
2026-09-30,50,-10.591597270981095,37.40195904049906,56.79017305991967,84.2844858690369,145.48295793829024,43.85
2026-09-30,51,-11.52312712701697,35.67051928340149,54.88876203959927,82.18761221244694,142.64613157946738,37.69
2026-09-30,52,-13.747675156638252,33.12089102522879,52.540349906681286,80.55871912146124,142.46879830796115,30.01
2026-09-30,53,-14.188192525725132,32.585024382353794,52.08495416266108,79.81728258605692,140.11027582354595,26.32
2026-09-30,54,-17.82494353434629,28.400795955623856,48.28936976680569,76.67762717279683,137.00141445866814,20.84
2026-09-30,55,-18.88066182292665,27.17879394138373,47.18889510034067,75.67306055510153,135.5864982612939,13.33
2026-09-30,56,-22.97391932924647,22.18312992397249,42.49674588191638,71.69261319950158,131.91204551958975,19.51
2026-09-30,57,-22.609063932046944,23.799931761952,44.60299082410496,74.08852512872431,134.28034283545475,13.65
2026-09-30,58,-14.236931743073152,35.22664515299304,55.93296793450811,84.39592514355999,144.27384774007513,24.3
2026-09-30,59,-1.165088798210256,52.10304797756129,72.26368590035366,98.60233966334488,156.9139908681962,38.14
2026-09-30,60,12.690783511405035,68.84445458979886,87.84013836253034,112.2049082195344,171.6900155872527,73.93
2026-09-30,61,0.8454373805227107,54.53183143876856,74.49450931570493,100.76845890911105,160.25831500762575,43.7
2026-09-30,62,19.49044877925657,77.81331876384466,96.56613248040722,120.21414543638772,180.3880588203453,78.46
2026-09-30,63,30.34207646066853,93.0332344862206,111.83983086146796,134.29481757006627,194.10311214596504,106.55
2026-09-30,64,39.25152522258764,102.93407604166003,120.70230660868236,140.91990711310942,198.26747312114503,111.0
2026-09-30,65,26.95805563054025,89.26589771396834,108.4458326642968,131.8881901643296,193.26537231498608,104.98
2026-09-30,66,44.06852373851256,109.95792041262284,127.94265759833074,147.13549039633597,201.7041387198992,132.62
2026-09-30,67,67.48132427296065,143.82290171352702,162.20047057276784,180.4895541786752,240.45070021271823,169.76
2026-09-30,68,85.02686422484129,167.1002398914856,184.98472625704872,200.8910011585662,260.0221835181709,186.5
2026-09-30,69,66.14398904919503,141.9119673908395,160.285990025877,178.56762599010258,237.9202866009644,173.04
2026-09-30,70,88.62263871580129,170.7162080063276,188.0754234345225,202.4907628035322,258.4779260035092,194.45
2026-09-30,71,108.91295809925194,196.66603863256256,212.95827584733505,224.8632076948409,282.3316356266455,211.78
2026-09-30,72,127.95924580073888,219.6183830427705,234.9418585227496,239.0244996390653,274.97647090236,229.4
2026-09-30,73,113.80004125108924,199.9737399586836,215.08724133222668,222.60037459224853,267.24944918178846,213.68
2026-09-30,74,119.09332608159662,208.24718071247128,223.74764933779184,231.0409135513144,275.993306855579,226.5
2026-09-30,75,134.65470309653205,230.1670400142052,245.9138547482852,250.5389789193196,290.4883894431539,232.95
2026-09-30,76,141.36462674051006,241.1634533595724,257.8482071799812,260.62502023913817,293.1307463761045,248.18
2026-09-30,77,136.79856369253102,236.963400224348,254.0976290710384,261.89912681541114,312.08818189794283,241.78
2026-09-30,78,137.1436569933516,236.2950008240301,253.02060422017504,259.6820161929653,306.4304211394292,246.58
2026-09-30,79,141.13774437231837,242.1442632150198,259.1129197516457,264.5278886722974,307.1348518093831,255.24
2026-09-30,80,148.91933350990172,249.03716118582813,264.3673182665139,266.9750861397016,305.9603649370948,255.37
2026-09-30,81,136.28177633646226,238.8744257042024,257.34289799971634,264.6464850500349,308.72223795314767,245.44
2026-09-30,82,122.69768204075098,218.7482723521304,236.6850609301032,245.08836557058035,289.30382983043444,242.99
2026-09-30,83,116.58655945836692,208.9053824586355,226.13582706827995,235.71855925932104,284.1879746587899,227.16
2026-09-30,84,113.573576490547,203.59905502835105,220.44541809593568,229.2057682577417,274.01524356351126,216.56
2026-09-30,85,114.54527273130458,203.86253457741023,220.22251349611324,228.5949329934584,273.6003342821764,235.36
2026-09-30,86,103.49152270644788,191.3750033016928,209.00799622823936,219.51891295427848,264.9605464528313,215.39
2026-09-30,87,100.07973897416537,185.9296101800336,203.22200684998847,214.16088195006225,260.86196327450455,203.95
2026-09-30,88,93.87279397445212,175.96088177421657,192.62660564886448,204.16822726594563,252.44680711593784,170.0
2026-09-30,89,95.95330438070118,179.56881007638762,196.5812912181556,207.85288529940075,254.92875033949807,203.49
2026-09-30,90,92.75925119913882,174.50402726200014,191.1984608084594,202.9870999631852,251.7255427571548,190.78
2026-09-30,91,89.8596745295277,170.91512482075103,187.7850739743484,200.1972094605163,249.763226806904,184.24
2026-09-30,92,83.24566575559658,162.15200421146588,179.2137888936575,192.52095712157703,242.3694816792424,169.04
2026-09-30,93,83.48581449285541,164.11119959875566,181.9078810928752,195.5353139110072,244.7285952448481,178.34
2026-09-30,94,80.24395622132997,158.29755201481464,175.48215195202783,189.3738426568948,239.9928149061184,164.76
2026-09-30,95,75.6293361264593,152.45176828686607,169.89425302742134,184.4467877911297,235.06066962659384,171.04
2026-09-30,96,65.71711709962668,138.86261954397153,156.38911550156448,172.16400501094256,223.28534262040407,156.4
2026-10-01,1,77.13106794385953,152.84424323892557,169.98956784498066,184.35217370862355,235.06118976336464,166.13
2026-10-01,2,73.01503656321532,147.5011620322715,164.8155874481235,179.79993237841674,230.98938539332056,158.82
2026-10-01,3,70.63501122706342,144.0997097965826,161.37608437324397,176.61422981686422,228.00951847004697,153.43
2026-10-01,4,66.56955708037532,138.70356895878538,156.10568142787818,171.8575687488141,223.4088763571688,153.6
2026-10-01,5,72.26064386445015,146.1462584693119,163.31162482726606,178.37775461577277,230.02923725186704,159.4
2026-10-01,6,67.84232667518586,140.50828697724884,157.907386889785,173.61767794121153,225.53483375260225,160.34
2026-10-01,7,67.47387966647233,140.09233469193745,157.53991828824988,173.291188400272,225.0923769389013,159.94
2026-10-01,8,65.98042636028464,137.9822653138807,155.44243390782478,171.2118488689024,222.4246078522245,158.79
2026-10-01,9,66.49094997616504,138.68012586519174,156.12196121955614,171.89928207670715,223.41457417131105,159.8
2026-10-01,10,65.6664832923343,137.47833747040974,154.89766744032443,170.7497239107783,222.30560921940685,158.74
2026-10-01,11,65.2990127842381,136.9505447478147,154.37937376982453,170.17438829378278,221.299797737218,158.79
2026-10-01,12,63.88582822561272,135.33519862721042,152.92701095460097,168.954925222168,220.03034457629,156.4
2026-10-01,13,63.025775238476776,134.327515612051,151.9971333499985,168.22007836586462,219.557796849018,161.1
2026-10-01,14,63.418175491197,134.90992105938457,152.59066010870268,168.8054016747462,220.24161448197307,161.11
2026-10-01,15,63.73687441091666,135.24693221800484,152.89409278427817,168.96013411039957,219.9803936936861,158.71
2026-10-01,16,65.67797531508847,137.0897733658185,154.37544403591804,169.84350588533357,220.11615430765443,157.1
2026-10-01,17,64.28410916996688,135.73539274242415,153.28174132162204,169.08419608387652,219.47749181965384,158.59
2026-10-01,18,64.92089444847437,136.76826432660428,154.40074959874582,170.0471344942513,219.78527053841728,158.04
2026-10-01,19,67.0884607543172,139.82231251866742,157.475546066879,172.8462024896864,222.24271898065368,155.85
2026-10-01,20,70.60853922473126,144.27525477249478,161.7248942429221,176.57187312007534,225.76078516035585,159.72
2026-10-01,21,71.2116156432377,144.7706623436218,162.0400708982962,176.87330981400612,226.771799662096,158.06
2026-10-01,22,73.69943753481681,148.38910979544775,165.73407280987007,180.2750063624299,229.73879457738883,158.8
2026-10-01,23,79.98047333560743,156.1945731021361,173.18786552127995,186.3275312499172,233.357985867471,168.39
2026-10-01,24,88.2188071701049,167.08905099426423,183.73110706446985,196.27126309808853,245.18054577430445,181.29
2026-10-01,25,85.907878126687,164.34779744214765,181.23410423391604,193.99911713657377,242.21196827188592,177.0
2026-10-01,26,96.55091595490262,178.3163159383959,194.87327158690684,205.84313929540752,251.690631573122,203.11
2026-10-01,27,107.4891835626207,191.79813050829844,207.64588495421955,216.41692803040965,259.3527824153855,218.61
2026-10-01,28,118.41741619555236,211.4263710846952,228.99492401784977,239.11554077757785,287.6284871095379,233.97
2026-10-01,29,121.20765020841742,211.47698728024943,227.62687535446105,234.6648667941607,275.0034228578505,228.14
2026-10-01,30,131.73141092267744,224.89289037403017,240.47911688847043,245.98612899223463,285.7261209733697,242.75
2026-10-01,31,131.62354020213303,224.5039371332292,240.07915261729983,244.9813788601276,282.07769508767046,243.32
2026-10-01,32,120.32714177294926,209.78111735275192,225.9313611431301,231.73169427205565,266.31587026659054,234.76
2026-10-01,33,135.33693153406193,231.0334159035949,246.8075253783045,253.9960603600183,302.0351561581192,258.14
2026-10-01,34,123.15851646931384,214.05675086016456,230.3193457617444,236.0841849489928,271.3904630758749,235.27
2026-10-01,35,109.24169352795067,197.48943896063344,215.0001214490784,223.23730311883207,259.8472584503411,226.0
2026-10-01,36,93.97812735811668,180.7581234795528,200.2713433334043,211.66801050302496,249.8467662218753,214.02
2026-10-01,37,107.02378602694576,193.44089830394952,210.30033021233825,219.82199164147625,262.9374825862279,238.12
2026-10-01,38,126.65310683290534,217.35194217696304,232.92507888549704,237.7723927621106,272.5344852606636,211.99
2026-10-01,39,103.97380011835904,188.16313725166063,204.51027225714927,214.4118261752399,259.3515434187524,200.44
2026-10-01,40,73.24908789089483,151.42529181671668,170.4694378352955,185.7057643552305,233.15342329075767,182.66
2026-10-01,41,74.47230119932661,151.36214714900734,169.88997451308828,182.92167008882592,222.77464790782287,209.53
2026-10-01,42,59.03916619059107,130.55171815703127,149.35230859553698,164.58574587024253,206.7082139592893,189.53
2026-10-01,43,45.30243758119367,118.1624046217635,139.75022218630565,159.75346585010817,208.852256251944,173.94
2026-10-01,44,47.57820598702438,118.67679170706094,138.97231309076815,158.59180881836355,210.6722725357629,160.6
2026-10-01,45,38.45953124432933,110.08319911223543,131.90492814589516,155.5075016547692,216.69489494930613,165.28
2026-10-01,46,39.44453672524268,111.2898630386618,133.40863153182406,154.70839208870638,205.45233854956896,158.92
2026-10-01,47,48.13841697887663,119.44256315623328,139.7103341541946,159.3825477211455,212.00826009378267,158.8
2026-10-01,48,40.90012113471376,110.19729970702272,130.64397899842592,152.52401756048428,211.1781411279888,157.42
2026-10-01,49,48.77742903682053,119.81761933510668,139.72460532687006,159.9350847012932,216.20085277642767,160.89
2026-10-01,50,39.833023917082194,107.13005407625232,126.8870189308206,148.3642713507342,206.78433074461373,164.01
2026-10-01,51,36.87848888940932,103.57576196294838,123.7272748191372,144.8755236628485,199.4900455594613,160.45
2026-10-01,52,37.350892340039714,104.08187304894685,124.47873431190266,143.72138016664164,189.55024671379525,163.41
2026-10-01,53,20.26790788507873,82.2495466551037,103.51495461723736,125.35512326916512,172.77647445964354,153.31
2026-10-01,54,26.925176345454368,90.76106144996776,111.7326785019216,132.31236165773285,177.9063598751224,152.45
2026-10-01,55,26.735272836144325,88.94776332890268,109.20985410638912,129.48939747076997,175.7230190624524,151.37
2026-10-01,56,33.43264373772981,94.93764366136892,113.69817004233576,132.33151885347996,178.524523093078,150.96
2026-10-01,57,70.72906623726865,131.72059764963885,143.5553222514114,154.50601848453277,202.829560699388,152.14
2026-10-01,58,64.8009335778332,130.1244669370458,144.9388100961368,158.39061366449712,206.5788873014948,147.09
2026-10-01,59,57.79551946594109,124.1851294024465,140.98928573358572,154.6730758315298,195.22965014520383,150.64
2026-10-01,60,32.35669068875512,101.33312599819396,123.8508695408372,143.44222382262066,182.62313128424827,151.47
2026-10-01,61,51.230853853930064,116.17574061436468,133.89805636624206,146.29122012213776,175.84071418448087,150.03
2026-10-01,62,38.89304411505973,110.12406676119248,132.50684449750435,151.21278135515763,189.69268104128108,151.34
2026-10-01,63,37.06428758737179,107.96791820469102,129.49917788094837,154.4528609306324,221.75368518227896,156.05
2026-10-01,64,44.50394108446572,113.1687638731818,132.71593547050676,153.52054617652817,211.5895781029278,170.1
2026-10-01,65,47.22623068635685,117.71854027064228,138.29345291716766,155.0060488719672,193.50172548700536,149.7
2026-10-01,66,53.10469345706043,125.70377939331009,145.35081467327657,166.14923532648635,227.5426006333752,166.6
2026-10-01,67,68.51920899733662,145.51910173344717,164.53573536458592,182.43419820511824,239.53512764009187,196.75
2026-10-01,68,86.26994927062108,165.44679557755157,182.61870343654607,195.38884423573143,242.9620129177438,243.68
2026-10-01,69,66.80934622330435,143.07341454599182,162.0250476438573,180.3175717579502,238.5944058692815,179.92
2026-10-01,70,94.01596471674176,178.2998408641681,196.36593815271831,208.9488296725562,256.4308895221717,224.21
2026-10-01,71,121.0934606941475,214.94241383881163,232.61651046180145,241.2092697987081,283.90956303847446,250.0
2026-10-01,72,153.46795391621694,251.7509379750838,265.7634330036702,266.2405948249935,291.8046032564463,275.0
2026-10-01,73,119.2297352375496,212.0704635783248,229.76512938218528,237.6712941376589,276.53975557225,246.19
2026-10-01,74,154.29643658765448,255.06816614051127,270.5184704949212,270.5695224242667,296.5160156004365,265.01
2026-10-01,75,176.56324033855563,278.2397892100505,284.90893336523305,290.3024602701999,306.26513335036486,276.58
2026-10-01,76,180.5680881831445,288.94850786832046,299.4404040034418,303.1780066582874,323.50568213152565,310.98
2026-10-01,77,172.82009585737987,279.7466610025763,291.2156408524772,294.91324674320185,309.5048295453869,289.7
2026-10-01,78,167.71423699807852,277.35061029023416,293.6978650190035,294.4400206223487,317.1907255779171,300.22
2026-10-01,79,176.287023703791,291.637961592059,309.44078301335406,309.6133017008141,336.50644673025874,314.78
2026-10-01,80,170.03108905835313,285.97525950303714,304.4753071362425,305.7826600403209,318.7336600905023,297.47
2026-10-01,81,165.65234160375084,276.61260329838234,293.9163015171285,294.8280571796181,312.5865142378491,280.0
2026-10-01,82,151.22147114914,258.1122363745448,276.82731778573776,279.29728110013536,305.1436083780868,268.11
2026-10-01,83,143.84996832484765,244.7670764146721,261.9413923449,265.3950261519676,296.79869966210174,251.93
2026-10-01,84,139.84457173745315,237.25680391802285,253.3321610230089,258.0925786133813,296.6207235046052,230.01
2026-10-01,85,133.87652442023435,230.9656183232585,248.08903747496603,253.2698494871136,288.1116261826651,250.03
2026-10-01,86,131.2143949934376,224.4911275356662,240.2154257170735,245.89461271075567,285.7705714983207,229.97
2026-10-01,87,121.09055437290768,211.0621009573472,227.08624451368104,234.14563258999783,274.8865636430967,221.13
2026-10-01,88,106.52228751286871,192.4336317875208,209.233126533244,218.27904538765057,259.2851240491559,204.53
2026-10-01,89,119.52325654056378,208.5636450719359,224.471794896943,231.4857105209244,271.69733681863147,221.64
2026-10-01,90,112.34827664171914,198.44008700789027,214.29971451432635,222.0694757420717,262.67239918273674,207.5
2026-10-01,91,107.66107248212708,192.7397746961332,208.9787910565392,217.4741909487656,258.16768101657533,203.9
2026-10-01,92,101.33791301081376,184.34051522448115,200.76921333984407,210.0792745072812,251.10012302215617,186.95
2026-10-01,93,106.94436247706592,191.07664470108327,207.0430918907589,215.29973253821825,255.42999504716423,201.71
2026-10-01,94,98.63892154623645,180.91299195452368,197.48330031237663,207.24071745713275,248.6613700989473,190.04
2026-10-01,95,93.25131056311103,173.74330244375122,190.3837972753124,201.3257076567939,245.4182284663153,182.58
2026-10-01,96,80.69253380016437,157.4004949394796,174.47258616883423,187.68426899349555,235.10400848325568,171.38
2026-10-02,1,94.3191212564414,174.1812828657411,190.21934100000604,202.24893399994963,249.13188345280489,185.11
2026-10-02,2,90.36045660847572,168.76506333035488,184.8572830577848,197.4493335277421,245.19672874356093,177.65
2026-10-02,3,86.9993610122342,164.2563629119293,180.42846579322912,193.4587276994257,241.57933211723844,169.68
2026-10-02,4,82.3425478176901,158.17073132310236,174.53313943726022,188.23784824543387,236.96688739610653,167.69
2026-10-02,5,84.1895440045877,160.90324723386402,177.32167552722018,190.702139202846,238.35392140161903,168.19
2026-10-02,6,81.46318356593781,156.97171272433533,173.33075100602073,187.0347485614845,235.27611366879705,164.95
2026-10-02,7,80.54548318879661,155.57332923872562,171.8756681452786,185.65979656273592,234.0707608683533,162.32
2026-10-02,8,79.03094260645585,153.66262702402256,170.06953301945452,184.16604813707428,233.1586769653565,160.15
2026-10-02,9,78.19781871355123,152.9317173918502,169.53348438494487,183.7835548136784,232.46395149308893,161.39
2026-10-02,10,77.36386336267488,151.76916959221157,168.37541529379342,182.7620622377963,231.7573522772776,160.34
2026-10-02,11,79.10942633442764,153.97329364963977,170.47001021290123,184.5705988494332,233.2883341068353,160.93
2026-10-02,12,79.44093346597481,154.03549902641507,170.33611617004848,184.2390674321824,232.73152561299187,161.16
2026-10-02,13,78.02991289541461,152.50470347744331,169.02694394312994,183.3326878593329,232.5493796073244,159.59
2026-10-02,14,77.94345597002469,152.16686819001544,168.5774105191797,182.7714170823422,231.7093222875547,159.07
2026-10-02,15,78.3038646875258,152.44596897657917,168.7460967006868,182.80124137743545,231.54826808293623,160.61
2026-10-02,16,77.94975571323673,151.94491104830144,168.24302949269045,182.35128693476776,231.2182845763765,160.99
2026-10-02,17,75.59030921894646,149.4637112131583,166.121901618753,180.5762911089908,228.77017493302336,162.92
2026-10-02,18,78.44809484550584,152.46950766615612,168.67182251955282,182.56095557002047,230.78735650412693,162.2
2026-10-02,19,79.89811351907039,154.32214079714706,170.45785691699768,184.2182764644349,232.7610852619441,161.4
2026-10-02,20,80.41370208466276,155.29151802125293,171.5438499678555,185.2921482997008,233.60919263582807,166.02
2026-10-02,21,78.50280227208108,152.47838607537122,168.66857864483438,182.6773652385029,231.6842374296295,163.55
2026-10-02,22,83.03346115829478,158.55963675610664,174.64263127326976,188.0525839789345,236.506709232724,170.49
2026-10-02,23,91.47005851382502,169.43769778014163,185.1005695822633,197.2075320606579,244.37050377500475,184.83
2026-10-02,24,103.89980027550548,185.83750365034635,201.06371862505347,211.39244997543904,256.78814650986976,192.61
2026-10-02,25,104.02080655391931,184.89453876816063,199.58457146600773,209.52871067366456,254.7808119846584,195.55
2026-10-02,26,117.61294520370669,203.22143055449743,217.6041016833219,225.5911153369614,268.18660626036564,216.11
2026-10-02,27,125.89832776616625,215.33523785790445,230.0202719842993,237.38494301209727,279.8441140052385,231.79
2026-10-02,28,134.12686959124153,226.1543486852058,240.58923558326103,247.1810951279049,290.6984296143801,243.23
2026-10-02,29,139.79510509118913,234.04010865598823,248.4219200433786,253.97074924185296,294.75986312363545,246.83
2026-10-02,30,165.33396451813127,266.3663086512677,279.0300396632706,279.2995675525174,310.03903738058506,258.54
2026-10-02,31,167.74259108527744,268.9266781827162,280.0850044598395,281.1064630840109,306.4451556172141,266.08
2026-10-02,32,136.88899667931082,234.4500389692307,250.79695685354488,256.8274502016065,291.29916330005153,269.89
2026-10-02,33,163.6880622136564,277.0438000595078,295.7169345428071,298.696665087143,321.4765746133948,288.93
2026-10-02,34,135.13229198642273,230.94811548440657,246.73889294548871,252.285862275628,285.0488534026117,270.74
2026-10-02,35,124.46599350874214,217.92763764628904,234.8251446268312,243.8864380491381,287.05603000903767,257.21
2026-10-02,36,104.96168628425788,191.38144787850567,208.5480283122412,219.95170070254875,264.851354126698,240.27
2026-10-02,37,129.82190388804634,220.739237227975,235.5451934278644,243.51363153968109,291.274213049313,261.39
2026-10-02,38,115.15463721901484,201.58120174302485,216.7834215081772,225.36204138705543,266.9159013529399,233.97
2026-10-02,39,104.38387611745767,187.72292588869144,203.4646134653375,213.63552243358936,256.4073903997715,220.1
2026-10-02,40,98.68253833815912,179.21932298489813,194.71938401792832,205.60894791504907,250.3097643259067,186.51
2026-10-02,41,95.56134131988212,174.75274144164135,190.2495969910231,201.8732632033893,249.1392856714362,211.67
2026-10-02,42,84.90205592285048,160.7628770142363,176.7056024730279,190.1397115902413,240.32649414281445,188.27
2026-10-02,43,71.65732198908267,144.39847835736114,161.34602637491474,177.0719789040239,229.4140326930097,175.21
2026-10-02,44,54.48929630994688,125.91123463041596,145.08304853204618,161.81953049180083,201.91215188174164,172.25
2026-10-02,45,66.70037186384408,138.51302949327984,155.97801370522745,172.8315832635892,227.0263460267571,183.88
2026-10-02,46,47.18586495103685,116.64528237484556,136.32011444699964,154.72042755038436,198.54799434029985,173.18
2026-10-02,47,36.72128852037898,102.93418341404993,123.0890851762466,143.5019982467503,191.41776302280664,165.69
2026-10-02,48,33.29069365901617,95.09785150441812,113.81591738810984,133.9054166787291,183.4735277948308,157.52
2026-10-02,49,33.32349894079644,94.90088307718538,113.55055992736972,133.91083667415458,185.3502790408037,154.91
2026-10-02,50,26.78977410224493,86.63866944945424,105.68394260753574,127.04845637211444,179.19090932085487,152.2
2026-10-02,51,23.01874177461471,83.73088145735402,103.96944275860233,127.02456141227984,182.41593464896687,153.69
2026-10-02,52,15.940392026289402,75.94472800956034,97.18037402158008,121.75964419159835,178.3043630967582,149.63
2026-10-02,53,24.80168687721872,86.79647498651441,107.37231311502704,130.81794768863472,188.22239759194548,146.07
2026-10-02,54,16.48886632865421,77.78634760839428,99.53021842171594,124.31692618309036,180.44871038556548,141.96
2026-10-02,55,11.25587185210015,74.58950055313552,98.24189081565804,124.54517996236515,179.34515198103284,140.68
2026-10-02,56,14.202171573559426,79.61441721494386,103.87784005988355,131.34927247381026,192.34364133899348,134.72
2026-10-02,57,10.499829493216744,71.42998884579423,94.17929605230908,120.69861354575676,179.79194510440192,143.79
2026-10-02,58,19.28403312325388,85.24116108215735,108.8072779987946,135.20275908131796,195.40582144054247,140.9
2026-10-02,59,29.767743992454683,101.6257962220139,125.93327528628306,150.79017263412985,205.0352176404449,141.41
2026-10-02,60,38.67790191366456,114.60874566852895,139.00528221428306,161.60964656147237,207.30439992903928,143.15
2026-10-02,61,25.31952911639016,92.9574538400319,116.03800416942646,140.3598630737093,193.63701294814524,141.08
2026-10-02,62,33.70867955165275,104.5391087714482,127.73462931722356,152.21198086154791,210.69915548104385,143.59
2026-10-02,63,44.5643815089275,115.66123267544448,136.95266491457951,158.96753641821246,216.3837905036144,155.09
2026-10-02,64,56.68305047076704,132.5088098700769,153.80207308448462,174.46800630955065,230.7892868711154,160.64
2026-10-02,65,44.33892726515603,111.60259629810297,130.77113035723903,149.25466200724915,193.8987645501785,156.21
2026-10-02,66,62.36752236547147,139.29685902971607,159.82346562570098,177.80671678459663,224.49808915084776,163.79
2026-10-02,67,77.27969907084999,161.5289580735406,183.01769284146903,201.5633628218052,256.301798687726,187.3
2026-10-02,68,99.84261620708116,187.2995108534527,205.95137469698847,219.09678748376868,265.66937787200425,216.81
2026-10-02,69,83.57512357220511,163.91543787530762,182.26048598371585,197.4463263845868,248.0015784502445,180.08
2026-10-02,70,115.93574392304696,204.88148119649185,221.26391519809272,231.31007212789007,277.4212144646869,219.62
2026-10-02,71,134.19116510934924,230.03136867067693,246.273782448384,253.9760065247996,297.1499334415855,238.22
2026-10-02,72,140.4212773658453,240.7643720713116,257.8130946858456,264.0939688312787,299.3497920987018,261.49
2026-10-02,73,123.8755440407563,219.52419992235167,237.6339662973961,247.90317266827685,293.2074535214234,239.98
2026-10-02,74,134.89553990036302,231.3325914584964,247.65150202861363,254.8059020996108,294.8652629116335,250.44
2026-10-02,75,162.062205392323,272.7254196932544,290.8413972803927,296.50113669799066,336.24404569457465,276.08
2026-10-02,76,170.92858144960837,280.29077054054113,296.03392321452344,298.5553757091934,333.9232326478364,299.72
2026-10-02,77,161.37310354021727,282.6378530285248,305.9043433534912,314.578361004818,351.9705674496194,328.58
2026-10-02,78,164.71221976926887,276.5908227520962,294.67736421438235,299.2456453047504,334.181700640059,328.11
2026-10-02,79,179.85184515491468,295.94338469727904,313.2397733750414,315.74219821091646,350.1006564503211,315.28
2026-10-02,80,191.94777319275045,312.384529957536,329.42197482732485,329.8691254746276,359.96455069479515,307.27
2026-10-02,81,177.76505460677822,295.1124676039386,313.48197497080724,317.452143213388,355.1594522515204,282.7
2026-10-02,82,165.78191978070137,277.94618620181825,295.99411887540674,300.58052735366823,336.3744460902569,279.83
2026-10-02,83,144.76632929331612,247.7342756420954,265.321031379933,272.078232779757,310.5306868645607,261.82
2026-10-02,84,145.575770083894,243.23056496014195,258.25327370974105,264.1513249516869,307.80733555096305,248.08
2026-10-02,85,137.65426413433482,237.47792046575373,254.9180700468953,262.5814243071316,302.9055187971816,244.78
2026-10-02,86,136.02988373886603,231.54367103945663,247.3455642734648,254.9542186197733,300.2991559623743,238.14
2026-10-02,87,128.11640109623437,220.0816845834233,235.68283569152143,244.184210145952,291.076301097206,224.99
2026-10-02,88,120.4770565828511,208.12536004682545,223.1045346529916,232.18426627913664,280.53995312928106,211.92
2026-10-02,89,123.7477052603329,214.4381596068781,230.1970702726998,238.9701488492388,284.3904919540886,220.23
2026-10-02,90,112.58963829611872,198.8399032093919,214.525836232736,224.2949725303393,269.5502514354942,215.0
2026-10-02,91,105.9564064334437,192.43926763522128,209.4646409134025,220.7622311802997,266.1393662025918,209.39
2026-10-02,92,103.99310441527132,186.7292704775016,202.34556535699105,213.08161143795857,259.4336378751637,201.39
2026-10-02,93,102.63356248223572,186.5605551621277,202.9763896732049,214.21308441416195,259.68552856255525,201.62
2026-10-02,94,96.63385654968543,178.49532225008886,195.05297342399723,207.12045807889265,253.54750442685787,197.52
2026-10-02,95,94.52472005511308,174.55694628704916,190.6668756730223,202.9116988870595,250.90114134349065,194.55
2026-10-02,96,85.91210145333369,163.91437441532443,180.65694389207923,194.24467427941903,242.8485681719992,185.1
2026-10-03,1,105.5200946570272,187.5434140803464,202.7962936016553,213.91431536889283,261.5210094265616,204.51
2026-10-03,2,98.20513017830848,178.51091116621677,194.33730337132457,206.68984238236715,255.5388892561097,200.0
2026-10-03,3,95.32585878420396,174.52758577686325,190.35874725540685,203.0466067361112,252.2880141716093,189.89
2026-10-03,4,86.9699016886843,164.12164837945636,180.5157501640048,194.3768305466029,243.81399856707392,182.18
2026-10-03,5,89.15777757990102,166.54156508818824,182.6261818614456,196.0518371676726,245.24616552059743,187.51
2026-10-03,6,86.23205946873077,162.86109963839814,179.12699586179255,192.9648122524014,242.30337456243544,180.3
2026-10-03,7,83.84438243575923,159.76289974746868,176.1460964787186,190.3671425928756,240.27025778048443,174.97
2026-10-03,8,83.85819967976758,159.7024717448907,176.01668677674522,190.08521635581445,239.25039170679065,173.15
2026-10-03,9,83.34406279874625,158.98690786498952,175.29255973179676,189.3877103317849,238.43650232079275,176.96
2026-10-03,10,82.12119648366252,157.51943113552247,173.94116344331667,188.24995826643308,237.4710893448002,174.99
2026-10-03,11,85.17864203054808,161.25811541429508,177.42483775895496,191.2207001460908,240.00749308803336,172.6
2026-10-03,12,84.73835072199037,160.6342231987856,176.79345697752134,190.63279125193657,239.46101822028143,169.5
2026-10-03,13,84.68284421105352,160.51193007799492,176.6513444448824,190.4969132344092,239.41462398968983,173.4
2026-10-03,14,83.2369439799582,158.9208415717973,175.27669384869614,189.4468076969989,238.7249768693116,169.4
2026-10-03,15,82.91224515939419,158.6317465132118,175.06104928848524,189.28235068584195,238.3899199168613,166.63
2026-10-03,16,80.32060300872976,155.28670740609977,171.84094458435908,186.43341808796745,235.85946338365065,167.0
2026-10-03,17,82.1731661919437,157.65232777403952,174.0932923364824,188.3638454228721,237.2782246380605,166.04
2026-10-03,18,81.48416453197316,156.6723268111856,173.10942762968492,187.48971595421267,236.7193348066173,166.31
2026-10-03,19,80.30262194021539,155.01526514430884,171.44852308333867,185.98404822682272,235.5187900979117,166.24
2026-10-03,20,79.68638603024961,154.27756085245454,170.7690868904035,185.40781101194045,235.00004166546896,165.7
2026-10-03,21,76.84359546146717,150.75018824857182,167.44250139886844,182.49650994776204,232.22613693091589,169.43
2026-10-03,22,78.56227759646151,153.00785447218783,169.64231902269148,184.4846667881513,234.1325465442275,168.46
2026-10-03,23,83.0911180410317,158.32145198701096,174.47781504885097,188.54953003952363,237.90113206948783,169.8
2026-10-03,24,85.54086019322492,161.1049582025487,176.96884247944968,190.6489717218749,240.1539270392108,171.9
2026-10-03,25,85.725291098378,161.7725533120692,177.83913454518006,191.5991236571343,240.9162682627617,175.01
2026-10-03,26,85.26743796672903,161.41123761225492,177.59787999024934,191.4136012022384,240.3093209759072,180.1
2026-10-03,27,89.44498894552581,166.4194645597409,182.22173526508465,195.37083330884352,244.05626433600105,185.98
2026-10-03,28,89.74998463555121,169.41366262252313,186.66104489541783,201.19799726413024,253.4504972117332,190.61
2026-10-03,29,99.88245129609756,180.4613650213759,196.12341348374943,208.28031444782147,257.5761578167162,197.45
2026-10-03,30,102.93702056317034,184.98314295744785,200.5476917013923,211.37227574382865,254.0051215671856,198.61
2026-10-03,31,96.13397095882549,176.4935393966285,192.517333699658,204.33493371489465,247.38028814485773,198.85
2026-10-03,32,78.22012053722986,158.16353498942414,177.54341782995633,193.6953164461314,240.507296167354,199.51
2026-10-03,33,91.91964345755632,173.11855133489738,190.35223205416764,203.239291742587,245.7466633363232,202.94
2026-10-03,34,79.15935059928073,156.46872163274998,174.29558966534904,189.25983557594589,235.1233872016132,198.06
2026-10-03,35,57.61505958826143,131.6923762041044,152.40767669802622,172.78010629971166,229.3140015559824,187.8
2026-10-03,36,52.10806181238242,125.33905333389286,146.33798338669692,166.1277972983535,213.94635490994324,167.71
2026-10-03,37,62.85320410306349,131.3047595938032,148.00205795728186,164.779172924722,217.1286455261624,199.21
2026-10-03,38,56.82469292376052,129.15456621440083,148.82623278906755,167.4637603033946,216.07520887428964,180.51
2026-10-03,39,50.12124519933944,118.08130048037825,136.9798122565989,156.40272572926315,209.2476991632528,161.37
2026-10-03,40,36.77343099004531,100.02970439099428,119.11715380354748,140.03266510837952,193.57665649060544,152.22
2026-10-03,41,37.93724700102534,101.28212294034928,120.20905943841554,140.9780717255358,194.95389624578127,164.83
2026-10-03,42,28.17587380753332,89.43703063204975,109.20717266199097,131.56631500239422,186.48445298854284,154.84
2026-10-03,43,10.012858508124609,70.20289525191015,92.87331596856536,118.6611989682149,172.94373205126132,148.08
2026-10-03,44,-0.7010526031468345,56.84371144124373,80.20597621715906,107.39848950126644,161.3805691965082,140.1
2026-10-03,45,9.192932703298482,67.770470214308,89.83510130202545,115.5395290426194,171.26369871393734,151.08
2026-10-03,46,-6.257545747712626,50.38300442106795,74.31769497510372,102.2805523194929,155.49561820952545,131.62
2026-10-03,47,-7.755415275534091,48.08514189413311,71.87500936692224,99.7971277355566,152.37208751048996,113.24
2026-10-03,48,12.208512150583324,64.10136950988857,82.2329463603769,105.35656081318928,161.9919731919373,104.21
2026-10-03,49,-14.46967514897225,38.91775184788287,62.67997191023619,90.97959156276733,141.8845085274469,96.39
2026-10-03,50,6.139236971168472,58.10581767992765,77.34561509065239,101.39764989269108,155.76128246102215,86.64
2026-10-03,51,2.446814757395046,53.49812075486777,72.98180254452126,97.54888706482268,151.99645608295674,81.91
2026-10-03,52,-8.466815542766994,41.56729753233248,62.59391072363849,89.05943166866277,142.86347521874518,71.65
2026-10-03,53,-2.9797355968803885,46.22822387051961,65.85849125944353,91.2072144108732,146.8340832984311,62.08
2026-10-03,54,-9.9148461325396,38.18996735423392,58.56901518869947,84.98162927662116,140.20300918950574,57.41
2026-10-03,55,-13.237397152801949,34.2765277972709,54.97408171556742,81.83909473671517,136.64559431066948,52.77
2026-10-03,56,-14.316898756367893,32.92696097331567,53.751586632383294,81.01772613779505,137.31701868448857,54.56
2026-10-03,57,-14.67394868470506,32.1631905703133,52.868287052330345,80.16558789064484,136.94636427338318,55.82
2026-10-03,58,-20.525738644743825,29.36992259281085,52.67192810466956,81.85401321769069,136.7593841388829,62.66
2026-10-03,59,-14.531476096999356,38.4831918873444,62.15639015753089,90.74181796152328,143.9215381161058,72.76
2026-10-03,60,-6.861460975162274,48.97784828894524,72.59172672955043,100.3023899480426,152.75793902019592,89.58
2026-10-03,61,3.6629189849516592,58.335612627796365,79.46740761969191,105.09652404352482,160.63695607354535,97.94
2026-10-03,62,-2.710955705516909,55.93393449599728,80.2095054814615,108.04803357061192,161.28729472460589,105.2
2026-10-03,63,4.386817645628732,66.31474219631089,90.85034850600786,117.98026413266304,169.9143746044682,118.82
2026-10-03,64,2.826546664248127,65.18266866804399,90.74894878302266,120.6170221554251,185.8203557545812,134.63
2026-10-03,65,8.01858363483818,70.31708183587004,94.46276920430564,121.44361899700372,176.35303776879198,121.56
2026-10-03,66,13.790392266671375,78.27510429563718,102.55721510077944,129.56112164196512,187.79502283288173,145.0
2026-10-03,67,23.776623640104305,92.215995872954,116.68748696802837,143.19460095872088,203.73012621262583,162.69
2026-10-03,68,49.60593746618278,117.32339572002152,136.3454671856119,156.455714085331,213.1180932957901,200.02
2026-10-03,69,38.40312592388355,101.98801718918511,120.89468858036724,141.4054908570857,194.01401763469843,165.12
2026-10-03,70,69.21116054664789,140.1310309402014,156.9494493047031,173.50790201447603,227.9837147547305,188.49
2026-10-03,71,123.30445470214954,206.4009376993892,219.005711945775,227.5644536206584,280.41073658101607,204.92
2026-10-03,72,121.63694275377674,207.18875350517013,221.13865956913145,229.8550345228276,277.0520906952104,218.74
2026-10-03,73,121.8507969463672,204.4973980578404,216.98157113475057,224.96070236039623,273.4331982476107,216.49
2026-10-03,74,127.86328202096423,214.58401523952256,227.92064759047608,235.5984304530309,282.34546619172073,221.69
2026-10-03,75,142.36535871852325,234.57474056962667,247.9448385953543,254.3258418662508,301.5195788231132,229.46
2026-10-03,76,135.20705785189017,227.2464958649872,241.7259851594916,248.82493423000625,291.6065133297943,243.06
2026-10-03,77,131.54516376778128,226.2536696106633,242.61296279225323,250.5615405994598,288.8609682892559,236.13
2026-10-03,78,132.418737492195,225.2092537389774,240.4885934233656,247.9157873991795,287.767112534573,240.45
2026-10-03,79,134.5916880613337,228.2665602638897,243.81360574657785,252.08501102724523,297.9569732252379,238.7
2026-10-03,80,132.98751905175783,227.2921008612196,243.42969001293724,252.0844408514576,297.0452816959473,233.15
2026-10-03,81,129.375697137042,221.5473830441164,237.3043572085316,246.114601157162,291.3872809911928,230.0
2026-10-03,82,121.18979398985022,210.6947114994276,226.6657950369484,236.4051446163828,281.7879139840496,226.71
2026-10-03,83,116.84866601502756,205.3537881224466,221.64727212577435,232.0026355358873,277.4057168002005,221.65
2026-10-03,84,116.81645942501048,203.6438448347364,219.1211916414053,229.086550014114,275.24105836998217,214.52
2026-10-03,85,114.0486250002352,199.55008003397413,214.8807537374601,225.0108051772807,271.1056789268182,221.81
2026-10-03,86,111.97064223360178,197.0943879842451,212.6544525547568,223.21618459825925,269.9354699917898,216.2
2026-10-03,87,107.43650727144616,190.3942229824765,205.71423858243512,216.53512082902745,263.0834801713453,214.02
2026-10-03,88,104.64352857928634,187.5514140467745,203.3620191746531,214.68576741240608,260.78374240528615,208.71
2026-10-03,89,109.03493699121466,193.395121566542,209.12053008862503,220.0348727186427,266.55418165775336,211.83
2026-10-03,90,103.79522179809092,187.255755975631,203.491967964692,215.09535952135485,260.7589979824005,210.0
2026-10-03,91,102.24532919882878,184.18957503366084,199.99779323857103,211.6575401158537,258.49419477186484,206.41
2026-10-03,92,94.24487962072814,174.77183563040427,191.38102160526475,204.26945124531665,250.91103090426984,205.5
2026-10-03,93,99.47400591326716,181.78983700531265,198.31064260455244,210.6546589572993,257.3565545905484,204.8
2026-10-03,94,92.10177756648169,171.6721692983047,188.1614980551935,201.0149215357219,246.53259196608823,197.36
2026-10-03,95,89.98821324750938,168.43707743019942,184.7514556759697,197.66292596606075,242.9389585520906,192.85
2026-10-03,96,90.40569916560632,169.4124267442101,185.9513291549141,199.04161839845767,244.8616035585396,184.86
2026-10-04,1,103.91815618863696,185.22971192267323,200.2131962330247,211.60846300051827,259.392735160449,205.83
2026-10-04,2,97.98721505661888,177.75652288604954,193.1289450345749,205.38136517178933,253.8339073250782,201.45
2026-10-04,3,95.90519847872,174.57127158847703,189.7904466631636,202.2222696077616,251.4037276995664,188.81
2026-10-04,4,90.511121762292,168.08346659803306,183.81080895711847,197.0680786548753,246.48402374812548,180.21
2026-10-04,5,94.62173096948187,172.75310879797752,187.95798658397973,200.55398376230977,250.16427265336145,191.68
2026-10-04,6,89.28839948461714,166.20309080365942,181.82398979893583,195.1357167555788,244.75157621120007,189.72
2026-10-04,7,87.04778522520533,163.17303354494032,178.84778817408204,192.4966784356245,242.82867631502663,190.8
2026-10-04,8,87.0978030156628,163.6352619951602,179.53575444215733,193.36255035486408,243.81707683827608,182.18
2026-10-04,9,88.13723944744262,164.7674973060337,180.5024206879937,194.1155661034605,244.4876111726497,192.54
2026-10-04,10,86.96466660980423,163.7934507021779,179.86268963383662,193.7446021619933,243.7594385732291,180.23
2026-10-04,11,88.77824005134514,165.93647612284786,181.82270548126425,195.4512353495309,245.5782186989046,180.1
2026-10-04,12,87.63703381358431,164.1676143773318,179.96912763317,193.73854190345327,244.5157625015496,177.9
2026-10-04,13,88.40777303016225,165.07286023307825,180.7742862694471,194.3516074299559,244.7775701310768,183.09
2026-10-04,14,86.82435625223141,162.96889211569297,178.7111756545745,192.4644926983492,243.02237613986887,180.85
2026-10-04,15,86.29361269022155,162.21671943094253,177.9485269921259,191.7508659356941,242.3951551901781,180.25
2026-10-04,16,85.6392379924113,161.3196451559291,177.07307473603578,191.023208655172,242.13938765523164,174.74
2026-10-04,17,86.36242679647924,162.3263566631171,178.07311815650064,191.90312412935864,242.6779159007708,175.7
2026-10-04,18,85.76110282596468,161.13172903085666,176.67091689327611,190.40082947550263,241.17895870505487,175.7
2026-10-04,19,85.42620419623205,160.70188582528797,176.26206279600967,190.0518433945208,240.93850722162185,178.67
2026-10-04,20,86.28429302199103,161.9605425984315,177.57393577336234,191.35488005620263,242.3613971610779,176.87
2026-10-04,21,84.14733964461297,159.21949232975214,174.92494515472958,188.90550826484483,239.7162953900365,176.91
2026-10-04,22,85.33401878696284,161.324210116127,177.27950983228743,191.27730617677952,241.6944293141113,176.9
2026-10-04,23,90.83310109288227,168.17810587462205,183.73151567751,196.9075575519024,246.7189412812912,181.87
2026-10-04,24,94.17277234877614,172.3990493309091,187.7266196680793,200.3652751662802,249.51005058496872,189.63
2026-10-04,25,93.8632163199857,171.99113839193012,187.31699680430583,199.9418212952837,248.8717641034189,179.68
2026-10-04,26,96.93098696693394,175.78417016173094,190.8769332299575,203.0660499239931,251.82724887264857,185.34
2026-10-04,27,102.20671162711416,183.04353067897443,198.13770073692604,209.83274896109737,258.1215805060537,192.05
2026-10-04,28,105.78071711230028,187.4419835129031,202.24661575800053,213.39796736016365,261.3546440921916,201.46
2026-10-04,29,108.16839709022553,191.15844068622408,206.1411553520836,216.9703607246097,263.40369788438244,200.45
2026-10-04,30,106.26808190641626,190.3238649505025,206.32020412256952,218.12233308141265,265.14868932775363,201.19
2026-10-04,31,106.44784305512982,189.96696517514408,205.60814793413743,217.0766548115048,263.7155323360237,193.93
2026-10-04,32,103.07676080622284,185.61521212552208,201.5700081974952,214.1281430257177,264.2704895823717,190.55
2026-10-04,33,101.29669367708684,183.73752551495767,199.86740214522308,212.20600013752653,259.53101119256945,200.74
2026-10-04,34,96.0544603387155,178.45058639810276,195.68562431596604,209.4146925447361,257.85752110607854,192.58
2026-10-04,35,92.48768842174891,171.4512458913215,187.5953407654517,201.15803480154744,251.52687893229017,187.44
2026-10-04,36,74.04128756693802,150.3529606011649,168.68733139406123,184.84281492561087,232.7979499311944,166.0
2026-10-04,37,92.9052178255554,172.49855739718672,188.8665528996927,202.40663142733607,251.9060534492397,190.78
2026-10-04,38,85.41895509451584,161.82530752633107,177.88880309938395,191.5770876575713,239.78233605578805,178.23
2026-10-04,39,68.35708883599978,143.61328743033124,162.55743120528797,179.70718881185536,228.32586449280743,170.09
2026-10-04,40,66.17192118477197,135.63532325254775,151.8600785880854,167.47787206434123,217.45602939295145,153.27
2026-10-04,41,61.84038077651034,131.16696898741145,148.24689355808005,164.9642738707581,215.81938998119244,162.75
2026-10-04,42,55.10964040548694,122.35811403441318,139.62926936044255,156.90214016805913,207.12373079774144,149.18
2026-10-04,43,44.51585017715942,111.00924856078822,130.1291749065337,149.8898102259414,202.08950225924696,136.24
2026-10-04,44,34.82676177365147,99.01481408869648,118.88527214493683,140.11255389842432,193.31282054382723,126.73
2026-10-04,45,38.57778826316773,103.12588638945545,122.31922376765944,142.38515515374954,193.34534926766145,127.93
2026-10-04,46,22.586533403702987,84.20230395926949,105.10770532949184,127.8826829800396,180.2106174397045,115.41
2026-10-04,47,35.983348678313746,94.73461272793476,111.70372367920416,132.09482260096988,192.98654721289915,108.02
2026-10-04,48,28.45046496832132,85.82275441140361,103.61507823888805,125.34913764369529,187.204892944336,90.85
2026-10-04,49,24.25379318658858,81.00503606861693,99.3079173326354,121.71947374899798,183.48540888130785,87.26
2026-10-04,50,19.951207329886017,75.28847794643752,93.72774746286848,116.72493209020784,179.36942055719172,81.31
2026-10-04,51,13.202892501839573,66.94398483478577,85.92766450335395,110.02017124845813,173.70146720316484,74.08
2026-10-04,52,4.610916640706513,57.39456043843022,77.630632952336,103.37103110523152,167.5281477430026,64.97
2026-10-04,53,5.624044541142354,57.431804645315225,77.03480807020992,102.67099326734797,169.30941648339768,60.76
2026-10-04,54,0.8034926666791335,51.4993078807328,71.43775676113526,97.57176841237596,163.51548706568155,50.72
2026-10-04,55,-2.22777813932899,47.42694882125795,67.41543233440215,93.85449424632978,159.98205654465733,44.47
2026-10-04,56,-0.2928988608533771,49.71059592156486,69.53823748340885,95.8594343908931,162.85162540537357,44.81
2026-10-04,57,-0.9061758441383104,48.38243588994074,67.8667101724292,93.74136138683168,159.2774725854487,42.33
2026-10-04,58,7.869758206533909,59.38238348832519,78.29489956767893,103.03261880824722,168.329299763206,48.94
2026-10-04,59,12.825367876018404,66.82828026663779,86.01540601234133,110.21047221229767,173.47276255776865,59.77
2026-10-04,60,4.387927297104795,61.91990722797748,84.55124960672882,110.94301188108516,168.85773828163985,72.28
2026-10-04,61,1.2594316859516113,57.840118665742594,80.51978629525131,106.96731247244465,163.57719342491953,65.84
2026-10-04,62,10.768426710241606,70.65898125721746,93.03789294450452,117.82642018286904,170.36841559091488,85.2
2026-10-04,63,22.622500823423195,85.96591112790036,107.57900753705512,129.967345551396,177.12595931145563,96.46
2026-10-04,64,33.819274830383364,96.33629492936689,115.4623959559556,136.1729628128316,188.99138598583028,112.5
2026-10-04,65,37.226868332786296,100.90794123243776,119.70972098160208,138.9441485964349,186.069886146186,109.5
2026-10-04,66,48.476038568358135,114.75244947656331,132.87347323214874,151.381227334416,202.2378738508289,136.74
2026-10-04,67,55.55276857647047,125.42535490501643,144.18300294763458,162.88118835365933,215.439236249556,160.26
2026-10-04,68,74.31629962590888,149.1196505357991,166.58510819995172,182.20517077291936,230.77192029033665,190.74
2026-10-04,69,64.97846783143811,134.6148541320192,151.1016834899146,166.7166459319423,215.04636501748288,164.41
2026-10-04,70,83.01117617686666,159.88701391040638,176.93885664176867,192.34620641763016,245.36157944204825,190.33
2026-10-04,71,98.18217114153605,179.14477205452238,195.2137924726168,208.19824721852325,258.1131221508845,214.99
2026-10-04,72,111.91785086376936,199.71501478037408,216.5486026952625,228.17851857589827,273.311130869808,225.86
2026-10-04,73,111.25827618201689,193.4414936483857,207.4603685517793,217.7911288555596,266.7308464401674,213.91
2026-10-04,74,114.3938974399958,202.6362078922237,219.3653299969136,231.27994326525967,279.6343586041074,222.2
2026-10-04,75,124.01335812171564,215.8328885187913,232.4917772764993,243.27319223660896,289.7154938859736,226.39
2026-10-04,76,137.40455263205962,232.1491252788788,247.60552998745675,256.17314391831604,300.8301930240356,234.97
2026-10-04,77,131.08264409387274,223.18606725564536,238.55962068426737,247.8975537511817,294.49515953405955,232.42
2026-10-04,78,136.63274199094027,231.13849664747497,246.67905517579487,255.5773457163745,301.45808081069055,240.33
2026-10-04,79,146.75813842612993,243.7418950051172,258.4822032353058,265.642889218841,309.3509927978861,244.9
2026-10-04,80,147.98633122968036,244.4799203617065,258.57890331218266,264.77482279909776,306.08650170869885,237.19
2026-10-04,81,140.44825464602602,235.6951043929102,250.71565738598684,258.4086160474892,301.17113960908137,234.5
2026-10-04,82,133.8572733593242,225.85813169722536,240.43717120169407,248.3944320253485,291.51584561721654,237.12
2026-10-04,83,128.54385702320036,217.98075649765053,232.2501673207621,240.51333486997245,284.2725542260969,228.22
2026-10-04,84,122.2463750273447,209.5100437519429,223.85707490845613,232.66207383509897,276.37728268705695,219.72
2026-10-04,85,124.51376217177386,212.1559206619947,226.26782809353807,234.7954372066941,278.90643492721165,222.06
2026-10-04,86,116.52759922604004,202.59887037066352,217.49384778080315,227.27852881420043,271.81291387412904,216.93
2026-10-04,87,112.03333657889124,196.4236552046997,211.3579384448908,221.71900134176067,267.393134113935,213.99
2026-10-04,88,107.91353210185228,190.196133267342,204.8429375994644,215.47661583585608,262.0481243929501,213.63
2026-10-04,89,111.94984167325444,196.27940065238428,211.19031243362733,221.5177862039883,267.0551374978276,214.98
2026-10-04,90,107.73329984424444,191.14517900832428,206.3869093738357,217.20046714970505,262.2698496509662,214.92
2026-10-04,91,104.22507690847524,186.24703887090035,201.48827675268183,212.7731265193325,258.98587978360626,213.99
2026-10-04,92,98.78920358512264,179.1411810957722,194.5824944847905,206.4944199455141,253.045245246296,205.25
2026-10-04,93,102.37449495705133,184.08492017961376,199.38540473313665,210.33492130405384,253.5042975957688,212.69
2026-10-04,94,96.86226972191486,176.970578744572,192.57335923871287,204.4020614034538,248.9185430357913,197.84
2026-10-04,95,94.11563623338152,173.03074657077974,188.5382484816425,200.53915107994192,245.1986295373772,188.14
2026-10-04,96,86.49856496057711,163.7388156930726,179.96385785088108,193.3893864168604,239.8881096508796,171.02
2026-10-05,1,98.339418589444,177.83338998678306,192.8993459147848,205.0891671526877,253.82472047835,161.27
2026-10-05,2,92.48084995832713,170.54966115304796,186.01999266467325,198.97619121939653,247.71139552101727,167.29
2026-10-05,3,88.3863025544689,164.97561760839304,180.4675870859794,193.82145892984155,242.81284931859145,172.81
2026-10-05,4,82.87463068237332,157.98357629615535,173.77705716462003,187.78807391392263,236.72712623781248,168.07
2026-10-05,5,92.33704694410876,169.83793568516887,185.02541294237463,197.8140699990853,246.65203668154936,167.38
2026-10-05,6,84.99372115834808,160.7875825509508,176.5464249129347,190.46454441509843,240.027318523009,157.66
2026-10-05,7,83.70368786337289,159.09632708949744,174.9051703279037,189.02200389327305,238.91915327546508,164.2
2026-10-05,8,81.59473851961337,155.99062442815108,171.70182542457798,186.077321970076,236.86486251138632,158.55
2026-10-05,9,84.68857842531384,159.93291020548784,175.48351336013462,189.4898219951412,240.26964465283123,161.07
2026-10-05,10,81.45305252044975,156.02850151452031,171.86340738468618,186.30763387867933,236.9245762708802,153.12
2026-10-05,11,80.75457843556131,155.1518522931833,171.03385183028945,185.5896330992716,236.3292102499688,154.33
2026-10-05,12,78.05915541726395,151.83432765582273,167.92049430319048,182.8383812125997,233.55958734485216,151.25
2026-10-05,13,78.6727752682446,152.5578643828366,168.59342950242143,183.507430744388,234.70928519725987,150.54
2026-10-05,14,78.158955235359,151.9900846304239,168.0985035451186,183.093537974252,234.22384265153784,149.83
2026-10-05,15,78.05449272940717,151.86870678673083,167.98381781362883,182.96052795742145,233.9057376544593,149.81
2026-10-05,16,77.93927412447894,151.65050035749994,167.7363787773947,182.72888253908377,233.8298664042645,149.67
2026-10-05,17,77.96685715153717,151.746113589914,167.87343194086029,182.94886874945445,234.37963229534583,151.79
2026-10-05,18,78.44697035585298,152.51771071090204,168.70988714578948,183.7972706265951,235.26609557471204,152.17
2026-10-05,19,79.06168530974344,153.05904182692234,169.06947888765254,183.8849387953855,234.800878853964,146.6
2026-10-05,20,80.2020190613116,154.4938308805003,170.4085395532889,184.9028858423485,234.88205389160527,149.38
2026-10-05,21,79.0378536424073,152.7326816258454,168.5664439697142,183.1780815608301,233.6098031097505,151.11
2026-10-05,22,83.50414372306543,158.41421013379198,173.9783370018207,187.8343582265589,237.10601759730707,152.2
2026-10-05,23,92.1419591544444,169.73796755835482,185.0028506652205,197.76989381846795,246.07141655423288,154.08
2026-10-05,24,104.06259885769003,185.01153403390765,199.6555035046048,210.7045149744519,257.25546415687927,163.17
2026-10-05,25,104.85779410159068,186.0864585236675,200.7460221358547,211.87675478112143,259.2274515864683,171.44
2026-10-05,26,120.37975062019215,206.5758171266537,220.76899779141308,229.9515618665306,275.3190470644876,193.66
2026-10-05,27,132.6742566004171,223.0762913762397,237.0109743442632,244.48781334891743,286.88066614496535,212.02
2026-10-05,28,144.28328486233823,239.2037991934245,253.32154855883223,260.2327910247496,304.191356825889,215.0
2026-10-05,29,151.49593515402546,247.77117966644732,261.0785518054805,266.280266534555,307.0303757518738,206.13
2026-10-05,30,164.38729127453112,266.2213832271099,280.01432412081994,284.6756421111133,326.5269749149792,213.46
2026-10-05,31,161.94682681824935,262.38520327518285,275.9626435600104,281.0447919608233,325.0553414378416,230.0
2026-10-05,32,155.30684020115933,252.1720398012066,265.0451905057036,269.72492690836765,311.03565938515175,237.6
2026-10-05,33,175.55174211009353,280.37380827779936,293.4987699357007,296.4788728957679,336.62072400432425,260.02
2026-10-05,34,154.75066826798434,254.48975158074364,269.0232220974092,274.6175154248001,314.2438076221599,238.01
2026-10-05,35,149.86437463320664,248.4569659991742,263.4457025014961,270.3333147348508,313.3063156491295,223.58
2026-10-05,36,127.34179488591954,218.47815514368293,233.9106740021894,242.88800264327585,285.3745924791648,204.19
2026-10-05,37,146.08839056868567,241.3086055141341,255.10489822446544,260.9204188377786,300.6511591245262,221.8
2026-10-05,38,128.72330017890465,223.9906062457317,241.3145059084648,250.7770950995403,289.0635887631002,202.08
2026-10-05,39,112.3306939144299,201.327043057092,218.5596240591284,229.58103792159056,269.4237597662173,173.89
2026-10-05,40,90.10766145201292,172.13487568841617,190.12877507438984,204.0915068687696,247.28222118769853,154.27
2026-10-05,41,109.15553708203674,194.18836628955904,209.8351824731766,219.8067389512766,258.4313511436969,169.09
2026-10-05,42,93.65588122745103,173.5266393859082,189.5805095966176,201.77882362981444,244.26955274552813,155.74
2026-10-05,43,72.21848227780947,148.56834802543796,167.04255606181258,182.7052199334344,225.2233803115097,143.4
2026-10-05,44,64.78622652636358,137.72001073148328,155.965007389422,172.98972639151805,220.8137183727385,116.2
2026-10-05,45,72.51622775968846,148.61729183012284,166.95947109035018,182.90903827968293,227.78845177312564,131.92
2026-10-05,46,56.573682364241584,128.7319689464439,148.24988705644915,167.00943943825803,215.82055241442816,94.96
2026-10-05,47,44.26820739868413,111.7632642059338,131.22980542624592,151.12704476225088,200.8463107436949,81.85
2026-10-05,48,27.942802566033315,90.12573708239664,110.00033879751814,131.68445032653656,182.29166235495484,61.06
2026-10-05,49,32.98946818729173,100.00873321152145,121.46534936326108,143.39965656881355,191.46694825096995,85.58
2026-10-05,50,28.352694708934813,90.19733565805753,109.81260655894982,131.3545677811739,182.3853831724645,60.43
2026-10-05,51,23.23018987478376,83.57879748179597,103.43989586184357,125.7638335035746,177.888231381389,52.11
2026-10-05,52,19.922133826256164,78.41278996278966,97.95347832786511,120.5432301801165,173.92714656541636,40.47
2026-10-05,53,15.253418404438923,73.20861238163133,93.42863939839287,117.0232635650331,171.2580019391442,10.66
2026-10-05,54,10.075929802613722,65.53007526363838,85.43519742930482,109.33907529591504,164.15982315469904,6.03
2026-10-05,55,6.803976133219976,60.37034408140123,79.90005397379966,103.8405109092733,158.82095832966274,5.1
2026-10-05,56,2.544160867453406,54.52138130758733,74.06252975398769,98.50954001003504,154.34487556193938,5.03
2026-10-05,57,7.134452963668309,60.49695423520464,79.84704991376933,103.64055545796457,158.6531471098661,12.59
2026-10-05,58,9.652460142071495,65.38405173703657,85.53032345595389,109.64223958477452,164.49248626506318,24.37
2026-10-05,59,21.04652781905012,78.42577487317467,97.16400484709746,119.36500008550703,174.28904680895943,44.4
2026-10-05,60,23.703295579566976,84.66004861733997,104.79987515270022,127.5074586261418,180.9700137262101,62.42
2026-10-05,61,20.05631895863332,79.71065621066177,99.77410689311978,122.13956376743988,172.14523445631124,42.26
2026-10-05,62,32.363695231082666,95.42670207830598,114.85268211264832,135.64642673973293,185.0125421212192,60.02
2026-10-05,63,54.42693645794959,121.59283528502915,138.82800513694758,156.4727547764707,207.02445200900112,85.35
2026-10-05,64,61.56703515544768,132.06502460540452,149.63659843763674,166.58754349868957,215.1656237731588,94.92
2026-10-05,65,46.12735867174519,109.90806704936423,126.960635210511,145.1803003294329,195.8215354695469,74.07
2026-10-05,66,62.23277954256752,132.0485902074214,149.10529808276,165.639079833055,214.1967933272612,129.11
2026-10-05,67,82.6448586422037,156.25080611767396,171.12258330424697,183.6964883937829,227.87098232426865,148.43
2026-10-05,68,101.7133380458772,185.1284057517336,201.5990133947336,213.98864657726728,259.8022922114042,164.27
2026-10-05,69,73.6277679215438,149.72631578361154,167.7972413891799,183.2052757931297,226.55948672613889,152.16
2026-10-05,70,95.94808986807264,178.38189011917683,195.28742330084685,207.26796218695944,246.12310631668663,172.66
2026-10-05,71,123.77072562776785,213.3395974009809,228.4246257464913,236.20844758869947,271.3976569810026,198.46
2026-10-05,72,147.94026649974188,241.50593822446243,253.8867336042304,257.8391728370093,293.333222587351,213.97
2026-10-05,73,126.91074551516616,218.3435872460565,233.8040397415961,241.47943639138765,276.02456689875703,197.97
2026-10-05,74,135.16808009925938,226.87952146089327,240.90497147477868,247.47093804145788,285.37108532125285,219.44
2026-10-05,75,145.2620756975864,241.36409683629623,255.6972694890046,261.224109671714,296.67715731884294,230.99
2026-10-05,76,164.40579320756115,265.19081175030834,278.15873130554496,280.7979113656497,314.18730030955743,250.49
2026-10-05,77,165.26610375735882,264.4085816433886,276.4643538415417,279.4528771879748,319.0209209290033,243.31
2026-10-05,78,166.80694743126304,265.2005300848369,276.52397291579746,278.85975435740085,318.3389309492001,252.51
2026-10-05,79,172.69637466292735,272.02128195634066,282.5897667630352,283.4874826946896,320.4801422350652,261.43
2026-10-05,80,173.6784166954069,276.2944471321062,288.41289710905073,289.8513604610976,324.16672059787777,250.96
2026-10-05,81,168.8374127945318,268.9809902911477,280.8149355292352,283.058776855784,320.9024924913145,251.3
2026-10-05,82,156.17139687816604,252.6631086085909,265.10435202439936,269.1195823437054,308.72065997673803,220.98
2026-10-05,83,142.69881339927667,235.5642379344648,248.78556835745343,254.7234010217128,295.8719076898976,215.0
2026-10-05,84,132.8305899913487,222.22687773747936,235.6058858633935,242.8896484480801,286.4931287623989,200.06
2026-10-05,85,130.55907127479784,220.03919751138773,233.87163203657204,241.3178839036167,282.924197848021,212.92
2026-10-05,86,123.15346054438184,209.94031224775205,223.8369546203964,232.22978022750607,275.52753447322624,202.83
2026-10-05,87,115.41406554982882,200.5160381331735,215.07220773737808,224.65893000574613,268.507433150615,204.62
2026-10-05,88,103.6646741036172,185.17894366687733,200.198401000901,211.4249328763688,257.29162984751287,180.41
2026-10-05,89,109.06313314786988,192.5444827179305,207.5182070997722,218.04931298595687,262.64701139666306,205.73
2026-10-05,90,104.34493537913602,186.1486161337248,201.1764946744927,212.27170003762552,257.66497331955634,194.69
2026-10-05,91,102.9956681964903,184.1726100104672,199.1461670437929,210.42501420624217,256.46096973861825,189.23
2026-10-05,92,94.4712035934673,173.32067161861187,188.7668549199252,201.23167230999465,248.15358390678307,167.39
2026-10-05,93,97.50692696128137,177.27049298237256,192.5686269490115,204.4618045265428,250.1119672005209,192.13
2026-10-05,94,89.48139419361542,166.65943654183985,182.20070333758244,195.17215045406795,242.25497836491644,167.61
2026-10-05,95,85.1407303952804,161.2635446221782,177.1152606281234,190.72532938673163,238.1780570977916,161.71
2026-10-05,96,75.29624121688573,148.31587906611458,164.4957927735252,179.4012638758365,228.32977292175244,148.63
2026-10-06,1,72.98828321389189,142.94191294501704,159.8040151205502,175.76735330667063,228.5596194697337,160.55
2026-10-06,2,71.71206540645125,141.04017435509246,157.85762764333478,173.7780395231902,225.83115191790552,152.98
2026-10-06,3,71.42520268389381,140.99142534920438,157.97415491867358,174.08017288230783,226.4252039658991,148.16
2026-10-06,4,68.8043078380901,137.72243645761458,154.87198615046444,171.28905231750764,223.46621578165383,145.34
2026-10-06,5,72.42804611531659,142.07535979649546,158.9316473020234,174.80380784837052,226.7760277463138,150.27
2026-10-06,6,68.858255032887,137.1235029669653,153.8893068487432,170.09787358039054,222.62746890228752,148.69
2026-10-06,7,69.25333476417762,137.5379178199763,154.23577204020737,170.369887448905,222.93485601429555,147.89
2026-10-06,8,66.39533493906953,134.34013215179812,151.4180933132489,168.02487031004364,220.3955946331456,152.69
2026-10-06,9,66.9377082177177,135.03184294531255,152.06076961245415,168.65341068517515,221.4234717834798,155.4
2026-10-06,10,66.58604326922696,134.74594080146224,151.91550984487,168.5351113904287,220.70358904876667,150.89
2026-10-06,11,65.89700228724166,133.9841453873059,151.2710912448696,167.96711345884526,219.75469048386017,151.51
2026-10-06,12,66.10628590693145,134.0655168726121,151.24122868191787,167.84877383739507,219.66922689635015,149.71
2026-10-06,13,65.59879751509087,133.66443981142982,150.96212352814123,167.78422296311695,220.13658866140685,151.38
2026-10-06,14,65.40064028978455,133.2465294548556,150.46963694261498,167.24323340990838,219.50718127539488,151.29
2026-10-06,15,65.86936089958547,133.646521491944,150.74706366993087,167.38411870417465,219.57138799388667,150.78
2026-10-06,16,65.90706002964933,133.67041717426596,150.77474274239665,167.36219580087055,219.25270772908777,152.69
2026-10-06,17,67.20650804694804,135.42241005216945,152.50106128608158,169.0092358906321,221.20121285614115,150.09
2026-10-06,18,68.72476603560827,137.34259695218591,154.36437508418803,170.6519538385812,222.53161508000775,152.98
2026-10-06,19,70.49275614168806,139.3683321757247,156.18246456362746,172.19138812989863,224.1607031410269,153.69
2026-10-06,20,72.90973171643168,142.6342004600108,159.45473040262397,175.21993024213057,226.9422351744523,156.04
2026-10-06,21,70.70270862288936,140.3530377465846,157.584353259988,173.7524055518576,225.0688332123064,145.83
2026-10-06,22,75.99907803583497,146.6840200138723,163.4490804102661,178.85029193222218,230.20225994263055,154.65
2026-10-06,23,84.68394321940366,157.76676540237796,174.23314095655624,188.46085987545763,238.45178262636145,169.33
2026-10-06,24,95.44532518171638,171.40277175271248,187.42253988893663,200.208920103437,248.9072350490631,197.96
2026-10-06,25,95.78919876996297,171.53202272986064,187.36413525410532,200.0084027903426,248.80075114176944,191.35
2026-10-06,26,109.23387181892616,188.399631288429,203.59485836205275,214.35338503830425,261.3421025504541,204.64
2026-10-06,27,116.63067792412777,195.19220741454023,208.86890160234807,217.3403225532324,260.5961073051376,211.38
2026-10-06,28,126.2637037438508,211.79710485349716,227.298181621929,236.37763809148825,280.7780867548296,222.19
2026-10-06,29,129.5874333150491,215.08515408377244,229.97013954773183,238.22785084637903,281.92526273657506,222.55
2026-10-06,30,135.54400737093286,223.53148387613277,238.6469590136231,246.4488264367772,289.52659285316804,241.72
2026-10-06,31,133.03409295505216,216.12204781223215,229.0479662133553,235.66631737994567,279.326703055685,247.77
2026-10-06,32,134.82420064891846,219.82997257560143,233.3257962423921,240.49032925678748,286.0339353190449,252.0
2026-10-06,33,156.91891374536965,247.36640750619725,259.8095187683665,263.6254207715153,304.7166791453063,286.08
2026-10-06,34,137.56416078364924,226.23723439582665,241.17649989013623,249.0975217680013,294.6776229838964,255.39
2026-10-06,35,137.52930835794692,223.6250191563278,237.08106062080435,244.26449846321864,291.4942299926528,244.68
2026-10-06,36,116.86131179825378,197.76651310809265,212.5380904886108,222.0606971886944,267.27721907158934,213.05
2026-10-06,37,132.77740078649234,219.0630101241707,233.7104328746388,241.6561130359776,286.1042051197759,259.0
2026-10-06,38,125.70261474713664,208.33284379912007,222.4090761229829,230.48548460664284,274.4109105927899,221.84
2026-10-06,39,111.34216945693066,190.99411341099932,206.05730107970808,216.5112584670016,263.2965712565008,203.06
2026-10-06,40,103.96394866497076,180.54115342157456,195.37630540619415,206.29509492500443,253.00502483608253,157.49
2026-10-06,41,105.65358812462809,184.7805633570508,200.56284600600904,212.24704460456155,260.5555929274092,198.27
2026-10-06,42,99.486750570944,175.65239469421056,191.0295652085449,202.96600044163563,251.27328925422657,172.96
2026-10-06,43,95.6564102106185,170.48223803000542,185.8686786713127,198.16101089225276,246.59543769194812,167.04
2026-10-06,44,85.40072127305146,158.17089126401802,174.5227812492253,188.10236462438715,235.0107191039729,149.22
2026-10-06,45,85.65354467496195,157.75350460945108,173.81539211947296,186.85884727149988,231.8488538166869,153.97
2026-10-06,46,71.80142200195687,141.32426492439734,158.563693319907,173.87877895401618,220.562068676167,144.02
2026-10-06,47,81.57450447658829,150.44830989034554,165.3308930569107,178.52608387122407,227.19584047972344,137.84
2026-10-06,48,57.39061217646536,120.64204234204313,137.00208142915815,153.69917135544725,204.9058483855941,132.45
2026-10-06,49,68.25542086901427,132.34170008461788,147.34901327580943,161.416483549979,207.9311155084492,132.57
2026-10-06,50,57.19550585854213,119.06081923436736,134.73775642014493,150.91806164665056,201.71778572434755,133.34
2026-10-06,51,55.77216960378927,117.00510614705492,132.53796804179422,148.94880015955894,201.00216041398505,133.67
2026-10-06,52,47.81270844207168,107.88553836971192,124.2125699786388,142.15480772257064,196.06539548241503,130.37
2026-10-06,53,38.79629209708394,94.84020313685492,110.85025142245136,129.04879013347318,181.13599181154012,129.42
2026-10-06,54,34.441609332059365,90.10024293702466,106.6234126297978,125.86082060999112,179.85737103089403,128.34
2026-10-06,55,30.89617543111644,86.42098649526218,103.6447753572213,123.4282865232199,175.99166644300655,124.33
2026-10-06,56,34.538595420832216,90.56927048538512,107.541543566862,126.3685301389528,176.0685170502874,126.0
2026-10-06,57,34.62334008565448,91.50139677239044,108.8367388953126,128.1074726098742,179.0388915678653,130.01
2026-10-06,58,45.93327014781732,106.94216579324856,124.31358341563036,142.6578280571747,193.70523443103065,133.32
2026-10-06,59,54.87386007904989,118.3125317601846,135.3868550753213,152.4474450924427,201.5923794036297,138.08
2026-10-06,60,43.2196077961081,111.36286830401326,133.6656085309016,154.10413946387052,196.02518630304104,145.28
2026-10-06,61,53.52256384813392,120.00176241283044,139.07845026431283,157.34293071458606,204.79545782413595,144.32
2026-10-06,62,64.10806025611427,135.0634092908538,154.64650286511065,171.98410790603873,217.2267698270525,152.69
2026-10-06,63,79.5953690422584,148.2248872697238,163.50604499750372,176.7496033413844,223.03353750485684,155.0
2026-10-06,64,92.35007718573576,163.3059259346464,176.5827346642155,189.4772315027788,248.57465856119995,166.19
2026-10-06,65,91.9323838149308,169.5121653806724,187.08549171947692,201.22539175943385,249.8718504424044,155.77
2026-10-06,66,111.23839727899,199.7744434576572,219.39623548450825,233.6154777668937,284.3046432449505,169.19
2026-10-06,67,145.15664720960262,230.0961381156658,240.3335453365124,247.6480880682755,312.9617014737136,201.39
2026-10-06,68,151.19836453843243,238.86078939418545,250.1379365109659,255.6871844648777,309.13752208588096,233.65
2026-10-06,69,125.82234676459063,206.1577748704997,218.10590855807655,227.0233334771731,284.9180010578218,194.67
2026-10-06,70,156.05714767906744,256.5141572392707,273.6434612901827,283.03038524536845,338.0501630489183,225.0
2026-10-06,71,176.38256158720486,275.853984201866,288.8587346604441,292.8283207358971,342.6491009961992,256.04
2026-10-06,72,182.6706356022104,281.9576987850228,294.2686082957905,295.5894573570474,335.4948564054328,324.32
2026-10-06,73,149.74538466284886,241.6501118857804,256.1938164074527,262.23539405608625,304.39408005184066,276.65
2026-10-06,74,174.93899311732864,275.093333981868,289.2993114577887,292.7416615408006,333.64337996216364,310.91
2026-10-06,75,191.30719012458135,295.4339193497069,308.9879345608524,309.6140233084398,344.6538362615802,365.04
2026-10-06,76,203.45655870923704,316.8250464453423,333.2100211135958,334.20060132741713,366.050976536877,406.0
2026-10-06,77,205.31617602880283,319.71836311341053,336.22092904408,337.34504415884595,370.4853664035858,404.99
2026-10-06,78,212.68370058850405,328.4254172658226,344.0833752768579,344.3946146644323,374.5614269779545,383.05
2026-10-06,79,224.7421155597685,344.01826164973306,358.2969848804379,359.1873618601845,394.84706861604354,390.36
2026-10-06,80,227.41643565930315,346.5382717365942,359.3381281318641,361.3595483701114,391.8619743792944,350.88
2026-10-06,81,217.97249728540032,333.462641367028,346.97036971653165,348.02153509623145,381.55071704833097,343.76
2026-10-06,82,197.8939523784,307.11279102035223,321.981018820664,323.35491733716407,360.91412469784143,297.02
2026-10-06,83,165.2481925276303,264.659346126581,280.47772970095554,285.4696514374429,324.05152612438974,280.42
2026-10-06,84,151.97635529029083,245.54560907231112,260.5718360824303,266.7073564478944,308.598606442157,263.51
2026-10-06,85,154.4124497959227,248.58111853586288,263.5134683939968,269.23533043362704,310.27436188102547,274.7
2026-10-06,86,143.56929331178148,235.1727351367656,250.76318750184427,258.0004410932657,299.8630818580373,252.73
2026-10-06,87,140.57061709680468,230.38770718965995,245.5003366175574,252.9185630914281,296.29655494082124,245.85
2026-10-06,88,127.71083274340236,213.47175817186024,228.66059062013863,237.81531960688105,284.7171246682284,222.62
2026-10-06,89,133.79871350379864,222.04909385055285,237.53435461297747,246.02485520758253,290.83907947788697,231.11
2026-10-06,90,128.7663031709136,215.7835859240901,231.5053743520036,240.77399141333188,286.7091792727517,226.1
2026-10-06,91,124.74245141956816,210.49005971883096,226.2846356635408,235.99967435353895,282.2472448384144,226.15
2026-10-06,92,113.53155036322966,196.03598134109976,212.11300205551603,223.33477718022772,271.7171238142201,219.29
2026-10-06,93,121.20405472174689,206.97529217280476,223.46052203116065,233.961545051854,280.2750920828335,217.0
2026-10-06,94,108.51084503947902,189.3594432782012,205.54343841003885,217.18836414221823,265.0820759572288,211.99
2026-10-06,95,102.10791359576324,181.69477632042677,198.44111560316657,211.00007207631344,258.7773410869887,207.78
2026-10-06,96,91.02153026028464,166.3445516855637,182.75417673809676,196.5077834924898,247.1553876923032,201.63
2026-10-07,1,115.80877848471049,198.54961649675084,214.74163965802987,225.57806552438447,272.15002698262845,
2026-10-07,2,115.39266534346221,197.78149329238596,213.8224300221928,224.68031553762617,271.79982336402236,
2026-10-07,3,110.38102284553695,191.24259021479787,207.3707924345024,218.7739403112603,266.25839427171167,
2026-10-07,4,107.78542904484651,187.576616803444,203.55159099380782,215.2125602186432,263.5672078346647,
2026-10-07,5,109.2143432966855,190.3198627601902,206.81195154648123,218.59950478194222,266.33481471049646,
2026-10-07,6,103.08107540607578,183.20210650144475,200.3570733305159,213.06946048998395,260.5234021465779,
2026-10-07,7,103.38009354318571,182.92449200393546,199.69565781576205,212.07850237275883,259.2446510524245,
2026-10-07,8,101.20195963717806,180.97509398356559,198.30882171922684,211.27924664971866,258.5909181924808,
2026-10-07,9,100.24886897781106,178.85233815258854,195.67205474476089,208.4351290147779,256.10203810574365,
2026-10-07,10,100.6382287984603,179.91366356341132,196.99908387712992,210.06859929773324,258.7439495819466,
2026-10-07,11,99.86651955182587,179.44472925246473,196.85672736693306,210.22919102075994,259.01378796599556,
2026-10-07,12,99.68374276831703,179.4466912403725,197.04530635926886,210.4272309111925,258.3879235054408,
2026-10-07,13,96.14217054484389,174.5247987844425,191.99032757859266,205.6836247866864,254.25889649482843,
2026-10-07,14,98.82993596195375,178.0612723742599,195.46907388143228,208.95219599555625,257.892618998023,
2026-10-07,15,100.06029688258373,179.77388837219146,197.18257732765903,210.67555501470352,260.332159153559,
2026-10-07,16,101.70447334604462,181.54903615241085,198.6760273329624,211.93324782898043,262.179102545675,
2026-10-07,17,97.25796704320804,176.3173331830915,193.87346264739668,207.79659033414262,258.02624559025446,
2026-10-07,18,95.62276091415508,174.22140370750196,191.82368545579777,205.95049872796199,256.3861897664206,
2026-10-07,19,100.05695325872041,178.69795400877294,195.43581167959871,208.61033643901476,259.09473050040253,
2026-10-07,20,99.85556760435962,178.0775233410339,194.6416007535831,207.6154175946541,257.46697486481645,
2026-10-07,21,101.59003076253673,180.64833439695832,197.31827081747497,210.33604286856936,260.9451736146838,
2026-10-07,22,99.91211164264986,179.16798058516414,196.35153659378088,209.6616974428342,259.04203296883145,
2026-10-07,23,106.24228104908836,186.22024319739614,202.63864293463104,214.65004045339091,262.5067183424628,
2026-10-07,24,117.51794085735541,200.42418954642278,216.35640267607045,226.9198367000469,273.790616324612,
2026-10-07,25,114.80667046503812,197.67190202502638,214.11056440562692,225.28324945369107,272.3861323590909,
2026-10-07,26,131.59860187429564,219.34778484719024,235.31138838411078,244.6789672311986,291.4645238854563,
2026-10-07,27,144.96928362843556,235.842070825146,251.0894419157321,258.4403588112681,302.7688917170728,
2026-10-07,28,160.46510115256217,262.1062208392994,280.2387939081075,289.2728534195543,340.2858786430922,
2026-10-07,29,158.71798212712963,252.50842227312643,266.8001707204947,272.0768258809092,314.79742864261704,
2026-10-07,30,169.1587587076479,266.12672494398646,280.0808867939598,284.6018416648508,329.5980851323365,
2026-10-07,31,170.30740043160552,267.4899442624717,281.46550845808196,285.5067702122603,328.0245843619909,
2026-10-07,32,168.60392016561644,263.6644432718743,277.40736222684444,279.310522382682,308.51161022556505,
2026-10-07,33,182.99163917958674,279.92278027788865,291.53792722733556,291.8833934607616,327.9849111675599,
2026-10-07,34,161.79297317371544,255.6919140298429,269.8276090719771,273.4862450913949,308.3798898172085,
2026-10-07,35,146.13083886952933,239.10591939711736,255.3392516802706,263.30417524158406,307.94852401324687,
2026-10-07,36,129.01107768140776,215.60450936829008,231.52516605737867,240.71149052355625,285.15885809584523,
2026-10-07,37,143.00368265491863,237.17969296489622,255.1427439791288,263.27474852861656,300.0128104798413,
2026-10-07,38,145.44085636610606,234.50541617109505,248.95532434621305,254.59597250809261,291.8265542891347,
2026-10-07,39,120.80798816035654,206.3910659299326,223.48237148526678,233.76697655857026,275.77455992887633,
2026-10-07,40,96.71623377159806,174.19892677324256,190.88623649909033,204.4345960398645,255.68468329859115,
2026-10-07,41,119.13360616583746,201.63229081379075,217.04899167461787,226.97945088546595,272.9216289342057,
2026-10-07,42,104.66699357458931,182.95902079323116,198.2958246912682,211.00183388332323,266.91572712896385,
2026-10-07,43,82.24404930511396,157.54822291778692,175.6104236926134,192.08085616498204,248.09466971289947,
2026-10-07,44,75.67227030083998,152.74638490356784,172.90943830289376,192.15288757712707,253.1688209603409,
2026-10-07,45,76.65568719581007,150.22767814458453,168.30433230949487,185.53500128337404,243.2573754773831,
2026-10-07,46,65.24653749710302,134.4195513582469,152.17880012134566,170.22382445686208,228.27610157852024,
2026-10-07,47,57.11885206773205,123.40691801736673,140.93944722119005,160.02819877420714,221.2201250353695,
2026-10-07,48,41.98567734554207,102.70788593376858,119.9908760057749,140.23217507664052,201.59318764600033,
2026-10-07,49,48.48537238192556,111.70933450299813,129.2641220264353,148.8068602570523,208.12830623710897,
2026-10-07,50,38.45751862898561,98.65343260078612,116.3482725712317,137.11987384070196,198.17985842975745,
2026-10-07,51,36.99937144073559,95.048651761485,111.69718481113183,132.13575747144728,194.73412346185572,
2026-10-07,52,30.306765462122456,85.31811385040183,101.5540156844918,122.18474070375453,184.1420449647914,
2026-10-07,53,29.64868993826228,84.90996574572381,101.452461356071,122.25616497278466,183.6540016942492,
2026-10-07,54,25.639586542564786,79.33772923103037,95.73066268047147,116.8830181953386,178.94801620981076,
2026-10-07,55,18.806241346520338,73.1454755701254,91.22942132061522,114.26712563817216,177.36228391396338,
2026-10-07,56,15.036587451596532,68.68047791409992,87.08136701887403,110.74527276509923,174.40993226766096,
2026-10-07,57,16.221792363724788,71.41866779296063,90.55274127100805,114.42320795753824,176.92950849518206,
2026-10-07,58,26.23341611740652,84.24800321588273,103.06848049134005,125.76343089262579,187.5867894362401,
2026-10-07,59,39.24415054619455,98.08924765475726,114.69987387234303,135.09879307019264,198.8093695422683,
2026-10-07,60,24.89751326969504,86.90111670830956,108.64441370702853,132.4258689683392,188.03582109014405,
2026-10-07,61,40.780329670716256,98.84449655865686,114.68127325314863,134.45444863538353,198.3263356930447,
2026-10-07,62,58.50859990046199,123.3874562910508,139.78233438301748,158.08995577741564,219.92314058258034,
2026-10-07,63,72.99717186290663,143.26271305949334,159.80830152699596,177.33973300195288,241.43087173561327,
2026-10-07,64,85.3578875199036,159.60301879450108,176.15297229444155,192.18764236437468,253.50348810004425,
2026-10-07,65,78.99510974790182,149.07925337598226,164.4426729969175,180.27482266564354,241.9122627099834,
2026-10-07,66,90.28370753080058,171.62347963849066,190.97055896053672,209.67579338539582,278.5732604733739,
2026-10-07,67,110.25893328851414,201.76370361247353,222.97720355573614,241.56617572612654,312.56769472320167,
2026-10-07,68,136.01013334913824,235.7125165068065,256.79581983937965,272.44065381709487,339.33629019899126,
2026-10-07,69,95.93753223048544,167.96652588142362,181.20950202179603,193.76892375588224,252.90661547087473,
2026-10-07,70,139.5131312839311,217.7519266542571,226.05571505517372,231.15880085709313,287.7179747577127,
2026-10-07,71,170.89073459343825,253.8488770730106,258.65726044595476,258.69914026085695,315.0716064432194,
2026-10-07,72,174.95138562229556,273.27461346366243,286.2422587365773,291.57784367248996,348.92418561785195,
2026-10-07,73,176.28260886476932,269.523773708177,278.83922893359085,282.87865551226247,348.19291186805407,
2026-10-07,74,192.27829708940715,292.4105036429892,302.7478740889788,305.5523496636642,367.3926871615245,
2026-10-07,75,186.8968784232561,289.8056168995167,302.9718833772599,307.75028241102007,367.1634111731343,
2026-10-07,76,178.7447809888884,284.0391387718952,300.5672858692074,307.2555957560177,360.11555899543595,
2026-10-07,77,185.8630227726867,298.20024817759787,316.8903330093295,326.1609439079363,389.8959927942422,
2026-10-07,78,170.5367378632527,270.8862770595492,286.26910021317065,292.5216668821662,343.08264933332094,
2026-10-07,79,180.27968878108322,285.4120725911161,301.6558990129138,307.64940042077376,358.17754968308395,
2026-10-07,80,189.71476757567405,291.1980359560044,303.6976948641392,305.4657074802179,350.346743842433,
2026-10-07,81,174.35367094200723,275.94157232878297,291.45591356934455,296.9396226234488,344.1760978570699,
2026-10-07,82,158.65932500624535,255.80997837500144,271.8408016757808,279.06781643440854,326.64761389343147,
2026-10-07,83,144.79064358839253,237.6332128810509,253.91223030003005,262.47969653410934,309.9867045175613,
2026-10-07,84,133.261541486625,222.0436750667834,238.30939336400525,247.64851454136917,293.87416850375087,
2026-10-07,85,136.2177859695447,225.87616801124517,242.09261188790475,251.0588419097588,296.73910881317835,
2026-10-07,86,129.38290166345092,215.79460087020033,231.3946966548451,240.77505746263483,287.985033071165,
2026-10-07,87,122.26382095204575,207.26363771481584,223.44877229675012,233.86207842907703,281.26764170368807,
2026-10-07,88,108.34845107024965,189.79603927167796,206.58512406056263,218.88993170034203,268.15014184084947,
2026-10-07,89,118.45629379298042,202.01175471529615,218.09243726798263,228.81785024282428,276.5798049203296,
2026-10-07,90,110.94223102724725,192.8442117714879,209.403260051469,221.262318686835,270.0878498673518,
2026-10-07,91,108.04612374872106,189.2504702573156,205.97679342932224,218.20331816521252,267.0758623859279,
2026-10-07,92,100.70221163492248,179.6750118482568,196.51969756659838,209.58092388870676,259.2517064046863,
2026-10-07,93,102.40953991049496,182.29906829084896,199.3720101070254,212.34104826678654,261.3875464986529,
2026-10-07,94,96.37370411201324,174.4779367308051,191.63032474121593,205.42039993243628,256.04316643721205,
2026-10-07,95,93.35868002416184,169.7429785798314,186.4813798222888,200.27373310059232,251.0399738828309,
2026-10-07,96,87.05079442087627,161.7686811080453,178.70150440924624,193.4446312754912,245.9698882109396,
