delivery_date,mtu,y_pred,y_true
2026-07-19,1,148.83717791374454,145.59
2026-07-19,2,138.14921132917658,142.6
2026-07-19,3,130.50355029963723,135.63
2026-07-19,4,124.74406231387326,130.97
2026-07-19,5,135.03996286252612,135.0
2026-07-19,6,126.18191127258272,132.23
2026-07-19,7,122.50936696767754,130.06
2026-07-19,8,118.57189548425782,125.68
2026-07-19,9,124.30649793707454,127.55
2026-07-19,10,121.0552836352886,122.31
2026-07-19,11,119.55031214962372,120.85
2026-07-19,12,116.84889728886806,116.89
2026-07-19,13,119.44892445504355,121.07
2026-07-19,14,117.68613486166686,120.09
2026-07-19,15,117.95982519440402,118.93
2026-07-19,16,116.27168151155962,115.5
2026-07-19,17,114.11964915055796,119.53
2026-07-19,18,114.60924353681764,116.11
2026-07-19,19,114.34531335439716,113.85
2026-07-19,20,114.34587879480998,111.61
2026-07-19,21,113.23358397726378,113.18
2026-07-19,22,110.92234278691224,110.1
2026-07-19,23,109.43281592206294,108.94
2026-07-19,24,106.9576513893825,105.45
2026-07-19,25,112.15194529968456,109.53
2026-07-19,26,108.30939178125406,103.79
2026-07-19,27,102.6060132536693,101.23
2026-07-19,28,91.22110559996128,92.84
2026-07-19,29,101.07200573359988,100.73
2026-07-19,30,86.73368200013485,92.07
2026-07-19,31,75.07454005228959,88.25
2026-07-19,32,59.10233670934333,72.79
2026-07-19,33,78.81352517436898,74.18
2026-07-19,34,63.78724543188784,57.66
2026-07-19,35,52.72297327776813,30.29
2026-07-19,36,48.51193192473034,10.5
2026-07-19,37,53.27175279762645,10.51
2026-07-19,38,39.58242663120907,4.43
2026-07-19,39,32.26997985799275,1.45
2026-07-19,40,28.311777949163783,0.27
2026-07-19,41,31.405100972631345,0.06
2026-07-19,42,19.799122972284508,0.0
2026-07-19,43,11.81761246231973,0.0
2026-07-19,44,8.228375387052125,0.0
2026-07-19,45,15.914261921174116,-0.01
2026-07-19,46,12.554537995348014,-0.02
2026-07-19,47,9.515714881981827,-0.04
2026-07-19,48,4.273663474643612,-0.11
2026-07-19,49,14.551026706827791,-0.44
2026-07-19,50,11.40157621004159,-0.73
2026-07-19,51,7.96006314593847,-0.8
2026-07-19,52,2.1112209182063,-1.0
2026-07-19,53,5.3413755503093725,-1.19
2026-07-19,54,0.4900315474911991,-2.36
2026-07-19,55,-3.0656319481407976,-3.09
2026-07-19,56,-6.824583995013732,-4.07
2026-07-19,57,-4.952723435710112,-4.62
2026-07-19,58,-4.1206744718045485,-5.0
2026-07-19,59,-3.5280893348185742,-5.0
2026-07-19,60,-0.8866700815454038,-5.37
2026-07-19,61,-5.797071621299324,-5.69
2026-07-19,62,-0.7794846630818739,-5.29
2026-07-19,63,-0.6722266486958262,-4.83
2026-07-19,64,-1.8210105754524903,-4.01
2026-07-19,65,-2.291122895741921,-2.31
2026-07-19,66,5.749269007110698,-2.84
2026-07-19,67,12.343636859174453,-3.4
2026-07-19,68,20.002042639971805,-1.2
2026-07-19,69,18.30603203842429,-1.2
2026-07-19,70,31.84995718690456,-0.97
2026-07-19,71,47.91817121134733,-0.01
2026-07-19,72,67.202552209581,0.6
2026-07-19,73,56.35599807973804,0.68
2026-07-19,74,64.14711695886831,29.42
2026-07-19,75,91.04898272959512,62.58
2026-07-19,76,106.28371254134872,98.69
2026-07-19,77,80.23431480804537,87.8
2026-07-19,78,107.88082888535828,109.62
2026-07-19,79,119.40076637292506,131.67
2026-07-19,80,131.9610596886762,139.55
2026-07-19,81,126.310182357857,128.5
2026-07-19,82,131.42547512410144,140.1
2026-07-19,83,139.71259411586936,150.91
2026-07-19,84,147.2972150189356,156.98
2026-07-19,85,146.77047008092336,152.54
2026-07-19,86,144.70834259665827,150.38
2026-07-19,87,146.72229965095775,149.65
2026-07-19,88,148.316004008426,146.15
2026-07-19,89,153.27495164352848,159.18
2026-07-19,90,148.4084487700646,150.91
2026-07-19,91,149.99321069821727,148.2
2026-07-19,92,141.70912017884953,140.34
2026-07-19,93,152.30569367628655,151.71
2026-07-19,94,145.31723195082446,137.02
2026-07-19,95,143.7093899247243,135.65
2026-07-19,96,141.0947358123912,128.43
2026-07-20,1,137.8551962453569,167.33
2026-07-20,2,130.75530274017714,150.11
2026-07-20,3,125.74957856858542,140.74
2026-07-20,4,121.1852006363492,131.63
2026-07-20,5,125.88881980993648,148.25
2026-07-20,6,122.73726893944472,140.01
2026-07-20,7,120.22796852767112,135.68
2026-07-20,8,117.97452307934338,129.99
2026-07-20,9,119.93419700087787,132.41
2026-07-20,10,119.1127001140944,128.37
2026-07-20,11,118.31600926750372,128.49
2026-07-20,12,117.16697496541138,126.15
2026-07-20,13,118.27591816519806,126.92
2026-07-20,14,117.69985684567546,122.69
2026-07-20,15,118.25555414347042,122.69
2026-07-20,16,118.52248105641056,121.82
2026-07-20,17,117.31250904447398,125.04
2026-07-20,18,120.1532702993572,130.26
2026-07-20,19,120.48872214968328,133.62
2026-07-20,20,123.45449191361052,136.16
2026-07-20,21,122.04106641057348,132.84
2026-07-20,22,124.16421309610844,138.22
2026-07-20,23,126.2743569570567,139.35
2026-07-20,24,129.1878832965968,144.75
2026-07-20,25,132.2724397770258,147.63
2026-07-20,26,133.53782618402315,150.01
2026-07-20,27,134.07206085476002,150.41
2026-07-20,28,133.7976261036534,149.19
2026-07-20,29,142.98767691177633,159.92
2026-07-20,30,137.6652940461121,152.96
2026-07-20,31,131.85232933688798,148.99
2026-07-20,32,122.93387385616155,140.24
2026-07-20,33,139.40421432538898,159.0
2026-07-20,34,127.8836264345665,140.0
2026-07-20,35,116.7253627124586,120.7
2026-07-20,36,100.75416030492156,104.29
2026-07-20,37,117.20147191983963,113.72
2026-07-20,38,103.67892763574557,102.0
2026-07-20,39,91.61453821380836,89.33
2026-07-20,40,78.20234024287345,65.82
2026-07-20,41,88.24163602528392,83.1
2026-07-20,42,76.09456150111147,73.36
2026-07-20,43,68.4444185385091,58.47
2026-07-20,44,62.961347610178166,26.16
2026-07-20,45,68.86055450394613,31.71
2026-07-20,46,63.76553852058608,19.47
2026-07-20,47,60.49128905988077,10.0
2026-07-20,48,56.83838337998888,1.97
2026-07-20,49,59.7706178372076,16.21
2026-07-20,50,55.585131021957096,4.12
2026-07-20,51,51.48602457363916,6.98
2026-07-20,52,46.34386597938219,3.34
2026-07-20,53,49.02913902537122,0.05
2026-07-20,54,44.57841220239924,0.01
2026-07-20,55,39.88475021859617,0.0
2026-07-20,56,36.13240979997934,0.0
2026-07-20,57,37.04535251909719,0.0
2026-07-20,58,39.42605867736059,0.0
2026-07-20,59,41.37546351620468,0.02
2026-07-20,60,43.491607682401394,0.01
2026-07-20,61,43.18562038131357,0.01
2026-07-20,62,47.42914962933921,0.03
2026-07-20,63,51.73892679401435,0.07
2026-07-20,64,56.81124747749918,3.72
2026-07-20,65,51.16071697059017,0.03
2026-07-20,66,57.58290246169807,0.09
2026-07-20,67,68.9298759145437,14.9
2026-07-20,68,83.4651685433528,45.4
2026-07-20,69,69.93978714967584,23.43
2026-07-20,70,92.5941450949894,79.41
2026-07-20,71,108.75900403902976,90.1
2026-07-20,72,121.07151396061148,106.11
2026-07-20,73,106.81565140572668,95.51
2026-07-20,74,121.13058938447712,106.67
2026-07-20,75,134.32134786426468,127.06
2026-07-20,76,148.56796977229652,144.41
2026-07-20,77,131.88246187797068,142.32
2026-07-20,78,144.0750198811194,152.87
2026-07-20,79,152.1909117221404,161.99
2026-07-20,80,164.86465163498667,177.87
2026-07-20,81,156.95820309787894,165.17
2026-07-20,82,164.2309858943729,171.39
2026-07-20,83,168.94257822001683,181.65
2026-07-20,84,175.15869142305888,194.77
2026-07-20,85,178.2812619103726,180.53
2026-07-20,86,170.8303193021914,180.47
2026-07-20,87,167.61590529874462,179.92
2026-07-20,88,164.6818299913805,178.0
2026-07-20,89,172.87091011730865,186.34
2026-07-20,90,163.32524604124916,175.98
2026-07-20,91,160.44553652240603,171.94
2026-07-20,92,152.82209035921366,165.0
2026-07-20,93,164.07595013053182,168.33
2026-07-20,94,157.2325281582911,161.96
2026-07-20,95,154.37078696102685,158.28
2026-07-20,96,151.50798507055816,149.3
2026-07-21,1,171.1980218517986,153.81
2026-07-21,2,164.0342393455643,150.03
2026-07-21,3,159.21051231295505,146.26
2026-07-21,4,151.58640941089786,145.01
2026-07-21,5,159.00162797015005,151.84
2026-07-21,6,154.64937053358435,150.56
2026-07-21,7,151.35881298033925,149.25
2026-07-21,8,147.90153002489927,146.43
2026-07-21,9,151.3769382438841,146.63
2026-07-21,10,149.65547594741292,144.03
2026-07-21,11,149.10319849659277,142.98
2026-07-21,12,148.27557097439345,139.92
2026-07-21,13,147.4569390045539,140.27
2026-07-21,14,147.22071923233102,138.09
2026-07-21,15,148.32047766876434,138.18
2026-07-21,16,146.22240413321782,138.93
2026-07-21,17,145.24040327605343,135.03
2026-07-21,18,146.38955654562056,137.3
2026-07-21,19,147.59576516944912,140.95
2026-07-21,20,152.56444090479067,143.73
2026-07-21,21,146.2670098347794,140.34
2026-07-21,22,151.1951053646152,143.19
2026-07-21,23,152.56684574829208,146.91
2026-07-21,24,159.4772919355339,149.21
2026-07-21,25,160.32576155585343,155.0
2026-07-21,26,162.4407839638068,159.33
2026-07-21,27,162.69087954515547,159.79
2026-07-21,28,164.8907424715819,156.48
2026-07-21,29,178.06593298878371,167.0
2026-07-21,30,168.2613383894441,159.35
2026-07-21,31,158.9564126867621,155.01
2026-07-21,32,142.79149335970106,136.35
2026-07-21,33,175.42926141024043,164.78
2026-07-21,34,154.88527514630616,149.0
2026-07-21,35,137.06692282817284,142.16
2026-07-21,36,117.29577178449432,125.57
2026-07-21,37,147.97664094500675,153.01
2026-07-21,38,121.96449611213924,120.16
2026-07-21,39,106.55609586307897,107.37
2026-07-21,40,90.98846894928349,79.27
2026-07-21,41,107.32364869363228,103.18
2026-07-21,42,88.72111924792354,86.15
2026-07-21,43,76.22549212613538,79.37
2026-07-21,44,60.143316361922885,66.06
2026-07-21,45,70.31932746474305,66.11
2026-07-21,46,52.84167740938963,59.09
2026-07-21,47,40.68027001574868,36.89
2026-07-21,48,28.59194587650405,12.46
2026-07-21,49,38.85360982493231,16.31
2026-07-21,50,26.316398843864107,5.46
2026-07-21,51,20.178536190425653,3.85
2026-07-21,52,13.960901392153175,2.59
2026-07-21,53,18.713916184877107,2.52
2026-07-21,54,13.529576838651032,1.44
2026-07-21,55,11.23207752732737,0.08
2026-07-21,56,9.08314970638007,0.0
2026-07-21,57,11.632873715222814,0.04
2026-07-21,58,15.528395052246076,0.09
2026-07-21,59,19.72103307586713,0.1
2026-07-21,60,23.400852011595887,3.78
2026-07-21,61,21.895909165936004,3.3
2026-07-21,62,29.00256181412361,6.49
2026-07-21,63,35.05231336734832,11.51
2026-07-21,64,46.44439115361104,33.38
2026-07-21,65,38.04435351672125,30.47
2026-07-21,66,55.996413002504056,64.0
2026-07-21,67,70.34587727348082,71.46
2026-07-21,68,88.00658608660854,83.0
2026-07-21,69,69.10892378604555,77.06
2026-07-21,70,94.16129343742908,94.26
2026-07-21,71,112.5393562807624,112.0
2026-07-21,72,123.67116630739386,126.94
2026-07-21,73,108.38344497852025,113.81
2026-07-21,74,122.56319107848968,130.62
2026-07-21,75,136.22644782253542,142.99
2026-07-21,76,154.71433649297165,154.04
2026-07-21,77,134.68544187707525,140.91
2026-07-21,78,150.9642444771601,150.92
2026-07-21,79,159.93412179706928,158.07
2026-07-21,80,181.45350157626063,164.54
2026-07-21,81,162.23185284273032,166.51
2026-07-21,82,169.94295569802844,172.0
2026-07-21,83,177.52242445687543,174.59
2026-07-21,84,178.79259375497992,174.9
2026-07-21,85,189.53387759396108,177.29
2026-07-21,86,183.0495084770759,177.19
2026-07-21,87,177.1406403310407,174.6
2026-07-21,88,162.7448872136373,169.17
2026-07-21,89,192.34345187061257,175.9
2026-07-21,90,173.5852991352514,168.57
2026-07-21,91,168.2138441623564,170.06
2026-07-21,92,158.22243860810443,158.74
2026-07-21,93,171.97306202888933,165.16
2026-07-21,94,163.3441918023943,156.09
2026-07-21,95,159.75345947954892,153.42
2026-07-21,96,150.11695363396748,146.08
2026-07-22,1,180.2290033433584,156.4
2026-07-22,2,168.00900656633158,155.25
2026-07-22,3,159.41406529239794,151.39
2026-07-22,4,149.7915041969132,145.72
2026-07-22,5,162.9620841456189,156.37
2026-07-22,6,154.13043151886257,148.57
2026-07-22,7,149.44411753645477,145.66
2026-07-22,8,143.93162325121648,142.55
2026-07-22,9,151.3426375588796,146.94
2026-07-22,10,147.08523102351288,144.88
2026-07-22,11,144.37163142158147,143.04
2026-07-22,12,141.65111071671552,138.07
2026-07-22,13,144.15053158452832,142.08
2026-07-22,14,142.23403101788176,134.75
2026-07-22,15,142.13235808953578,132.02
2026-07-22,16,140.60681705696817,130.8
2026-07-22,17,137.7650456923668,130.3
2026-07-22,18,138.02741902000648,129.8
2026-07-22,19,138.94793690386103,131.0
2026-07-22,20,141.8994274082492,131.56
2026-07-22,21,138.4747229164809,128.24
2026-07-22,22,138.7913561225651,132.75
2026-07-22,23,138.74300271349713,138.93
2026-07-22,24,144.80762348653622,143.91
2026-07-22,25,147.49110945895077,144.26
2026-07-22,26,148.36841723553096,150.01
2026-07-22,27,149.07141132106997,156.08
2026-07-22,28,146.52483823111484,147.29
2026-07-22,29,159.16543305084957,156.89
2026-07-22,30,150.2869142269766,150.03
2026-07-22,31,142.206159141118,145.16
2026-07-22,32,130.34725010494824,129.3
2026-07-22,33,157.36761768009822,158.11
2026-07-22,34,140.97100703166905,141.28
2026-07-22,35,124.46904704598232,121.54
2026-07-22,36,107.51848739258112,107.0
2026-07-22,37,131.82601383014614,114.48
2026-07-22,38,107.25029859964502,102.42
2026-07-22,39,94.29381307111532,86.34
2026-07-22,40,81.62023497264573,60.53
2026-07-22,41,92.01869116332132,92.11
2026-07-22,42,76.89346918469442,68.71
2026-07-22,43,67.10345176860457,57.8
2026-07-22,44,54.5456178401529,45.99
2026-07-22,45,62.43980406511814,49.24
2026-07-22,46,50.41509491081878,37.27
2026-07-22,47,40.62468876149981,21.69
2026-07-22,48,29.578014287471184,15.54
2026-07-22,49,40.071521009064014,21.08
2026-07-22,50,28.432112167661,9.99
2026-07-22,51,23.059737296260643,6.94
2026-07-22,52,17.41800418260378,3.53
2026-07-22,53,21.45137725233416,3.99
2026-07-22,54,15.138234600574435,0.99
2026-07-22,55,11.69624152932552,0.15
2026-07-22,56,6.984687945739829,0.03
2026-07-22,57,10.783482754242604,0.03
2026-07-22,58,9.788179252104584,0.08
2026-07-22,59,9.750789708239864,0.03
2026-07-22,60,10.547604461162711,0.01
2026-07-22,61,8.477688126371618,0.05
2026-07-22,62,9.704779476704005,0.09
2026-07-22,63,9.025281615093988,0.77
2026-07-22,64,12.053310669746892,1.08
2026-07-22,65,13.319582515078435,1.9
2026-07-22,66,17.8064969595807,5.44
2026-07-22,67,25.38448011620981,6.89
2026-07-22,68,39.337185600306086,22.37
2026-07-22,69,25.79458769696436,24.99
2026-07-22,70,46.46759662245346,59.6
2026-07-22,71,70.40393189980266,68.63
2026-07-22,72,94.87315187524626,99.62
2026-07-22,73,64.71241979021201,82.67
2026-07-22,74,90.81920737958934,102.38
2026-07-22,75,111.37445999868758,114.93
2026-07-22,76,129.0722095472547,132.42
2026-07-22,77,105.80248473399126,122.97
2026-07-22,78,123.83586587910348,134.85
2026-07-22,79,133.91700321231997,144.48
2026-07-22,80,145.52592593464686,149.01
2026-07-22,81,140.87455850635212,151.37
2026-07-22,82,147.18841869727706,154.68
2026-07-22,83,152.14498340540212,158.27
2026-07-22,84,155.49538488468443,163.72
2026-07-22,85,164.99732553378823,166.36
2026-07-22,86,159.0184308962167,162.43
2026-07-22,87,156.3696899930183,161.95
2026-07-22,88,150.9613819182685,156.3
2026-07-22,89,166.45977017394944,167.24
2026-07-22,90,154.66645734118947,159.44
2026-07-22,91,151.0704484502507,155.94
2026-07-22,92,142.72728125499435,147.82
2026-07-22,93,151.1559556685413,153.17
2026-07-22,94,144.08471289339198,143.94
2026-07-22,95,140.12463626591958,140.56
2026-07-22,96,135.65640265438617,136.5
2026-07-23,1,151.2095335000584,153.4
2026-07-23,2,143.29514106411918,147.31
2026-07-23,3,138.57075697740584,139.23
2026-07-23,4,133.17756359228497,131.08
2026-07-23,5,138.64777487359208,142.47
2026-07-23,6,135.29967890422722,137.83
2026-07-23,7,134.07010879701082,136.34
2026-07-23,8,131.1000298614757,132.74
2026-07-23,9,133.37657363809274,135.04
2026-07-23,10,132.58717385073808,133.28
2026-07-23,11,132.2251174713055,133.78
2026-07-23,12,130.2659166405814,132.54
2026-07-23,13,131.2086134789541,132.42
2026-07-23,14,129.83460759888032,134.73
2026-07-23,15,131.49915950603238,132.35
2026-07-23,16,131.0138586610314,132.36
2026-07-23,17,128.98007642043137,133.0
2026-07-23,18,130.29019496162255,133.54
2026-07-23,19,132.88942616190374,137.38
2026-07-23,20,137.12160126593415,141.04
2026-07-23,21,133.73211416017074,132.23
2026-07-23,22,135.71689329705288,138.07
2026-07-23,23,137.6589089647103,147.78
2026-07-23,24,142.6956284462127,154.1
2026-07-23,25,148.16985747799217,148.92
2026-07-23,26,150.1047894549808,162.15
2026-07-23,27,151.59915775448866,161.64
2026-07-23,28,152.1472768838892,164.01
2026-07-23,29,163.3926400024032,172.95
2026-07-23,30,157.88705667028086,173.72
2026-07-23,31,152.26226900270166,163.82
2026-07-23,32,142.64632399800908,161.0
2026-07-23,33,163.21280631642222,174.01
2026-07-23,34,150.7904584462197,162.8
2026-07-23,35,137.34844590878762,159.96
2026-07-23,36,118.60291648212154,143.04
2026-07-23,37,139.73127531181444,162.67
2026-07-23,38,122.49787132635748,144.64
2026-07-23,39,108.71803333189928,119.0
2026-07-23,40,94.32042025838184,111.0
2026-07-23,41,108.48594345588322,117.29
2026-07-23,42,92.42935307586625,107.38
2026-07-23,43,82.3240982025996,99.74
2026-07-23,44,70.42680997868277,83.51
2026-07-23,45,75.71271690567274,96.47
2026-07-23,46,65.64341276510582,84.74
2026-07-23,47,57.59844044047991,77.53
2026-07-23,48,47.973422076747006,59.42
2026-07-23,49,54.093514476095095,60.42
2026-07-23,50,44.397496223087344,35.99
2026-07-23,51,38.036261520772605,20.66
2026-07-23,52,30.489025406939486,7.3
2026-07-23,53,33.95562272468354,11.37
2026-07-23,54,27.25033682036052,4.84
2026-07-23,55,21.989068499066068,1.0
2026-07-23,56,17.715801081772028,0.0
2026-07-23,57,20.868706324514765,0.0
2026-07-23,58,22.01864627170129,0.0
2026-07-23,59,21.70709334930053,0.0
2026-07-23,60,21.04911930379697,0.0
2026-07-23,61,25.52555624856658,0.0
2026-07-23,62,29.152317895874404,0.0
2026-07-23,63,30.906390593639703,0.03
2026-07-23,64,38.41121222851218,0.09
2026-07-23,65,39.6891494392696,0.0
2026-07-23,66,50.6335371906915,3.11
2026-07-23,67,63.53732171178764,24.79
2026-07-23,68,81.49206429954627,60.09
2026-07-23,69,66.03004217643402,52.99
2026-07-23,70,89.43404569031227,94.82
2026-07-23,71,107.8253990525904,113.51
2026-07-23,72,129.00025716270346,125.5
2026-07-23,73,109.1187717276362,111.39
2026-07-23,74,126.01709778489692,139.21
2026-07-23,75,145.3337765203282,154.96
2026-07-23,76,170.11125163504553,165.0
2026-07-23,77,142.1619930338955,152.77
2026-07-23,78,158.61790725496525,164.67
2026-07-23,79,170.0985431740987,168.27
2026-07-23,80,188.1649712698952,178.69
2026-07-23,81,173.53077421246178,172.79
2026-07-23,82,182.75472084173583,184.29
2026-07-23,83,189.4943609882863,185.48
2026-07-23,84,184.79162984327712,197.5
2026-07-23,85,201.2208442409489,192.84
2026-07-23,86,194.23319422216272,191.79
2026-07-23,87,184.1741446491776,189.7
2026-07-23,88,174.67731854353582,185.67
2026-07-23,89,191.7591324240745,195.92
2026-07-23,90,180.39459637089388,188.96
2026-07-23,91,174.38542843309347,184.29
2026-07-23,92,165.86611169514202,177.0
2026-07-23,93,175.88887194514015,181.68
2026-07-23,94,168.7787559199867,170.66
2026-07-23,95,167.34065660031982,166.94
2026-07-23,96,161.69559806046072,162.4
2026-07-24,1,184.98226844942025,168.22
2026-07-24,2,172.8918746921929,163.65
2026-07-24,3,167.40307964177762,160.58
2026-07-24,4,159.05001917842998,151.56
2026-07-24,5,167.89137989456094,162.69
2026-07-24,6,163.81166909310832,158.03
2026-07-24,7,162.32205501470995,155.89
2026-07-24,8,158.40634638206805,151.94
2026-07-24,9,160.8303696853522,155.26
2026-07-24,10,160.9064598997742,151.69
2026-07-24,11,160.52737064961752,150.67
2026-07-24,12,158.67156649066268,149.63
2026-07-24,13,157.5296355656852,156.19
2026-07-24,14,156.46622176053484,153.21
2026-07-24,15,161.106787584727,151.78
2026-07-24,16,160.59179856214993,152.13
2026-07-24,17,155.14834481779667,150.58
2026-07-24,18,159.65295938017528,152.91
2026-07-24,19,159.8875291520173,153.93
2026-07-24,20,165.39839898803646,165.22
2026-07-24,21,159.64550552849562,152.92
2026-07-24,22,162.02175549085487,158.44
2026-07-24,23,164.3016849964277,164.71
2026-07-24,24,171.3740892246795,168.6
2026-07-24,25,172.72039291328915,167.75
2026-07-24,26,177.4412158550031,176.4
2026-07-24,27,177.96893556616652,174.67
2026-07-24,28,177.67316209424592,171.34
2026-07-24,29,189.5796765495333,177.93
2026-07-24,30,180.48838014270348,172.09
2026-07-24,31,169.65434159238822,167.0
2026-07-24,32,158.10310379696162,152.53
2026-07-24,33,182.151559502344,174.0
2026-07-24,34,166.31937516962546,166.76
2026-07-24,35,151.85255662346117,159.3
2026-07-24,36,130.05873645761596,139.93
2026-07-24,37,156.62733568674884,169.66
2026-07-24,38,138.15949607629608,133.6
2026-07-24,39,123.28199654357329,116.06
2026-07-24,40,108.75568969544916,111.09
2026-07-24,41,127.18268649536031,116.41
2026-07-24,42,109.16334865478956,106.02
2026-07-24,43,99.462918934253,98.58
2026-07-24,44,87.87599362159484,88.25
2026-07-24,45,98.84778385160251,86.08
2026-07-24,46,88.2822179103012,77.2
2026-07-24,47,78.5969001298481,74.12
2026-07-24,48,67.12951230656459,65.25
2026-07-24,49,71.54244271896535,65.15
2026-07-24,50,58.70807690748965,50.97
2026-07-24,51,49.910139247405525,37.8
2026-07-24,52,39.28457240629108,25.05
2026-07-24,53,42.75419257233238,36.1
2026-07-24,54,33.707470682208736,22.9
2026-07-24,55,25.056428856415323,16.89
2026-07-24,56,18.5600901042529,8.21
2026-07-24,57,24.28970553712074,6.01
2026-07-24,58,22.669154527138723,5.2
2026-07-24,59,19.634909036676035,5.85
2026-07-24,60,16.727385155887994,8.88
2026-07-24,61,27.62654002777732,3.23
2026-07-24,62,28.4290557480942,4.7
2026-07-24,63,29.619625305278014,17.13
2026-07-24,64,40.417931429313306,32.1
2026-07-24,65,47.99054036404454,32.07
2026-07-24,66,57.56246528703089,60.07
2026-07-24,67,71.7673206228671,81.52
2026-07-24,68,91.91206154349004,102.2
2026-07-24,69,80.93832363999883,77.07
2026-07-24,70,100.9030592526556,112.18
2026-07-24,71,119.83278117786912,125.2
2026-07-24,72,139.2443034368498,141.62
2026-07-24,73,120.66802622506222,127.09
2026-07-24,74,139.50038558245885,147.56
2026-07-24,75,156.1835868826945,163.05
2026-07-24,76,180.6587871098168,180.96
2026-07-24,77,153.82184943818996,149.16
2026-07-24,78,170.3206797991385,176.2
2026-07-24,79,186.3329616983155,190.23
2026-07-24,80,203.2554931898541,204.95
2026-07-24,81,186.3483525088727,188.24
2026-07-24,82,199.7449829630173,194.07
2026-07-24,83,203.26787306591416,205.89
2026-07-24,84,195.841462769087,211.97
2026-07-24,85,213.15360601043744,209.26
2026-07-24,86,203.2953027124285,206.84
2026-07-24,87,186.2806443039968,201.25
2026-07-24,88,183.0242429793636,195.34
2026-07-24,89,196.40659657038168,207.44
2026-07-24,90,188.50577331074203,197.49
2026-07-24,91,182.36987719931687,188.64
2026-07-24,92,171.4106148059419,184.5
2026-07-24,93,184.6729620209997,185.48
2026-07-24,94,175.39994228624874,183.0
2026-07-24,95,173.07480213448997,181.31
2026-07-24,96,170.2639163913957,170.67
2026-07-25,1,201.37226957860435,175.92
2026-07-25,2,183.036931821488,168.63
2026-07-25,3,173.28497059795097,165.98
2026-07-25,4,161.1991200136311,158.01
2026-07-25,5,179.0219235072871,170.01
2026-07-25,6,166.88640327677567,156.79
2026-07-25,7,160.44938220780446,161.32
2026-07-25,8,154.72496729910597,158.32
2026-07-25,9,166.58104745585177,162.0
2026-07-25,10,159.18616010029322,158.72
2026-07-25,11,156.76867097282857,162.25
2026-07-25,12,152.83751166321738,158.74
2026-07-25,13,157.14350819431792,162.0
2026-07-25,14,151.68907538589542,161.32
2026-07-25,15,158.43987773098513,160.98
2026-07-25,16,152.9692798923781,155.11
2026-07-25,17,147.47193302844025,156.89
2026-07-25,18,147.74740272767238,151.99
2026-07-25,19,149.42439911393024,149.4
2026-07-25,20,150.85947321769714,149.77
2026-07-25,21,150.41092961790656,150.12
2026-07-25,22,147.4671031140466,147.0
2026-07-25,23,144.96429313954724,147.84
2026-07-25,24,145.06589184255378,140.05
2026-07-25,25,153.9033366870721,157.71
2026-07-25,26,148.42636991956704,136.12
2026-07-25,27,138.80352026493102,130.01
2026-07-25,28,129.27272533053014,117.68
2026-07-25,29,145.95731503490552,136.39
2026-07-25,30,126.86226989927044,119.99
2026-07-25,31,114.89731537838544,107.52
2026-07-25,32,97.61729956294984,97.32
2026-07-25,33,126.08589240416111,122.67
2026-07-25,34,107.233023074679,102.71
2026-07-25,35,87.07682610018938,79.93
2026-07-25,36,60.86542786821643,28.73
2026-07-25,37,85.60001840073849,39.61
2026-07-25,38,57.55613084697045,5.05
2026-07-25,39,34.53596851633699,0.01
2026-07-25,40,22.23586411979577,0.0
2026-07-25,41,30.91619693559666,0.0
2026-07-25,42,13.805969830700462,-0.01
2026-07-25,43,3.936831784162493,-0.07
2026-07-25,44,-2.807995539206658,-0.39
2026-07-25,45,10.0360849023578,-0.82
2026-07-25,46,3.740588834519045,-1.19
2026-07-25,47,-2.345018724516308,-3.41
2026-07-25,48,-7.835288103982464,-5.01
2026-07-25,49,1.4086125959128424,-4.82
2026-07-25,50,-3.637142946460173,-5.0
2026-07-25,51,-6.622414431890661,-5.54
2026-07-25,52,-10.974520311046042,-8.46
2026-07-25,53,-8.763551160132138,-7.99
2026-07-25,54,-10.761136892343544,-9.98
2026-07-25,55,-13.357065280075531,-10.44
2026-07-25,56,-17.509603719908554,-11.38
2026-07-25,57,-14.03585066619324,-15.01
2026-07-25,58,-13.479062527007637,-14.31
2026-07-25,59,-11.756901504290624,-11.81
2026-07-25,60,-9.183537290311747,-7.99
2026-07-25,61,-12.480977170717026,-6.47
2026-07-25,62,-7.749709711473486,-3.72
2026-07-25,63,-4.801652094359341,-2.01
2026-07-25,64,-7.636711241272906,-1.21
2026-07-25,65,-11.04007598777099,-1.06
2026-07-25,66,-3.7096191278790656,-0.12
2026-07-25,67,6.4973121904198905,-0.09
2026-07-25,68,17.9326937536421,-0.01
2026-07-25,69,-1.9223826361067324,-0.01
2026-07-25,70,19.349501965020508,0.0
2026-07-25,71,40.01365350664899,2.59
2026-07-25,72,86.55757082292769,42.42
2026-07-25,73,43.84016859109612,21.95
2026-07-25,74,86.09620423073667,99.1
2026-07-25,75,112.35624712921572,119.75
2026-07-25,76,132.34780560396462,139.98
2026-07-25,77,110.4518293346805,138.92
2026-07-25,78,131.1465738546488,150.0
2026-07-25,79,143.1741780316615,163.89
2026-07-25,80,160.6632423116422,176.87
2026-07-25,81,146.703385070351,163.01
2026-07-25,82,152.38090100345934,172.99
2026-07-25,83,162.8885465056369,173.49
2026-07-25,84,169.55604771447432,171.75
2026-07-25,85,169.7055894918068,174.48
2026-07-25,86,163.82995186505866,171.54
2026-07-25,87,164.94187196589172,165.5
2026-07-25,88,162.00214737527494,164.78
2026-07-25,89,172.61299690166675,173.22
2026-07-25,90,163.23488868799086,165.16
2026-07-25,91,161.58107390814146,164.99
2026-07-25,92,153.61547345566797,158.56
2026-07-25,93,164.377375982085,166.84
2026-07-25,94,157.4674454872013,160.33
2026-07-25,95,155.74725314685512,160.64
2026-07-25,96,152.0503734633374,152.19
2026-07-26,1,168.72310055058892,148.59
2026-07-26,2,154.82538699468518,154.88
2026-07-26,3,145.73876878968602,154.92
2026-07-26,4,138.42612579753188,153.73
2026-07-26,5,152.26097375529054,150.01
2026-07-26,6,142.12355448984928,148.82
2026-07-26,7,139.77998054633514,143.68
2026-07-26,8,136.10205977127146,143.31
2026-07-26,9,142.8647491085933,145.58
2026-07-26,10,138.49237628147685,147.15
2026-07-26,11,136.74887843115022,148.84
2026-07-26,12,135.4249595185125,150.53
2026-07-26,13,138.49068816303227,149.01
2026-07-26,14,135.49884148671947,156.83
2026-07-26,15,138.6003824079443,155.54
2026-07-26,16,136.26157237030503,152.99
2026-07-26,17,132.25312740442465,154.24
2026-07-26,18,132.3115609978422,146.32
2026-07-26,19,134.1374002437711,144.84
2026-07-26,20,136.1991606526635,142.92
2026-07-26,21,131.06942037070718,139.91
2026-07-26,22,130.01431052076447,139.83
2026-07-26,23,129.24577200366758,137.98
2026-07-26,24,130.43982096953553,134.25
2026-07-26,25,132.34307075656884,134.87
2026-07-26,26,131.17314298162452,127.87
2026-07-26,27,125.93483275999704,122.77
2026-07-26,28,120.0331077210264,113.94
2026-07-26,29,131.81782751307932,120.34
2026-07-26,30,118.40399450893273,114.25
2026-07-26,31,107.05377576635024,107.52
2026-07-26,32,90.92453900106852,98.6
2026-07-26,33,120.26902058053732,111.17
2026-07-26,34,101.34035576011314,102.28
2026-07-26,35,82.1656320518095,89.05
2026-07-26,36,65.70793191166447,72.54
2026-07-26,37,87.00095420099181,95.05
2026-07-26,38,67.55978860644903,71.77
2026-07-26,39,50.05341298296157,43.87
2026-07-26,40,34.03840937676059,10.04
2026-07-26,41,51.142830251569485,22.85
2026-07-26,42,31.234605043193103,5.64
2026-07-26,43,19.051708418325063,0.07
2026-07-26,44,11.271108468131452,0.0
2026-07-26,45,23.34240932743081,0.0
2026-07-26,46,13.489411542434844,0.0
2026-07-26,47,7.019082791829874,-0.01
2026-07-26,48,2.475133695776073,-0.01
2026-07-26,49,11.65929617998028,-0.05
2026-07-26,50,6.519660674808314,-0.06
2026-07-26,51,3.227638419332834,-0.08
2026-07-26,52,-0.2324276117321062,-0.11
2026-07-26,53,1.8305269373817048,-0.12
2026-07-26,54,-0.3437600097342326,-0.12
2026-07-26,55,-2.0167910082202027,-0.12
2026-07-26,56,-4.968462564817351,-0.71
2026-07-26,57,-4.078686986003703,-0.7
2026-07-26,58,-3.307091138772698,-0.66
2026-07-26,59,-0.2868289798898331,-0.66
2026-07-26,60,1.3093262449148568,-0.66
2026-07-26,61,-2.521754481261496,-0.82
2026-07-26,62,-0.5055154456980233,-0.85
2026-07-26,63,2.024778726438356,-0.89
2026-07-26,64,11.504990380568586,-0.88
2026-07-26,65,-0.6439945482659652,-0.07
2026-07-26,66,6.2562550399880905,-0.01
2026-07-26,67,27.00347871633141,0.0
2026-07-26,68,49.73630239021498,3.53
2026-07-26,69,21.577929477431823,5.25
2026-07-26,70,48.15570362402463,35.76
2026-07-26,71,76.93922402942411,62.92
2026-07-26,72,111.02944593957736,103.36
2026-07-26,73,74.36769060396202,79.45
2026-07-26,74,106.68557660906436,110.7
2026-07-26,75,126.61697538337005,119.87
2026-07-26,76,145.5958106989092,126.98
2026-07-26,77,118.48876240173564,130.39
2026-07-26,78,132.1446215921204,138.36
2026-07-26,79,141.35147508219475,141.97
2026-07-26,80,151.79420514600196,146.44
2026-07-26,81,145.31314060161117,144.94
2026-07-26,82,151.538760404136,152.74
2026-07-26,83,154.4889038001512,152.82
2026-07-26,84,154.0287870332922,156.23
2026-07-26,85,168.2548956032771,156.05
2026-07-26,86,162.17376797613446,152.17
2026-07-26,87,158.53708565750412,148.6
2026-07-26,88,152.41817999970752,146.95
2026-07-26,89,171.70876355655676,154.96
2026-07-26,90,157.18240744337928,149.21
2026-07-26,91,154.13674602450277,147.98
2026-07-26,92,144.54424826626612,139.84
2026-07-26,93,157.61414051184454,145.35
2026-07-26,94,148.78758834386926,138.09
2026-07-26,95,145.35416060819588,136.73
2026-07-26,96,139.90373900399769,127.01
2026-07-27,1,150.0615234219358,84.26
2026-07-27,2,143.8512878861095,88.77
2026-07-27,3,138.3856020972653,86.68
2026-07-27,4,132.09558975366227,84.46
2026-07-27,5,139.8330296368031,82.4
2026-07-27,6,134.24184859626584,75.45
2026-07-27,7,131.18009040626407,68.95
2026-07-27,8,128.1037677384011,55.83
2026-07-27,9,131.97766441048674,60.82
2026-07-27,10,128.63888380939375,50.8
2026-07-27,11,127.63642469368811,72.21
2026-07-27,12,126.05978179738776,62.97
2026-07-27,13,127.86264009528075,69.26
2026-07-27,14,126.07462974365892,60.42
2026-07-27,15,128.0063958778684,59.72
2026-07-27,16,126.90095392827727,61.15
2026-07-27,17,124.88330719700431,66.38
2026-07-27,18,126.02316393396268,66.52
2026-07-27,19,128.80016440223392,66.8
2026-07-27,20,132.85122405180715,85.0
2026-07-27,21,128.11329943249757,60.43
2026-07-27,22,132.45603922522903,86.66
2026-07-27,23,135.5002441233128,100.99
2026-07-27,24,143.6134314617155,116.0
2026-07-27,25,144.40722790366488,102.69
2026-07-27,26,148.52042590231298,116.63
2026-07-27,27,153.5826007706793,121.24
2026-07-27,28,153.2673727137534,129.67
2026-07-27,29,166.37125248519547,133.85
2026-07-27,30,159.7925184192,132.87
2026-07-27,31,151.86285882787314,125.74
2026-07-27,32,139.42620141140807,123.44
2026-07-27,33,163.71711956039434,141.48
2026-07-27,34,149.8378057520298,130.69
2026-07-27,35,134.22201069385275,111.85
2026-07-27,36,113.60002773673524,91.88
2026-07-27,37,136.72209848084609,107.83
2026-07-27,38,117.04538411182456,87.45
2026-07-27,39,100.64509730400884,72.2
2026-07-27,40,85.1293390855992,32.26
2026-07-27,41,98.97463093747314,55.3
2026-07-27,42,82.28257992655996,19.75
2026-07-27,43,71.48655040851789,15.16
2026-07-27,44,56.64186623521784,4.94
2026-07-27,45,66.2760706258039,3.45
2026-07-27,46,53.52653397152081,0.45
2026-07-27,47,44.8736547285941,0.02
2026-07-27,48,33.918491991313395,0.0
2026-07-27,49,41.86700535121642,0.0
2026-07-27,50,31.416471813494123,-0.01
2026-07-27,51,24.229785675423244,-0.01
2026-07-27,52,16.16553866718528,-0.02
2026-07-27,53,20.51487614510416,-0.01
2026-07-27,54,14.72078116957055,-0.03
2026-07-27,55,9.780587911761508,-0.07
2026-07-27,56,5.31313960183013,-0.48
2026-07-27,57,7.950671588466967,-0.87
2026-07-27,58,10.006289652633669,-1.0
2026-07-27,59,10.361014952756776,-0.7
2026-07-27,60,10.368511057159935,-0.25
2026-07-27,61,12.7998961900053,-0.12
2026-07-27,62,16.481270253954342,-0.09
2026-07-27,63,22.73691477366978,-0.05
2026-07-27,64,31.71672167086254,-0.06
2026-07-27,65,27.4983689545549,-0.04
2026-07-27,66,43.41302435633191,-0.01
2026-07-27,67,55.592940736919935,-0.01
2026-07-27,68,69.19199562588545,0.01
2026-07-27,69,54.19779870612933,0.01
2026-07-27,70,79.3745867581433,2.88
2026-07-27,71,97.08229546959149,10.1
2026-07-27,72,119.29092157331584,44.62
2026-07-27,73,95.56608597547584,50.37
2026-07-27,74,118.0928317862626,91.19
2026-07-27,75,139.43861051736553,113.61
2026-07-27,76,166.01062765078353,133.99
2026-07-27,77,138.9606941356676,120.01
2026-07-27,78,155.0167354493661,147.93
2026-07-27,79,167.5450404721903,154.58
2026-07-27,80,189.8211156031593,174.0
2026-07-27,81,165.85403920336455,155.6
2026-07-27,82,172.0655889877865,172.2
2026-07-27,83,180.4821470266146,180.04
2026-07-27,84,193.2301979716788,187.05
2026-07-27,85,193.0554611046568,183.1
2026-07-27,86,186.21482221659707,181.08
2026-07-27,87,188.70878537202665,178.93
2026-07-27,88,176.9001332440946,172.87
2026-07-27,89,197.55037236363296,180.23
2026-07-27,90,177.00287405088972,173.14
2026-07-27,91,175.05671565128574,174.5
2026-07-27,92,163.5875205191225,156.56
2026-07-27,93,173.352307344882,161.31
2026-07-27,94,166.9466673794818,161.03
2026-07-27,95,162.84228338412254,160.83
2026-07-27,96,154.85280709500682,148.78
2026-07-28,1,168.3398401044089,178.01
2026-07-28,2,160.10439736445915,169.91
2026-07-28,3,155.26821873414025,152.34
2026-07-28,4,146.50781434026635,143.75
2026-07-28,5,151.80097640172852,154.96
2026-07-28,6,150.2564226012749,149.56
2026-07-28,7,146.15556980375155,145.28
2026-07-28,8,142.39547609088237,143.43
2026-07-28,9,143.9843539524989,147.09
2026-07-28,10,141.76223223898586,141.52
2026-07-28,11,142.47058241462918,138.91
2026-07-28,12,141.46659361295443,137.8
2026-07-28,13,140.33862917857203,136.5
2026-07-28,14,140.0204304552401,136.25
2026-07-28,15,140.9665609346662,135.16
2026-07-28,16,137.19903797973154,135.57
2026-07-28,17,139.47822679647305,133.25
2026-07-28,18,138.93320107101286,135.87
2026-07-28,19,139.80839451403807,141.35
2026-07-28,20,144.5065428158052,149.27
2026-07-28,21,141.5829532138686,140.53
2026-07-28,22,146.12257179833995,143.75
2026-07-28,23,148.84087236000843,154.19
2026-07-28,24,153.68513091261272,160.5
2026-07-28,25,159.80408616585132,165.45
2026-07-28,26,163.31096064864698,174.29
2026-07-28,27,161.62188952355575,170.33
2026-07-28,28,160.64255761746824,160.15
2026-07-28,29,179.8260921332611,177.04
2026-07-28,30,167.3886913391163,167.39
2026-07-28,31,157.00736561622278,156.72
2026-07-28,32,139.6741035828136,147.95
2026-07-28,33,169.0744428899029,165.67
2026-07-28,34,152.72638127784657,152.28
2026-07-28,35,132.9107337500412,143.43
2026-07-28,36,106.58928974704732,115.26
2026-07-28,37,131.60148536035507,160.11
2026-07-28,38,108.75683353059192,115.62
2026-07-28,39,89.00783553562478,94.8
2026-07-28,40,64.8091042265082,65.56
2026-07-28,41,82.96798285077608,85.32
2026-07-28,42,57.812550530835765,41.74
2026-07-28,43,42.77750931872022,15.06
2026-07-28,44,27.312539032913502,4.95
2026-07-28,45,30.843523293366168,7.61
2026-07-28,46,16.910631817176338,4.45
2026-07-28,47,11.411458764472345,1.66
2026-07-28,48,5.751493593921644,0.0
2026-07-28,49,12.630301822423604,0.0
2026-07-28,50,7.862331958230733,-0.01
2026-07-28,51,3.816652678599503,-0.01
2026-07-28,52,0.3661786510427589,-0.03
2026-07-28,53,3.884100782683916,-0.01
2026-07-28,54,1.4672425762776982,-0.05
2026-07-28,55,-0.3489859183548134,-0.1
2026-07-28,56,-2.94358084661355,-0.19
2026-07-28,57,-1.1193249040604698,-0.09
2026-07-28,58,0.5707738853535531,-0.03
2026-07-28,59,2.305602695921884,0.0
2026-07-28,60,4.235297076373385,0.0
2026-07-28,61,4.145504267322444,0.0
2026-07-28,62,8.774048059402205,0.91
2026-07-28,63,16.070306113991904,2.66
2026-07-28,64,27.069657815142776,10.04
2026-07-28,65,21.73469729267613,4.26
2026-07-28,66,37.50718844153706,15.48
2026-07-28,67,60.0191130491889,61.68
2026-07-28,68,85.63235550112195,97.54
2026-07-28,69,63.05145321232668,60.03
2026-07-28,70,94.16888055657202,101.86
2026-07-28,71,117.9425018323032,120.25
2026-07-28,72,141.33840893325214,148.37
2026-07-28,73,118.58626652453336,125.01
2026-07-28,74,137.46622885441434,156.96
2026-07-28,75,162.41454951499298,167.25
2026-07-28,76,194.52666548308983,178.67
2026-07-28,77,166.84179518746538,174.9
2026-07-28,78,182.20796261493936,187.15
2026-07-28,79,208.0095868527287,202.71
2026-07-28,80,238.81375973918728,230.67
2026-07-28,81,214.95498987872,200.87
2026-07-28,82,242.3306477191544,208.01
2026-07-28,83,254.90332275673188,219.85
2026-07-28,84,255.74391019987348,238.29
2026-07-28,85,242.87299410848053,219.99
2026-07-28,86,231.64198157545093,213.91
2026-07-28,87,226.4226651221686,205.71
2026-07-28,88,202.33118404756053,200.1
2026-07-28,89,226.37446788492304,210.79
2026-07-28,90,196.21552890433173,197.06
2026-07-28,91,186.5093234596429,187.55
2026-07-28,92,174.11878375820206,180.43
2026-07-28,93,187.11435738991264,188.33
2026-07-28,94,179.47764172639882,173.99
2026-07-28,95,175.3791552719421,165.95
2026-07-28,96,162.79641870157994,160.78
2026-07-29,1,172.7692285525425,170.39
2026-07-29,2,164.21897943795653,158.08
2026-07-29,3,158.8619856095061,154.26
2026-07-29,4,150.67738207742428,144.3
2026-07-29,5,153.89548792944456,155.48
2026-07-29,6,153.90398688746413,150.5
2026-07-29,7,150.2845423276013,146.95
2026-07-29,8,146.36819477389025,140.87
2026-07-29,9,147.2114108969417,140.9
2026-07-29,10,146.803572849759,138.32
2026-07-29,11,146.44241045690654,135.71
2026-07-29,12,145.82185401919895,133.9
2026-07-29,13,143.30932046230402,135.01
2026-07-29,14,143.6831829062115,135.15
2026-07-29,15,145.2897044899966,135.03
2026-07-29,16,140.44200464059415,134.82
2026-07-29,17,143.59690607877735,134.22
2026-07-29,18,142.87271673118704,138.11
2026-07-29,19,143.30102432863856,141.35
2026-07-29,20,146.84178844846224,147.63
2026-07-29,21,147.77605172092092,137.93
2026-07-29,22,152.29036416763375,142.48
2026-07-29,23,156.16928627854372,151.3
2026-07-29,24,157.36151374932436,162.33
2026-07-29,25,169.2797534887996,160.56
2026-07-29,26,169.42792755146567,171.28
2026-07-29,27,167.80265978938056,171.75
2026-07-29,28,163.293119351601,170.7
2026-07-29,29,181.285100852349,172.87
2026-07-29,30,167.62690316105724,170.7
2026-07-29,31,157.09794825329098,158.97
2026-07-29,32,140.56419900442364,141.84
2026-07-29,33,167.3702161182263,166.9
2026-07-29,34,150.36869620949886,151.19
2026-07-29,35,136.73659560004998,143.42
2026-07-29,36,118.33438070570988,123.18
2026-07-29,37,136.62554554974167,153.33
2026-07-29,38,118.52431078098826,124.78
2026-07-29,39,103.12177407962892,109.69
2026-07-29,40,85.9477184983293,100.64
2026-07-29,41,95.92504603265266,109.94
2026-07-29,42,76.35018085286583,101.6
2026-07-29,43,63.58275421185488,79.51
2026-07-29,44,48.07771702660244,50.1
2026-07-29,45,50.41788188553323,62.23
2026-07-29,46,35.35341326278074,32.8
2026-07-29,47,25.02058489209312,12.68
2026-07-29,48,17.09955154674026,8.43
2026-07-29,49,24.91703110228861,5.02
2026-07-29,50,16.37193215364652,0.0
2026-07-29,51,11.22415410365803,-0.01
2026-07-29,52,6.948008096190868,-0.06
2026-07-29,53,9.87021914434439,-0.01
2026-07-29,54,7.259309259015403,-0.01
2026-07-29,55,5.845469494842952,-0.05
2026-07-29,56,3.5138264451027936,-0.1
2026-07-29,57,4.730106958437929,-0.04
2026-07-29,58,7.434558282865417,-0.04
2026-07-29,59,10.519140786882012,-0.01
2026-07-29,60,12.196922932276472,0.0
2026-07-29,61,14.502394494068945,0.0
2026-07-29,62,20.0480949280956,0.74
2026-07-29,63,31.27215398767028,6.01
2026-07-29,64,44.65518708049251,22.75
2026-07-29,65,40.25472489851913,24.99
2026-07-29,66,63.01273773239275,73.59
2026-07-29,67,80.57202417324983,97.26
2026-07-29,68,100.92259383846216,109.56
2026-07-29,69,81.32597332926649,100.3
2026-07-29,70,104.8405322037725,115.38
2026-07-29,71,123.8465977887966,134.72
2026-07-29,72,143.36485770908752,150.97
2026-07-29,73,125.03383360698004,127.72
2026-07-29,74,145.2971847007506,148.84
2026-07-29,75,168.29653567356888,170.2
2026-07-29,76,199.22620704816603,202.5
2026-07-29,77,180.04110171729033,172.69
2026-07-29,78,200.54181298572888,204.82
2026-07-29,79,224.84707469073496,247.71
2026-07-29,80,261.4790510039218,352.36
2026-07-29,81,216.62722644407435,251.36
2026-07-29,82,233.96462461222515,265.97
2026-07-29,83,260.8295537002175,275.9
2026-07-29,84,259.6085856460439,261.36
2026-07-29,85,234.90809142920352,254.43
2026-07-29,86,224.60836884471715,225.09
2026-07-29,87,224.13848396107164,217.3
2026-07-29,88,200.17042078086743,202.0
2026-07-29,89,218.09906125235108,206.99
2026-07-29,90,194.33170036457813,198.3
2026-07-29,91,184.70901678904173,190.39
2026-07-29,92,172.32544672659964,176.02
2026-07-29,93,182.65523702753765,179.05
2026-07-29,94,175.19459529280223,173.72
2026-07-29,95,170.12820229802173,170.38
2026-07-29,96,159.90424614974995,146.1
2026-07-30,1,167.99775226313204,162.16
2026-07-30,2,161.08604122319977,152.0
2026-07-30,3,155.83332645675273,142.66
2026-07-30,4,147.47177849237093,142.2
2026-07-30,5,149.47637578424204,144.05
2026-07-30,6,151.39035254282723,141.88
2026-07-30,7,144.99838712031217,145.61
2026-07-30,8,144.9531247555948,138.0
2026-07-30,9,145.62767057176063,143.0
2026-07-30,10,145.199742855044,142.63
2026-07-30,11,145.18521045560078,137.99
2026-07-30,12,144.23627702909988,136.37
2026-07-30,13,141.95326737301883,135.94
2026-07-30,14,142.0476259717029,135.0
2026-07-30,15,143.3636489702822,134.66
2026-07-30,16,136.98774747868222,136.52
2026-07-30,17,141.823113670381,132.03
2026-07-30,18,138.1604016797039,132.36
2026-07-30,19,139.90435683413045,132.96
2026-07-30,20,142.21015627490902,133.54
2026-07-30,21,144.43176146101789,133.51
2026-07-30,22,148.44342237840382,133.85
2026-07-30,23,150.9717230291654,139.53
2026-07-30,24,154.38653102477454,143.54
2026-07-30,25,160.96313207682576,143.34
2026-07-30,26,163.2632396539106,151.75
2026-07-30,27,160.47740236746154,150.6
2026-07-30,28,158.99603721488484,148.15
2026-07-30,29,172.3637050812069,166.47
2026-07-30,30,161.35306210736837,153.95
2026-07-30,31,151.04265155819925,142.6
2026-07-30,32,137.8413096804073,127.96
2026-07-30,33,161.28439970307338,163.38
2026-07-30,34,142.71892265496092,146.05
2026-07-30,35,133.28698396923778,131.04
2026-07-30,36,115.5879687691816,115.71
2026-07-30,37,135.1977821809628,139.67
2026-07-30,38,118.79287931047644,122.81
2026-07-30,39,103.99560998216536,110.54
2026-07-30,40,83.57413550666855,99.44
2026-07-30,41,98.44175081490128,109.01
2026-07-30,42,77.28601907699883,94.27
2026-07-30,43,63.98341178913208,80.88
2026-07-30,44,49.58503750691708,55.84
2026-07-30,45,54.694243528475226,70.3
2026-07-30,46,38.79284409090611,35.96
2026-07-30,47,27.527969701355826,19.81
2026-07-30,48,19.927928776381776,12.33
2026-07-30,49,25.89326209372384,8.97
2026-07-30,50,17.49442891399041,8.0
2026-07-30,51,13.869786110302904,4.5
2026-07-30,52,10.22438860504051,3.94
2026-07-30,53,12.204538674863912,4.56
2026-07-30,54,11.173155214565355,2.31
2026-07-30,55,11.396353166324332,1.38
2026-07-30,56,11.979510680876224,2.43
2026-07-30,57,10.720782222004082,4.18
2026-07-30,58,20.180937176824912,6.19
2026-07-30,59,30.12336189505239,16.36
2026-07-30,60,40.5656299469626,32.96
2026-07-30,61,37.80176995459935,40.04
2026-07-30,62,55.89570333232976,57.45
2026-07-30,63,70.87199244698013,69.11
2026-07-30,64,81.98183849397651,83.13
2026-07-30,65,68.61567907405549,73.54
2026-07-30,66,90.88746257743772,87.66
2026-07-30,67,103.36772733651163,106.5
2026-07-30,68,115.5333406168228,124.91
2026-07-30,69,100.0800439411356,105.84
2026-07-30,70,120.16184069647704,115.01
2026-07-30,71,133.05623077007198,131.76
2026-07-30,72,143.81686594124687,154.6
2026-07-30,73,132.44356129884818,130.34
2026-07-30,74,140.8080637249975,145.71
2026-07-30,75,162.50536392275308,160.56
2026-07-30,76,182.832441525048,160.5
2026-07-30,77,170.04287428755876,149.9
2026-07-30,78,183.95591275721588,172.61
2026-07-30,79,201.8257815837091,181.2
2026-07-30,80,231.327881682444,191.37
2026-07-30,81,199.43414069089948,183.7
2026-07-30,82,215.97638908931864,188.39
2026-07-30,83,230.86500681893105,199.44
2026-07-30,84,225.0334526023584,221.71
2026-07-30,85,224.26824834115607,218.14
2026-07-30,86,217.4991693110696,212.28
2026-07-30,87,207.22042954889508,203.9
2026-07-30,88,188.6819007445597,193.8
2026-07-30,89,214.60544072894712,201.3
2026-07-30,90,193.86443833645228,194.09
2026-07-30,91,183.4179835265786,187.25
2026-07-30,92,170.78426736501922,178.55
2026-07-30,93,181.528029727878,181.29
2026-07-30,94,173.32853128805274,172.65
2026-07-30,95,167.56903944901785,169.78
2026-07-30,96,151.78128284998962,159.6
2026-07-31,1,182.37675698125744,177.28
2026-07-31,2,173.64632391132216,170.09
2026-07-31,3,166.96686911949354,164.6
2026-07-31,4,159.8557464912275,160.87
2026-07-31,5,170.8270331837341,172.99
2026-07-31,6,165.37768537748707,167.17
2026-07-31,7,162.24386787334873,157.61
2026-07-31,8,158.76267482123393,154.04
2026-07-31,9,161.40561667820245,157.15
2026-07-31,10,161.8620495494032,154.5
2026-07-31,11,161.39819475782662,154.05
2026-07-31,12,159.8567676100509,154.94
2026-07-31,13,158.2702824243494,153.96
2026-07-31,14,159.13311972893032,154.65
2026-07-31,15,159.82895260886733,154.01
2026-07-31,16,160.38890480362048,154.07
2026-07-31,17,157.42259869347785,154.91
2026-07-31,18,161.72677088782126,152.67
2026-07-31,19,162.17530064819348,156.78
2026-07-31,20,168.18223620853638,165.0
2026-07-31,21,163.04509814446322,154.3
2026-07-31,22,169.07697328425576,159.22
2026-07-31,23,174.94500539518057,173.89
2026-07-31,24,184.60501036055587,174.64
2026-07-31,25,179.71667864310808,172.04
2026-07-31,26,186.2674934405661,182.29
2026-07-31,27,187.2894731330599,183.6
2026-07-31,28,191.43985852189329,178.42
2026-07-31,29,198.695022054956,187.3
2026-07-31,30,190.8107129811154,180.0
2026-07-31,31,179.75622949381318,172.61
2026-07-31,32,166.240723212853,150.2
2026-07-31,33,193.46120957003683,182.6
2026-07-31,34,174.17885523980448,170.72
2026-07-31,35,158.70619847643326,153.29
2026-07-31,36,135.81444061893868,129.7
2026-07-31,37,164.43206436144703,159.97
2026-07-31,38,142.81282124534823,144.3
2026-07-31,39,127.7102466056552,129.15
2026-07-31,40,114.23959182514314,124.13
2026-07-31,41,130.1052990063381,135.42
2026-07-31,42,115.84296922669584,128.59
2026-07-31,43,105.56736799726696,112.6
2026-07-31,44,95.0861426614506,101.81
2026-07-31,45,106.107244450995,113.8
2026-07-31,46,97.65945877425256,99.94
2026-07-31,47,89.95142046759887,98.75
2026-07-31,48,83.5199849074433,92.19
2026-07-31,49,88.20254401381106,97.71
2026-07-31,50,81.4379168443941,95.74
2026-07-31,51,79.57162500553115,96.03
2026-07-31,52,76.79940292349345,86.99
2026-07-31,53,76.21009577188838,85.01
2026-07-31,54,74.44616142604814,84.46
2026-07-31,55,72.67749914510807,82.25
2026-07-31,56,74.23738927039071,81.35
2026-07-31,57,73.88021524346846,80.4
2026-07-31,58,79.7480942867113,81.99
2026-07-31,59,88.55048599532563,87.81
2026-07-31,60,94.07179957175204,94.94
2026-07-31,61,82.61918634248144,90.11
2026-07-31,62,95.0601225376024,98.77
2026-07-31,63,103.75468050841944,104.72
2026-07-31,64,115.43904308449056,118.94
2026-07-31,65,100.12928899897676,110.0
2026-07-31,66,117.30911043975586,113.67
2026-07-31,67,126.5037676198374,123.8
2026-07-31,68,140.17286272380164,135.99
2026-07-31,69,115.21494882862504,123.97
2026-07-31,70,133.59764090982014,135.07
2026-07-31,71,144.7597931662899,164.01
2026-07-31,72,166.6780496358556,166.92
2026-07-31,73,146.07684331043063,140.45
2026-07-31,74,167.64111526831456,160.29
2026-07-31,75,185.4682661732692,168.14
2026-07-31,76,201.93261730010457,180.35
2026-07-31,77,186.33830740190336,165.01
2026-07-31,78,193.7806054196896,177.8
2026-07-31,79,205.7113462966872,192.93
2026-07-31,80,221.98687084601443,203.8
2026-07-31,81,201.60193731166888,184.96
2026-07-31,82,214.75998377582945,190.66
2026-07-31,83,220.50598431154225,196.27
2026-07-31,84,226.5694646223347,199.07
2026-07-31,85,229.32838533786105,192.09
2026-07-31,86,218.1049730783304,193.75
2026-07-31,87,204.16531856383088,197.33
2026-07-31,88,187.34740852645763,199.39
2026-07-31,89,222.2491640555124,204.05
2026-07-31,90,197.25035232853884,201.34
2026-07-31,91,187.47000920246228,184.12
2026-07-31,92,173.2563701569312,175.01
2026-07-31,93,191.29646058335345,178.22
2026-07-31,94,180.99324838333155,169.88
2026-07-31,95,174.7906275412485,167.36
2026-07-31,96,164.7872030675956,165.13
2026-08-01,1,174.48016234261434,183.75
2026-08-01,2,166.68933218482857,173.56
2026-08-01,3,160.22457058290678,164.44
2026-08-01,4,153.33564820300717,156.0
2026-08-01,5,159.83171333497864,169.43
2026-08-01,6,156.87075344471504,166.63
2026-08-01,7,153.9468945780769,157.66
2026-08-01,8,150.04466581369542,156.91
2026-08-01,9,152.73963030794178,160.91
2026-08-01,10,151.43505489383654,159.09
2026-08-01,11,150.68329124517808,155.88
2026-08-01,12,149.0218313637377,152.1
2026-08-01,13,148.09812990429745,157.01
2026-08-01,14,147.62992447871926,153.37
2026-08-01,15,147.67495270730203,155.0
2026-08-01,16,148.57473765255563,153.05
2026-08-01,17,146.07084055756323,154.91
2026-08-01,18,149.00648667192294,158.34
2026-08-01,19,147.84689078984306,153.54
2026-08-01,20,151.23043399623612,151.3
2026-08-01,21,148.59626684992386,152.78
2026-08-01,22,149.0748255082267,157.0
2026-08-01,23,150.72578520416917,155.47
2026-08-01,24,152.05239650270914,156.82
2026-08-01,25,158.15593131609975,160.52
2026-08-01,26,156.35343086801333,156.94
2026-08-01,27,151.32938477497052,151.9
2026-08-01,28,146.64686608956362,149.8
2026-08-01,29,159.96330992927298,162.96
2026-08-01,30,147.58838228989973,147.0
2026-08-01,31,139.30819744293646,141.73
2026-08-01,32,127.81812897745078,134.0
2026-08-01,33,147.9078910417626,160.86
2026-08-01,34,136.0395892576585,143.7
2026-08-01,35,125.0347203961013,133.18
2026-08-01,36,112.12436345790134,123.89
2026-08-01,37,126.70198745017484,145.41
2026-08-01,38,112.75094482560634,122.44
2026-08-01,39,101.98225153704637,117.65
2026-08-01,40,89.52146799276025,107.59
2026-08-01,41,97.33407219797247,116.41
2026-08-01,42,84.31027145748665,104.39
2026-08-01,43,73.1574769107706,101.6
2026-08-01,44,59.00770067195229,81.29
2026-08-01,45,64.20799975400394,83.0
2026-08-01,46,51.17608605849301,67.98
2026-08-01,47,40.66967167856849,51.16
2026-08-01,48,28.135972778798617,26.47
2026-08-01,49,36.38891299241241,31.63
2026-08-01,50,23.735756674985893,19.62
2026-08-01,51,16.438985267038518,11.7
2026-08-01,52,8.247179999536442,3.91
2026-08-01,53,12.748532750633707,1.63
2026-08-01,54,7.044858783271351,0.0
2026-08-01,55,1.855219665563752,0.0
2026-08-01,56,-2.712918502581921,0.0
2026-08-01,57,0.5278023853842058,0.0
2026-08-01,58,2.326474643484936,0.0
2026-08-01,59,2.108352967969964,0.0
2026-08-01,60,2.034554675044461,0.0
2026-08-01,61,7.19468058373716,0.02
2026-08-01,62,7.888466461678291,0.29
2026-08-01,63,12.309918932312002,2.8
2026-08-01,64,26.644919080146195,9.2
2026-08-01,65,24.12835444732672,6.5
2026-08-01,66,40.37765792248032,24.13
2026-08-01,67,56.16172638817703,64.03
2026-08-01,68,75.19924907941638,87.41
2026-08-01,69,57.041570267096674,87.12
2026-08-01,70,80.83466186170516,101.14
2026-08-01,71,100.956901147915,119.08
2026-08-01,72,123.78729953303385,122.92
2026-08-01,73,103.36077802116884,119.38
2026-08-01,74,126.6508910945518,133.0
2026-08-01,75,144.0004036513434,160.82
2026-08-01,76,166.0901556046035,167.34
2026-08-01,77,143.03729618427334,150.92
2026-08-01,78,157.94845302156773,160.26
2026-08-01,79,170.90161497788125,175.47
2026-08-01,80,188.3326877158089,187.49
2026-08-01,81,168.68574674959882,174.17
2026-08-01,82,176.6410292477119,180.23
2026-08-01,83,183.94615948724555,183.4
2026-08-01,84,179.93804292194946,186.05
2026-08-01,85,186.03707237446253,184.85
2026-08-01,86,177.1477261896404,181.6
2026-08-01,87,174.09584056724026,182.41
2026-08-01,88,168.01168523330608,173.85
2026-08-01,89,180.8383192803909,190.2
2026-08-01,90,171.8149792826967,179.69
2026-08-01,91,169.75574360640832,175.2
2026-08-01,92,162.31387386882358,169.1
2026-08-01,93,172.1617827216215,172.11
2026-08-01,94,167.4099511591146,171.94
2026-08-01,95,163.62006349380397,171.23
2026-08-01,96,158.7361366485609,164.72
2026-08-02,1,180.6303914717334,188.4
2026-08-02,2,171.80222548870233,170.98
2026-08-02,3,159.56382828141477,161.1
2026-08-02,4,153.29960724501618,158.02
2026-08-02,5,166.90540462329562,160.86
2026-08-02,6,156.24480385780083,156.81
2026-08-02,7,152.7560211193859,162.01
2026-08-02,8,148.73048747772907,159.98
2026-08-02,9,153.68586884508406,158.74
2026-08-02,10,150.86263129971587,156.5
2026-08-02,11,149.56168329098932,157.31
2026-08-02,12,148.08638050769108,154.8
2026-08-02,13,148.7679696231882,155.36
2026-08-02,14,148.72161695609896,153.75
2026-08-02,15,147.73134018370186,153.88
2026-08-02,16,151.79811540851264,154.78
2026-08-02,17,144.88954895062977,155.01
2026-08-02,18,150.80703540166007,153.16
2026-08-02,19,150.02279131195874,152.94
2026-08-02,20,152.74385412784486,153.26
2026-08-02,21,144.21911403368975,159.03
2026-08-02,22,145.81278043008376,160.83
2026-08-02,23,145.64049642518484,159.73
2026-08-02,24,146.57472184501404,157.72
2026-08-02,25,149.90085772852802,161.13
2026-08-02,26,145.9159074664684,153.7
2026-08-02,27,142.09842367006806,151.62
2026-08-02,28,135.75405933246614,139.14
2026-08-02,29,156.25977582278793,153.77
2026-08-02,30,140.73717703652076,142.6
2026-08-02,31,128.04199361834938,136.11
2026-08-02,32,108.82872687840452,122.32
2026-08-02,33,137.47328433632654,152.74
2026-08-02,34,117.5914741225193,130.33
2026-08-02,35,98.2426682738646,112.43
2026-08-02,36,72.22404388151841,93.22
2026-08-02,37,100.26867752810364,104.46
2026-08-02,38,74.658984042306,84.19
2026-08-02,39,53.09029277639137,51.64
2026-08-02,40,28.747106290930223,10.45
2026-08-02,41,49.51664120119044,10.21
2026-08-02,42,24.99537731792382,2.47
2026-08-02,43,10.157827458299051,-0.01
2026-08-02,44,2.179931305429037,-0.05
2026-08-02,45,11.512059622113668,-0.09
2026-08-02,46,2.657083756877228,-0.13
2026-08-02,47,-0.7045547924582252,-0.34
2026-08-02,48,-1.958690551378936,-0.48
2026-08-02,49,4.328148777489318,-0.71
2026-08-02,50,2.731243901618761,-1.08
2026-08-02,51,-0.0691023976769429,-1.44
2026-08-02,52,-2.9340678269729423,-1.87
2026-08-02,53,-0.2241142209118294,-2.77
2026-08-02,54,-2.503376638917338,-3.1
2026-08-02,55,-4.081184815982716,-4.28
2026-08-02,56,-6.955347385973603,-4.77
2026-08-02,57,-5.543796965389888,-2.42
2026-08-02,58,-4.560649608378618,-1.99
2026-08-02,59,-3.065082462530114,-1.64
2026-08-02,60,-0.6036728750323022,-1.09
2026-08-02,61,-2.927334425703762,-1.29
2026-08-02,62,-0.7119099152443624,-1.25
2026-08-02,63,3.855268388680855,-1.19
2026-08-02,64,15.868896612381008,-0.98
2026-08-02,65,1.4408153020628731,-1.01
2026-08-02,66,13.26836292418554,-0.04
2026-08-02,67,41.750838676456105,0.0
2026-08-02,68,71.22484543630733,12.71
2026-08-02,69,40.54861331661465,41.97
2026-08-02,70,80.38044125903325,92.84
2026-08-02,71,104.60538716916838,116.55
2026-08-02,72,130.2473343270888,130.29
2026-08-02,73,106.69443163194197,123.89
2026-08-02,74,131.41259631200066,138.13
2026-08-02,75,149.15387058773638,157.0
2026-08-02,76,173.38906706080945,173.61
2026-08-02,77,146.07273360921545,160.15
2026-08-02,78,158.9280330541419,170.59
2026-08-02,79,171.6640347168971,183.9
2026-08-02,80,185.287762151568,192.93
2026-08-02,81,169.76752741036088,182.99
2026-08-02,82,178.26876472961396,181.78
2026-08-02,83,181.11584684329023,185.66
2026-08-02,84,182.13217303822816,192.32
2026-08-02,85,188.6988394832597,190.7
2026-08-02,86,181.15269310266427,181.18
2026-08-02,87,175.95178909441333,174.37
2026-08-02,88,166.26148994572796,164.51
2026-08-02,89,188.1615284179272,181.59
2026-08-02,90,173.4721061162651,167.84
2026-08-02,91,168.52170475013637,163.65
2026-08-02,92,158.86968232427773,157.83
2026-08-02,93,172.26795018159146,160.11
2026-08-02,94,163.65462597241242,155.09
2026-08-02,95,160.14088811230275,152.96
2026-08-02,96,153.36762228301495,143.17
2026-08-03,1,160.13606820146077,146.32
2026-08-03,2,150.73810146661964,141.85
2026-08-03,3,147.14501243785506,136.95
2026-08-03,4,140.9245566711957,134.05
2026-08-03,5,146.6378661308466,137.95
2026-08-03,6,144.56143523423216,134.42
2026-08-03,7,142.1371874334485,135.44
2026-08-03,8,139.13459511747,132.63
2026-08-03,9,141.51823879798513,133.59
2026-08-03,10,139.56083086008528,131.84
2026-08-03,11,140.40517644675356,131.4
2026-08-03,12,138.77648789469842,130.93
2026-08-03,13,138.7344327585633,129.25
2026-08-03,14,138.34312082085782,128.84
2026-08-03,15,138.24841588959902,129.5
2026-08-03,16,136.36645849743303,131.56
2026-08-03,17,137.55443795184934,128.7
2026-08-03,18,137.54073578331668,131.24
2026-08-03,19,138.0288736148275,133.6
2026-08-03,20,142.40055933739777,137.41
2026-08-03,21,139.4527013638981,139.13
2026-08-03,22,142.9241149157212,141.73
2026-08-03,23,148.38318704821032,144.67
2026-08-03,24,154.59485154650636,151.67
2026-08-03,25,154.378000821575,164.9
2026-08-03,26,161.2746337050556,171.38
2026-08-03,27,163.61071844874652,173.41
2026-08-03,28,163.84352979850092,167.21
2026-08-03,29,172.91115889751984,173.56
2026-08-03,30,165.54076833596866,166.94
2026-08-03,31,157.25829015073785,161.83
2026-08-03,32,145.4942943805192,155.63
2026-08-03,33,170.28157087316603,167.27
2026-08-03,34,155.00312843421332,156.95
2026-08-03,35,140.80376623297178,150.23
2026-08-03,36,122.67291314188095,125.55
2026-08-03,37,146.72446060979655,163.11
2026-08-03,38,128.61931240194195,134.68
2026-08-03,39,114.10843833641044,124.22
2026-08-03,40,97.34901811643483,118.48
2026-08-03,41,113.1264352956102,127.99
2026-08-03,42,95.38611016414416,117.09
2026-08-03,43,84.57201220261223,109.3
2026-08-03,44,70.51811660420597,88.76
2026-08-03,45,79.73624898080593,90.05
2026-08-03,46,67.5870219126316,74.45
2026-08-03,47,59.03700932687576,62.48
2026-08-03,48,49.23459262122075,51.73
2026-08-03,49,55.713188821529386,42.44
2026-08-03,50,45.818508609822565,25.1
2026-08-03,51,39.87030928049234,21.36
2026-08-03,52,33.63043229987576,15.22
2026-08-03,53,37.00884806699658,23.27
2026-08-03,54,32.80125404110126,20.1
2026-08-03,55,29.73024618766437,11.28
2026-08-03,56,28.35159225851824,10.9
2026-08-03,57,28.460797874081702,10.09
2026-08-03,58,34.445196332208866,13.36
2026-08-03,59,40.783641774897504,26.04
2026-08-03,60,47.219819986607774,40.73
2026-08-03,61,44.280197595369856,41.35
2026-08-03,62,54.98656929165728,58.8
2026-08-03,63,66.33894646739714,68.01
2026-08-03,64,81.09588565183871,75.09
2026-08-03,65,66.81538002115761,88.22
2026-08-03,66,83.6001902283808,96.18
2026-08-03,67,99.2770949163709,106.57
2026-08-03,68,115.53022725092804,120.26
2026-08-03,69,94.9812871359225,117.1
2026-08-03,70,113.7149220834537,123.8
2026-08-03,71,129.1154686977697,145.59
2026-08-03,72,146.79396120120413,172.71
2026-08-03,73,125.34599441060324,155.17
2026-08-03,74,140.07019726324967,162.78
2026-08-03,75,157.33820214536007,170.7
2026-08-03,76,175.2732110260536,187.46
2026-08-03,77,158.8020145418438,177.61
2026-08-03,78,170.4355889978625,189.78
2026-08-03,79,181.3716658865918,208.69
2026-08-03,80,196.4844488414332,246.99
2026-08-03,81,184.40065440203904,207.26
2026-08-03,82,193.0923411258024,201.41
2026-08-03,83,197.17212663351845,194.5
2026-08-03,84,194.4936303408164,199.53
2026-08-03,85,204.0802187703225,196.48
2026-08-03,86,194.0754554880797,188.91
2026-08-03,87,183.8879306449778,184.83
2026-08-03,88,172.228744781101,173.01
2026-08-03,89,196.62530388122823,184.05
2026-08-03,90,178.43456031864125,175.64
2026-08-03,91,171.8543024735358,173.01
2026-08-03,92,161.00885364576033,165.02
2026-08-03,93,177.36609186927487,166.58
2026-08-03,94,167.23726948286543,160.0
2026-08-03,95,162.0716310353255,155.7
2026-08-03,96,152.62970692215163,146.27
2026-08-04,1,165.51597951947025,168.81
2026-08-04,2,156.92716547919017,152.23
2026-08-04,3,151.85939264370475,151.15
2026-08-04,4,146.97459955617688,143.81
2026-08-04,5,152.39664464944426,151.26
2026-08-04,6,150.24329435147845,144.52
2026-08-04,7,147.85554201455088,143.87
2026-08-04,8,145.17715267637186,139.22
2026-08-04,9,148.12531812354092,140.8
2026-08-04,10,145.9954808583966,140.25
2026-08-04,11,147.3288009395435,139.17
2026-08-04,12,146.30221709745587,135.76
2026-08-04,13,145.2768355023867,134.42
2026-08-04,14,146.3289703667978,136.01
2026-08-04,15,146.29244682129658,138.33
2026-08-04,16,147.70122281064158,139.66
2026-08-04,17,145.2873241956578,139.17
2026-08-04,18,148.5097411500227,139.73
2026-08-04,19,149.35788671272985,142.47
2026-08-04,20,151.80786001130966,151.29
2026-08-04,21,149.32293531743807,151.75
2026-08-04,22,153.19553135703245,152.65
2026-08-04,23,158.064283785922,156.0
2026-08-04,24,160.83961059769968,167.41
2026-08-04,25,162.65638201832454,166.64
2026-08-04,26,166.6650047857632,174.41
2026-08-04,27,166.84512540471746,170.78
2026-08-04,28,168.07435953688503,171.9
2026-08-04,29,174.45589124232097,178.09
2026-08-04,30,170.99908853057065,172.31
2026-08-04,31,164.5430509553194,171.95
2026-08-04,32,155.98632618341622,154.78
2026-08-04,33,177.57327447705043,177.98
2026-08-04,34,163.97168928544127,168.1
2026-08-04,35,151.91540395495394,157.05
2026-08-04,36,135.97427384324226,142.83
2026-08-04,37,161.10287537021563,174.24
2026-08-04,38,147.55210813371897,156.6
2026-08-04,39,134.04678492370115,134.08
2026-08-04,40,120.27360565815565,121.23
2026-08-04,41,141.71257314803,143.5
2026-08-04,42,126.7036807638524,122.39
2026-08-04,43,116.75878514166796,117.57
2026-08-04,44,102.37031030535844,114.58
2026-08-04,45,115.02520283317062,113.9
2026-08-04,46,104.79026002910118,106.83
2026-08-04,47,94.56744974973144,98.05
2026-08-04,48,84.73444458497808,96.17
2026-08-04,49,92.79467180644502,94.99
2026-08-04,50,82.61415611815127,85.7
2026-08-04,51,78.55359683029731,85.01
2026-08-04,52,74.5476685659213,83.55
2026-08-04,53,78.63982123515748,81.95
2026-08-04,54,76.3860069214636,80.59
2026-08-04,55,73.59412206673719,72.34
2026-08-04,56,72.79123385325255,70.98
2026-08-04,57,71.47716819534814,81.65
2026-08-04,58,78.30873594191367,84.32
2026-08-04,59,83.26243050670786,85.01
2026-08-04,60,87.19722790444189,85.27
2026-08-04,61,84.565060304698,96.37
2026-08-04,62,92.59327742126328,101.61
2026-08-04,63,102.0741616261004,117.07
2026-08-04,64,113.6202738676705,122.78
2026-08-04,65,97.70706589387562,119.5
2026-08-04,66,113.63591981854796,123.46
2026-08-04,67,126.33999964838796,124.08
2026-08-04,68,140.92599719126935,142.71
2026-08-04,69,121.5307244668625,137.21
2026-08-04,70,139.39068842679353,149.41
2026-08-04,71,153.32254034472885,165.9
2026-08-04,72,165.46720431167537,167.33
2026-08-04,73,150.3758150263226,155.95
2026-08-04,74,165.90857017711662,156.4
2026-08-04,75,180.26371151742623,176.28
2026-08-04,76,196.9198526964892,213.56
2026-08-04,77,190.5865480536646,170.39
2026-08-04,78,201.13776340282087,201.19
2026-08-04,79,218.9117827582205,236.85
2026-08-04,80,241.26831430288505,303.57
2026-08-04,81,217.12419227401267,240.01
2026-08-04,82,231.7883601973193,248.74
2026-08-04,83,235.62415467227703,241.06
2026-08-04,84,237.49611096185777,230.21
2026-08-04,85,223.66895818552769,239.71
2026-08-04,86,211.9160793365557,214.07
2026-08-04,87,199.16734931477828,203.55
2026-08-04,88,183.5172627426044,190.85
2026-08-04,89,204.1059788883722,198.68
2026-08-04,90,185.27204109054736,181.42
2026-08-04,91,175.38220309690047,184.89
2026-08-04,92,164.39406397623367,175.52
2026-08-04,93,177.9806434834535,170.88
2026-08-04,94,167.86377269762903,166.5
2026-08-04,95,161.4927630540814,163.1
2026-08-04,96,152.18971765026703,151.78
2026-08-05,1,170.51202150002496,162.65
2026-08-05,2,162.83699820713224,156.5
2026-08-05,3,156.98251039028258,151.55
2026-08-05,4,148.48097553328572,150.07
2026-08-05,5,157.8582025146257,152.76
2026-08-05,6,151.56638283104078,148.53
2026-08-05,7,148.22924576861212,148.29
2026-08-05,8,143.36691271311977,147.81
2026-08-05,9,146.7238657364132,152.68
2026-08-05,10,144.64868509904406,147.52
2026-08-05,11,144.44879367895234,146.1
2026-08-05,12,142.5025347249374,145.9
2026-08-05,13,142.3965284053193,147.72
2026-08-05,14,141.08489354388485,147.4
2026-08-05,15,141.41302098853885,142.75
2026-08-05,16,139.80908973400895,139.15
2026-08-05,17,140.21150832425036,139.61
2026-08-05,18,141.12823277747194,138.16
2026-08-05,19,141.49285010016456,140.61
2026-08-05,20,146.33054458394676,139.0
2026-08-05,21,141.32774658691503,135.8
2026-08-05,22,144.4818137091817,140.47
2026-08-05,23,147.0740081402065,146.29
2026-08-05,24,149.84104333660568,154.45
2026-08-05,25,157.24203110268633,154.81
2026-08-05,26,158.0537658815784,156.68
2026-08-05,27,156.87356313726423,160.23
2026-08-05,28,153.69550529164937,157.0
2026-08-05,29,169.58112010036962,166.09
2026-08-05,30,158.68775125595675,162.24
2026-08-05,31,150.82313227108037,154.41
2026-08-05,32,137.02606761709902,136.0
2026-08-05,33,161.63070472097647,162.64
2026-08-05,34,149.1874929838761,147.91
2026-08-05,35,134.1810367172286,131.74
2026-08-05,36,111.60092591887734,116.9
2026-08-05,37,135.12064356889508,145.09
2026-08-05,38,116.6507579360158,120.15
2026-08-05,39,97.93029179115692,104.5
2026-08-05,40,74.19078156446544,78.41
2026-08-05,41,92.9353993056046,100.0
2026-08-05,42,69.65916998297095,85.71
2026-08-05,43,53.11961859747788,54.6
2026-08-05,44,38.381851025758586,17.49
2026-08-05,45,43.523945094376565,24.88
2026-08-05,46,28.32464006183556,8.35
2026-08-05,47,19.17293322966406,0.1
2026-08-05,48,11.319737841213415,0.0
2026-08-05,49,18.23661557357449,0.0
2026-08-05,50,9.98399132523631,-0.01
2026-08-05,51,6.515474400363708,-0.04
2026-08-05,52,2.6373460613008604,-0.1
2026-08-05,53,4.390694986944837,-0.17
2026-08-05,54,2.020475669895987,-0.34
2026-08-05,55,-0.1730946344356709,-0.91
2026-08-05,56,-2.911239862598784,-0.75
2026-08-05,57,-0.7166454409587004,-0.19
2026-08-05,58,0.1800710581847084,-0.14
2026-08-05,59,2.1658742273780973,-0.13
2026-08-05,60,3.333785260003665,-0.1
2026-08-05,61,3.0360325787220006,-0.06
2026-08-05,62,5.264459886250009,-0.01
2026-08-05,63,7.092026221473191,0.0
2026-08-05,64,11.908387286869186,0.0
2026-08-05,65,5.727720534406828,0.0
2026-08-05,66,12.02550877521422,0.07
2026-08-05,67,32.69174338640952,2.25
2026-08-05,68,55.50835941985438,24.99
2026-08-05,69,28.62097453638789,15.65
2026-08-05,70,63.60725884610203,60.05
2026-08-05,71,93.89497197565468,87.47
2026-08-05,72,116.71198075538878,126.17
2026-08-05,73,89.98624887012424,94.66
2026-08-05,74,116.25911699879512,126.61
2026-08-05,75,138.28009726308304,152.98
2026-08-05,76,163.48372218932656,166.07
2026-08-05,77,138.3464284034374,155.06
2026-08-05,78,155.90730687848333,158.78
2026-08-05,79,169.91460633553032,172.39
2026-08-05,80,196.70991328299493,209.36
2026-08-05,81,174.88092782965776,177.77
2026-08-05,82,185.4755474714004,186.45
2026-08-05,83,190.51782037769536,190.63
2026-08-05,84,194.94264147081003,195.0
2026-08-05,85,202.44142855870376,193.32
2026-08-05,86,195.72333627557288,199.52
2026-08-05,87,191.13246323088856,217.11
2026-08-05,88,179.1986420982064,205.0
2026-08-05,89,197.7204837749772,225.86
2026-08-05,90,181.9949649923812,187.9
2026-08-05,91,177.42297769087162,178.54
2026-08-05,92,166.05007607959527,170.95
2026-08-05,93,174.54889707676293,175.43
2026-08-05,94,167.35116021821835,167.09
2026-08-05,95,164.23590421946088,164.92
2026-08-05,96,154.83068200515442,156.98
2026-08-06,1,168.27219607480717,171.83
2026-08-06,2,160.4165539914206,162.64
2026-08-06,3,153.99312281057456,160.0
2026-08-06,4,145.91028108404134,155.58
2026-08-06,5,154.60993544236857,166.55
2026-08-06,6,149.12316854623256,160.0
2026-08-06,7,145.8319281676729,151.66
2026-08-06,8,140.9323620181546,142.6
2026-08-06,9,144.68759883034951,158.43
2026-08-06,10,141.8951122899752,150.54
2026-08-06,11,141.71237769835113,140.25
2026-08-06,12,139.53755560637586,137.57
2026-08-06,13,140.10800844445134,144.69
2026-08-06,14,138.53188308765635,137.55
2026-08-06,15,138.27890632118346,136.15
2026-08-06,16,134.82952173325413,132.93
2026-08-06,17,137.20726487916326,133.62
2026-08-06,18,137.21838078295303,133.75
2026-08-06,19,136.57275108790816,134.05
2026-08-06,20,139.44300866252462,134.82
2026-08-06,21,134.68437521190813,132.59
2026-08-06,22,138.05105938242136,133.09
2026-08-06,23,140.20942523497422,136.23
2026-08-06,24,144.6688787236459,141.1
2026-08-06,25,150.64861055330286,149.96
2026-08-06,26,154.18570368232412,160.25
2026-08-06,27,156.92803335745435,160.9
2026-08-06,28,153.73419620701637,153.08
2026-08-06,29,169.58185027393498,161.04
2026-08-06,30,160.16782928478364,152.72
2026-08-06,31,153.10401589838824,152.05
2026-08-06,32,135.1786155061032,131.51
2026-08-06,33,164.193215967893,170.27
2026-08-06,34,150.4563908702941,145.0
2026-08-06,35,133.36700034414605,130.85
2026-08-06,36,109.38091685566614,110.77
2026-08-06,37,132.0482662747899,135.38
2026-08-06,38,112.89907976397998,109.16
2026-08-06,39,92.843114350327,89.63
2026-08-06,40,64.83593537081413,48.11
2026-08-06,41,83.44945542118832,66.54
2026-08-06,42,56.20066846770915,27.88
2026-08-06,43,36.21138521547094,5.52
2026-08-06,44,22.521442152454604,0.4
2026-08-06,45,24.07939364925079,0.7
2026-08-06,46,9.070576637100316,0.0
2026-08-06,47,4.2411002056527565,-0.01
2026-08-06,48,-0.1960895526311077,-0.11
2026-08-06,49,4.149924427400059,-0.01
2026-08-06,50,0.663327950151789,-0.08
2026-08-06,51,-0.1709383724007054,-0.09
2026-08-06,52,-2.2152123195293782,-0.16
2026-08-06,53,-0.6847080381072246,-1.01
2026-08-06,54,-1.9316450247527683,-1.11
2026-08-06,55,-3.2183743336670574,-1.47
2026-08-06,56,-5.4390364797652495,-1.84
2026-08-06,57,-4.79827221407637,-1.49
2026-08-06,58,-4.493101572592529,-1.57
2026-08-06,59,-3.279918065902549,-1.09
2026-08-06,60,-2.2672554291656866,-1.01
2026-08-06,61,-3.207086349475361,-1.0
2026-08-06,62,-3.25471423555355,-0.19
2026-08-06,63,-2.8405063972038107,-0.11
2026-08-06,64,-4.698671556042726,-0.04
2026-08-06,65,-6.798922235672876,-0.04
2026-08-06,66,-6.136770795150085,-0.01
2026-08-06,67,14.990621135311912,0.0
2026-08-06,68,33.952078077497816,0.08
2026-08-06,69,9.663716238538612,2.49
2026-08-06,70,46.19255233657855,24.4
2026-08-06,71,78.90018424488332,50.0
2026-08-06,72,102.44675992910494,76.81
2026-08-06,73,74.16305088157574,74.76
2026-08-06,74,106.27090257004004,96.82
2026-08-06,75,127.81476643534516,127.0
2026-08-06,76,149.02230899078754,159.34
2026-08-06,77,126.07680521095398,129.83
2026-08-06,78,142.91154638913446,137.63
2026-08-06,79,155.7177406813723,150.54
2026-08-06,80,175.3059890222794,154.71
2026-08-06,81,157.62743074441528,152.09
2026-08-06,82,165.32267268022537,159.99
2026-08-06,83,169.0819479696724,166.47
2026-08-06,84,176.65595343534457,172.22
2026-08-06,85,181.7579183092045,167.0
2026-08-06,86,175.55270049466583,168.3
2026-08-06,87,174.07016548182793,168.25
2026-08-06,88,171.15163310079345,165.01
2026-08-06,89,184.6412350389459,172.05
2026-08-06,90,173.00423838477923,170.85
2026-08-06,91,172.1135926496667,171.35
2026-08-06,92,164.0594931381317,163.57
2026-08-06,93,170.28244695932517,165.21
2026-08-06,94,166.4320323556205,158.55
2026-08-06,95,163.28405718309142,157.53
2026-08-06,96,157.38122971528804,152.5
2026-08-07,1,162.29760306942669,152.93
2026-08-07,2,154.21778108236907,148.16
2026-08-07,3,148.0492706437338,144.02
2026-08-07,4,140.5316755857176,135.18
2026-08-07,5,146.4436478809203,142.0
2026-08-07,6,144.15765678314557,138.02
2026-08-07,7,140.87374200290674,138.61
2026-08-07,8,136.5645041620191,135.99
2026-08-07,9,140.05519424815932,137.76
2026-08-07,10,137.49165265011874,130.76
2026-08-07,11,137.01043247196685,127.59
2026-08-07,12,135.50072197492955,128.37
2026-08-07,13,135.67919432267763,128.84
2026-08-07,14,134.52778523188286,128.62
2026-08-07,15,134.65276914241895,128.83
2026-08-07,16,132.87196528814442,129.98
2026-08-07,17,133.64888676139114,127.31
2026-08-07,18,135.07536014366312,129.76
2026-08-07,19,136.55066048191654,133.39
2026-08-07,20,139.9216383416958,135.84
2026-08-07,21,136.56254481248425,129.25
2026-08-07,22,140.5230184276318,136.82
2026-08-07,23,145.14871055830548,149.04
2026-08-07,24,151.5455682091072,150.22
2026-08-07,25,154.31479500144872,150.57
2026-08-07,26,160.61498725779757,154.25
2026-08-07,27,162.59694449145962,159.33
2026-08-07,28,161.15192445330698,160.52
2026-08-07,29,171.04387625762578,168.32
2026-08-07,30,162.4064644771419,163.09
2026-08-07,31,155.75409545771174,153.18
2026-08-07,32,142.6096059576737,135.3
2026-08-07,33,167.61149891182484,165.72
2026-08-07,34,151.33043920817113,151.27
2026-08-07,35,140.003582906542,144.03
2026-08-07,36,124.14370869292924,121.29
2026-08-07,37,141.5148371439728,150.42
2026-08-07,38,125.17727585720304,130.12
2026-08-07,39,113.16075355427486,114.18
2026-08-07,40,100.13218340925204,109.75
2026-08-07,41,109.5615858822078,109.69
2026-08-07,42,95.62673973209556,103.26
2026-08-07,43,86.6019268008782,100.0
2026-08-07,44,71.98399939436423,95.7
2026-08-07,45,78.97230194117678,85.37
2026-08-07,46,70.3489636242936,75.07
2026-08-07,47,61.0701503142472,61.68
2026-08-07,48,48.884234642918784,43.93
2026-08-07,49,56.39315654666137,39.99
2026-08-07,50,44.52422019937716,27.61
2026-08-07,51,37.81383357264181,24.91
2026-08-07,52,30.053992037569447,20.09
2026-08-07,53,34.22840121730978,22.46
2026-08-07,54,29.697181865209608,12.18
2026-08-07,55,25.734555718491173,9.75
2026-08-07,56,24.18485688827919,7.68
2026-08-07,57,24.514744715718884,10.04
2026-08-07,58,32.06778847596348,15.25
2026-08-07,59,39.31594484027003,20.18
2026-08-07,60,44.31585216419677,29.44
2026-08-07,61,40.44844989612871,24.26
2026-08-07,62,51.25095047535987,33.85
2026-08-07,63,61.3107316122144,50.49
2026-08-07,64,72.33320731068798,68.76
2026-08-07,65,62.38400621022672,66.76
2026-08-07,66,79.25125174510644,83.2
2026-08-07,67,92.11428503277936,91.69
2026-08-07,68,107.20767699003778,107.71
2026-08-07,69,92.1407373896089,104.25
2026-08-07,70,111.84185187514308,111.54
2026-08-07,71,125.75309777194808,123.95
2026-08-07,72,139.67006077158663,134.93
2026-08-07,73,125.9064591906362,125.82
2026-08-07,74,141.0508695626606,142.24
2026-08-07,75,157.43883704381238,147.9
2026-08-07,76,177.3354701609654,162.88
2026-08-07,77,162.33723414392097,150.64
2026-08-07,78,174.8147420401022,170.99
2026-08-07,79,188.8215662194737,175.18
2026-08-07,80,206.6007473542365,193.6
2026-08-07,81,188.14985245097623,181.0
2026-08-07,82,198.1748724101225,194.38
2026-08-07,83,204.17185442461863,203.06
2026-08-07,84,205.03064844910529,202.05
2026-08-07,85,203.9383683818861,211.2
2026-08-07,86,195.23456566900924,197.84
2026-08-07,87,189.1082012657651,188.78
2026-08-07,88,178.30672852698845,180.78
2026-08-07,89,195.9715215417488,189.17
2026-08-07,90,183.35810807486675,177.42
2026-08-07,91,177.73734081284135,175.05
2026-08-07,92,168.90354071776582,170.71
2026-08-07,93,179.88164929539758,172.02
2026-08-07,94,171.7674430406809,167.05
2026-08-07,95,167.45117350869748,164.05
2026-08-07,96,159.31098597170896,161.26
2026-08-08,1,172.2857474151516,163.38
2026-08-08,2,163.16833189588283,157.14
2026-08-08,3,156.27293453701873,155.24
2026-08-08,4,149.54154880510896,147.2
2026-08-08,5,157.41340964452104,155.2
2026-08-08,6,151.8194988405766,150.66
2026-08-08,7,149.56724494596912,147.14
2026-08-08,8,145.81731096763042,143.0
2026-08-08,9,149.93045668572373,148.61
2026-08-08,10,146.62517472060222,145.34
2026-08-08,11,145.70497394478144,144.62
2026-08-08,12,144.23948261751488,142.38
2026-08-08,13,145.84661759116864,146.92
2026-08-08,14,143.61105452009758,146.23
2026-08-08,15,143.61360729361843,146.11
2026-08-08,16,143.02892894437156,144.42
2026-08-08,17,142.33488670245958,141.96
2026-08-08,18,142.82349626657347,144.47
2026-08-08,19,143.78065779548317,144.76
2026-08-08,20,149.4254150618811,144.27
2026-08-08,21,144.11383600646184,139.91
2026-08-08,22,145.5184390442816,141.33
2026-08-08,23,147.02495935563982,147.81
2026-08-08,24,146.92576141946745,153.73
2026-08-08,25,153.69848280669322,155.08
2026-08-08,26,150.92702206471048,148.32
2026-08-08,27,145.9835741356555,143.93
2026-08-08,28,139.48207598883772,137.72
2026-08-08,29,158.61405570783285,155.0
2026-08-08,30,141.49296823624877,142.87
2026-08-08,31,131.30066076496118,134.9
2026-08-08,32,115.29919470991284,118.02
2026-08-08,33,143.02658807415915,145.88
2026-08-08,34,126.37369105808312,124.56
2026-08-08,35,108.28691866175753,106.7
2026-08-08,36,83.69112641508177,82.99
2026-08-08,37,107.8230483461434,107.54
2026-08-08,38,85.68108321888529,87.67
2026-08-08,39,60.96577795664252,44.94
2026-08-08,40,28.049601676739627,10.03
2026-08-08,41,53.72102421252683,12.32
2026-08-08,42,22.85655696932556,3.21
2026-08-08,43,3.2473283791946983,0.0
2026-08-08,44,-3.698274822917867,-0.09
2026-08-08,45,6.995733336038285,-1.14
2026-08-08,46,-2.300712817168005,-1.21
2026-08-08,47,-3.640282765925505,-1.71
2026-08-08,48,-4.702235211177069,-2.01
2026-08-08,49,0.4391799443098847,-3.83
2026-08-08,50,-0.7642916527139079,-5.01
2026-08-08,51,-2.0489646059288944,-6.81
2026-08-08,52,-4.59397287153206,-8.3
2026-08-08,53,-2.022292886975165,-8.77
2026-08-08,54,-3.908818397840399,-10.06
2026-08-08,55,-5.379696442289607,-12.29
2026-08-08,56,-8.16965272508643,-12.87
2026-08-08,57,-7.202272733550338,-18.49
2026-08-08,58,-6.63806529025338,-12.99
2026-08-08,59,-4.624263759643995,-10.0
2026-08-08,60,-3.337906782248368,-7.13
2026-08-08,61,-5.847664161051043,-6.97
2026-08-08,62,-4.334292986898532,-8.85
2026-08-08,63,-2.080616186978503,-5.48
2026-08-08,64,-3.224865615733208,-6.75
2026-08-08,65,-8.256963400784898,-1.44
2026-08-08,66,0.2984303398984167,-0.54
2026-08-08,67,30.13115996350595,-0.28
2026-08-08,68,60.134254368581296,0.01
2026-08-08,69,26.54415662125089,1.93
2026-08-08,70,70.35434925958324,34.8
2026-08-08,71,96.96386259122312,106.04
2026-08-08,72,123.328468579071,129.89
2026-08-08,73,100.33970047151509,106.31
2026-08-08,74,124.91158376613758,133.37
2026-08-08,75,144.56952745867932,157.0
2026-08-08,76,168.31611648578078,163.32
2026-08-08,77,143.91044088132335,148.76
2026-08-08,78,158.57930462332473,160.26
2026-08-08,79,172.3117015877289,170.72
2026-08-08,80,190.6263157077749,191.72
2026-08-08,81,170.60120069526857,185.76
2026-08-08,82,176.13837503060648,186.37
2026-08-08,83,182.5369717601828,183.16
2026-08-08,84,177.38776701187695,183.34
2026-08-08,85,184.0942264209252,186.66
2026-08-08,86,177.32768473828605,187.16
2026-08-08,87,172.1392919505886,178.53
2026-08-08,88,161.54375116842857,165.64
2026-08-08,89,178.579755962854,185.18
2026-08-08,90,167.2097904745943,170.48
2026-08-08,91,163.8516860747548,167.9
2026-08-08,92,154.20824121729498,159.84
2026-08-08,93,163.85464975882886,161.96
2026-08-08,94,156.30952727230684,155.9
2026-08-08,95,153.10818357311462,155.25
2026-08-08,96,144.84096828132095,144.57
2026-08-09,1,165.35407225407803,155.2
2026-08-09,2,153.82850327982584,147.95
2026-08-09,3,145.38008254499917,143.81
2026-08-09,4,138.33964193013009,134.14
2026-08-09,5,148.35469752937306,139.99
2026-08-09,6,141.37014768019984,140.12
2026-08-09,7,138.20972542474493,141.23
2026-08-09,8,133.82436269348204,136.04
2026-08-09,9,138.74337242434987,141.06
2026-08-09,10,134.7609568817335,136.28
2026-08-09,11,134.24459488074615,135.19
2026-08-09,12,132.60816402014794,133.24
2026-08-09,13,134.28121135319813,135.01
2026-08-09,14,132.09740302405174,134.87
2026-08-09,15,131.734592442508,133.57
2026-08-09,16,131.60718549020163,132.35
2026-08-09,17,130.44839870946092,133.52
2026-08-09,18,130.97447420402892,134.92
2026-08-09,19,131.23068610145657,133.86
2026-08-09,20,136.89617584739565,133.81
2026-08-09,21,131.5149346483291,136.99
2026-08-09,22,131.24608618659897,134.99
2026-08-09,23,131.66370718118452,135.7
2026-08-09,24,130.9035733391898,132.32
2026-08-09,25,136.62311475124667,143.37
2026-08-09,26,134.3342521176353,134.18
2026-08-09,27,129.44639685072391,128.88
2026-08-09,28,122.38533954496,120.76
2026-08-09,29,140.66725835296063,133.27
2026-08-09,30,125.29750526644244,123.65
2026-08-09,31,112.0700444255921,113.87
2026-08-09,32,92.87567605889542,101.96
2026-08-09,33,123.43096518962123,115.96
2026-08-09,34,102.5166489781648,106.41
2026-08-09,35,82.53235790259116,83.71
2026-08-09,36,59.345494486304815,60.43
2026-08-09,37,83.91519834259964,73.51
2026-08-09,38,57.48664432833756,30.79
2026-08-09,39,35.525151700795185,4.99
2026-08-09,40,18.291887923589115,0.67
2026-08-09,41,31.341480911497182,1.12
2026-08-09,42,13.855672286716128,0.12
2026-08-09,43,1.318891145869003,-0.01
2026-08-09,44,-2.8351133283976537,-0.02
2026-08-09,45,4.254292400395372,-0.01
2026-08-09,46,-0.3713520607254992,-0.03
2026-08-09,47,-3.680977721117671,-0.04
2026-08-09,48,-4.642787229143423,-0.11
2026-08-09,49,0.5980945075268664,-1.0
2026-08-09,50,-0.7282376733679286,-1.62
2026-08-09,51,-2.807344262486808,-2.99
2026-08-09,52,-5.065474104829541,-4.99
2026-08-09,53,-3.123166204197517,-4.99
2026-08-09,54,-4.571625569560176,-5.3
2026-08-09,55,-5.824107858011864,-5.01
2026-08-09,56,-7.897078696589773,-5.02
2026-08-09,57,-6.613973724577818,-4.9
2026-08-09,58,-5.595928968868577,-2.15
2026-08-09,59,-3.268759603845467,-1.01
2026-08-09,60,-2.1654176042339515,-0.19
2026-08-09,61,-3.908109258459717,-0.1
2026-08-09,62,-3.283878589413746,-0.01
2026-08-09,63,-1.4050624635318485,-0.01
2026-08-09,64,5.224380734561805,-0.01
2026-08-09,65,-9.147570931553048,-0.01
2026-08-09,66,0.7874538376719045,-0.01
2026-08-09,67,30.11297880088827,0.62
2026-08-09,68,59.66662157220468,14.52
2026-08-09,69,25.17216172796539,6.83
2026-08-09,70,70.51237603346738,72.1
2026-08-09,71,100.51614689520716,106.28
2026-08-09,72,126.78175531690904,144.59
2026-08-09,73,101.91745735540168,121.9
2026-08-09,74,127.37192162977333,151.0
2026-08-09,75,149.04787297626925,160.95
2026-08-09,76,174.78216497176393,170.9
2026-08-09,77,145.87391839759616,154.94
2026-08-09,78,158.01187346253715,161.51
2026-08-09,79,171.14000050990856,172.0
2026-08-09,80,188.0353480060812,187.66
2026-08-09,81,167.417685390543,171.97
2026-08-09,82,172.89631761810918,176.85
2026-08-09,83,181.36133888716995,178.54
2026-08-09,84,176.8944864585264,177.0
2026-08-09,85,186.6691251503516,175.23
2026-08-09,86,181.0212234919969,175.73
2026-08-09,87,177.5764025687694,175.31
2026-08-09,88,170.4194267960947,170.26
2026-08-09,89,185.8806246294256,174.05
2026-08-09,90,174.45431072643711,171.1
2026-08-09,91,170.6265836859646,170.89
2026-08-09,92,161.22688628431945,163.96
2026-08-09,93,173.30783191504435,163.89
2026-08-09,94,165.1044158684065,158.12
2026-08-09,95,162.37588930447723,157.94
2026-08-09,96,156.27843187711676,148.65
2026-08-10,1,171.39884795650534,154.12
2026-08-10,2,162.9585429267148,151.91
2026-08-10,3,156.75753768041943,144.02
2026-08-10,4,149.73300562651573,135.84
2026-08-10,5,157.98209210629742,146.04
2026-08-10,6,152.4418565375629,139.45
2026-08-10,7,150.57341060227844,136.45
2026-08-10,8,146.08246567837313,130.12
2026-08-10,9,149.69005646014006,135.72
2026-08-10,10,146.9380703885357,133.08
2026-08-10,11,146.81350060158195,130.08
2026-08-10,12,145.21520699902234,127.1
2026-08-10,13,146.05633447814046,126.17
2026-08-10,14,144.92890506123933,127.64
2026-08-10,15,145.07530022391742,126.8
2026-08-10,16,144.9286415734544,127.09
2026-08-10,17,143.93989911474833,125.18
2026-08-10,18,145.4169924227066,127.14
2026-08-10,19,146.7273495075164,127.23
2026-08-10,20,153.1555783775853,130.35
2026-08-10,21,145.34636282444384,131.62
2026-08-10,22,149.78424042193674,139.38
2026-08-10,23,156.65466098210004,148.31
2026-08-10,24,165.2840711578305,152.99
2026-08-10,25,164.995830820214,157.75
2026-08-10,26,171.87911325117568,165.0
2026-08-10,27,175.29472765545916,165.12
2026-08-10,28,176.10429765571035,165.1
2026-08-10,29,183.5393200101825,170.0
2026-08-10,30,176.78040413098762,170.0
2026-08-10,31,169.15655309906805,162.88
2026-08-10,32,157.08933351559722,155.95
2026-08-10,33,190.8663702434178,179.91
2026-08-10,34,172.54473239999896,165.0
2026-08-10,35,157.3527841226365,155.08
2026-08-10,36,134.92396362691713,143.55
2026-08-10,37,161.31101734851902,163.56
2026-08-10,38,143.57840106972503,151.97
2026-08-10,39,128.3572564957874,125.53
2026-08-10,40,113.15680203226036,114.47
2026-08-10,41,129.35599230745743,133.73
2026-08-10,42,113.63898395848533,115.0
2026-08-10,43,102.4997372064018,105.17
2026-08-10,44,86.48230337189423,92.53
2026-08-10,45,96.52400014272328,98.77
2026-08-10,46,85.02602671956959,87.13
2026-08-10,47,73.25071209745317,71.14
2026-08-10,48,60.04891988661513,59.51
2026-08-10,49,67.6044618872609,59.99
2026-08-10,50,53.66422051220608,40.55
2026-08-10,51,44.98947464404782,29.99
2026-08-10,52,34.56354792965538,16.61
2026-08-10,53,37.88728839890892,15.0
2026-08-10,54,30.039355796964493,10.04
2026-08-10,55,23.08867850720033,7.54
2026-08-10,56,17.41752996935756,3.99
2026-08-10,57,21.748471148794074,4.2
2026-08-10,58,22.102965792053126,3.66
2026-08-10,59,22.1648964646162,4.5
2026-08-10,60,20.394898382582177,4.99
2026-08-10,61,25.14255271481288,4.56
2026-08-10,62,26.71690757690491,9.0
2026-08-10,63,28.2577288619966,10.03
2026-08-10,64,39.31305750560221,16.41
2026-08-10,65,39.52575296294571,14.89
2026-08-10,66,51.51353177969498,37.71
2026-08-10,67,64.46158384998688,58.48
2026-08-10,68,83.38117068891701,84.71
2026-08-10,69,66.36962069645335,69.62
2026-08-10,70,91.60555769415636,104.76
2026-08-10,71,112.78326884519824,112.45
2026-08-10,72,130.02235087106766,137.8
2026-08-10,73,109.7001404355884,118.64
2026-08-10,74,127.82923659078398,127.76
2026-08-10,75,147.2853881545065,144.79
2026-08-10,76,169.3056839714609,159.61
2026-08-10,77,142.06169183021655,148.7
2026-08-10,78,153.30903061080542,157.0
2026-08-10,79,164.41085149696988,166.74
2026-08-10,80,180.2422375439549,190.39
2026-08-10,81,164.01501720392562,167.0
2026-08-10,82,171.46454314579293,169.6
2026-08-10,83,176.5495212562068,180.85
2026-08-10,84,171.48298632849864,190.36
2026-08-10,85,190.37014095799503,199.51
2026-08-10,86,184.50909976650803,186.73
2026-08-10,87,179.6390722692919,176.59
2026-08-10,88,166.60014043127427,163.3
2026-08-10,89,189.3774302428106,181.61
2026-08-10,90,176.72634569721583,167.57
2026-08-10,91,172.04649894084912,168.04
2026-08-10,92,164.64030026743728,159.52
2026-08-10,93,175.12767638666838,157.67
2026-08-10,94,165.38414496728356,154.93
2026-08-10,95,162.88138010586104,152.51
2026-08-10,96,157.61336242457935,140.65
2026-08-11,1,153.25864701490318,147.37
2026-08-11,2,145.28267157942835,145.77
2026-08-11,3,139.36565433946652,138.77
2026-08-11,4,133.5386985128743,124.88
2026-08-11,5,139.43722489199834,142.14
2026-08-11,6,135.162102900351,138.91
2026-08-11,7,132.3376160522638,144.85
2026-08-11,8,128.61042208353695,138.05
2026-08-11,9,131.87666048438513,143.8
2026-08-11,10,129.0533995740151,135.94
2026-08-11,11,128.13298055653345,133.72
2026-08-11,12,127.05702034760988,131.33
2026-08-11,13,127.72872620875076,129.89
2026-08-11,14,126.86095407201498,129.58
2026-08-11,15,126.2960759651555,128.38
2026-08-11,16,125.80058981726069,127.08
2026-08-11,17,125.82997859414552,126.65
2026-08-11,18,126.6387480071983,127.87
2026-08-11,19,127.713665877615,130.43
2026-08-11,20,130.4916653111401,134.74
2026-08-11,21,128.70714602343156,128.4
2026-08-11,22,132.3612858199435,134.53
2026-08-11,23,137.55822178330902,143.45
2026-08-11,24,144.17625352458415,153.78
2026-08-11,25,146.83373140521817,154.98
2026-08-11,26,153.5528305057221,157.0
2026-08-11,27,154.47603635456963,157.82
2026-08-11,28,154.07030761686372,157.37
2026-08-11,29,166.54204613984697,166.72
2026-08-11,30,157.5162620772408,161.5
2026-08-11,31,149.63984020661687,155.58
2026-08-11,32,134.39740727042036,147.64
2026-08-11,33,162.93800048270296,163.26
2026-08-11,34,145.40634489904292,152.18
2026-08-11,35,130.5827227873669,141.17
2026-08-11,36,110.92984765461792,118.54
2026-08-11,37,133.2846199706347,141.8
2026-08-11,38,114.10113362803868,116.85
2026-08-11,39,98.8758736867418,104.57
2026-08-11,40,80.2852603720198,80.08
2026-08-11,41,96.2262590316943,97.18
2026-08-11,42,78.20662468784859,73.27
2026-08-11,43,64.29531106490398,38.65
2026-08-11,44,46.66716704027555,22.29
2026-08-11,45,52.30307989367821,25.41
2026-08-11,46,35.809272226583914,9.87
2026-08-11,47,23.95373710480097,2.66
2026-08-11,48,13.166279176899309,0.19
2026-08-11,49,20.221661292957016,0.08
2026-08-11,50,9.48535186560484,0.0
2026-08-11,51,5.265004993341854,0.0
2026-08-11,52,0.92285240853586,-0.01
2026-08-11,53,3.6514946298672575,-0.01
2026-08-11,54,0.9631185825321468,-0.08
2026-08-11,55,-1.3721245161534623,-0.15
2026-08-11,56,-3.0568821840117693,-0.17
2026-08-11,57,-2.0987575739961315,-0.18
2026-08-11,58,1.644996872398259,-0.16
2026-08-11,59,5.822186919597641,-0.01
2026-08-11,60,7.881069019481615,-0.01
2026-08-11,61,5.84148439969141,0.0
2026-08-11,62,13.059308023691202,0.07
2026-08-11,63,23.17336304569315,2.47
2026-08-11,64,35.99578962403645,10.01
2026-08-11,65,30.82395921663976,7.93
2026-08-11,66,50.3660017297991,22.39
2026-08-11,67,72.29082617983131,60.43
2026-08-11,68,94.2953184906401,87.18
2026-08-11,69,76.06770023191581,77.75
2026-08-11,70,101.48521514270902,103.57
2026-08-11,71,124.5694751760396,119.29
2026-08-11,72,141.42992919972403,138.89
2026-08-11,73,123.45129570521895,118.57
2026-08-11,74,140.01851768430302,143.69
2026-08-11,75,161.3449095689373,156.74
2026-08-11,76,182.1568128423699,166.99
2026-08-11,77,161.88170602284617,157.94
2026-08-11,78,173.03014050015824,168.74
2026-08-11,79,188.2694866739945,181.52
2026-08-11,80,207.26399579508592,204.96
2026-08-11,81,187.3198747167987,194.69
2026-08-11,82,195.51199205997585,200.09
2026-08-11,83,201.56008095694875,201.18
2026-08-11,84,205.15949522120053,199.95
2026-08-11,85,198.42806620246844,203.65
2026-08-11,86,190.726221676217,192.27
2026-08-11,87,183.40679074492303,188.11
2026-08-11,88,173.97568759664532,173.33
2026-08-11,89,185.5163976213056,180.34
2026-08-11,90,173.7301135396597,172.95
2026-08-11,91,168.4324104907651,171.78
2026-08-11,92,161.59242078776276,166.61
2026-08-11,93,170.9691328638835,163.01
2026-08-11,94,163.22598130734065,153.52
2026-08-11,95,158.63554262808825,152.08
2026-08-11,96,150.09716132172542,147.79
2026-08-12,1,171.7694516028405,163.11
2026-08-12,2,163.17670299611967,159.03
2026-08-12,3,157.26584225171294,153.99
2026-08-12,4,150.43958093177926,145.0
2026-08-12,5,158.05894344146768,154.42
2026-08-12,6,154.32749550225802,149.9
2026-08-12,7,152.0429268009832,147.87
2026-08-12,8,147.79978911287867,145.83
2026-08-12,9,151.75871802015874,145.09
2026-08-12,10,147.98076537385072,142.39
2026-08-12,11,147.85080799711756,142.86
2026-08-12,12,146.84672730333054,142.86
2026-08-12,13,147.01548184313094,139.14
2026-08-12,14,146.28255699380168,139.19
2026-08-12,15,147.0804263025908,139.99
2026-08-12,16,145.69972910018978,140.69
2026-08-12,17,144.70099949126893,137.05
2026-08-12,18,146.39159408278664,139.11
2026-08-12,19,146.8481467085429,139.15
2026-08-12,20,152.26309955021406,144.29
2026-08-12,21,148.7611063326465,144.62
2026-08-12,22,155.9939003538709,149.01
2026-08-12,23,162.1642372125789,158.36
2026-08-12,24,168.9997683788925,162.01
2026-08-12,25,170.06247698159987,171.5
2026-08-12,26,175.3700334338075,175.0
2026-08-12,27,175.41130012974995,172.64
2026-08-12,28,174.0395537588442,171.16
2026-08-12,29,188.2240112886689,181.5
2026-08-12,30,176.52381036605334,171.5
2026-08-12,31,165.9932274061958,165.85
2026-08-12,32,149.69582445569557,151.32
2026-08-12,33,181.2374899858279,175.49
2026-08-12,34,160.12883186659965,160.13
2026-08-12,35,146.92427504830772,146.22
2026-08-12,36,127.27499789453752,139.01
2026-08-12,37,150.99131804841844,162.2
2026-08-12,38,132.75885012951383,136.18
2026-08-12,39,117.03084890085104,116.45
2026-08-12,40,100.23997313177398,100.08
2026-08-12,41,118.04958851119248,118.22
2026-08-12,42,99.6920918349578,98.67
2026-08-12,43,86.47383169623608,81.58
2026-08-12,44,67.5580284278315,51.87
2026-08-12,45,76.97057233526323,64.13
2026-08-12,46,61.456259110229766,42.0
2026-08-12,47,47.752501422212575,36.2
2026-08-12,48,33.40659286796649,19.04
2026-08-12,49,41.37206235071348,26.26
2026-08-12,50,27.361449053090304,16.21
2026-08-12,51,20.64122615237376,10.03
2026-08-12,52,13.489818863818776,6.5
2026-08-12,53,18.0429188663936,9.26
2026-08-12,54,13.871223876787674,4.93
2026-08-12,55,10.956109125528052,0.01
2026-08-12,56,9.602705836943166,0.0
2026-08-12,57,9.844362186972823,12.0
2026-08-12,58,16.69670468825153,15.47
2026-08-12,59,23.887865483325783,15.48
2026-08-12,60,26.52558311229009,16.93
2026-08-12,61,26.58156855235618,17.05
2026-08-12,62,39.01036965027208,27.47
2026-08-12,63,56.93690997893934,44.35
2026-08-12,64,72.55030056028339,74.08
2026-08-12,65,63.25825711349124,67.43
2026-08-12,66,90.53891298490278,93.15
2026-08-12,67,109.99880932873516,110.71
2026-08-12,68,131.76311022313968,119.54
2026-08-12,69,104.5556177759246,110.2
2026-08-12,70,129.24931834731072,131.49
2026-08-12,71,152.83279644188377,147.14
2026-08-12,72,175.89738536648022,173.52
2026-08-12,73,149.23940181991168,155.8
2026-08-12,74,171.19733765165157,173.62
2026-08-12,75,201.2020447678464,185.4
2026-08-12,76,228.65707467450028,219.27
2026-08-12,77,213.68538706484904,210.0
2026-08-12,78,234.3984067667548,241.53
2026-08-12,79,264.5401418178945,287.3
2026-08-12,80,299.30438408830327,461.17
2026-08-12,81,254.9230360656435,402.5
2026-08-12,82,271.37386186547104,314.82
2026-08-12,83,276.1417384925385,251.34
2026-08-12,84,254.8979085849982,232.17
2026-08-12,85,229.54336953549108,253.0
2026-08-12,86,218.6463511609954,243.12
2026-08-12,87,207.86643359766296,223.39
2026-08-12,88,185.4128124114445,198.97
2026-08-12,89,202.51440787505123,205.64
2026-08-12,90,187.3775019628728,193.4
2026-08-12,91,180.393006126976,188.49
2026-08-12,92,170.5878317667613,175.12
2026-08-12,93,184.40964378307564,180.29
2026-08-12,94,175.47837263810663,174.1
2026-08-12,95,167.3133740838147,173.91
2026-08-12,96,155.05850035843164,160.1
2026-08-13,1,170.73246128969146,164.47
2026-08-13,2,162.57483809651563,156.56
2026-08-13,3,157.41679983010707,152.26
2026-08-13,4,150.92215671669217,143.12
2026-08-13,5,157.68367721963563,153.0
2026-08-13,6,154.75448854638188,148.01
2026-08-13,7,152.86272014529106,147.29
2026-08-13,8,149.28452107282823,142.07
2026-08-13,9,152.50609778733173,143.58
2026-08-13,10,150.08773466474184,143.17
2026-08-13,11,149.93697571687602,144.38
2026-08-13,12,149.2093393911459,142.56
2026-08-13,13,149.22489940717145,140.87
2026-08-13,14,148.57171323674245,141.82
2026-08-13,15,149.8169626112867,143.76
2026-08-13,16,147.89986351600103,144.44
2026-08-13,17,147.032018490899,140.99
2026-08-13,18,148.01245402509448,143.06
2026-08-13,19,148.85562170286673,146.55
2026-08-13,20,153.70862292969105,149.08
2026-08-13,21,151.7394117541411,149.15
2026-08-13,22,157.5151698298797,154.5
2026-08-13,23,163.28953616522,159.68
2026-08-13,24,168.53413389323845,166.26
2026-08-13,25,171.9685881626816,170.61
2026-08-13,26,176.1378159826058,174.09
2026-08-13,27,174.3308360692272,177.24
2026-08-13,28,173.84728116299746,174.99
2026-08-13,29,187.73463593866737,182.47
2026-08-13,30,177.0264327564529,174.91
2026-08-13,31,168.2548218296399,169.99
2026-08-13,32,153.27122383269335,157.02
2026-08-13,33,180.4380766216209,172.99
2026-08-13,34,163.13202945034882,162.7
2026-08-13,35,148.89925084472836,153.31
2026-08-13,36,129.40074088815845,138.2
2026-08-13,37,153.71519210153102,158.82
2026-08-13,38,134.20990850526113,143.73
2026-08-13,39,118.59622395637368,124.51
2026-08-13,40,102.35346581932988,115.54
2026-08-13,41,118.10982786096176,134.95
2026-08-13,42,99.38782217503709,122.58
2026-08-13,43,86.64063965404088,101.19
2026-08-13,44,68.0309773776766,79.66
2026-08-13,45,76.0440118678916,99.52
2026-08-13,46,61.355239879387454,68.04
2026-08-13,47,48.90645111595454,39.29
2026-08-13,48,34.61153359625953,0.06
2026-08-13,49,42.34820305302589,10.06
2026-08-13,50,28.77757342929121,1.16
2026-08-13,51,21.94499748896257,0.0
2026-08-13,52,15.304469893617458,0.0
2026-08-13,53,19.347955657629853,0.0
2026-08-13,54,15.60074495068256,0.0
2026-08-13,55,12.770348059552305,0.0
2026-08-13,56,12.15972316416466,0.0
2026-08-13,57,13.111968341679948,-0.01
2026-08-13,58,21.190079160242306,0.0
2026-08-13,59,29.69450380080029,0.0
2026-08-13,60,33.271748878586685,10.09
2026-08-13,61,31.53864617378084,10.06
2026-08-13,62,45.6429109731437,35.47
2026-08-13,63,61.26987541853562,57.62
2026-08-13,64,82.17471245949687,74.61
2026-08-13,65,64.73993862790896,78.4
2026-08-13,66,89.49660147328493,112.09
2026-08-13,67,109.32550852738932,123.55
2026-08-13,68,130.95909047581134,131.87
2026-08-13,69,105.56951549879322,125.07
2026-08-13,70,129.42047093484535,135.9
2026-08-13,71,152.46594476874375,160.03
2026-08-13,72,177.46746260852905,179.03
2026-08-13,73,150.70696617354668,165.0
2026-08-13,74,173.84996296343382,188.0
2026-08-13,75,202.7367742042541,209.06
2026-08-13,76,232.21708017691296,253.93
2026-08-13,77,214.4052981676969,229.16
2026-08-13,78,238.2021143288705,262.69
2026-08-13,79,265.1379785441824,327.17
2026-08-13,80,301.5696975471928,487.38
2026-08-13,81,256.7568138943599,414.96
2026-08-13,82,271.3746539285951,371.94
2026-08-13,83,273.47538661648866,300.14
2026-08-13,84,256.45869221514056,268.41
2026-08-13,85,248.03494614710675,353.92
2026-08-13,86,236.16353939124207,268.97
2026-08-13,87,223.75918675646545,240.0
2026-08-13,88,198.3166207414298,217.15
2026-08-13,89,215.62481575395924,233.38
2026-08-13,90,198.18303008559803,215.51
2026-08-13,91,188.2492816698865,212.01
2026-08-13,92,174.91574565929432,193.03
2026-08-13,93,187.32498882737468,190.84
2026-08-13,94,176.6247395031476,179.71
2026-08-13,95,168.44397219325987,172.93
2026-08-13,96,157.4512729632263,161.21
2026-08-14,1,169.73988957937732,168.41
2026-08-14,2,161.518936252432,159.2
2026-08-14,3,155.9930809933432,156.53
2026-08-14,4,149.04988301962328,151.33
2026-08-14,5,156.0864469289658,159.66
2026-08-14,6,152.62122459734672,152.81
2026-08-14,7,149.93559643451562,148.62
2026-08-14,8,146.5644949621723,146.35
2026-08-14,9,149.48103994550792,147.4
2026-08-14,10,146.79429794561722,146.34
2026-08-14,11,146.70067950598397,146.31
2026-08-14,12,145.63800830520702,142.87
2026-08-14,13,146.27315646622725,143.09
2026-08-14,14,145.39854060738648,141.62
2026-08-14,15,145.91314391187413,141.68
2026-08-14,16,145.20553328812358,141.81
2026-08-14,17,143.737935957126,140.0
2026-08-14,18,144.89113128300673,142.55
2026-08-14,19,146.00618331358817,145.65
2026-08-14,20,150.17109621927642,147.43
2026-08-14,21,148.9784042322239,145.86
2026-08-14,22,153.6389477410717,152.23
2026-08-14,23,157.63824627810902,157.69
2026-08-14,24,162.8659054541971,163.01
2026-08-14,25,169.71464924076923,168.9
2026-08-14,26,171.86875088217704,172.48
2026-08-14,27,170.42571762845748,173.14
2026-08-14,28,169.71456916030291,173.32
2026-08-14,29,183.8263158361172,178.27
2026-08-14,30,174.64813838097396,175.01
2026-08-14,31,166.96589561485936,168.05
2026-08-14,32,154.9198945437559,159.0
2026-08-14,33,175.59659454790375,173.0
2026-08-14,34,162.6659605702865,161.61
2026-08-14,35,150.1458924849641,145.6
2026-08-14,36,130.683728575592,127.13
2026-08-14,37,154.40866636927214,156.43
2026-08-14,38,135.88475428060136,138.08
2026-08-14,39,121.94378941947826,125.0
2026-08-14,40,108.68044594603074,121.29
2026-08-14,41,124.14556774061316,124.62
2026-08-14,42,108.6442905133959,112.1
2026-08-14,43,97.587747691819,100.35
2026-08-14,44,79.45005957063599,80.78
2026-08-14,45,89.57152712646393,97.42
2026-08-14,46,74.59745324091455,70.02
2026-08-14,47,61.00293207652437,56.96
2026-08-14,48,44.89001773361108,30.06
2026-08-14,49,51.96794526285595,44.72
2026-08-14,50,36.08226727633184,26.99
2026-08-14,51,28.52892816967791,18.28
2026-08-14,52,20.50858238749734,10.01
2026-08-14,53,23.62213485805385,10.02
2026-08-14,54,19.385703482328765,11.06
2026-08-14,55,15.689249799496215,10.07
2026-08-14,56,14.121602817385336,0.86
2026-08-14,57,16.191870204253192,0.01
2026-08-14,58,23.555824456867505,7.41
2026-08-14,59,27.49691127857507,17.81
2026-08-14,60,36.56076877233605,43.99
2026-08-14,61,35.648413239222094,25.09
2026-08-14,62,51.02780821154607,56.56
2026-08-14,63,65.64483391314873,80.0
2026-08-14,64,79.824599948622,101.51
2026-08-14,65,70.03241387324991,87.0
2026-08-14,66,93.4276115649886,108.58
2026-08-14,67,109.88883170931176,124.96
2026-08-14,68,128.94602013654676,144.74
2026-08-14,69,108.08953861530888,124.21
2026-08-14,70,129.13348740616755,136.78
2026-08-14,71,147.3448524008016,147.72
2026-08-14,72,167.45884451696503,165.91
2026-08-14,73,148.05154703524954,149.99
2026-08-14,74,167.07105126797458,172.96
2026-08-14,75,192.12446883304324,186.1
2026-08-14,76,229.28998821718736,210.91
2026-08-14,77,213.1702084292717,199.1
2026-08-14,78,248.0834930242877,225.19
2026-08-14,79,281.87429042945826,259.46
2026-08-14,80,340.3340059911004,303.49
2026-08-14,81,282.1388498864835,273.8
2026-08-14,82,301.79599227403537,271.98
2026-08-14,83,301.77035878159523,259.13
2026-08-14,84,267.5541006202443,249.99
2026-08-14,85,261.1678699922894,252.5
2026-08-14,86,246.467861258262,234.83
2026-08-14,87,231.57634298695825,229.0
2026-08-14,88,203.22146183747955,209.95
2026-08-14,89,220.6354877783453,212.33
2026-08-14,90,202.64108388562207,198.29
2026-08-14,91,192.6098657136565,194.0
2026-08-14,92,180.56836469156832,187.38
2026-08-14,93,191.62109200889253,186.06
2026-08-14,94,182.66326288263457,182.02
2026-08-14,95,174.94993364647567,175.0
2026-08-14,96,164.71501139125388,166.99
2026-08-15,1,181.4580424545711,177.73
2026-08-15,2,173.34802787170293,170.01
2026-08-15,3,166.6613097643009,168.58
2026-08-15,4,158.56073889857137,161.47
2026-08-15,5,167.32175622784092,170.01
2026-08-15,6,163.50639509905238,161.32
2026-08-15,7,160.30730336291424,161.49
2026-08-15,8,155.03451922014682,156.77
2026-08-15,9,159.1562875487419,158.96
2026-08-15,10,156.60902578580465,157.64
2026-08-15,11,155.3658664211299,156.73
2026-08-15,12,153.38682703350491,154.28
2026-08-15,13,154.3764608802826,156.79
2026-08-15,14,153.24144589537565,157.63
2026-08-15,15,152.98973923368828,156.77
2026-08-15,16,150.52785895692892,156.56
2026-08-15,17,150.21802631517394,155.37
2026-08-15,18,151.18648609716047,154.18
2026-08-15,19,149.0483110689716,154.37
2026-08-15,20,151.30917468407804,154.14
2026-08-15,21,151.88167375867715,149.49
2026-08-15,22,152.95865215702918,150.4
2026-08-15,23,154.0527590491238,155.12
2026-08-15,24,155.02803057041365,160.36
2026-08-15,25,159.61838019929564,164.51
2026-08-15,26,158.2092971725141,162.85
2026-08-15,27,153.05182410428506,155.59
2026-08-15,28,147.4144522907718,144.98
2026-08-15,29,161.98862915547593,170.91
2026-08-15,30,147.64816503632989,161.14
2026-08-15,31,140.21387815227064,147.83
2026-08-15,32,126.01295379590891,127.86
2026-08-15,33,147.56203804204577,163.9
2026-08-15,34,135.3409767173821,150.75
2026-08-15,35,122.38585312082704,125.09
2026-08-15,36,102.7903642015801,109.39
2026-08-15,37,120.9404532770372,138.87
2026-08-15,38,104.00202610416464,112.64
2026-08-15,39,85.25698830578317,97.65
2026-08-15,40,60.76679623488539,89.54
2026-08-15,41,79.8564684503036,99.64
2026-08-15,42,56.525554871057686,69.72
2026-08-15,43,41.48475047873848,44.52
2026-08-15,44,27.970537003551463,30.1
2026-08-15,45,34.132360210775424,33.63
2026-08-15,46,21.276119943151485,25.75
2026-08-15,47,14.69344966579532,15.47
2026-08-15,48,9.199781585406429,10.01
2026-08-15,49,13.44025773507778,5.83
2026-08-15,50,8.47707965590341,4.37
2026-08-15,51,5.923292167550194,3.76
2026-08-15,52,3.2505091278388605,3.51
2026-08-15,53,4.977112664758955,0.97
2026-08-15,54,3.391474668466764,0.58
2026-08-15,55,1.7804163903178676,1.31
2026-08-15,56,-0.1856597194723193,1.17
2026-08-15,57,1.2073187230967832,0.6
2026-08-15,58,2.749051256486183,3.7
2026-08-15,59,2.9467776578293723,5.02
2026-08-15,60,5.769289260236519,7.96
2026-08-15,61,8.12978726040285,7.66
2026-08-15,62,13.89479085268993,9.97
2026-08-15,63,23.243562759774967,16.08
2026-08-15,64,30.78923785877381,26.68
2026-08-15,65,28.58557193851314,22.35
2026-08-15,66,50.1184926043204,40.78
2026-08-15,67,71.45123220817041,92.29
2026-08-15,68,94.14680395459928,118.93
2026-08-15,69,75.19898424721566,94.58
2026-08-15,70,104.5702671289014,113.44
2026-08-15,71,127.88442435785444,146.31
2026-08-15,72,142.64704490886342,167.52
2026-08-15,73,129.87776818034033,149.7
2026-08-15,74,146.88716476680096,160.17
2026-08-15,75,162.94265456959195,174.54
2026-08-15,76,182.55915346225183,173.64
2026-08-15,77,165.42159208029418,163.07
2026-08-15,78,176.27321658366873,172.0
2026-08-15,79,187.99278262404349,185.69
2026-08-15,80,204.94354007205425,199.1
2026-08-15,81,187.98126566599333,173.38
2026-08-15,82,193.7127395600729,182.92
2026-08-15,83,200.819646248462,189.49
2026-08-15,84,197.039877924661,194.17
2026-08-15,85,199.5080531573184,190.79
2026-08-15,86,193.6962891452661,186.25
2026-08-15,87,189.35278159550683,179.59
2026-08-15,88,179.76849495531724,176.74
2026-08-15,89,196.5386178271189,189.45
2026-08-15,90,184.20482096088952,179.87
2026-08-15,91,177.79558302340587,178.01
2026-08-15,92,168.97560740927204,171.04
2026-08-15,93,179.4762159804596,186.99
2026-08-15,94,172.381802155419,170.41
2026-08-15,95,167.13506395040952,173.52
2026-08-15,96,158.44891596285098,165.04
2026-08-16,1,172.96108040650765,188.25
2026-08-16,2,163.23921829982686,175.26
2026-08-16,3,156.93857233612923,168.8
2026-08-16,4,149.93742409855463,164.94
2026-08-16,5,159.49499313149494,180.07
2026-08-16,6,154.35232680280455,172.2
2026-08-16,7,151.5080723665814,164.94
2026-08-16,8,147.44621903820791,157.14
2026-08-16,9,151.28645408348928,163.0
2026-08-16,10,148.65060425395473,172.43
2026-08-16,11,147.64715299915025,167.97
2026-08-16,12,146.5044099958517,157.92
2026-08-16,13,148.0360185347506,160.34
2026-08-16,14,146.62057372957045,157.45
2026-08-16,15,146.26359825969243,156.85
2026-08-16,16,144.7935858007876,155.5
2026-08-16,17,143.83466757900152,158.41
2026-08-16,18,144.8427346370715,155.77
2026-08-16,19,144.3503714921627,156.45
2026-08-16,20,147.38678691633848,156.97
2026-08-16,21,144.70060613103544,151.91
2026-08-16,22,147.2865842899144,154.76
2026-08-16,23,151.0437837123279,160.0
2026-08-16,24,154.2215028885091,161.11
2026-08-16,25,152.0015571688982,161.2
2026-08-16,26,153.63596128247718,160.0
2026-08-16,27,150.82784156561678,153.58
2026-08-16,28,148.21519505058956,151.62
2026-08-16,29,160.34004484629986,160.0
2026-08-16,30,148.71612776887895,154.6
2026-08-16,31,141.35387893548327,147.33
2026-08-16,32,129.1947226125196,139.55
2026-08-16,33,153.41444711303953,170.45
2026-08-16,34,138.92886112274977,154.5
2026-08-16,35,125.74536197899138,137.97
2026-08-16,36,108.3350572866268,120.41
2026-08-16,37,132.95826461990174,148.0
2026-08-16,38,111.7521793979862,126.04
2026-08-16,39,96.9142543479624,115.38
2026-08-16,40,80.0533738856207,108.04
2026-08-16,41,96.13261262718792,115.16
2026-08-16,42,77.58219856470856,107.57
2026-08-16,43,66.54302013800249,83.87
2026-08-16,44,51.83748712216152,81.0
2026-08-16,45,61.48271092491334,74.9
2026-08-16,46,51.56566186568407,58.79
2026-08-16,47,43.28324370701723,59.32
2026-08-16,48,32.73735859698297,51.91
2026-08-16,49,40.26608637317567,56.02
2026-08-16,50,30.500735993192457,55.22
2026-08-16,51,24.11983511191117,39.99
2026-08-16,52,17.688420962509554,22.89
2026-08-16,53,22.24629720079993,31.04
2026-08-16,54,18.065317560129195,23.05
2026-08-16,55,14.945958252122146,25.02
2026-08-16,56,14.621359244599551,30.24
2026-08-16,57,14.166585263239789,25.29
2026-08-16,58,21.83899128375898,29.99
2026-08-16,59,27.14665888904912,39.9
2026-08-16,60,35.01177787235419,51.05
2026-08-16,61,29.648466930021712,48.3
2026-08-16,62,44.79856557069789,63.63
2026-08-16,63,59.497110408634576,77.98
2026-08-16,64,76.20376822076364,80.9
2026-08-16,65,66.1772015512169,89.9
2026-08-16,66,92.53119718199224,110.4
2026-08-16,67,110.19334514947084,117.97
2026-08-16,68,125.41729781469472,146.27
2026-08-16,69,102.73243430288234,118.12
2026-08-16,70,122.2426481575786,133.05
2026-08-16,71,139.00865065621787,155.13
2026-08-16,72,156.16785821638595,175.0
2026-08-16,73,134.66324782293526,155.0
2026-08-16,74,152.6696212163206,161.42
2026-08-16,75,169.7748288351142,175.09
2026-08-16,76,187.5962646053061,186.24
2026-08-16,77,166.93823430083583,172.2
2026-08-16,78,175.09387738786887,181.6
2026-08-16,79,185.7239511655452,194.17
2026-08-16,80,201.60031869520563,203.91
2026-08-16,81,189.3041303875147,188.0
2026-08-16,82,195.2422290001357,197.99
2026-08-16,83,199.00379324508003,202.8
2026-08-16,84,204.00802350433327,211.28
2026-08-16,85,210.72502542480143,212.4
2026-08-16,86,203.6169254308246,208.21
2026-08-16,87,196.5802359679621,202.99
2026-08-16,88,180.14214737816587,199.1
2026-08-16,89,207.09703011529425,215.04
2026-08-16,90,192.3085542248346,210.95
2026-08-16,91,184.82405337213387,202.8
2026-08-16,92,173.15596500536316,197.35
2026-08-16,93,188.7579063058738,203.55
2026-08-16,94,178.59122020959126,194.0
2026-08-16,95,172.56569264436763,188.27
2026-08-16,96,160.18149608719494,184.77
2026-08-17,1,181.57188117589823,205.0
2026-08-17,2,171.9483534960082,196.0
2026-08-17,3,166.36868596889377,188.7
2026-08-17,4,158.8875807931297,178.81
2026-08-17,5,169.0749289419511,187.15
2026-08-17,6,163.33368687585295,181.54
2026-08-17,7,160.06343521037485,178.54
2026-08-17,8,155.5952035934109,168.01
2026-08-17,9,159.3441685643948,172.39
2026-08-17,10,156.73212179099733,164.41
2026-08-17,11,156.4142061660264,160.15
2026-08-17,12,154.32395027027962,158.65
2026-08-17,13,156.7510452078253,162.09
2026-08-17,14,154.33348700347486,160.72
2026-08-17,15,154.37249256357077,158.25
2026-08-17,16,153.61435219656715,160.06
2026-08-17,17,151.65118713093278,157.74
2026-08-17,18,153.06426020621203,155.25
2026-08-17,19,153.5251707722507,159.29
2026-08-17,20,157.87692524646712,164.0
2026-08-17,21,155.94252313052158,162.9
2026-08-17,22,158.79396040922177,169.13
2026-08-17,23,164.7703973941421,177.7
2026-08-17,24,172.91411585183067,190.14
2026-08-17,25,172.3173333939825,192.62
2026-08-17,26,180.7273599687449,197.5
2026-08-17,27,183.12547538057373,198.5
2026-08-17,28,188.14117836866143,200.98
2026-08-17,29,185.7565174927585,207.0
2026-08-17,30,186.72405995226308,208.9
2026-08-17,31,183.2764753121101,205.0
2026-08-17,32,178.25163507180434,199.7
2026-08-17,33,200.0383256756784,212.08
2026-08-17,34,188.5900678163788,208.46
2026-08-17,35,181.65896780981143,213.01
2026-08-17,36,155.1769059442204,200.9
2026-08-17,37,188.64030077148425,212.49
2026-08-17,38,170.29609909462212,204.32
2026-08-17,39,154.70861619668207,195.99
2026-08-17,40,143.4553249292013,182.36
2026-08-17,41,165.89360323442685,190.2
2026-08-17,42,156.30634972027823,180.0
2026-08-17,43,144.96659003092415,169.15
2026-08-17,44,130.3998977798565,162.6
2026-08-17,45,145.8836078273981,176.67
2026-08-17,46,135.93467663057672,173.36
2026-08-17,47,126.44963693692908,161.29
2026-08-17,48,116.19592384924287,156.57
2026-08-17,49,125.03759054252058,158.83
2026-08-17,50,113.15980290367852,156.07
2026-08-17,51,108.63677291012552,155.82
2026-08-17,52,103.14036768155536,146.42
2026-08-17,53,107.21083135027256,158.36
2026-08-17,54,102.521862185171,158.21
2026-08-17,55,97.50544385686904,147.39
2026-08-17,56,92.897195046667,136.81
2026-08-17,57,93.89587365541664,142.54
2026-08-17,58,95.63328001003066,136.92
2026-08-17,59,96.14895374239264,142.17
2026-08-17,60,97.08322714199764,143.56
2026-08-17,61,94.8651993100265,142.67
2026-08-17,62,95.21489206482308,137.86
2026-08-17,63,96.91526319621585,138.17
2026-08-17,64,101.25266753138789,140.84
2026-08-17,65,95.88031546623608,135.4
2026-08-17,66,103.79844140032483,139.78
2026-08-17,67,113.68364359962308,142.37
2026-08-17,68,126.70973437870732,142.79
2026-08-17,69,110.80162768701815,136.66
2026-08-17,70,127.07467109027088,147.49
2026-08-17,71,142.26787274230475,154.57
2026-08-17,72,158.33459596843892,169.37
2026-08-17,73,138.13298316043108,157.75
2026-08-17,74,153.26308938358926,170.46
2026-08-17,75,170.22549242373427,185.71
2026-08-17,76,190.5282527620638,194.48
2026-08-17,77,174.3081488794335,184.66
2026-08-17,78,185.9179707239493,200.57
2026-08-17,79,201.34139495043505,212.04
2026-08-17,80,219.64721689585485,219.14
2026-08-17,81,207.4777739246765,206.58
2026-08-17,82,219.4726999193633,213.69
2026-08-17,83,223.00896222420067,216.04
2026-08-17,84,222.76113052807247,217.29
2026-08-17,85,224.2461721824017,219.05
2026-08-17,86,216.5684689936224,213.86
2026-08-17,87,207.86517727850944,210.0
2026-08-17,88,198.7213726525948,197.1
2026-08-17,89,210.6413313456165,205.4
2026-08-17,90,195.3303503545085,199.19
2026-08-17,91,187.26511378061176,199.24
2026-08-17,92,177.6631621974283,186.99
2026-08-17,93,189.6275464845266,192.75
2026-08-17,94,179.97482772989213,184.4
2026-08-17,95,175.67320590547894,176.53
2026-08-17,96,169.72170223279346,166.0
2026-08-18,1,188.7960080487824,187.93
2026-08-18,2,177.68734316181863,179.97
2026-08-18,3,170.50195240919408,167.81
2026-08-18,4,162.51910351678185,158.56
2026-08-18,5,175.42553741449888,167.15
2026-08-18,6,167.8507987782669,161.93
2026-08-18,7,164.0773299442017,160.0
2026-08-18,8,159.34203211974997,150.07
2026-08-18,9,165.8054539109014,152.55
2026-08-18,10,160.3429785317432,150.08
2026-08-18,11,159.73862742151073,149.66
2026-08-18,12,158.31409230436353,150.93
2026-08-18,13,160.93434586862395,148.34
2026-08-18,14,158.25648625779382,146.98
2026-08-18,15,158.47973510924453,148.18
2026-08-18,16,157.21889908153122,150.07
2026-08-18,17,155.82898680740317,148.4
2026-08-18,18,156.6786447706228,147.05
2026-08-18,19,156.59056983197405,149.3
2026-08-18,20,161.6760622612604,152.13
2026-08-18,21,156.92104593236903,147.12
2026-08-18,22,161.2981519117561,155.99
2026-08-18,23,168.4419991766572,159.44
2026-08-18,24,177.96802295911135,173.57
2026-08-18,25,170.7508607788344,172.39
2026-08-18,26,179.97408750787812,190.44
2026-08-18,27,185.84317945905485,192.51
2026-08-18,28,192.16704335084256,195.78
2026-08-18,29,194.0752991372354,199.7
2026-08-18,30,193.16313331728435,193.79
2026-08-18,31,190.8901549983164,188.86
2026-08-18,32,183.666235820174,187.94
2026-08-18,33,207.2513165614521,201.38
2026-08-18,34,196.4562252118905,196.16
2026-08-18,35,184.6839111330677,180.0
2026-08-18,36,159.94039479337604,163.34
2026-08-18,37,195.0479203684544,174.56
2026-08-18,38,178.34817073675669,167.97
2026-08-18,39,161.5125993473904,156.37
2026-08-18,40,147.02982711099418,146.82
2026-08-18,41,179.88857773885212,160.98
2026-08-18,42,165.6216065325229,155.17
2026-08-18,43,153.67548749752382,147.9
2026-08-18,44,140.65668953059617,145.48
2026-08-18,45,159.7520103786203,148.95
2026-08-18,46,149.32907245012558,144.56
2026-08-18,47,141.6755734326029,141.93
2026-08-18,48,135.8653606533918,147.13
2026-08-18,49,142.94155408773543,137.31
2026-08-18,50,137.3067038391751,137.16
2026-08-18,51,137.6628665300412,136.41
2026-08-18,52,137.1184349332942,135.42
2026-08-18,53,140.56987975377498,133.77
2026-08-18,54,139.59178963746805,133.15
2026-08-18,55,139.35662087527288,131.76
2026-08-18,56,134.956494294809,128.73
2026-08-18,57,132.35317998656922,129.85
2026-08-18,58,133.99404972185047,130.24
2026-08-18,59,138.96884978666287,131.96
2026-08-18,60,147.92119913941332,130.1
2026-08-18,61,134.74488104031715,131.79
2026-08-18,62,142.58035811181395,130.35
2026-08-18,63,146.6023463306159,131.72
2026-08-18,64,149.81468938166822,135.91
2026-08-18,65,133.89501168251726,132.03
2026-08-18,66,143.09396720879795,134.74
2026-08-18,67,151.46828019166918,139.72
2026-08-18,68,163.78182740562275,149.3
2026-08-18,69,139.6666588888942,138.26
2026-08-18,70,154.76801854362196,150.66
2026-08-18,71,167.51403085480678,160.5
2026-08-18,72,182.27337852606715,167.19
2026-08-18,73,156.09839863656734,159.01
2026-08-18,74,172.0963506018872,174.44
2026-08-18,75,186.112474579388,187.57
2026-08-18,76,201.3840782970534,193.2
2026-08-18,77,190.4872280500279,192.0
2026-08-18,78,197.79444257237927,195.01
2026-08-18,79,204.20507350449444,200.16
2026-08-18,80,212.28148628304456,203.56
2026-08-18,81,205.38038408918297,198.56
2026-08-18,82,210.44351270731107,202.56
2026-08-18,83,209.1906140685329,202.0
2026-08-18,84,207.8481866564136,198.46
2026-08-18,85,220.81522019908147,203.6
2026-08-18,86,213.08738622679468,208.53
2026-08-18,87,204.3330796825769,196.03
2026-08-18,88,187.4890199882327,187.02
2026-08-18,89,213.6825539543672,200.23
2026-08-18,90,199.61326836830568,195.0
2026-08-18,91,191.25253379110296,188.25
2026-08-18,92,180.64118294603549,182.06
2026-08-18,93,196.3638040763656,191.52
2026-08-18,94,185.7957176784929,177.9
2026-08-18,95,180.09574659229628,174.25
2026-08-18,96,168.61292519395147,164.9
2026-08-19,1,180.0387952064582,192.0
2026-08-19,2,169.8609745133022,179.12
2026-08-19,3,162.5518819936472,174.36
2026-08-19,4,154.6941400584384,160.92
2026-08-19,5,165.44099530545267,163.46
2026-08-19,6,158.70501545363706,157.81
2026-08-19,7,154.73262988267436,156.13
2026-08-19,8,150.6995275253535,153.0
2026-08-19,9,154.5686522433081,156.88
2026-08-19,10,151.42870346686075,151.89
2026-08-19,11,150.40218613728004,150.39
2026-08-19,12,149.16466445389165,146.49
2026-08-19,13,151.12411155004048,147.52
2026-08-19,14,149.25806362369687,147.94
2026-08-19,15,149.16573328031384,146.48
2026-08-19,16,148.5406919733598,147.26
2026-08-19,17,146.91437627006667,148.07
2026-08-19,18,148.5714261943121,148.82
2026-08-19,19,148.2758046315473,150.0
2026-08-19,20,152.90820029185505,149.09
2026-08-19,21,149.63592537768292,155.03
2026-08-19,22,152.4356309987317,155.34
2026-08-19,23,158.0787636618173,161.45
2026-08-19,24,165.5425999793463,174.84
2026-08-19,25,164.4524682175428,173.09
2026-08-19,26,171.08597902141815,184.71
2026-08-19,27,173.9938948236099,188.92
2026-08-19,28,179.54266282659972,192.23
2026-08-19,29,185.59267748678644,197.0
2026-08-19,30,184.17191380697287,192.85
2026-08-19,31,181.3867982343089,191.72
2026-08-19,32,174.7302911389173,188.95
2026-08-19,33,193.20433957781296,202.0
2026-08-19,34,185.2255762456099,194.13
2026-08-19,35,178.15966423588202,186.99
2026-08-19,36,153.5305031648228,180.34
2026-08-19,37,183.42801696454973,200.0
2026-08-19,38,167.68128401538075,179.92
2026-08-19,39,151.71753907785575,155.0
2026-08-19,40,136.93034171292564,143.78
2026-08-19,41,162.06891494113808,163.0
2026-08-19,42,147.80922191677746,154.9
2026-08-19,43,137.59528786283542,146.43
2026-08-19,44,126.59737366657208,146.34
2026-08-19,45,140.75315132274054,145.69
2026-08-19,46,133.11128505115005,146.02
2026-08-19,47,127.14707201859916,142.13
2026-08-19,48,120.84793295167634,138.0
2026-08-19,49,126.18491715681746,143.44
2026-08-19,50,118.20053259329391,135.42
2026-08-19,51,114.91271755597992,134.6
2026-08-19,52,110.8789260918828,130.87
2026-08-19,53,114.60497908906416,133.2
2026-08-19,54,110.80106447555384,129.43
2026-08-19,55,106.42333522244049,126.39
2026-08-19,56,102.0081957046104,123.8
2026-08-19,57,102.3148582008715,128.08
2026-08-19,58,103.88149243536417,129.28
2026-08-19,59,105.92175680683746,126.8
2026-08-19,60,108.08073468001815,126.93
2026-08-19,61,104.6942191709818,125.48
2026-08-19,62,107.72637781307488,129.36
2026-08-19,63,112.3414568675624,132.95
2026-08-19,64,119.2612116798176,136.24
2026-08-19,65,112.29003262465952,130.0
2026-08-19,66,121.76318070772744,135.0
2026-08-19,67,131.65892924503737,140.56
2026-08-19,68,145.81304304607775,147.71
2026-08-19,69,126.6045173544456,138.08
2026-08-19,70,142.5323806480887,146.02
2026-08-19,71,156.68187387033095,156.97
2026-08-19,72,168.11422129697468,173.5
2026-08-19,73,150.28257488458783,164.67
2026-08-19,74,163.1950751883982,180.0
2026-08-19,75,177.15143940119117,192.0
2026-08-19,76,192.97640482219828,198.27
2026-08-19,77,184.61451196360508,187.42
2026-08-19,78,194.1020795747212,205.02
2026-08-19,79,205.7117164701704,215.99
2026-08-19,80,219.03604408317003,221.78
2026-08-19,81,206.43434805660831,199.57
2026-08-19,82,216.18312387686217,208.87
2026-08-19,83,216.4591990408433,212.6
2026-08-19,84,214.0491823100204,216.74
2026-08-19,85,220.24667567439508,212.86
2026-08-19,86,216.35750049375707,211.1
2026-08-19,87,209.1890972577881,203.54
2026-08-19,88,192.7477302338947,196.99
2026-08-19,89,215.32834701354204,206.89
2026-08-19,90,202.3501512382983,201.18
2026-08-19,91,194.5978906305411,198.0
2026-08-19,92,183.86304045620253,190.32
2026-08-19,93,196.5706897771421,196.0
2026-08-19,94,186.12379990755383,190.1
2026-08-19,95,180.70709743882503,185.0
2026-08-19,96,173.10527765994664,175.09
2026-08-20,1,192.6129828380758,185.0
2026-08-20,2,182.4733070674668,178.23
2026-08-20,3,175.18518412854124,168.62
2026-08-20,4,165.47805619714686,159.0
2026-08-20,5,176.53366686119796,166.11
2026-08-20,6,169.83559430542053,162.91
2026-08-20,7,165.1050247645475,162.11
2026-08-20,8,160.00066835144267,158.27
2026-08-20,9,164.69765709202318,158.91
2026-08-20,10,160.4553565515042,154.99
2026-08-20,11,159.2531771256358,151.5
2026-08-20,12,157.48465557098177,149.53
2026-08-20,13,159.37594433544325,149.15
2026-08-20,14,157.4609514077909,146.95
2026-08-20,15,157.80856302322172,148.89
2026-08-20,16,156.628766902785,146.97
2026-08-20,17,155.4694343213864,145.9
2026-08-20,18,156.61300060983328,146.91
2026-08-20,19,157.93348420644557,149.56
2026-08-20,20,161.9705430002743,151.6
2026-08-20,21,157.7777570784626,148.71
2026-08-20,22,162.1990700059821,154.65
2026-08-20,23,168.61178894565103,162.13
2026-08-20,24,177.76587770537418,172.71
2026-08-20,25,175.74321564229484,171.64
2026-08-20,26,183.49225163627352,183.99
2026-08-20,27,184.97865088525504,188.22
2026-08-20,28,191.95830661346167,187.35
2026-08-20,29,197.40949781591547,195.14
2026-08-20,30,193.70918859684176,188.66
2026-08-20,31,188.1358104972176,185.68
2026-08-20,32,178.44849486532792,176.25
2026-08-20,33,201.11166263848068,188.96
2026-08-20,34,188.7763227286921,177.63
2026-08-20,35,177.05962603268506,165.0
2026-08-20,36,152.7215845340957,155.4
2026-08-20,37,187.96477436628905,170.0
2026-08-20,38,167.35708254903574,165.11
2026-08-20,39,148.10420808439022,147.12
2026-08-20,40,131.22763297065046,135.79
2026-08-20,41,157.15206882753563,154.89
2026-08-20,42,139.0949543073985,137.18
2026-08-20,43,126.50764367056377,133.0
2026-08-20,44,110.51629672107362,117.89
2026-08-20,45,125.20566630435144,132.96
2026-08-20,46,112.89867932446072,112.6
2026-08-20,47,103.01489592638195,103.04
2026-08-20,48,91.42104264682784,89.22
2026-08-20,49,97.9180086974054,99.77
2026-08-20,50,87.18528681600128,83.69
2026-08-20,51,82.09944351419122,78.09
2026-08-20,52,76.1434713164519,72.97
2026-08-20,53,79.56953109392335,73.47
2026-08-20,54,75.68416227689394,68.25
2026-08-20,55,71.40579402019668,60.42
2026-08-20,56,68.07760062889623,52.69
2026-08-20,57,69.03888590013828,66.88
2026-08-20,58,73.2720703421198,65.18
2026-08-20,59,76.69983739828982,72.77
2026-08-20,60,78.93448474126174,72.93
2026-08-20,61,78.01059331088803,78.7
2026-08-20,62,85.24207268688082,85.36
2026-08-20,63,95.8043396262249,97.36
2026-08-20,64,109.92745438626064,103.41
2026-08-20,65,97.38190893777455,73.87
2026-08-20,66,115.2618388798133,99.0
2026-08-20,67,125.53200879194132,119.24
2026-08-20,68,138.8561165769722,131.91
2026-08-20,69,121.4983145622969,128.09
2026-08-20,70,137.43939847172604,135.63
2026-08-20,71,151.5108008890474,151.07
2026-08-20,72,164.66306478477802,162.01
2026-08-20,73,148.77553041552002,140.81
2026-08-20,74,162.5265925503041,156.73
2026-08-20,75,177.68286590746652,177.35
2026-08-20,76,194.8655532269277,182.09
2026-08-20,77,182.16843702129225,180.59
2026-08-20,78,192.2731605381411,189.29
2026-08-20,79,205.27343954049377,196.2
2026-08-20,80,222.999842778317,202.81
2026-08-20,81,205.95324093785968,198.85
2026-08-20,82,217.19044403524703,199.99
2026-08-20,83,219.280885692418,201.56
2026-08-20,84,225.73768653565253,202.0
2026-08-20,85,222.281321876054,200.64
2026-08-20,86,215.21971363429628,197.67
2026-08-20,87,207.23399665023047,195.01
2026-08-20,88,195.06580008820112,189.15
2026-08-20,89,211.786387053099,193.65
2026-08-20,90,198.62063078566337,190.0
2026-08-20,91,190.78003113799315,187.99
2026-08-20,92,181.4585309144782,180.07
2026-08-20,93,194.50599089948537,180.09
2026-08-20,94,184.1420210227853,176.0
2026-08-20,95,179.13532581248623,170.93
2026-08-20,96,169.87712123940338,165.04
2026-08-21,1,189.328973424778,183.05
2026-08-21,2,176.52427941799624,175.0
2026-08-21,3,167.7638677708247,166.45
2026-08-21,4,158.62837717732305,156.9
2026-08-21,5,171.6130186784175,165.55
2026-08-21,6,162.24741619598635,162.28
2026-08-21,7,157.4295480264414,159.74
2026-08-21,8,152.46805372263606,154.39
2026-08-21,9,156.9540354278204,154.94
2026-08-21,10,152.77722446947757,152.71
2026-08-21,11,152.03408700211753,151.0
2026-08-21,12,149.46596580817052,151.3
2026-08-21,13,151.96261799833718,152.65
2026-08-21,14,149.0389741399813,151.11
2026-08-21,15,149.14018095545384,151.53
2026-08-21,16,148.22883280741,150.61
2026-08-21,17,147.1199405346399,150.88
2026-08-21,18,147.8943243023295,151.49
2026-08-21,19,149.87354413456654,152.57
2026-08-21,20,153.94243993864472,157.9
2026-08-21,21,150.5627266105872,152.1
2026-08-21,22,154.45764168624433,157.08
2026-08-21,23,162.36461250994086,169.32
2026-08-21,24,173.85653960968818,185.0
2026-08-21,25,167.84455632645663,181.71
2026-08-21,26,178.96745188003473,189.94
2026-08-21,27,183.8694085175973,189.93
2026-08-21,28,190.9971295110772,195.26
2026-08-21,29,192.52607886558613,193.58
2026-08-21,30,192.87157767365383,194.66
2026-08-21,31,188.08529737455984,195.32
2026-08-21,32,179.9978164595522,192.0
2026-08-21,33,201.9553919568728,211.88
2026-08-21,34,190.0624700637601,204.71
2026-08-21,35,178.93199366107376,188.2
2026-08-21,36,158.33512449885595,165.55
2026-08-21,37,187.92693558777228,193.04
2026-08-21,38,173.8418985746277,175.59
2026-08-21,39,159.58906068397422,158.24
2026-08-21,40,147.6697012425022,144.45
2026-08-21,41,176.33704362678344,166.0
2026-08-21,42,161.83591929583125,154.69
2026-08-21,43,151.9798823587236,142.59
2026-08-21,44,140.63938734144185,132.72
2026-08-21,45,156.96054978779267,139.8
2026-08-21,46,150.30781978500224,142.14
2026-08-21,47,145.18010422500043,137.0
2026-08-21,48,140.95557022193634,136.59
2026-08-21,49,147.5779919686313,134.38
2026-08-21,50,142.8023595270523,134.62
2026-08-21,51,143.8794071137335,134.77
2026-08-21,52,141.953721890513,137.07
2026-08-21,53,146.82285300768643,140.65
2026-08-21,54,145.05170711948833,138.01
2026-08-21,55,144.19430412676505,142.81
2026-08-21,56,141.07681302585598,140.51
2026-08-21,57,138.48012669750565,134.35
2026-08-21,58,140.67873857861633,142.05
2026-08-21,59,143.5830925132001,144.34
2026-08-21,60,151.94068522276137,143.95
2026-08-21,61,139.34828813261137,144.78
2026-08-21,62,145.9522961597448,145.0
2026-08-21,63,151.52798778411068,144.12
2026-08-21,64,158.20434265111123,165.09
2026-08-21,65,140.12200992860724,148.6
2026-08-21,66,151.1163825005974,157.97
2026-08-21,67,159.44845598782183,167.88
2026-08-21,68,170.6064285533907,191.51
2026-08-21,69,149.12453466955304,160.6
2026-08-21,70,163.2210931442255,180.84
2026-08-21,71,168.51855277895118,196.0
2026-08-21,72,181.9516695727686,207.39
2026-08-21,73,164.45098716188258,193.49
2026-08-21,74,177.16573252722202,199.99
2026-08-21,75,189.01381700981096,196.37
2026-08-21,76,198.620595968603,198.11
2026-08-21,77,194.9485332110468,205.0
2026-08-21,78,197.6881563716385,204.34
2026-08-21,79,203.66926919720447,199.99
2026-08-21,80,209.5185349464369,208.33
2026-08-21,81,203.22082048253185,206.99
2026-08-21,82,207.05851836698912,199.56
2026-08-21,83,204.6100824447128,200.76
2026-08-21,84,202.38717458748263,208.31
2026-08-21,85,209.95200705272305,205.32
2026-08-21,86,204.18173534191783,204.01
2026-08-21,87,196.4999586715474,195.96
2026-08-21,88,188.1352738743111,189.57
2026-08-21,89,202.36193973555515,192.71
2026-08-21,90,191.0004157184244,188.27
2026-08-21,91,185.2888182850349,189.26
2026-08-21,92,176.0430147521233,179.19
2026-08-21,93,188.16381555901248,182.37
2026-08-21,94,179.96605516123964,175.8
2026-08-21,95,174.6020315533733,171.92
2026-08-21,96,164.52579525520449,163.91
2026-08-22,1,182.91102549433057,176.56
2026-08-22,2,174.330213661602,171.6
2026-08-22,3,166.0022423233329,166.27
2026-08-22,4,157.64622041599614,157.6
2026-08-22,5,168.33560407968687,164.97
2026-08-22,6,159.6851702132813,161.34
2026-08-22,7,155.41191720060235,160.01
2026-08-22,8,150.6174000249988,159.82
2026-08-22,9,157.35589820419156,159.97
2026-08-22,10,151.4628497459687,156.91
2026-08-22,11,149.29941977236393,159.9
2026-08-22,12,147.5740461584598,158.07
2026-08-22,13,150.17899832798074,160.23
2026-08-22,14,147.80793349457943,155.99
2026-08-22,15,147.21511561905842,153.7
2026-08-22,16,144.73826099714904,147.64
2026-08-22,17,145.14102766034424,154.29
2026-08-22,18,144.91825508751262,149.62
2026-08-22,19,144.70932389446867,145.26
2026-08-22,20,145.42392866630334,144.83
2026-08-22,21,144.4757438259594,147.67
2026-08-22,22,144.40143271369791,143.8
2026-08-22,23,146.58936837053787,144.19
2026-08-22,24,144.8639745654205,146.37
2026-08-22,25,155.83168087740725,153.82
2026-08-22,26,150.2559435932392,156.7
2026-08-22,27,147.1905660450905,155.67
2026-08-22,28,141.17977691962156,149.37
2026-08-22,29,156.53703253253985,159.74
2026-08-22,30,146.11837426712168,146.89
2026-08-22,31,134.78833059603764,139.3
2026-08-22,32,122.36068323704131,130.09
2026-08-22,33,150.20264391193876,147.32
2026-08-22,34,131.158039927074,138.0
2026-08-22,35,118.6013196377789,124.51
2026-08-22,36,104.06520146779056,102.69
2026-08-22,37,122.1617446338069,110.75
2026-08-22,38,106.11764095257004,98.63
2026-08-22,39,93.08679852362066,85.01
2026-08-22,40,77.43676062043244,66.68
2026-08-22,41,87.07203564971151,78.38
2026-08-22,42,70.65461895276884,64.13
2026-08-22,43,57.81919342357486,38.57
2026-08-22,44,44.8968763929886,20.1
2026-08-22,45,47.39036013008485,41.97
2026-08-22,46,36.29344509767666,20.59
2026-08-22,47,29.081299173113912,10.22
2026-08-22,48,23.01338376401528,6.47
2026-08-22,49,26.35074709821057,3.02
2026-08-22,50,21.833781307415933,0.96
2026-08-22,51,19.01974046548142,0.01
2026-08-22,52,15.477621101247223,0.0
2026-08-22,53,16.84121805578267,0.0
2026-08-22,54,14.346886924262854,0.0
2026-08-22,55,10.73812891417407,-0.01
2026-08-22,56,6.201137320038896,-0.01
2026-08-22,57,8.970819402231292,-0.01
2026-08-22,58,6.23153725550079,-0.01
2026-08-22,59,7.263843349018245,-0.01
2026-08-22,60,6.895192783592833,-0.01
2026-08-22,61,9.053456374526384,-0.06
2026-08-22,62,9.798959073548474,-0.14
2026-08-22,63,8.909639791935462,-0.1
2026-08-22,64,-1.4284042847149294,-0.09
2026-08-22,65,11.360946662511893,-0.01
2026-08-22,66,13.817306857994367,0.0
2026-08-22,67,18.79187523139888,0.0
2026-08-22,68,24.23858932306328,0.0
2026-08-22,69,21.13624932991705,0.01
2026-08-22,70,32.889867485311655,2.05
2026-08-22,71,53.70150839774894,39.51
2026-08-22,72,89.83302712725396,71.99
2026-08-22,73,57.8598899282921,76.32
2026-08-22,74,93.45108456240112,95.15
2026-08-22,75,117.31720018740911,113.99
2026-08-22,76,135.3373916482302,134.83
2026-08-22,77,118.45331004478548,132.5
2026-08-22,78,137.41708521212755,141.86
2026-08-22,79,153.7956700997738,157.56
2026-08-22,80,175.00809693040037,164.68
2026-08-22,81,153.65596713405796,146.99
2026-08-22,82,158.51180502551182,156.78
2026-08-22,83,162.93863935126433,169.75
2026-08-22,84,165.83008257971954,183.13
2026-08-22,85,162.32659468692378,172.56
2026-08-22,86,157.1077112251646,170.74
2026-08-22,87,153.9485060298661,165.85
2026-08-22,88,149.3299716262806,163.66
2026-08-22,89,158.20502268754814,166.18
2026-08-22,90,148.98832982056905,158.41
2026-08-22,91,145.9033557058914,152.26
2026-08-22,92,139.6370265924728,145.98
2026-08-22,93,142.8252177657136,146.75
2026-08-22,94,136.6686751166103,142.34
2026-08-22,95,134.26835767024696,139.28
2026-08-22,96,128.66419645868706,136.11
2026-08-23,1,135.8530997613058,140.99
2026-08-23,2,127.16644734257332,133.96
2026-08-23,3,119.6312401345342,129.02
2026-08-23,4,113.55014772473358,126.72
2026-08-23,5,122.1418121568764,131.2
2026-08-23,6,115.0114071603537,126.69
2026-08-23,7,112.18555050813885,124.79
2026-08-23,8,108.21381199458688,120.6
2026-08-23,9,112.74582367487716,126.28
2026-08-23,10,108.91926335551469,119.75
2026-08-23,11,108.68550086718398,117.56
2026-08-23,12,106.4601275994865,113.87
2026-08-23,13,108.52630490291246,117.57
2026-08-23,14,105.97221223267428,116.43
2026-08-23,15,105.22268206367696,115.74
2026-08-23,16,104.7879701409168,115.1
2026-08-23,17,104.74717930126062,117.63
2026-08-23,18,105.06384300429885,113.72
2026-08-23,19,105.75728368614573,113.64
2026-08-23,20,106.3387468031116,113.98
2026-08-23,21,106.48661233022996,116.5
2026-08-23,22,106.14062789483116,115.39
2026-08-23,23,106.2428734889326,117.78
2026-08-23,24,105.31868020128084,117.27
2026-08-23,25,113.2932409038156,119.5
2026-08-23,26,110.266101108199,117.25
2026-08-23,27,107.79269635612648,116.62
2026-08-23,28,100.340476606666,113.46
2026-08-23,29,115.35380522486844,115.99
2026-08-23,30,107.10777573143056,111.99
2026-08-23,31,95.5340990785676,100.0
2026-08-23,32,77.69178332167604,80.39
2026-08-23,33,102.714887943114,95.58
2026-08-23,34,82.675258089332,72.0
2026-08-23,35,64.04994855924882,25.56
2026-08-23,36,42.71004138030746,6.18
2026-08-23,37,60.268135541805336,4.48
2026-08-23,38,39.22366372792459,0.05
2026-08-23,39,25.193359783160982,-0.13
2026-08-23,40,18.08352918742898,-0.38
2026-08-23,41,19.976858840796098,-0.19
2026-08-23,42,14.452370236600586,-0.44
2026-08-23,43,7.172737605597206,-0.64
2026-08-23,44,2.674876311110112,-1.01
2026-08-23,45,5.892300609512262,-1.0
2026-08-23,46,4.920315865345557,-1.62
2026-08-23,47,1.764145001747508,-2.03
2026-08-23,48,-1.0445275410324513,-2.67
2026-08-23,49,0.9803392943749714,-2.99
2026-08-23,50,-1.3727195324918426,-3.17
2026-08-23,51,-3.0201910484442323,-2.99
2026-08-23,52,-6.451129308924209,-2.99
2026-08-23,53,-4.392275328836554,-3.52
2026-08-23,54,-6.532315242022037,-4.99
2026-08-23,55,-7.640554308619571,-5.44
2026-08-23,56,-9.492744325032405,-6.04
2026-08-23,57,-8.465882656323934,-6.21
2026-08-23,58,-6.454025684118975,-5.07
2026-08-23,59,0.8747343008430164,-3.04
2026-08-23,60,0.7979617156881886,-2.61
2026-08-23,61,-3.950174723532001,-2.01
2026-08-23,62,0.2977971971833,-1.73
2026-08-23,63,3.194342452809892,-1.0
2026-08-23,64,10.557568703242469,-1.17
2026-08-23,65,-0.2674895023474732,-1.03
2026-08-23,66,10.01784053948228,-1.0
2026-08-23,67,26.531433288169907,-0.1
2026-08-23,68,40.09363798900675,0.0
2026-08-23,69,19.10576464873565,0.07
2026-08-23,70,48.42126329699783,10.71
2026-08-23,71,71.85802566274306,70.68
2026-08-23,72,106.11653828099529,112.04
2026-08-23,73,73.56503253836205,104.2
2026-08-23,74,106.6985027895376,129.33
2026-08-23,75,132.75247497972447,161.71
2026-08-23,76,157.35877874785234,182.45
2026-08-23,77,135.61871863495873,165.07
2026-08-23,78,153.91483199119403,177.63
2026-08-23,79,172.94475227475297,189.05
2026-08-23,80,194.9834432616392,189.05
2026-08-23,81,170.0349526330188,188.4
2026-08-23,82,176.8945468546166,187.17
2026-08-23,83,185.1520147879152,185.37
2026-08-23,84,188.9294556412113,182.62
2026-08-23,85,184.41541724867272,179.93
2026-08-23,86,179.75182013994754,179.07
2026-08-23,87,178.8728498054617,176.95
2026-08-23,88,173.64680204608274,176.25
2026-08-23,89,183.6242380564408,174.86
2026-08-23,90,173.58524073690506,173.54
2026-08-23,91,170.62820408960064,172.48
2026-08-23,92,164.57010758251607,169.83
2026-08-23,93,169.58281963742164,168.91
2026-08-23,94,164.56059736062517,166.69
2026-08-23,95,163.5825452713619,166.12
2026-08-23,96,157.37658620996166,160.08
2026-08-24,1,161.8732063386847,164.69
2026-08-24,2,154.2789611119618,162.16
2026-08-24,3,150.02577905519564,161.58
2026-08-24,4,145.08689312675722,155.29
2026-08-24,5,151.50040601255677,160.04
2026-08-24,6,147.7507612381189,154.13
2026-08-24,7,146.39660133695844,149.59
2026-08-24,8,143.6172437614605,146.73
2026-08-24,9,145.93688554151203,148.2
2026-08-24,10,144.44455829470166,147.5
2026-08-24,11,144.11194069498907,147.83
2026-08-24,12,142.8613430992748,148.0
2026-08-24,13,143.1957901547061,149.54
2026-08-24,14,142.99191321391777,149.94
2026-08-24,15,143.3659014427963,148.36
2026-08-24,16,143.60526335285934,147.1
2026-08-24,17,141.97302928250724,147.16
2026-08-24,18,143.36065304776275,149.0
2026-08-24,19,145.96329993122845,151.54
2026-08-24,20,149.18720922968726,157.49
2026-08-24,21,145.82627163279398,152.5
2026-08-24,22,150.51513079328794,166.85
2026-08-24,23,158.50925195701163,179.34
2026-08-24,24,168.3286032317497,191.99
2026-08-24,25,165.17494284168802,180.77
2026-08-24,26,177.7688906793136,196.38
2026-08-24,27,181.6873718552849,222.35
2026-08-24,28,187.3591867841932,223.18
2026-08-24,29,192.95920675681043,233.26
2026-08-24,30,191.4425292565457,220.85
2026-08-24,31,184.12092228094207,192.17
2026-08-24,32,169.09612232584993,179.32
2026-08-24,33,199.23546803634045,204.1
2026-08-24,34,180.54790290241243,180.13
2026-08-24,35,163.94202092838398,170.39
2026-08-24,36,140.12378637483107,152.5
2026-08-24,37,170.8456700034235,175.0
2026-08-24,38,147.8895949281049,150.19
2026-08-24,39,130.04739322201314,126.7
2026-08-24,40,114.82944306317528,113.49
2026-08-24,41,134.81175706026835,136.35
2026-08-24,42,118.38522325889292,119.76
2026-08-24,43,107.31466392369352,110.24
2026-08-24,44,95.30367710636872,83.94
2026-08-24,45,106.495103314893,104.54
2026-08-24,46,96.21259574891631,82.3
2026-08-24,47,88.95989663722463,74.15
2026-08-24,48,81.54276184060697,60.05
2026-08-24,49,86.04535701121313,62.04
2026-08-24,50,79.59181435883896,52.84
2026-08-24,51,76.67771741899033,57.68
2026-08-24,52,73.29178571333279,49.97
2026-08-24,53,75.02296249383836,48.81
2026-08-24,54,73.15834251963668,40.64
2026-08-24,55,70.56213406779122,27.0
2026-08-24,56,68.45176216644013,20.13
2026-08-24,57,68.43389496390489,31.67
2026-08-24,58,72.89278016034173,39.89
2026-08-24,59,78.18595222682124,33.63
2026-08-24,60,83.4980816699549,37.44
2026-08-24,61,78.11744585586041,50.24
2026-08-24,62,86.6982326835643,59.01
2026-08-24,63,95.39765124128355,84.32
2026-08-24,64,106.84568072364496,96.42
2026-08-24,65,92.62354469592051,71.89
2026-08-24,66,106.92221997657538,99.39
2026-08-24,67,119.69327570832152,110.25
2026-08-24,68,136.74845971641474,126.82
2026-08-24,69,114.16567981908004,112.65
2026-08-24,70,134.07658515675777,130.4
2026-08-24,71,150.41175216711002,156.43
2026-08-24,72,168.6968329290907,174.36
2026-08-24,73,150.81115047233294,155.96
2026-08-24,74,167.84956843829815,173.53
2026-08-24,75,185.4284618045782,184.38
2026-08-24,76,204.07471463146936,215.47
2026-08-24,77,191.89799185273603,188.3
2026-08-24,78,200.7294650808477,209.39
2026-08-24,79,211.69173428059264,229.87
2026-08-24,80,227.4013257320599,249.92
2026-08-24,81,210.34222714796283,239.9
2026-08-24,82,212.6530248902893,224.86
2026-08-24,83,212.4606001771137,216.36
2026-08-24,84,207.61350251695868,196.99
2026-08-24,85,212.4587346967598,199.0
2026-08-24,86,204.1594484882656,193.23
2026-08-24,87,193.3598670707632,183.05
2026-08-24,88,177.33299688026614,176.83
2026-08-24,89,194.69382110438136,176.54
2026-08-24,90,181.38065037783616,173.52
2026-08-24,91,171.89696178764447,169.99
2026-08-24,92,161.23529336886762,167.05
2026-08-24,93,172.18847024837345,163.19
2026-08-24,94,161.7513627723168,157.08
2026-08-24,95,156.55456559537282,154.12
2026-08-24,96,147.89700089310287,144.51
2026-08-25,1,165.35892035540124,155.82
2026-08-25,2,156.64369081781655,154.66
2026-08-25,3,150.9426828968597,151.45
2026-08-25,4,144.64638625966194,147.43
2026-08-25,5,152.90195163647138,152.74
2026-08-25,6,147.8078829750951,145.42
2026-08-25,7,144.65062219199797,144.74
2026-08-25,8,140.98960082298433,144.4
2026-08-25,9,144.34576947214694,144.01
2026-08-25,10,141.55368803390928,141.92
2026-08-25,11,140.9485133190003,142.19
2026-08-25,12,139.36410867810878,141.54
2026-08-25,13,140.17337319413247,139.87
2026-08-25,14,139.94777627181017,139.8
2026-08-25,15,139.56309378067803,139.86
2026-08-25,16,139.78208387459532,140.49
2026-08-25,17,138.65537292529274,139.94
2026-08-25,18,139.88847245856272,141.0
2026-08-25,19,141.8720904143346,141.55
2026-08-25,20,144.81276278945802,143.99
2026-08-25,21,142.58050418069035,144.99
2026-08-25,22,145.98644172878383,145.66
2026-08-25,23,153.47042140889096,150.6
2026-08-25,24,162.8976384504038,157.07
2026-08-25,25,159.29453610862248,164.7
2026-08-25,26,169.5345664891981,170.99
2026-08-25,27,172.4876332784115,173.37
2026-08-25,28,175.0540133185597,176.6
2026-08-25,29,182.49974799325747,184.84
2026-08-25,30,178.98512583665942,185.05
2026-08-25,31,173.84048170447085,181.76
2026-08-25,32,163.44189653227392,170.99
2026-08-25,33,188.5592662009318,187.63
2026-08-25,34,173.99671915717627,173.97
2026-08-25,35,161.97624677561038,166.16
2026-08-25,36,139.08860505797531,157.86
2026-08-25,37,171.27765627676027,165.47
2026-08-25,38,147.24371446141225,152.68
2026-08-25,39,130.94052758421594,135.91
2026-08-25,40,115.0297852758751,127.69
2026-08-25,41,135.75156086381477,140.49
2026-08-25,42,118.27573300033814,122.67
2026-08-25,43,107.71185320329658,113.0
2026-08-25,44,95.52488751863793,93.68
2026-08-25,45,106.08047916167352,108.4
2026-08-25,46,94.16719219967896,92.72
2026-08-25,47,86.04124498277065,72.98
2026-08-25,48,77.38665910746602,58.48
2026-08-25,49,80.63425827666984,79.08
2026-08-25,50,72.18712929356519,62.6
2026-08-25,51,69.02288548584553,67.03
2026-08-25,52,64.80732719701973,59.92
2026-08-25,53,65.98182984468413,69.99
2026-08-25,54,63.55305052938959,62.38
2026-08-25,55,59.89844625963145,58.53
2026-08-25,56,57.96643668720559,57.93
2026-08-25,57,59.53212628396928,56.63
2026-08-25,58,63.11345123556325,60.02
2026-08-25,59,68.60232870407728,73.79
2026-08-25,60,74.68759647802342,83.41
2026-08-25,61,71.241526022677,67.26
2026-08-25,62,79.6431343101071,78.57
2026-08-25,63,88.91902278336367,92.24
2026-08-25,64,102.17432030288418,101.92
2026-08-25,65,88.68774338075245,91.07
2026-08-25,66,103.7553370126459,111.5
2026-08-25,67,115.924154197438,118.01
2026-08-25,68,131.62247552555726,137.03
2026-08-25,69,112.41306730008392,118.68
2026-08-25,70,130.50952233308965,138.7
2026-08-25,71,145.8262458430814,159.85
2026-08-25,72,162.646892324654,170.98
2026-08-25,73,145.52771998229105,154.99
2026-08-25,74,160.53001820853368,172.0
2026-08-25,75,175.6517517397386,186.91
2026-08-25,76,189.53010657751128,201.23
2026-08-25,77,177.38339612865505,193.07
2026-08-25,78,181.9302205800119,205.65
2026-08-25,79,189.1834553495511,219.86
2026-08-25,80,201.3231505684749,218.65
2026-08-25,81,192.2205549727558,200.32
2026-08-25,82,193.70283355183096,212.58
2026-08-25,83,192.9515500265536,211.73
2026-08-25,84,185.72602649742456,195.94
2026-08-25,85,196.21672986127203,192.1
2026-08-25,86,188.5658984902945,186.95
2026-08-25,87,179.93714232472803,178.93
2026-08-25,88,168.11106215971924,171.99
2026-08-25,89,182.8778570676278,175.87
2026-08-25,90,173.1703381670813,172.57
2026-08-25,91,166.35022195809964,176.25
2026-08-25,92,157.35337850954315,164.38
2026-08-25,93,166.78085508384734,167.84
2026-08-25,94,158.05449990504536,161.33
2026-08-25,95,153.20439203788132,161.29
2026-08-25,96,144.8016572018593,148.18
2026-08-26,1,175.85560238879378,180.19
2026-08-26,2,168.22575724072104,165.74
2026-08-26,3,163.5822188440224,157.29
2026-08-26,4,157.2001777014462,152.89
2026-08-26,5,164.92423738467485,161.06
2026-08-26,6,160.16391921019965,156.44
2026-08-26,7,157.6388599097323,156.64
2026-08-26,8,154.07041790967327,154.09
2026-08-26,9,156.56457334481777,152.29
2026-08-26,10,154.67863619185957,151.95
2026-08-26,11,153.87292770809083,151.23
2026-08-26,12,152.2829697450684,151.1
2026-08-26,13,152.77507667388602,149.78
2026-08-26,14,152.7873222905857,148.95
2026-08-26,15,152.16616361307854,150.01
2026-08-26,16,152.09808739713915,149.66
2026-08-26,17,151.033540856132,149.86
2026-08-26,18,151.84942419063532,150.39
2026-08-26,19,154.3374768562052,151.95
2026-08-26,20,157.95959631042038,154.83
2026-08-26,21,154.2666231450681,150.58
2026-08-26,22,159.04155036447085,156.97
2026-08-26,23,167.76343325012385,163.26
2026-08-26,24,177.00861293143208,171.05
2026-08-26,25,172.79278538065108,173.79
2026-08-26,26,183.00940485411456,185.5
2026-08-26,27,186.8915736301574,190.07
2026-08-26,28,191.70688386367783,191.16
2026-08-26,29,198.7922111808301,199.35
2026-08-26,30,198.61198041898905,198.92
2026-08-26,31,193.92539404201207,194.48
2026-08-26,32,183.58251919690392,189.4
2026-08-26,33,209.22204284780952,212.12
2026-08-26,34,195.78533091617405,204.49
2026-08-26,35,183.6537623545444,186.55
2026-08-26,36,159.34007609440323,170.92
2026-08-26,37,194.8737242328468,191.26
2026-08-26,38,172.84769693598594,173.42
2026-08-26,39,153.52844218419938,157.54
2026-08-26,40,136.67437733211648,144.27
2026-08-26,41,161.43833293121503,165.21
2026-08-26,42,142.93581777890813,135.93
2026-08-26,43,130.38611532067455,128.23
2026-08-26,44,112.36826952073083,120.55
2026-08-26,45,126.4252821093973,132.06
2026-08-26,46,112.27411728369248,125.1
2026-08-26,47,101.14508211033342,119.8
2026-08-26,48,88.45410787378468,105.68
2026-08-26,49,94.500042347717,112.77
2026-08-26,50,84.64185571208395,94.25
2026-08-26,51,80.41837808628323,97.47
2026-08-26,52,76.40174835714936,89.93
2026-08-26,53,78.361834672593,101.01
2026-08-26,54,75.59583381352012,91.06
2026-08-26,55,72.52272814894351,85.01
2026-08-26,56,70.64548687915448,81.08
2026-08-26,57,71.61027440232849,90.48
2026-08-26,58,76.19387734480794,90.76
2026-08-26,59,80.99315133553772,91.87
2026-08-26,60,86.66648392347382,94.77
2026-08-26,61,81.26877816485946,93.62
2026-08-26,62,89.78562107750437,100.66
2026-08-26,63,98.75342747408612,104.3
2026-08-26,64,111.46715530261508,111.63
2026-08-26,65,97.3084839447726,108.35
2026-08-26,66,113.78420921403718,117.55
2026-08-26,67,125.40549130636404,122.93
2026-08-26,68,143.29609098651378,141.2
2026-08-26,69,121.83237001255551,125.31
2026-08-26,70,141.10351371876146,149.7
2026-08-26,71,157.80695001346834,173.0
2026-08-26,72,174.70502301221765,179.87
2026-08-26,73,159.40545549596402,160.51
2026-08-26,74,173.59285172605166,173.58
2026-08-26,75,186.71456256663907,191.78
2026-08-26,76,202.0731922248668,216.63
2026-08-26,77,194.0680443044519,193.34
2026-08-26,78,197.049399833819,206.64
2026-08-26,79,207.9171922508187,218.91
2026-08-26,80,217.46118421011715,226.09
2026-08-26,81,201.8237438034754,218.8
2026-08-26,82,201.1070160517756,206.45
2026-08-26,83,197.29549841185576,195.66
2026-08-26,84,190.9974296755879,186.2
2026-08-26,85,199.33693438176505,188.82
2026-08-26,86,190.7004772963124,180.72
2026-08-26,87,181.40631544463693,177.31
2026-08-26,88,168.1865307748145,167.92
2026-08-26,89,182.9658962193304,172.29
2026-08-26,90,172.90786015920193,165.95
2026-08-26,91,165.5865027333818,164.16
2026-08-26,92,156.61215221526385,151.95
2026-08-26,93,164.4913857354703,161.94
2026-08-26,94,155.99562214845724,152.79
2026-08-26,95,151.57373569291957,150.0
2026-08-26,96,143.76117213873786,139.72
2026-08-27,1,160.0912688395044,155.22
2026-08-27,2,152.57521685126687,149.8
2026-08-27,3,147.35061960783506,147.17
2026-08-27,4,141.65579131773106,142.03
2026-08-27,5,147.82017457658236,149.56
2026-08-27,6,144.2824982741422,142.95
2026-08-27,7,141.7193064030179,141.73
2026-08-27,8,136.91149750168378,134.46
2026-08-27,9,140.52440812401076,138.69
2026-08-27,10,138.49179329072737,134.86
2026-08-27,11,138.3752343118986,134.18
2026-08-27,12,137.08720931024396,132.95
2026-08-27,13,137.51907928876184,135.43
2026-08-27,14,136.5210866319582,134.02
2026-08-27,15,137.27060297802356,134.31
2026-08-27,16,137.06962872525702,133.93
2026-08-27,17,136.21488201889065,133.7
2026-08-27,18,137.13023677787538,134.13
2026-08-27,19,138.76144826813356,136.66
2026-08-27,20,142.05805991190562,140.27
2026-08-27,21,138.8829361768646,139.14
2026-08-27,22,142.76175141592685,139.4
2026-08-27,23,149.70344851258906,147.27
2026-08-27,24,156.68046893721095,160.43
2026-08-27,25,156.9173053398491,160.45
2026-08-27,26,165.52156272078415,169.22
2026-08-27,27,167.56517014806184,170.35
2026-08-27,28,170.96653645486325,170.31
2026-08-27,29,181.7560605191408,176.04
2026-08-27,30,175.08171359934136,176.34
2026-08-27,31,168.67737872274697,174.79
2026-08-27,32,156.32339101715823,169.41
2026-08-27,33,183.3106068102299,176.02
2026-08-27,34,166.70955646347394,170.22
2026-08-27,35,150.9270502435612,157.54
2026-08-27,36,128.38659767798654,137.77
2026-08-27,37,160.9325803955041,151.28
2026-08-27,38,133.42560758961363,132.34
2026-08-27,39,115.53241703315082,116.91
2026-08-27,40,98.66876786801714,98.08
2026-08-27,41,116.61166334796128,126.98
2026-08-27,42,98.31335669302952,116.1
2026-08-27,43,85.12252936380045,94.98
2026-08-27,44,66.42228579549722,78.35
2026-08-27,45,77.21912669457983,105.06
2026-08-27,46,62.22429387284389,71.31
2026-08-27,47,48.71822770724205,40.0
2026-08-27,48,31.18688098385697,13.94
2026-08-27,49,41.30478461823071,31.59
2026-08-27,50,25.80532396863409,23.84
2026-08-27,51,17.166704489362765,20.09
2026-08-27,52,8.602198396433387,11.21
2026-08-27,53,14.122109518588983,10.02
2026-08-27,54,9.095692596184987,10.05
2026-08-27,55,5.875431836995823,6.16
2026-08-27,56,2.120664582551676,0.06
2026-08-27,57,4.019374753593922,0.09
2026-08-27,58,15.738756109493243,10.03
2026-08-27,59,26.69062162690221,20.05
2026-08-27,60,37.4174523392532,26.6
2026-08-27,61,26.773882573879973,22.36
2026-08-27,62,46.817226816235845,30.01
2026-08-27,63,63.97696368935682,54.58
2026-08-27,64,81.73478870801269,74.58
2026-08-27,65,62.26508112997517,51.04
2026-08-27,66,87.74273965998042,93.31
2026-08-27,67,104.18318358722108,112.93
2026-08-27,68,125.27968184946576,127.32
2026-08-27,69,102.49774306786884,115.08
2026-08-27,70,126.6758975571523,128.97
2026-08-27,71,153.59447912539335,154.02
2026-08-27,72,166.43570566637223,168.73
2026-08-27,73,151.44524631870038,151.75
2026-08-27,74,168.05847687661168,169.48
2026-08-27,75,184.90930826001875,177.02
2026-08-27,76,202.58789518973828,197.0
2026-08-27,77,188.41218766415187,184.45
2026-08-27,78,190.0685956706613,194.52
2026-08-27,79,201.2408996096124,205.99
2026-08-27,80,218.7649784927578,212.09
2026-08-27,81,198.98611964108807,205.74
2026-08-27,82,197.9711266809178,192.87
2026-08-27,83,197.68528653944983,187.8
2026-08-27,84,186.32413142150872,179.54
2026-08-27,85,195.22329901320472,192.13
2026-08-27,86,185.46557165147232,180.12
2026-08-27,87,175.9289315898227,171.99
2026-08-27,88,164.09768535724933,159.44
2026-08-27,89,177.1556634008851,175.56
2026-08-27,90,167.3754896783369,170.0
2026-08-27,91,161.40069075199222,159.68
2026-08-27,92,152.00232883503546,154.44
2026-08-27,93,162.60657864150863,159.9
2026-08-27,94,154.5085282027669,153.16
2026-08-27,95,150.31226993759668,149.08
2026-08-27,96,141.90061168839682,139.42
2026-08-28,1,151.91268679749686,141.01
2026-08-28,2,145.64467555053878,141.92
2026-08-28,3,141.725818819174,139.0
2026-08-28,4,138.1311505092322,136.16
2026-08-28,5,144.04220207263182,141.81
2026-08-28,6,140.80699303674567,138.66
2026-08-28,7,139.0765040190283,138.02
2026-08-28,8,137.16862099415977,138.66
2026-08-28,9,138.85075412187334,137.18
2026-08-28,10,138.33349184329384,138.68
2026-08-28,11,137.93985151733932,140.51
2026-08-28,12,136.40014065243054,136.6
2026-08-28,13,136.97089107104802,140.89
2026-08-28,14,136.56485297964375,139.62
2026-08-28,15,136.58597622432242,138.26
2026-08-28,16,137.26361765654872,136.43
2026-08-28,17,135.961758785131,137.11
2026-08-28,18,136.8969610390019,139.44
2026-08-28,19,138.58558710177664,139.96
2026-08-28,20,141.23935438703376,139.85
2026-08-28,21,138.35331393118815,137.37
2026-08-28,22,141.68350089447645,141.3
2026-08-28,23,149.52668565578466,148.48
2026-08-28,24,157.3482410375235,159.92
2026-08-28,25,153.19234571620035,164.48
2026-08-28,26,165.66877499248574,172.23
2026-08-28,27,171.62701742915272,174.29
2026-08-28,28,179.2274263261967,173.03
2026-08-28,29,181.17678361920423,179.81
2026-08-28,30,181.4253962475472,180.26
2026-08-28,31,179.00382877794203,177.41
2026-08-28,32,172.4635472437722,174.44
2026-08-28,33,191.73612070905284,187.4
2026-08-28,34,182.6301312765636,172.74
2026-08-28,35,174.8068167234021,162.59
2026-08-28,36,153.30504409821876,155.15
2026-08-28,37,181.67904329780723,161.87
2026-08-28,38,163.48327019754484,161.77
2026-08-28,39,149.33146915691083,151.21
2026-08-28,40,136.23097890199892,145.76
2026-08-28,41,158.54201357991923,155.0
2026-08-28,42,144.35715556689175,142.59
2026-08-28,43,133.9855218268759,130.66
2026-08-28,44,125.27738171690584,122.31
2026-08-28,45,139.52029326978806,129.06
2026-08-28,46,133.21694884178606,122.65
2026-08-28,47,126.6279678427838,117.81
2026-08-28,48,117.83557227456907,116.81
2026-08-28,49,122.36952710749188,112.08
2026-08-28,50,114.75959127885923,108.98
2026-08-28,51,110.68843057740168,112.94
2026-08-28,52,104.78922205770596,109.56
2026-08-28,53,108.52173388104148,98.45
2026-08-28,54,103.54002514019734,93.85
2026-08-28,55,99.19427128901803,100.58
2026-08-28,56,95.92413140606216,92.07
2026-08-28,57,97.05246357021844,102.01
2026-08-28,58,98.3488381804633,100.0
2026-08-28,59,101.77929010313248,106.26
2026-08-28,60,107.26047028554652,107.73
2026-08-28,61,101.1610252218952,109.55
2026-08-28,62,107.71591825232946,112.23
2026-08-28,63,114.14719310605248,116.41
2026-08-28,64,120.5794499966191,119.29
2026-08-28,65,110.2267630382906,111.35
2026-08-28,66,120.39578502184848,118.32
2026-08-28,67,129.36887724308534,122.23
2026-08-28,68,142.8558712261039,126.34
2026-08-28,69,128.78123008150922,116.99
2026-08-28,70,141.30726489247,135.97
2026-08-28,71,157.21421023249042,156.76
2026-08-28,72,162.88426996473302,163.09
2026-08-28,73,153.45058492877666,144.39
2026-08-28,74,163.0823693792099,160.89
2026-08-28,75,169.60246487316795,167.3
2026-08-28,76,178.97182846600913,169.34
2026-08-28,77,174.7431297780833,154.89
2026-08-28,78,176.96302199112478,165.82
2026-08-28,79,181.95634328376457,175.5
2026-08-28,80,188.9671169998967,193.95
2026-08-28,81,181.699460684378,174.88
2026-08-28,82,180.18128013328007,177.73
2026-08-28,83,177.5058536794716,180.83
2026-08-28,84,176.3858303589265,173.64
2026-08-28,85,184.8351814807095,176.3
2026-08-28,86,176.42943936032924,168.12
2026-08-28,87,167.1566661597834,166.01
2026-08-28,88,155.48303918150373,154.01
2026-08-28,89,172.27186320383095,171.44
2026-08-28,90,161.95714267637646,162.3
2026-08-28,91,154.3561224138812,161.4
2026-08-28,92,146.06156187003654,150.64
2026-08-28,93,153.8310982897804,157.08
2026-08-28,94,145.24184215295145,150.8
2026-08-28,95,140.58523248798656,141.55
2026-08-28,96,132.98538653377148,131.1
2026-08-29,1,146.19728769477746,141.58
2026-08-29,2,134.98126989832292,135.4
2026-08-29,3,124.61464374645004,127.97
2026-08-29,4,116.6488933849657,117.12
2026-08-29,5,128.0647540807421,117.5
2026-08-29,6,119.09562481409738,114.51
2026-08-29,7,114.1508749389765,110.37
2026-08-29,8,108.65720894349997,107.04
2026-08-29,9,115.57869488185476,107.51
2026-08-29,10,110.16566085333544,101.93
2026-08-29,11,108.11536461554832,100.07
2026-08-29,12,106.01766985008044,91.68
2026-08-29,13,109.56780895010895,97.47
2026-08-29,14,106.94367569769295,91.82
2026-08-29,15,106.05081069027035,91.19
2026-08-29,16,104.19953921159212,92.52
2026-08-29,17,104.36359759727428,96.99
2026-08-29,18,104.0674656147134,93.91
2026-08-29,19,104.13147919244626,91.6
2026-08-29,20,104.0127862201671,89.52
2026-08-29,21,104.10361310100558,99.26
2026-08-29,22,104.06530157976036,95.12
2026-08-29,23,104.4114617669701,95.23
2026-08-29,24,106.99982747205736,96.71
2026-08-29,25,110.8192247501918,97.2
2026-08-29,26,111.87644766970423,97.47
2026-08-29,27,110.03289240475384,97.19
2026-08-29,28,107.5636056641024,96.68
2026-08-29,29,117.80056402911244,107.2
2026-08-29,30,109.42831335686074,103.88
2026-08-29,31,97.86030220359972,100.79
2026-08-29,32,77.25434265888575,93.09
2026-08-29,33,109.11622772758456,106.11
2026-08-29,34,85.0078284272193,83.69
2026-08-29,35,57.46820204840975,41.79
2026-08-29,36,33.252211075752385,10.09
2026-08-29,37,60.71614096855022,18.4
2026-08-29,38,28.119635038962244,0.06
2026-08-29,39,10.061210886161362,-0.01
2026-08-29,40,5.550774644317286,-0.15
2026-08-29,41,11.510369732919417,-0.01
2026-08-29,42,2.681899292115048,-0.1
2026-08-29,43,-2.301127001927441,-0.51
2026-08-29,44,-7.5354553008231875,-0.75
2026-08-29,45,-3.6419048650308383,-1.1
2026-08-29,46,-2.3868081475847447,-1.35
2026-08-29,47,-5.578234469277064,-1.39
2026-08-29,48,-4.664134255247959,-1.58
2026-08-29,49,-3.367837574985458,-1.57
2026-08-29,50,-4.469017838470819,-1.78
2026-08-29,51,-5.864125775201799,-1.88
2026-08-29,52,-8.055552703657938,-2.02
2026-08-29,53,-7.206392825509191,-1.91
2026-08-29,54,-7.882472340149427,-1.89
2026-08-29,55,-8.591925966906757,-1.69
2026-08-29,56,-6.838321413975194,-1.56
2026-08-29,57,-8.978338606039529,-1.53
2026-08-29,58,-5.034127876861646,-1.29
2026-08-29,59,-3.3907933635139216,-1.0
2026-08-29,60,-2.887953877909382,-0.88
2026-08-29,61,-3.5510683064403,-0.08
2026-08-29,62,-0.6872119790117779,-0.01
2026-08-29,63,2.334862479464178,0.0
2026-08-29,64,28.156589453106548,0.0
2026-08-29,65,2.2419305027803205,0.0
2026-08-29,66,13.298364596227415,1.66
2026-08-29,67,44.53365214813827,30.88
2026-08-29,68,71.03180774732617,65.78
2026-08-29,69,35.21662864572855,51.44
2026-08-29,70,73.97019133854678,100.78
2026-08-29,71,106.08520406083176,131.42
2026-08-29,72,146.01523347338912,168.33
2026-08-29,73,111.10372681807505,146.48
2026-08-29,74,141.15115835024844,152.72
2026-08-29,75,171.9867387217806,185.46
2026-08-29,76,202.77727336256828,201.35
2026-08-29,77,174.60546771655618,183.9
2026-08-29,78,182.1049671021769,191.92
2026-08-29,79,188.3223440987498,205.57
2026-08-29,80,189.34207652088216,214.47
2026-08-29,81,179.54289805280817,217.5
2026-08-29,82,181.4831376413761,198.94
2026-08-29,83,185.4849836174089,181.76
2026-08-29,84,183.31559273604887,180.92
2026-08-29,85,183.27233370556328,205.71
2026-08-29,86,176.38575134848367,179.29
2026-08-29,87,171.22735695170377,166.74
2026-08-29,88,163.16874797968856,158.33
2026-08-29,89,174.18751920129262,181.9
2026-08-29,90,163.27184456610706,162.32
2026-08-29,91,157.02017903738434,158.1
2026-08-29,92,150.20602127613353,151.65
2026-08-29,93,156.51463314373365,150.77
2026-08-29,94,148.0053962767305,146.47
2026-08-29,95,144.86275791975493,145.54
2026-08-29,96,139.21315569717348,139.68
2026-08-30,1,138.47102655594855,135.07
2026-08-30,2,126.86502396115743,124.31
2026-08-30,3,114.38609935284572,110.72
2026-08-30,4,103.63822921114392,99.62
2026-08-30,5,116.2477717103265,108.66
2026-08-30,6,106.02747707342658,103.92
2026-08-30,7,99.30589834263868,101.17
2026-08-30,8,92.04289860265428,96.6
2026-08-30,9,98.9847997461466,98.6
2026-08-30,10,91.72280268978558,88.17
2026-08-30,11,90.22652662364553,80.99
2026-08-30,12,85.76091718535724,76.38
2026-08-30,13,90.89489968883386,89.37
2026-08-30,14,85.39308915395276,79.85
2026-08-30,15,82.9223801446464,75.68
2026-08-30,16,78.02800900111126,66.85
2026-08-30,17,81.64945685842912,71.26
2026-08-30,18,79.42773085765955,67.43
2026-08-30,19,76.84451189429217,68.94
2026-08-30,20,76.30535794538166,69.88
2026-08-30,21,78.65592542824623,74.01
2026-08-30,22,77.21779308334375,71.36
2026-08-30,23,74.65340091500032,72.66
2026-08-30,24,74.81577908553523,73.82
2026-08-30,25,81.74038076299041,67.01
2026-08-30,26,76.70190839239328,70.42
2026-08-30,27,73.85616530217615,72.91
2026-08-30,28,70.36422320948097,73.24
2026-08-30,29,78.34670048165694,75.74
2026-08-30,30,69.96748695568908,62.34
2026-08-30,31,61.95130664413439,55.88
2026-08-30,32,51.83110981582264,42.22
2026-08-30,33,63.451812138863446,35.0
2026-08-30,34,51.0137378241074,20.02
2026-08-30,35,30.05040689647666,8.83
2026-08-30,36,25.818057380151657,0.09
2026-08-30,37,30.681440736883445,0.85
2026-08-30,38,18.876975920124565,0.0
2026-08-30,39,11.55327733624219,-0.08
2026-08-30,40,10.805445792722011,-0.82
2026-08-30,41,7.6543248160928385,-0.08
2026-08-30,42,5.8129254717188985,-0.09
2026-08-30,43,4.343077108125641,-0.12
2026-08-30,44,-0.4625447051731726,-0.12
2026-08-30,45,-3.443117434219332,-0.15
2026-08-30,46,-4.183401526330769,-0.14
2026-08-30,47,-6.7454104243090285,-0.15
2026-08-30,48,-5.300940957521164,-0.17
2026-08-30,49,-3.987485758676925,-0.99
2026-08-30,50,-5.598378599363116,-1.0
2026-08-30,51,-6.972319812953174,-1.0
2026-08-30,52,-9.944905375299768,-1.09
2026-08-30,53,-8.853354607033403,-1.02
2026-08-30,54,-10.33616926274376,-1.04
2026-08-30,55,-11.715240665680057,-1.06
2026-08-30,56,-10.445067910574096,-1.09
2026-08-30,57,-11.569513608252931,-1.19
2026-08-30,58,-8.5883857173136,-1.03
2026-08-30,59,-6.877524324287066,-1.0
2026-08-30,60,-4.464709492141154,-1.0
2026-08-30,61,-6.04783518473657,-0.14
2026-08-30,62,-3.160377046957194,-0.12
2026-08-30,63,-0.2981325839378002,-0.12
2026-08-30,64,19.8622875425651,-0.11
2026-08-30,65,-3.44437908308214,-0.45
2026-08-30,66,6.0061984717501815,-0.1
2026-08-30,67,29.87596204060517,-0.01
2026-08-30,68,51.18210888214541,0.52
2026-08-30,69,28.66720419756767,4.15
2026-08-30,70,57.251041661699695,33.64
2026-08-30,71,87.05738015373976,74.59
2026-08-30,72,123.4736283806158,137.41
2026-08-30,73,93.58523078058866,110.7
2026-08-30,74,120.42273741082155,161.07
2026-08-30,75,151.12617788265615,181.26
2026-08-30,76,179.26419051708243,200.54
2026-08-30,77,152.6271690210755,169.46
2026-08-30,78,169.74498559070344,180.69
2026-08-30,79,181.080915048338,187.98
2026-08-30,80,202.2372067683229,198.53
2026-08-30,81,178.19415757836256,174.45
2026-08-30,82,184.4566035292581,184.63
2026-08-30,83,189.2324483864276,201.43
2026-08-30,84,191.9918440665141,212.27
2026-08-30,85,186.5917610147859,203.93
2026-08-30,86,181.52494340162195,200.01
2026-08-30,87,181.04638699817588,187.92
2026-08-30,88,177.23049228710642,179.83
2026-08-30,89,185.1442834842491,189.32
2026-08-30,90,174.66073282777987,180.06
2026-08-30,91,171.71144476640603,181.03
2026-08-30,92,166.5812338980194,175.34
2026-08-30,93,169.9230388239735,178.71
2026-08-30,94,162.68464667135154,167.37
2026-08-30,95,161.72310750994518,166.57
2026-08-30,96,157.39170868990774,162.5
2026-08-31,1,174.44154005412847,188.79
2026-08-31,2,164.78395398431334,174.97
2026-08-31,3,155.79539198143786,170.0
2026-08-31,4,146.41266069704997,166.15
2026-08-31,5,156.8471329162952,168.52
2026-08-31,6,149.5262039339922,165.32
2026-08-31,7,144.49471838878017,159.92
2026-08-31,8,138.4922551689957,158.69
2026-08-31,9,144.12471608724672,164.22
2026-08-31,10,138.58868488731525,153.74
2026-08-31,11,137.0053171732915,148.26
2026-08-31,12,134.2646060561023,146.74
2026-08-31,13,136.63136139678258,152.12
2026-08-31,14,134.15291113152853,149.14
2026-08-31,15,132.78718964174934,146.18
2026-08-31,16,130.7675596332288,143.75
2026-08-31,17,131.59133326760457,143.1
2026-08-31,18,130.52075506813662,141.57
2026-08-31,19,132.3214179936164,141.91
2026-08-31,20,133.7608025318658,143.06
2026-08-31,21,133.05438711050002,142.29
2026-08-31,22,135.10299196582338,141.18
2026-08-31,23,138.88781740112967,143.09
2026-08-31,24,143.53588331866038,150.27
2026-08-31,25,150.21967051647803,150.71
2026-08-31,26,156.61676766688305,154.47
2026-08-31,27,157.4002321722442,157.17
2026-08-31,28,156.3973558693449,158.65
2026-08-31,29,166.84771926371167,164.35
2026-08-31,30,160.34406894855323,165.12
2026-08-31,31,153.62094376513272,165.69
2026-08-31,32,139.9496874497791,164.69
2026-08-31,33,169.3156821423641,184.41
2026-08-31,34,152.3769002604223,174.58
2026-08-31,35,132.98170655756408,160.51
2026-08-31,36,109.02140494095154,130.0
2026-08-31,37,137.6706722034416,174.51
2026-08-31,38,111.95952385243,136.66
2026-08-31,39,89.27629372263614,108.97
2026-08-31,40,62.43769841427908,85.99
2026-08-31,41,84.62229930639239,91.0
2026-08-31,42,58.23334886200082,47.39
2026-08-31,43,40.62263604368846,15.0
2026-08-31,44,27.678478318770622,0.01
2026-08-31,45,37.02180626813587,0.08
2026-08-31,46,24.06063895475613,0.0
2026-08-31,47,16.67653947216551,0.0
2026-08-31,48,13.148551061980932,0.0
2026-08-31,49,14.215569061092232,-0.01
2026-08-31,50,12.508196241675575,-0.04
2026-08-31,51,10.28775651658951,-0.08
2026-08-31,52,7.185945183528958,-0.1
2026-08-31,53,8.535387517600519,-0.76
2026-08-31,54,6.849743642872625,-1.0
2026-08-31,55,5.160764257147356,-1.01
2026-08-31,56,2.634653266953002,-1.01
2026-08-31,57,3.8890296701355567,-1.09
2026-08-31,58,4.658309076091584,-1.01
2026-08-31,59,6.858960669342025,-1.01
2026-08-31,60,8.963577445213062,-1.0
2026-08-31,61,7.813405349745459,-0.18
2026-08-31,62,10.93809468426562,-0.1
2026-08-31,63,12.905806784419395,-0.04
2026-08-31,64,17.710541398325347,-0.01
2026-08-31,65,11.734794313558922,-0.02
2026-08-31,66,20.37858186299504,-0.01
2026-08-31,67,40.92997529418469,0.0
2026-08-31,68,61.77048314794287,4.03
2026-08-31,69,36.64042654379397,6.56
2026-08-31,70,72.85929998870418,60.42
2026-08-31,71,99.37033480619124,105.82
2026-08-31,72,129.024600429539,119.28
2026-08-31,73,104.96335551324331,122.86
2026-08-31,74,128.7059702991766,142.02
2026-08-31,75,150.48177027284723,166.99
2026-08-31,76,175.1236530248662,199.84
2026-08-31,77,151.50086992085,166.99
2026-08-31,78,168.42764652832608,177.6
2026-08-31,79,183.10572509181603,180.34
2026-08-31,80,203.36014847115408,207.51
2026-08-31,81,181.5857783577632,177.57
2026-08-31,82,188.5258885728266,190.95
2026-08-31,83,192.7306173998232,197.6
2026-08-31,84,193.8824623754961,190.48
2026-08-31,85,190.09374694042285,207.61
2026-08-31,86,182.8038016462159,181.8
2026-08-31,87,178.83174084801328,175.94
2026-08-31,88,175.19096540483386,163.8
2026-08-31,89,185.46996198661384,176.2
2026-08-31,90,169.7029396818154,170.0
2026-08-31,91,165.22139355755797,172.94
2026-08-31,92,156.8147189519541,167.06
2026-08-31,93,162.11528942055716,163.85
2026-08-31,94,154.96185093156564,156.54
2026-08-31,95,150.26783537260738,154.05
2026-08-31,96,144.3196479378068,146.69
2026-09-01,1,161.79039394919323,163.91
2026-09-01,2,154.17563270221933,157.62
2026-09-01,3,149.31813150637203,149.56
2026-09-01,4,143.75812704961368,147.26
2026-09-01,5,149.44906362812185,149.84
2026-09-01,6,146.13410096088256,146.05
2026-09-01,7,143.8831949802363,146.19
2026-09-01,8,140.6632614913208,144.35
2026-09-01,9,142.2013079492152,141.7
2026-09-01,10,140.52051622750207,145.1
2026-09-01,11,140.3797456336306,139.15
2026-09-01,12,140.16745508460167,139.53
2026-09-01,13,139.96628759674124,140.14
2026-09-01,14,139.49824255515813,142.21
2026-09-01,15,139.9513335012276,143.87
2026-09-01,16,140.23952751597966,142.99
2026-09-01,17,139.33642233017454,146.9
2026-09-01,18,140.17384741052348,144.61
2026-09-01,19,143.33829266096416,145.1
2026-09-01,20,147.48145554408117,146.99
2026-09-01,21,142.94250253737664,146.84
2026-09-01,22,148.38800119358177,150.59
2026-09-01,23,157.6959274368323,161.45
2026-09-01,24,166.52735500493722,167.83
2026-09-01,25,165.83700302965715,177.72
2026-09-01,26,178.24421993066596,188.86
2026-09-01,27,182.9645003057933,191.95
2026-09-01,28,187.61955135790816,195.3
2026-09-01,29,198.20168290623283,206.59
2026-09-01,30,194.18704128865176,210.78
2026-09-01,31,189.58727495048703,206.63
2026-09-01,32,177.18863762137636,196.6
2026-09-01,33,203.6573043675896,215.93
2026-09-01,34,189.53260955227947,202.0
2026-09-01,35,173.41720730024767,187.5
2026-09-01,36,144.1367111915378,165.55
2026-09-01,37,182.99727362216103,185.44
2026-09-01,38,152.0542791097165,162.85
2026-09-01,39,130.13727635489934,135.55
2026-09-01,40,109.79410998701836,113.99
2026-09-01,41,131.48609435262944,134.9
2026-09-01,42,109.27417476135876,121.51
2026-09-01,43,94.61701887991356,116.87
2026-09-01,44,80.6513343894046,105.77
2026-09-01,45,92.37104360714136,111.31
2026-09-01,46,79.20665531969911,96.33
2026-09-01,47,68.69994863638475,81.06
2026-09-01,48,54.73948502722793,71.29
2026-09-01,49,65.69707941389461,65.06
2026-09-01,50,50.5278635865566,52.58
2026-09-01,51,42.27232535974967,45.97
2026-09-01,52,34.63563870468927,40.0
2026-09-01,53,39.62594335203471,36.88
2026-09-01,54,34.872426030279534,31.73
2026-09-01,55,30.37459540687424,25.81
2026-09-01,56,27.00953948331614,22.07
2026-09-01,57,28.56328241669432,27.77
2026-09-01,58,36.97612527034445,34.71
2026-09-01,59,44.1696776789201,29.82
2026-09-01,60,51.301612852533225,40.09
2026-09-01,61,44.45215589546802,36.54
2026-09-01,62,56.61523929278125,40.78
2026-09-01,63,70.03835771632887,59.05
2026-09-01,64,88.29222826232072,68.37
2026-09-01,65,71.26493511378976,60.01
2026-09-01,66,93.87611414904394,83.65
2026-09-01,67,111.20031961486522,110.45
2026-09-01,68,133.88801553742206,122.16
2026-09-01,69,108.82852104945243,111.16
2026-09-01,70,134.84265138173225,126.97
2026-09-01,71,160.6049039570903,151.65
2026-09-01,72,176.16089093393825,170.25
2026-09-01,73,160.72716767918547,140.7
2026-09-01,74,178.0751800036032,173.85
2026-09-01,75,197.6831295185005,191.08
2026-09-01,76,218.87883970733583,203.4
2026-09-01,77,199.89579530450024,197.88
2026-09-01,78,208.115858260579,204.88
2026-09-01,79,222.12023667454795,221.05
2026-09-01,80,241.24873718969388,233.13
2026-09-01,81,221.1768838868684,223.64
2026-09-01,82,226.8179941128908,231.81
2026-09-01,83,230.69673621411167,236.92
2026-09-01,84,217.14691690521784,234.03
2026-09-01,85,225.2221102096073,228.5
2026-09-01,86,216.69288335202208,220.07
2026-09-01,87,210.6972244021539,217.07
2026-09-01,88,192.48772944672075,206.0
2026-09-01,89,208.9515280394748,212.26
2026-09-01,90,200.33305237953488,199.62
2026-09-01,91,193.6711274747912,195.1
2026-09-01,92,184.8235427775329,190.9
2026-09-01,93,194.980835946108,188.9
2026-09-01,94,188.75276905453785,179.81
2026-09-01,95,181.6118181552621,176.62
2026-09-01,96,172.4996092105383,172.04
2026-09-02,1,191.32703575915207,189.59
2026-09-02,2,181.60331528566152,177.14
2026-09-02,3,174.95878953580052,165.59
2026-09-02,4,167.3929294101437,150.54
2026-09-02,5,177.00364332608652,166.28
2026-09-02,6,170.59937487079156,163.47
2026-09-02,7,167.13742232369225,161.85
2026-09-02,8,162.68553661471094,157.08
2026-09-02,9,164.7122646867445,159.21
2026-09-02,10,162.31090047982883,151.86
2026-09-02,11,161.4756697239145,150.78
2026-09-02,12,161.06678379225886,150.25
2026-09-02,13,161.60124130810777,148.22
2026-09-02,14,160.98033428199392,149.2
2026-09-02,15,160.7371132201661,149.27
2026-09-02,16,161.37080857936695,147.73
2026-09-02,17,159.6253900356378,149.39
2026-09-02,18,161.34882501580532,149.4
2026-09-02,19,162.47351291161726,148.29
2026-09-02,20,166.357565865741,149.84
2026-09-02,21,163.00929161622,153.93
2026-09-02,22,168.9705207822002,161.71
2026-09-02,23,178.49129834341105,166.45
2026-09-02,24,186.9076994680039,180.18
2026-09-02,25,184.48992656170668,183.91
2026-09-02,26,195.60356504953924,192.12
2026-09-02,27,202.68195131184825,196.96
2026-09-02,28,209.34081656352183,204.95
2026-09-02,29,219.89472560860744,209.43
2026-09-02,30,222.14516032781967,208.63
2026-09-02,31,217.2012611396135,205.46
2026-09-02,32,199.49142295645527,201.03
2026-09-02,33,229.6077678932084,216.25
2026-09-02,34,213.35645119403537,205.93
2026-09-02,35,196.1218258455677,194.87
2026-09-02,36,164.82460973052753,174.99
2026-09-02,37,203.3325165677318,192.02
2026-09-02,38,177.82194193909115,176.87
2026-09-02,39,158.47242099935377,164.87
2026-09-02,40,142.30353529081788,142.62
2026-09-02,41,168.84328853998085,148.96
2026-09-02,42,150.51939825013227,138.36
2026-09-02,43,136.59531467131814,134.9
2026-09-02,44,120.89182005690834,122.28
2026-09-02,45,136.24432266869408,126.15
2026-09-02,46,122.44197617450666,118.1
2026-09-02,47,112.5543301286992,111.85
2026-09-02,48,104.76546467825528,104.11
2026-09-02,49,109.20759421325003,107.42
2026-09-02,50,100.46524678492464,104.82
2026-09-02,51,97.91280397433584,102.3
2026-09-02,52,93.50716202365658,102.77
2026-09-02,53,96.98559243225512,97.46
2026-09-02,54,93.14109598401178,91.75
2026-09-02,55,89.36192455633237,90.85
2026-09-02,56,85.14565144299513,86.61
2026-09-02,57,87.15351178473699,97.59
2026-09-02,58,89.14190985506843,97.0
2026-09-02,59,94.10493216513989,98.61
2026-09-02,60,102.12487903526282,103.25
2026-09-02,61,96.06836582742308,101.81
2026-09-02,62,105.8953743671794,109.48
2026-09-02,63,116.79003453629666,115.71
2026-09-02,64,133.2514488805748,114.58
2026-09-02,65,113.64570464074797,116.27
2026-09-02,66,132.15682015223123,127.12
2026-09-02,67,144.45367789597412,139.95
2026-09-02,68,162.05513959037842,154.41
2026-09-02,69,135.8562822148289,142.03
2026-09-02,70,157.1459379724499,161.22
2026-09-02,71,173.72156843954565,179.59
2026-09-02,72,193.15195624001905,190.91
2026-09-02,73,172.9399711584378,175.3
2026-09-02,74,198.7650912502304,193.75
2026-09-02,75,214.2230898340403,202.58
2026-09-02,76,236.50425862115105,216.13
2026-09-02,77,222.41888177147675,220.7
2026-09-02,78,232.9199805914573,235.18
2026-09-02,79,243.3474195088716,248.22
2026-09-02,80,261.1226632482088,251.31
2026-09-02,81,238.93642771308907,251.02
2026-09-02,82,244.4281563980272,237.2
2026-09-02,83,243.91416057496667,240.61
2026-09-02,84,235.9824835919664,243.96
2026-09-02,85,235.30672562481303,232.27
2026-09-02,86,223.03376117246472,215.08
2026-09-02,87,212.8269035179269,210.74
2026-09-02,88,197.0364474711476,197.39
2026-09-02,89,217.08109403387903,200.09
2026-09-02,90,196.55926546022505,194.28
2026-09-02,91,188.5260820378379,198.39
2026-09-02,92,180.05520115914723,187.0
2026-09-02,93,186.9375762623779,177.97
2026-09-02,94,180.69690121383007,167.14
2026-09-02,95,175.2558413582518,163.31
2026-09-02,96,163.925392129628,152.43
2026-09-03,1,183.37450360638456,201.22
2026-09-03,2,174.4636968907696,179.41
2026-09-03,3,165.01262225111503,170.26
2026-09-03,4,154.59913173193306,163.65
2026-09-03,5,166.28306971972432,180.35
2026-09-03,6,158.36167435407847,168.09
2026-09-03,7,152.2767066922619,169.83
2026-09-03,8,146.2879753065525,163.22
2026-09-03,9,151.64795181487614,171.82
2026-09-03,10,145.66474917732464,155.96
2026-09-03,11,143.11329491382597,148.68
2026-09-03,12,140.64970543306856,145.64
2026-09-03,13,143.28049219313203,146.54
2026-09-03,14,140.93029125514454,147.68
2026-09-03,15,139.33052181894612,146.55
2026-09-03,16,137.29988861290374,143.24
2026-09-03,17,137.48265287921885,146.48
2026-09-03,18,137.4704729596091,144.7
2026-09-03,19,138.75485778639614,143.28
2026-09-03,20,139.85317591560877,138.12
2026-09-03,21,138.2818416915796,145.41
2026-09-03,22,140.1664836136669,142.19
2026-09-03,23,145.79178300019456,145.74
2026-09-03,24,150.4757034408068,155.37
2026-09-03,25,154.59453351127058,160.33
2026-09-03,26,161.61547652115692,176.02
2026-09-03,27,165.7544337002858,181.05
2026-09-03,28,170.23892185264833,180.36
2026-09-03,29,179.83827521236492,194.95
2026-09-03,30,176.70573998617587,193.67
2026-09-03,31,173.90650417228963,187.37
2026-09-03,32,162.3656832860371,180.81
2026-09-03,33,190.42349408093327,206.0
2026-09-03,34,176.04292208917647,187.2
2026-09-03,35,160.63894922807478,176.99
2026-09-03,36,136.32550318171735,150.0
2026-09-03,37,176.25371057154376,185.21
2026-09-03,38,143.04269487631424,156.62
2026-09-03,39,124.1536895983404,135.0
2026-09-03,40,106.76042200847353,121.5
2026-09-03,41,127.12882781840098,132.3
2026-09-03,42,108.68395161604558,120.01
2026-09-03,43,96.7944100055678,115.29
2026-09-03,44,79.72464520152944,103.05
2026-09-03,45,91.66731292246538,110.02
2026-09-03,46,77.06055443136874,99.72
2026-09-03,47,66.52542896423509,72.44
2026-09-03,48,54.951933784721504,60.42
2026-09-03,49,61.10727016227359,81.72
2026-09-03,50,49.81291212034503,50.67
2026-09-03,51,42.966630472328674,38.99
2026-09-03,52,35.31003616093799,29.71
2026-09-03,53,39.028917915630416,33.98
2026-09-03,54,32.838501172617015,28.98
2026-09-03,55,26.18361265756936,22.59
2026-09-03,56,18.71210288381145,14.45
2026-09-03,57,24.45778170565964,25.45
2026-09-03,58,24.82109918353612,16.82
2026-09-03,59,26.30508272860004,20.8
2026-09-03,60,27.901160512307,20.49
2026-09-03,61,28.66408257646615,20.82
2026-09-03,62,32.868936216608105,22.38
2026-09-03,63,35.9629324539993,29.35
2026-09-03,64,49.57349601403955,24.93
2026-09-03,65,43.08420655811015,40.03
2026-09-03,66,61.25253555833219,46.66
2026-09-03,67,76.99206994170302,71.87
2026-09-03,68,95.67119752756211,86.99
2026-09-03,69,72.33442451591202,78.72
2026-09-03,70,99.9237439446789,106.62
2026-09-03,71,121.19140856027886,135.3
2026-09-03,72,143.61145570350808,148.36
2026-09-03,73,124.15161837802026,134.9
2026-09-03,74,140.15278814214426,153.65
2026-09-03,75,159.1732290980358,164.29
2026-09-03,76,181.11280798123263,167.75
2026-09-03,77,164.23822293454722,170.59
2026-09-03,78,175.95286280055922,179.1
2026-09-03,79,185.20191812566696,185.85
2026-09-03,80,199.9710744899934,188.77
2026-09-03,81,183.1382456295475,186.5
2026-09-03,82,185.44000335652527,205.99
2026-09-03,83,188.6213936419816,217.56
2026-09-03,84,182.8639742857656,207.54
2026-09-03,85,189.8137332801461,213.57
2026-09-03,86,182.54802163583423,194.13
2026-09-03,87,177.29277476474346,187.28
2026-09-03,88,171.23304052311917,175.23
2026-09-03,89,186.4978083290012,184.77
2026-09-03,90,170.36876657278108,167.81
2026-09-03,91,164.6642408506709,173.84
2026-09-03,92,156.9533348251704,173.12
2026-09-03,93,160.16929026631544,164.64
2026-09-03,94,152.56425612299194,161.32
2026-09-03,95,148.5920298298135,170.71
2026-09-03,96,141.00681806316237,152.16
2026-09-04,1,149.1529681818297,147.64
2026-09-04,2,141.72611216000928,138.83
2026-09-04,3,134.4433211839355,131.96
2026-09-04,4,127.23732800642706,124.53
2026-09-04,5,135.48022851074847,132.68
2026-09-04,6,129.04966723146765,125.01
2026-09-04,7,125.10552292305316,123.28
2026-09-04,8,120.41989386831264,118.36
2026-09-04,9,125.04226227566576,119.56
2026-09-04,10,120.70949011091868,117.12
2026-09-04,11,119.22227373364636,118.05
2026-09-04,12,116.90995824849364,115.78
2026-09-04,13,119.35228725568813,118.86
2026-09-04,14,117.52181627308538,118.51
2026-09-04,15,116.57567028897024,116.34
2026-09-04,16,114.4782473922822,118.18
2026-09-04,17,115.1529393359692,115.09
2026-09-04,18,114.29974438736824,115.4
2026-09-04,19,116.79243699009882,115.57
2026-09-04,20,117.967206193077,116.03
2026-09-04,21,116.0855383935538,119.95
2026-09-04,22,117.64361762452128,122.88
2026-09-04,23,122.2735220534253,121.01
2026-09-04,24,128.3167466429929,128.89
2026-09-04,25,133.79483668954967,137.42
2026-09-04,26,143.6052654785803,156.0
2026-09-04,27,149.37175507118866,158.85
2026-09-04,28,152.24030772846857,158.05
2026-09-04,29,161.39630736573233,173.2
2026-09-04,30,160.42166671372783,166.48
2026-09-04,31,159.2036917828937,165.15
2026-09-04,32,148.7828385710524,160.43
2026-09-04,33,171.01445298389186,166.07
2026-09-04,34,159.60311368635246,163.93
2026-09-04,35,144.0391702544468,156.48
2026-09-04,36,117.85263257058948,147.0
2026-09-04,37,149.01369004614097,147.7
2026-09-04,38,121.41546002353756,131.6
2026-09-04,39,101.89922042647744,98.6
2026-09-04,40,80.91744701807629,39.04
2026-09-04,41,99.07256680945072,102.11
2026-09-04,42,77.47381759529598,82.64
2026-09-04,43,64.11685019019689,40.71
2026-09-04,44,46.69215378029027,5.92
2026-09-04,45,55.87210197065038,34.99
2026-09-04,46,41.51706063328564,8.77
2026-09-04,47,28.94940564589528,0.04
2026-09-04,48,17.56480381165438,0.0
2026-09-04,49,23.10749010031128,0.0
2026-09-04,50,13.795072543411266,0.0
2026-09-04,51,9.279890722237296,0.0
2026-09-04,52,4.849413987403736,-0.01
2026-09-04,53,6.364348239401558,-0.02
2026-09-04,54,3.536507424064318,-0.04
2026-09-04,55,0.8062023024188392,-0.07
2026-09-04,56,-2.02008383272441,-0.09
2026-09-04,57,0.2572852739978515,-0.13
2026-09-04,58,1.5564840252649716,-0.14
2026-09-04,59,2.4377589050834985,-0.15
2026-09-04,60,2.3261812616362505,-0.14
2026-09-04,61,2.859368856966597,-0.15
2026-09-04,62,2.4119662856308963,-0.12
2026-09-04,63,1.4153617248073118,-0.07
2026-09-04,64,2.72653933405347,-0.07
2026-09-04,65,4.231093534150148,-0.05
2026-09-04,66,8.938980877418373,-0.01
2026-09-04,67,19.798315027776013,0.0
2026-09-04,68,37.2839526235075,0.0
2026-09-04,69,21.032490143621885,0.0
2026-09-04,70,50.07726866658922,4.51
2026-09-04,71,75.75747775568988,50.0
2026-09-04,72,100.12971698948289,93.14
2026-09-04,73,81.81306348216611,73.16
2026-09-04,74,104.1177270581944,106.16
2026-09-04,75,120.19870077656536,124.28
2026-09-04,76,137.385624293577,127.82
2026-09-04,77,128.82030804526627,131.86
2026-09-04,78,138.24030071775314,134.37
2026-09-04,79,147.25918751899607,135.27
2026-09-04,80,163.06410009656526,138.89
2026-09-04,81,148.4711446183194,136.29
2026-09-04,82,149.47661227546837,135.83
2026-09-04,83,150.37424419605708,136.32
2026-09-04,84,140.2932656027028,136.39
2026-09-04,85,146.17342543713488,136.04
2026-09-04,86,136.93783438935105,130.85
2026-09-04,87,131.5585273591501,126.25
2026-09-04,88,122.0919694159834,120.51
2026-09-04,89,137.711981871742,122.86
2026-09-04,90,127.02311301524382,119.12
2026-09-04,91,122.78901442183512,112.15
2026-09-04,92,114.87291472406386,102.64
2026-09-04,93,118.90665468754666,102.65
2026-09-04,94,111.81438362994344,94.78
2026-09-04,95,109.15380628274822,89.03
2026-09-04,96,103.58559422232246,78.95
2026-09-05,1,80.99256800108346,65.01
2026-09-05,2,75.40647507353823,65.12
2026-09-05,3,70.97361837266638,60.01
2026-09-05,4,66.26995960713776,56.4
2026-09-05,5,71.71254021020742,60.42
2026-09-05,6,67.73390153543426,60.0
2026-09-05,7,66.1733200364803,60.49
2026-09-05,8,62.768557685457125,60.03
2026-09-05,9,65.78223191785011,61.14
2026-09-05,10,62.99596512638436,60.06
2026-09-05,11,62.91401368216664,59.0
2026-09-05,12,60.60075214173766,60.09
2026-09-05,13,62.82349013578624,56.78
2026-09-05,14,60.60453615674814,56.16
2026-09-05,15,59.85414241084256,53.76
2026-09-05,16,57.93322666238125,55.33
2026-09-05,17,58.96104455659188,51.45
2026-09-05,18,58.85250520096124,52.42
2026-09-05,19,60.1997097459091,51.31
2026-09-05,20,61.61263933316326,50.01
2026-09-05,21,60.94590475603165,52.69
2026-09-05,22,61.67401919124117,52.39
2026-09-05,23,62.57907543978119,54.89
2026-09-05,24,64.95311284793004,56.19
2026-09-05,25,68.07782059338797,60.06
2026-09-05,26,71.40073379867292,57.4
2026-09-05,27,72.7533359798001,55.01
2026-09-05,28,68.2595603359149,54.82
2026-09-05,29,77.98918206557579,65.76
2026-09-05,30,72.34799976213216,66.73
2026-09-05,31,66.6559627847426,60.05
2026-09-05,32,60.03079850699676,52.51
2026-09-05,33,67.48871170916429,61.77
2026-09-05,34,56.70084320784802,50.01
2026-09-05,35,44.27983916054822,30.0
2026-09-05,36,23.0719479125419,7.76
2026-09-05,37,29.18033056926899,4.16
2026-09-05,38,13.393520917336671,0.0
2026-09-05,39,1.7929596525985405,-0.01
2026-09-05,40,-0.5689068964269524,-0.11
2026-09-05,41,-17.91618339226389,-0.04
2026-09-05,42,-10.908641448742472,-0.13
2026-09-05,43,-9.177579996770303,-1.0
2026-09-05,44,-11.44122105686597,-2.02
2026-09-05,45,-16.592422322342273,-3.02
2026-09-05,46,-11.396257280867276,-4.92
2026-09-05,47,-8.90854555974758,-4.99
2026-09-05,48,-7.313505541139548,-6.81
2026-09-05,49,-8.798499060036022,-6.74
2026-09-05,50,-10.275921552722409,-7.99
2026-09-05,51,-9.618275648075103,-8.94
2026-09-05,52,-11.77788417885442,-12.18
2026-09-05,53,-13.36019647274209,-15.0
2026-09-05,54,-14.428639319726656,-16.61
2026-09-05,55,-14.475920620842745,-19.0
2026-09-05,56,-14.122913159236298,-19.0
2026-09-05,57,-15.429452074427315,-19.0
2026-09-05,58,-12.152249921726169,-19.0
2026-09-05,59,-13.194130141728849,-19.0
2026-09-05,60,-13.728400510032005,-18.98
2026-09-05,61,-12.001914914136435,-15.0
2026-09-05,62,-12.983984751074177,-10.0
2026-09-05,63,-13.713016638462932,-8.0
2026-09-05,64,-15.607512321303377,-7.0
2026-09-05,65,-13.368067553265291,-5.66
2026-09-05,66,-13.669475804130428,-4.74
2026-09-05,67,-9.497219525223244,-2.02
2026-09-05,68,-8.595674819045058,-1.0
2026-09-05,69,-6.117603647244039,-0.13
2026-09-05,70,5.7146867023489705,-0.01
2026-09-05,71,17.703542519479186,0.0
2026-09-05,72,49.70198818491846,0.01
2026-09-05,73,17.628463373175492,0.06
2026-09-05,74,58.34990022781608,33.44
2026-09-05,75,79.73670717581669,46.19
2026-09-05,76,104.78943143666945,76.83
2026-09-05,77,85.18230195284445,87.2
2026-09-05,78,107.2600378767754,103.34
2026-09-05,79,121.7142816791168,105.51
2026-09-05,80,137.58774563115617,114.91
2026-09-05,81,123.7927143336831,115.25
2026-09-05,82,130.2095316276069,115.66
2026-09-05,83,133.78864646406385,118.15
2026-09-05,84,137.92272374920222,114.91
2026-09-05,85,136.100957172205,115.31
2026-09-05,86,129.79471137482494,111.71
2026-09-05,87,126.39244748804238,107.78
2026-09-05,88,124.37864594476522,104.81
2026-09-05,89,129.29157836374637,110.79
2026-09-05,90,124.11768671451694,109.21
2026-09-05,91,121.4613127088344,106.69
2026-09-05,92,116.12803581380363,104.72
2026-09-05,93,121.33824538060811,101.63
2026-09-05,94,115.03164525119048,99.61
2026-09-05,95,113.11621128248828,102.84
2026-09-05,96,108.1852575219022,99.75
2026-09-06,1,126.58500560392066,137.91
2026-09-06,2,119.88019891312648,134.93
2026-09-06,3,117.27161991356397,128.97
2026-09-06,4,114.78594677921296,111.09
2026-09-06,5,117.97749366195715,129.99
2026-09-06,6,115.68751447846051,121.01
2026-09-06,7,116.50922627512972,124.7
2026-09-06,8,114.98199230485244,129.67
2026-09-06,9,115.77368341284132,136.79
2026-09-06,10,116.02096195177498,137.11
2026-09-06,11,116.06792184624484,135.83
2026-09-06,12,115.57902278164087,132.01
2026-09-06,13,115.43196495708828,136.89
2026-09-06,14,114.73196045234349,135.24
2026-09-06,15,116.10118155680402,134.78
2026-09-06,16,116.71266611065232,134.99
2026-09-06,17,115.98645310595175,138.84
2026-09-06,18,117.33871169223036,140.0
2026-09-06,19,117.92375754221746,142.26
2026-09-06,20,120.7404948179238,145.0
2026-09-06,21,118.29425266510736,140.0
2026-09-06,22,120.26217353038513,140.97
2026-09-06,23,124.38300493741768,145.39
2026-09-06,24,129.03939475302775,143.77
2026-09-06,25,129.38161545797976,142.19
2026-09-06,26,134.62854069551983,144.27
2026-09-06,27,133.76768990123026,144.73
2026-09-06,28,131.54462682534145,141.77
2026-09-06,29,144.36932241208785,144.18
2026-09-06,30,134.56080371730502,138.41
2026-09-06,31,125.7996855716678,129.9
2026-09-06,32,106.46105478429936,119.91
2026-09-06,33,137.40492096343033,137.76
2026-09-06,34,116.0139632942842,123.48
2026-09-06,35,96.88174376660548,97.95
2026-09-06,36,66.07070278705115,79.12
2026-09-06,37,98.34980094941164,77.82
2026-09-06,38,65.92569251998972,53.4
2026-09-06,39,41.33022954191653,10.29
2026-09-06,40,22.349081470249985,5.74
2026-09-06,41,39.33479556905441,1.74
2026-09-06,42,19.30031491281505,0.28
2026-09-06,43,5.657789521768493,0.01
2026-09-06,44,-5.0123374209907325,0.0
2026-09-06,45,-0.1465448140379237,0.0
2026-09-06,46,-4.4821095152318975,0.0
2026-09-06,47,-8.416336387289064,-0.01
2026-09-06,48,-6.157064641469603,-0.13
2026-09-06,49,-7.686221340572615,-0.49
2026-09-06,50,-6.651623440971292,-1.19
2026-09-06,51,-7.563470812240745,-1.3
2026-09-06,52,-9.442037510694703,-1.48
2026-09-06,53,-9.368835806444608,-1.63
2026-09-06,54,-10.411689973202217,-1.81
2026-09-06,55,-10.073030313294012,-1.74
2026-09-06,56,-11.990547244374971,-1.35
2026-09-06,57,-10.899977839991656,-1.46
2026-09-06,58,-6.391129474487997,-1.0
2026-09-06,59,-3.89748714641928,-0.1
2026-09-06,60,0.8364787105438296,-0.06
2026-09-06,61,-2.24924346312082,-0.02
2026-09-06,62,3.158802671259849,-0.01
2026-09-06,63,9.510944427874849,0.0
2026-09-06,64,31.46031225716248,0.01
2026-09-06,65,6.491004354803977,0.01
2026-09-06,66,34.71926937801478,1.94
2026-09-06,67,69.89899458609833,20.0
2026-09-06,68,100.88430527419932,57.83
2026-09-06,69,64.55105144650467,57.23
2026-09-06,70,104.25229836312444,92.4
2026-09-06,71,139.46373032533947,150.74
2026-09-06,72,180.63756236389625,192.31
2026-09-06,73,144.59615648358096,154.52
2026-09-06,74,175.15831029593622,181.83
2026-09-06,75,211.56073278688308,205.87
2026-09-06,76,246.47574707291312,234.2
2026-09-06,77,227.96196021033245,199.96
2026-09-06,78,229.76016617971487,221.99
2026-09-06,79,234.8212643271564,225.53
2026-09-06,80,254.9417734131273,240.47
2026-09-06,81,222.69065251080784,224.99
2026-09-06,82,241.7225909241762,228.57
2026-09-06,83,239.6196476351444,235.06
2026-09-06,84,222.6462570996121,222.0
2026-09-06,85,221.94014438057624,230.95
2026-09-06,86,212.3597771801961,207.44
2026-09-06,87,205.2923445834922,200.0
2026-09-06,88,192.16905188223475,186.23
2026-09-06,89,199.62568717910776,203.97
2026-09-06,90,190.3380369311214,191.26
2026-09-06,91,181.54976247177265,185.8
2026-09-06,92,174.52306542543033,176.51
2026-09-06,93,183.2052371707948,182.34
2026-09-06,94,176.23267835774948,171.84
2026-09-06,95,172.0156436137632,170.43
2026-09-06,96,164.08744586318397,153.72
2026-09-07,1,172.99739707070006,169.99
2026-09-07,2,164.80952092470963,156.71
2026-09-07,3,158.21211078201264,149.59
2026-09-07,4,151.228323161855,145.72
2026-09-07,5,159.08382739988906,157.22
2026-09-07,6,153.90096305566925,150.11
2026-09-07,7,151.18182474842035,149.43
2026-09-07,8,148.05073668672014,146.67
2026-09-07,9,149.50466624669752,149.07
2026-09-07,10,147.51578981819554,149.01
2026-09-07,11,146.9989868976287,148.34
2026-09-07,12,146.21913603124824,146.85
2026-09-07,13,147.66107711099082,150.43
2026-09-07,14,146.43006159596192,147.39
2026-09-07,15,145.80057280593462,147.36
2026-09-07,16,145.33573529620995,147.67
2026-09-07,17,145.3903034552697,147.59
2026-09-07,18,146.41701505878757,149.44
2026-09-07,19,148.46492251506214,150.73
2026-09-07,20,151.31747177068524,159.61
2026-09-07,21,147.61986223021984,154.8
2026-09-07,22,152.83781641410883,165.06
2026-09-07,23,161.38453514945297,178.47
2026-09-07,24,168.70130562132923,193.15
2026-09-07,25,169.27090105869985,194.31
2026-09-07,26,179.88204280772737,205.99
2026-09-07,27,185.65731756260053,211.67
2026-09-07,28,198.2926350330341,217.93
2026-09-07,29,202.1511474460197,220.52
2026-09-07,30,203.06006798562413,224.05
2026-09-07,31,202.71287821297727,222.12
2026-09-07,32,189.3357585185377,214.76
2026-09-07,33,215.33493834052345,230.04
2026-09-07,34,204.07802727149647,219.95
2026-09-07,35,193.1902412679072,206.24
2026-09-07,36,164.63199425322165,193.0
2026-09-07,37,204.64153404482184,208.65
2026-09-07,38,176.46690260648646,198.7
2026-09-07,39,155.27306048390483,164.63
2026-09-07,40,134.74900802934246,149.2
2026-09-07,41,161.11880893806784,161.55
2026-09-07,42,139.2989901486047,152.78
2026-09-07,43,125.03543621313791,141.4
2026-09-07,44,108.68329398518172,124.35
2026-09-07,45,122.2085104922208,144.03
2026-09-07,46,108.90851480972364,125.66
2026-09-07,47,97.54626674123188,109.08
2026-09-07,48,85.4838889970467,101.34
2026-09-07,49,93.09009987763378,107.13
2026-09-07,50,80.7159734176626,93.86
2026-09-07,51,75.37630326006871,67.51
2026-09-07,52,69.34146191533283,50.01
2026-09-07,53,72.95375142281998,60.42
2026-09-07,54,68.75858661707527,44.21
2026-09-07,55,64.51385776030422,37.27
2026-09-07,56,60.9925850544649,24.63
2026-09-07,57,62.82653164747296,30.59
2026-09-07,58,66.97461977172061,30.73
2026-09-07,59,71.07394010814131,30.75
2026-09-07,60,75.58213937020741,34.44
2026-09-07,61,70.55304173695947,38.93
2026-09-07,62,77.41800284400733,54.02
2026-09-07,63,85.08986437042226,75.15
2026-09-07,64,97.73409870623458,84.5
2026-09-07,65,83.67372867589164,58.54
2026-09-07,66,100.38595569155916,91.77
2026-09-07,67,113.7577062559432,126.18
2026-09-07,68,132.65699224802242,155.9
2026-09-07,69,113.31802739877578,115.17
2026-09-07,70,133.4048969948429,148.22
2026-09-07,71,153.3557206383983,171.0
2026-09-07,72,174.06879159805317,211.79
2026-09-07,73,155.70285055688475,174.05
2026-09-07,74,171.0836937665947,192.26
2026-09-07,75,188.94238467419683,206.0
2026-09-07,76,205.72411222442108,252.97
2026-09-07,77,195.93804937374952,221.99
2026-09-07,78,202.36356366649943,236.38
2026-09-07,79,211.5545935628476,253.66
2026-09-07,80,225.6943317687477,248.16
2026-09-07,81,211.0523722171517,229.04
2026-09-07,82,212.427828460905,235.0
2026-09-07,83,213.0343478242387,240.58
2026-09-07,84,203.8595652284964,227.45
2026-09-07,85,212.4613786628963,234.07
2026-09-07,86,203.1023127743317,207.99
2026-09-07,87,194.42585863710605,198.52
2026-09-07,88,180.46385623546183,180.07
2026-09-07,89,194.9757209020807,194.52
2026-09-07,90,184.0604506357463,188.36
2026-09-07,91,177.17791321631012,185.58
2026-09-07,92,169.30617749193237,180.0
2026-09-07,93,175.13591232785396,179.98
2026-09-07,94,167.64389275425827,171.79
2026-09-07,95,162.3167964879495,169.45
2026-09-07,96,153.44101337758212,161.59
2026-09-08,1,176.02458341328,205.99
2026-09-08,2,169.8022678185709,176.28
2026-09-08,3,163.5588404374671,167.94
2026-09-08,4,156.9797613172337,164.51
2026-09-08,5,164.64378775770916,175.18
2026-09-08,6,159.5308509404549,168.04
2026-09-08,7,156.6948357948317,166.24
2026-09-08,8,153.67515706572306,160.31
2026-09-08,9,156.05228219502206,157.19
2026-09-08,10,152.90896682714668,154.88
2026-09-08,11,152.40698573161023,155.48
2026-09-08,12,151.47721094038437,155.34
2026-09-08,13,152.51259816208272,151.3
2026-09-08,14,151.76344219160575,153.05
2026-09-08,15,151.36131585830856,152.59
2026-09-08,16,151.2714321674262,152.77
2026-09-08,17,150.77802605418486,151.47
2026-09-08,18,152.35452914682,152.27
2026-09-08,19,155.35914420171812,153.16
2026-09-08,20,159.24251561627392,151.0
2026-09-08,21,153.8894238337631,154.02
2026-09-08,22,160.400278369659,158.86
2026-09-08,23,171.0204782844553,168.81
2026-09-08,24,180.8863899665015,187.82
2026-09-08,25,181.5697248015345,186.85
2026-09-08,26,195.67031935869787,202.8
2026-09-08,27,199.364312445707,210.0
2026-09-08,28,213.9934490065904,212.51
2026-09-08,29,216.5527849002858,244.43
2026-09-08,30,216.34191931064905,228.33
2026-09-08,31,214.8339985956725,216.47
2026-09-08,32,190.44533101227373,212.47
2026-09-08,33,225.26630064477663,230.01
2026-09-08,34,208.215918507804,215.61
2026-09-08,35,190.03807514135136,199.98
2026-09-08,36,156.6841461460467,157.34
2026-09-08,37,204.5239886627087,199.88
2026-09-08,38,164.97010752602358,167.36
2026-09-08,39,143.33041795355737,138.54
2026-09-08,40,124.81359608876052,105.14
2026-09-08,41,147.77057893366674,149.48
2026-09-08,42,127.82974406211716,129.98
2026-09-08,43,114.65919166916012,99.48
2026-09-08,44,95.50710591221856,50.0
2026-09-08,45,109.13341545026296,95.44
2026-09-08,46,92.58139513843842,67.56
2026-09-08,47,77.25775156424584,44.59
2026-09-08,48,58.60710539815874,21.36
2026-09-08,49,69.52513461461884,30.0
2026-09-08,50,49.37453983973691,23.19
2026-09-08,51,38.24429906788515,10.06
2026-09-08,52,25.530740348325537,3.95
2026-09-08,53,32.19701262467203,7.82
2026-09-08,54,23.8537501464982,0.09
2026-09-08,55,15.829158109668,0.02
2026-09-08,56,10.837368180098297,0.01
2026-09-08,57,16.101835626577518,0.01
2026-09-08,58,22.53182272936793,0.01
2026-09-08,59,26.842308012823462,0.03
2026-09-08,60,29.346750569945,6.53
2026-09-08,61,31.010055084287544,14.97
2026-09-08,62,40.59772610908836,32.28
2026-09-08,63,53.871816105958175,66.02
2026-09-08,64,75.31638054417871,81.26
2026-09-08,65,56.50023483239552,15.43
2026-09-08,66,83.44168896952135,50.0
2026-09-08,67,101.82483397989246,109.27
2026-09-08,68,127.0319322964113,139.8
2026-09-08,69,100.932513173321,110.2
2026-09-08,70,127.7860821759237,144.49
2026-09-08,71,158.34746620243496,171.67
2026-09-08,72,188.34574586291853,210.11
2026-09-08,73,162.3005052545824,157.42
2026-09-08,74,195.79957725904256,199.94
2026-09-08,75,218.7398019346536,209.0
2026-09-08,76,243.15215338321897,235.96
2026-09-08,77,221.2159865795038,213.0
2026-09-08,78,230.237777448629,229.32
2026-09-08,79,244.0309503344485,254.26
2026-09-08,80,261.5581901304949,266.45
2026-09-08,81,232.34361099668388,271.63
2026-09-08,82,239.00801119128167,266.83
2026-09-08,83,238.98592492939144,255.57
2026-09-08,84,218.81811638795944,235.31
2026-09-08,85,223.79588034759183,245.31
2026-09-08,86,213.6553293075205,221.84
2026-09-08,87,205.0897696066544,211.61
2026-09-08,88,187.7409151473136,197.0
2026-09-08,89,203.19397004068992,206.91
2026-09-08,90,192.75610663347555,197.09
2026-09-08,91,185.99971566829151,194.25
2026-09-08,92,178.30011937390077,185.77
2026-09-08,93,182.4218732662879,191.0
2026-09-08,94,174.802400386892,180.44
2026-09-08,95,168.87775771514373,177.02
2026-09-08,96,159.2397659975665,161.33
2026-09-09,1,161.67792524610857,150.34
2026-09-09,2,153.26618283779916,151.09
2026-09-09,3,146.75167185669832,150.92
2026-09-09,4,140.23944670884035,147.48
2026-09-09,5,148.94463122641926,152.62
2026-09-09,6,143.76241586158267,146.63
2026-09-09,7,140.83924365169915,143.25
2026-09-09,8,137.31020863781634,140.79
2026-09-09,9,139.8198458294109,146.76
2026-09-09,10,137.37904946030352,145.21
2026-09-09,11,136.15393477136857,142.41
2026-09-09,12,135.01561280280848,138.97
2026-09-09,13,135.82790786695878,144.03
2026-09-09,14,135.36145725542664,138.76
2026-09-09,15,134.987743464563,138.11
2026-09-09,16,135.34708122822124,137.01
2026-09-09,17,135.33261790839327,138.46
2026-09-09,18,135.94603755892425,137.92
2026-09-09,19,137.3285992278901,137.41
2026-09-09,20,139.39353830316006,137.65
2026-09-09,21,137.12516962133358,136.91
2026-09-09,22,140.7995517816857,138.57
2026-09-09,23,148.35905480542647,144.07
2026-09-09,24,157.73431710413738,149.94
2026-09-09,25,157.89515335880603,154.12
2026-09-09,26,172.6474015604635,174.92
2026-09-09,27,179.4118162937861,178.94
2026-09-09,28,192.4456010856598,188.04
2026-09-09,29,195.54081187989868,201.75
2026-09-09,30,195.8466815182091,200.21
2026-09-09,31,196.91482469324768,199.92
2026-09-09,32,183.3411182731574,197.18
2026-09-09,33,209.03752381019515,220.07
2026-09-09,34,198.1108676668395,202.0
2026-09-09,35,182.9646691920485,196.01
2026-09-09,36,155.68726308357898,173.85
2026-09-09,37,195.0138621608026,195.0
2026-09-09,38,164.63061263378955,163.76
2026-09-09,39,145.41373114610005,148.21
2026-09-09,40,128.5863746583048,135.06
2026-09-09,41,149.85990876532725,137.55
2026-09-09,42,131.01326044385675,132.12
2026-09-09,43,118.05227361747058,123.27
2026-09-09,44,104.61037953395632,100.61
2026-09-09,45,115.6094182345402,123.16
2026-09-09,46,102.0553079155026,108.99
2026-09-09,47,93.5839916617266,92.16
2026-09-09,48,86.72973024582521,79.98
2026-09-09,49,89.64570643264521,108.56
2026-09-09,50,82.07194068471836,87.89
2026-09-09,51,79.90078014341849,83.47
2026-09-09,52,74.95996838299601,72.24
2026-09-09,53,77.69615892455792,79.59
2026-09-09,54,73.89263974381993,70.35
2026-09-09,55,68.71312427569451,62.04
2026-09-09,56,63.34538427616326,56.34
2026-09-09,57,66.24547243144538,60.85
2026-09-09,58,67.17648928150126,62.65
2026-09-09,59,70.07285485597046,60.45
2026-09-09,60,73.72283824761229,62.33
2026-09-09,61,71.19974166466874,60.42
2026-09-09,62,78.02835817319932,69.59
2026-09-09,63,86.12146100530903,78.26
2026-09-09,64,99.33232809247907,83.48
2026-09-09,65,83.51629589479937,64.69
2026-09-09,66,98.39780879865232,82.99
2026-09-09,67,114.89404940348734,111.51
2026-09-09,68,137.5858456670617,123.21
2026-09-09,69,113.82395667807592,106.31
2026-09-09,70,137.63565039789148,129.12
2026-09-09,71,162.62415080344616,140.54
2026-09-09,72,184.3474884211663,152.26
2026-09-09,73,164.00158160753173,138.21
2026-09-09,74,185.29569502209853,167.25
2026-09-09,75,198.03570550516903,187.65
2026-09-09,76,211.27365522950385,201.63
2026-09-09,77,200.65845532506967,197.52
2026-09-09,78,205.6607496454232,202.25
2026-09-09,79,208.1247517166757,202.08
2026-09-09,80,216.4256141594228,206.29
2026-09-09,81,205.65501216532127,202.57
2026-09-09,82,209.4750491535013,200.8
2026-09-09,83,209.29355371161984,202.26
2026-09-09,84,205.41014391752287,203.8
2026-09-09,85,209.55990090893,204.92
2026-09-09,86,199.8791740060633,198.0
2026-09-09,87,192.8425815738049,195.76
2026-09-09,88,182.29244989495103,187.37
2026-09-09,89,194.18342744909964,190.05
2026-09-09,90,185.1362290672305,175.81
2026-09-09,91,179.61693299001502,171.66
2026-09-09,92,173.90440824404487,162.42
2026-09-09,93,177.95824151029095,168.0
2026-09-09,94,171.75892193070558,155.4
2026-09-09,95,166.98604791366552,148.76
2026-09-09,96,159.6741834477636,140.85
2026-09-10,1,177.7463038480453,172.77
2026-09-10,2,167.49742198703402,160.0
2026-09-10,3,161.71570288549145,154.33
2026-09-10,4,155.799229421721,153.62
2026-09-10,5,162.78255563180244,154.46
2026-09-10,6,158.68613181413343,159.26
2026-09-10,7,157.41728193157215,158.09
2026-09-10,8,155.39820265824352,157.58
2026-09-10,9,155.75110391790287,157.27
2026-09-10,10,155.78576819778888,156.21
2026-09-10,11,156.11757429826457,162.08
2026-09-10,12,157.94582851154308,162.37
2026-09-10,13,155.98662683899957,162.09
2026-09-10,14,157.9561425053196,163.29
2026-09-10,15,159.8406400156358,160.84
2026-09-10,16,161.22505018100867,163.3
2026-09-10,17,159.06209819385992,163.29
2026-09-10,18,162.3907765926789,165.99
2026-09-10,19,165.65591727687436,171.36
2026-09-10,20,169.84105374994317,177.96
2026-09-10,21,164.56980987617982,170.24
2026-09-10,22,171.46179090978458,177.14
2026-09-10,23,184.4338082000236,187.35
2026-09-10,24,195.85234416237083,200.93
2026-09-10,25,192.74095005159808,192.14
2026-09-10,26,208.6083666787129,206.18
2026-09-10,27,216.7324392806796,218.27
2026-09-10,28,227.496274062592,226.77
2026-09-10,29,232.10291239595685,226.79
2026-09-10,30,238.5325790200305,234.0
2026-09-10,31,233.59565036267884,236.99
2026-09-10,32,210.62228062019287,229.94
2026-09-10,33,245.23054840168507,248.93
2026-09-10,34,224.5224892998051,227.5
2026-09-10,35,206.25592677698825,216.08
2026-09-10,36,173.86000711949032,195.67
2026-09-10,37,209.0140951255326,215.99
2026-09-10,38,184.16271536166187,195.01
2026-09-10,39,162.13247850634022,173.82
2026-09-10,40,146.75319574202982,155.09
2026-09-10,41,171.15592018022232,174.91
2026-09-10,42,150.53849826639828,151.1
2026-09-10,43,136.58632815073673,137.25
2026-09-10,44,119.72288296294994,122.2
2026-09-10,45,135.97123172777034,131.54
2026-09-10,46,121.4805258502445,117.81
2026-09-10,47,110.26012225437763,99.16
2026-09-10,48,98.79039494052212,73.77
2026-09-10,49,105.89879188374027,90.0
2026-09-10,50,95.76253896234752,75.98
2026-09-10,51,93.8225131508361,74.57
2026-09-10,52,91.13454039290548,66.02
2026-09-10,53,93.55883910020049,69.38
2026-09-10,54,91.91751131309582,62.38
2026-09-10,55,90.42195142608504,63.46
2026-09-10,56,90.6522557515776,69.34
2026-09-10,57,89.50375142244945,77.66
2026-09-10,58,98.20402352401878,89.36
2026-09-10,59,104.3743592921297,96.26
2026-09-10,60,110.8751481464675,103.76
2026-09-10,61,103.04259775586522,101.36
2026-09-10,62,112.18225645463508,112.92
2026-09-10,63,123.97249651682928,123.88
2026-09-10,64,137.99195307745677,132.54
2026-09-10,65,115.40082688316068,111.19
2026-09-10,66,138.00032166027694,143.2
2026-09-10,67,157.59937636179365,162.02
2026-09-10,68,184.4935628655384,181.78
2026-09-10,69,146.9040612078573,154.76
2026-09-10,70,178.98828860075133,184.41
2026-09-10,71,207.29393026822856,196.8
2026-09-10,72,238.60713276381225,215.62
2026-09-10,73,203.13509676665063,204.41
2026-09-10,74,232.5233563266615,238.38
2026-09-10,75,283.2369485580957,255.2
2026-09-10,76,358.40021971699707,302.01
2026-09-10,77,319.890183308944,354.24
2026-09-10,78,371.0923059835004,401.56
2026-09-10,79,446.8416846657535,502.54
2026-09-10,80,530.1046028846355,585.1
2026-09-10,81,430.66951290547104,578.76
2026-09-10,82,434.1399921483297,471.93
2026-09-10,83,382.0979102864438,366.57
2026-09-10,84,304.60175576956726,300.06
2026-09-10,85,344.886119237611,271.39
2026-09-10,86,290.9412808836476,268.06
2026-09-10,87,256.54860540932435,241.43
2026-09-10,88,215.43394887513125,238.01
2026-09-10,89,241.7754785940669,239.7
2026-09-10,90,222.3589636992656,226.41
2026-09-10,91,207.70306652810416,222.95
2026-09-10,92,194.4615579088743,211.3
2026-09-10,93,204.1777372170983,218.15
2026-09-10,94,196.2884516344974,210.54
2026-09-10,95,185.5181575296983,197.59
2026-09-10,96,175.6979116052228,171.33
2026-09-11,1,199.3942434517262,183.77
2026-09-11,2,188.6155704174872,186.09
2026-09-11,3,181.23765159263468,186.74
2026-09-11,4,173.54206062703278,180.73
2026-09-11,5,183.84896604070912,196.82
2026-09-11,6,178.08761981723094,178.05
2026-09-11,7,174.663877399811,175.47
2026-09-11,8,171.59594703531496,172.53
2026-09-11,9,173.7329323315035,175.09
2026-09-11,10,170.8333652670319,172.37
2026-09-11,11,169.50507836021683,169.84
2026-09-11,12,169.35876600589245,168.31
2026-09-11,13,169.43518047870884,165.95
2026-09-11,14,169.36070698884987,163.53
2026-09-11,15,169.38793892089487,165.3
2026-09-11,16,169.17476760273507,163.75
2026-09-11,17,166.6434435894908,165.79
2026-09-11,18,169.8751536233833,167.12
2026-09-11,19,171.07122156739138,167.32
2026-09-11,20,174.87737663592,168.53
2026-09-11,21,169.81819894057622,170.47
2026-09-11,22,175.12394338974644,173.85
2026-09-11,23,186.54355084425632,176.44
2026-09-11,24,197.47106523089505,183.4
2026-09-11,25,192.77180320343868,190.83
2026-09-11,26,209.42805152423648,200.27
2026-09-11,27,219.87307602817623,206.46
2026-09-11,28,230.87212262677383,213.49
2026-09-11,29,230.9451987407918,221.67
2026-09-11,30,238.4501471501276,223.94
2026-09-11,31,238.01316275007912,224.34
2026-09-11,32,220.7941446496805,222.52
2026-09-11,33,248.3741573886688,233.43
2026-09-11,34,236.17333417535187,223.82
2026-09-11,35,218.6194048237512,213.25
2026-09-11,36,189.1477833771495,186.31
2026-09-11,37,228.37739199568605,204.75
2026-09-11,38,205.6547204078338,200.49
2026-09-11,39,185.9120289981977,191.95
2026-09-11,40,169.1321665016781,180.75
2026-09-11,41,198.0211784377742,204.6
2026-09-11,42,175.58065864265777,175.08
2026-09-11,43,158.64324831061617,169.13
2026-09-11,44,141.0037798229289,164.05
2026-09-11,45,159.18206626521,157.73
2026-09-11,46,145.43623604989477,151.08
2026-09-11,47,132.06848970106407,143.84
2026-09-11,48,121.15313579803389,136.81
2026-09-11,49,131.18651479430864,137.2
2026-09-11,50,120.51216062746978,124.01
2026-09-11,51,118.10858784968804,130.17
2026-09-11,52,116.16499407251368,137.2
2026-09-11,53,117.81127652182758,121.92
2026-09-11,54,115.15671294760956,129.24
2026-09-11,55,115.24421900525934,135.0
2026-09-11,56,115.8132519649021,139.88
2026-09-11,57,114.40944391151764,138.18
2026-09-11,58,120.2343349548357,145.02
2026-09-11,59,127.28340889501166,149.1
2026-09-11,60,137.51269495592237,153.55
2026-09-11,61,124.8503736614953,150.0
2026-09-11,62,135.33705933788545,153.59
2026-09-11,63,145.65805220311086,158.37
2026-09-11,64,157.36056486053758,172.6
2026-09-11,65,135.84542037793923,157.43
2026-09-11,66,152.73642328927045,175.28
2026-09-11,67,171.8715875184381,192.0
2026-09-11,68,199.051637454724,201.9
2026-09-11,69,160.45180417420826,181.52
2026-09-11,70,190.3494976911724,205.93
2026-09-11,71,211.1454099294192,216.99
2026-09-11,72,237.22262928682653,233.01
2026-09-11,73,206.00604938175047,216.99
2026-09-11,74,236.86311579516743,238.03
2026-09-11,75,261.64311296987603,260.78
2026-09-11,76,294.86929452718925,278.16
2026-09-11,77,283.1811607143368,288.88
2026-09-11,78,297.27514858862673,299.67
2026-09-11,79,322.16702108882095,321.55
2026-09-11,80,340.9569648682433,326.46
2026-09-11,81,305.64545426449325,315.61
2026-09-11,82,302.577195348822,294.94
2026-09-11,83,290.0843492564689,277.21
2026-09-11,84,271.3824470429145,267.9
2026-09-11,85,286.6283751636927,270.29
2026-09-11,86,268.90751395290977,245.22
2026-09-11,87,252.2715085767212,236.0
2026-09-11,88,231.1806968590662,228.79
2026-09-11,89,242.52975739758608,234.01
2026-09-11,90,230.92385347982625,225.01
2026-09-11,91,221.43829225747825,222.31
2026-09-11,92,209.4566951850888,218.53
2026-09-11,93,219.00388057557672,217.0
2026-09-11,94,211.98181407430724,207.0
2026-09-11,95,201.5821218293229,202.41
2026-09-11,96,188.5166195646252,192.02
2026-09-12,1,214.1926404886744,212.04
2026-09-12,2,206.0985494660489,206.52
2026-09-12,3,198.9794401121411,203.68
2026-09-12,4,189.77625900829443,198.88
2026-09-12,5,201.6853148047971,205.88
2026-09-12,6,194.8155818967369,199.05
2026-09-12,7,191.0178675082321,197.21
2026-09-12,8,186.1407334038041,194.0
2026-09-12,9,191.32511110632635,197.97
2026-09-12,10,186.5345324818473,198.57
2026-09-12,11,185.10014648669653,195.0
2026-09-12,12,183.2867345247336,194.0
2026-09-12,13,183.55282834085403,190.18
2026-09-12,14,184.2135228191171,189.82
2026-09-12,15,184.72301915641444,188.6
2026-09-12,16,181.9432267364344,188.6
2026-09-12,17,180.42791225866563,184.5
2026-09-12,18,181.32094470932824,182.43
2026-09-12,19,181.84559039765435,185.0
2026-09-12,20,183.16052719385087,185.0
2026-09-12,21,180.77000134443125,184.5
2026-09-12,22,181.5592694467533,185.2
2026-09-12,23,186.33846118211727,186.37
2026-09-12,24,186.09874201810064,190.73
2026-09-12,25,193.6762254100232,190.15
2026-09-12,26,196.2433848700537,192.74
2026-09-12,27,193.10685167802416,196.8
2026-09-12,28,195.24960099575227,193.07
2026-09-12,29,209.0161154512452,199.88
2026-09-12,30,194.954694243454,196.7
2026-09-12,31,192.5087395795511,191.12
2026-09-12,32,175.59229339299992,186.8
2026-09-12,33,204.5499587136994,200.75
2026-09-12,34,192.3027790483078,188.62
2026-09-12,35,183.767359140506,161.01
2026-09-12,36,150.97263430277394,144.94
2026-09-12,37,189.7307673478663,182.81
2026-09-12,38,164.84893010742758,150.39
2026-09-12,39,136.0093217804938,131.71
2026-09-12,40,120.81270133861976,108.19
2026-09-12,41,135.97239378925752,122.71
2026-09-12,42,112.53788737521953,105.77
2026-09-12,43,95.99004985162874,85.0
2026-09-12,44,73.44977354997535,43.36
2026-09-12,45,87.6960694454313,65.89
2026-09-12,46,67.18108790096073,42.8
2026-09-12,47,51.24142854833394,16.84
2026-09-12,48,33.99727760020221,5.86
2026-09-12,49,42.59150924478968,4.04
2026-09-12,50,27.507126473311125,0.0
2026-09-12,51,20.60709751744723,-0.01
2026-09-12,52,12.891079023391931,-0.02
2026-09-12,53,16.206261269887733,-0.01
2026-09-12,54,10.799216922613835,-0.05
2026-09-12,55,5.957134140634963,-0.05
2026-09-12,56,1.2304553263019855,-0.09
2026-09-12,57,6.7852424669248,-0.48
2026-09-12,58,8.130228062645834,-0.19
2026-09-12,59,9.400730071243224,-0.13
2026-09-12,60,5.083858273828824,-0.17
2026-09-12,61,13.463881007500987,-0.01
2026-09-12,62,19.1889066110694,0.0
2026-09-12,63,25.834085501304017,0.0
2026-09-12,64,40.37581627875095,2.91
2026-09-12,65,37.813392879343816,0.01
2026-09-12,66,61.530006151417496,7.17
2026-09-12,67,82.46937924182083,43.29
2026-09-12,68,105.779197145424,87.29
2026-09-12,69,82.61463530441102,83.4
2026-09-12,70,108.81781113066944,114.22
2026-09-12,71,135.68144705073246,126.78
2026-09-12,72,165.1217217258933,150.4
2026-09-12,73,138.93208777358836,145.35
2026-09-12,74,160.22640599884534,180.12
2026-09-12,75,187.2078047074291,191.46
2026-09-12,76,211.12128025108075,194.83
2026-09-12,77,192.60214689451,194.44
2026-09-12,78,203.3307503233677,204.81
2026-09-12,79,212.9461825247689,204.46
2026-09-12,80,232.50569661529047,210.24
2026-09-12,81,209.3950886340973,210.99
2026-09-12,82,216.9637204210889,211.17
2026-09-12,83,218.97702597353376,210.92
2026-09-12,84,206.76657700702464,207.69
2026-09-12,85,213.54077205245707,210.75
2026-09-12,86,205.5296287165168,204.94
2026-09-12,87,199.088335971544,201.06
2026-09-12,88,189.4202431534844,191.74
2026-09-12,89,200.18881418038427,199.35
2026-09-12,90,190.9782869427969,191.77
2026-09-12,91,187.59885566355263,189.05
2026-09-12,92,182.8278742764361,183.73
2026-09-12,93,184.8709638505651,191.46
2026-09-12,94,179.84002668952928,186.02
2026-09-12,95,175.50493757952503,182.21
2026-09-12,96,167.46062499953825,179.55
2026-09-13,1,178.80027035966592,177.83
2026-09-13,2,168.5498403335269,177.83
2026-09-13,3,162.44395359688184,177.83
2026-09-13,4,155.44296380885072,177.83
2026-09-13,5,163.91357159811423,167.6
2026-09-13,6,158.7313725624262,167.6
2026-09-13,7,156.59065966516778,167.6
2026-09-13,8,153.81294527041032,167.6
2026-09-13,9,156.5810862834298,163.03
2026-09-13,10,153.84800775271458,163.03
2026-09-13,11,151.87299160363824,163.03
2026-09-13,12,150.31744197367277,163.03
2026-09-13,13,151.51084094596752,161.73
2026-09-13,14,150.10403018578864,161.73
2026-09-13,15,150.29415603530626,161.73
2026-09-13,16,149.2917375272179,161.73
2026-09-13,17,147.75099628884573,164.06
2026-09-13,18,149.469527103583,164.06
2026-09-13,19,149.84432921940865,164.06
2026-09-13,20,149.6855612178483,164.06
2026-09-13,21,148.53979483431442,168.03
2026-09-13,22,149.456298087424,168.03
2026-09-13,23,153.35173211870472,168.03
2026-09-13,24,154.07297702197718,168.03
2026-09-13,25,156.27513383152913,175.27
2026-09-13,26,157.298539120211,175.27
2026-09-13,27,156.7990038738288,175.27
2026-09-13,28,157.79944519435836,175.27
2026-09-13,29,164.449212579946,178.93
2026-09-13,30,158.97874203097447,178.93
2026-09-13,31,151.9565905531765,178.93
2026-09-13,32,141.6388453560195,178.93
2026-09-13,33,164.6354543861334,167.88
2026-09-13,34,150.76064397089283,167.88
2026-09-13,35,136.55599446094934,167.88
2026-09-13,36,121.72152830916714,167.88
2026-09-13,37,141.9171149068302,144.24
2026-09-13,38,124.40758919391568,144.24
2026-09-13,39,114.63228072172798,144.24
2026-09-13,40,106.78436726186008,144.24
2026-09-13,41,119.00062929598356,120.0
2026-09-13,42,108.44787102103017,120.0
2026-09-13,43,99.67912391166556,120.0
2026-09-13,44,89.92590935915032,120.0
2026-09-13,45,99.29478931685028,105.31
2026-09-13,46,90.41471891449622,105.31
2026-09-13,47,83.85643588864126,105.31
2026-09-13,48,77.27700706574356,105.31
2026-09-13,49,81.44416783287996,100.83
2026-09-13,50,76.20328077471328,100.83
2026-09-13,51,74.30735501654416,100.83
2026-09-13,52,71.6653498687089,100.83
2026-09-13,53,72.9019586487047,97.11
2026-09-13,54,71.57292128226685,97.11
2026-09-13,55,69.64263181788938,97.11
2026-09-13,56,68.29176409473524,97.11
2026-09-13,57,69.3295176111636,97.1
2026-09-13,58,73.77439183535365,97.1
2026-09-13,59,81.05731402318419,97.1
2026-09-13,60,88.82714995166893,97.1
2026-09-13,61,80.43428150842368,113.17
2026-09-13,62,92.82377814677974,113.17
2026-09-13,63,106.22422721199844,113.17
2026-09-13,64,120.28003799428232,113.17
2026-09-13,65,99.44142614716142,150.98
2026-09-13,66,118.47777885546724,150.98
2026-09-13,67,135.00029525376902,150.98
2026-09-13,68,155.8960987318831,150.98
2026-09-13,69,128.353303805065,189.14
2026-09-13,70,151.6379299419988,189.14
2026-09-13,71,171.04440733934453,189.14
2026-09-13,72,190.7210124748885,189.14
2026-09-13,73,169.29014717291247,210.0
2026-09-13,74,184.40072728979663,210.0
2026-09-13,75,200.5390386989394,210.0
2026-09-13,76,217.14080626955905,210.0
2026-09-13,77,205.2591674735384,230.01
2026-09-13,78,213.01056413691023,230.01
2026-09-13,79,222.10961192991152,230.01
2026-09-13,80,234.1795840245981,230.01
2026-09-13,81,222.06514645647744,233.83
2026-09-13,82,229.40735428621943,233.83
2026-09-13,83,230.89109010276223,233.83
2026-09-13,84,228.84475784238515,233.83
2026-09-13,85,232.298623680938,232.37
2026-09-13,86,225.15947103453468,232.37
2026-09-13,87,219.20644539499284,232.37
2026-09-13,88,205.9150550096739,232.37
2026-09-13,89,221.14560640890485,227.46
2026-09-13,90,208.4546656664608,227.46
2026-09-13,91,200.857213058777,227.46
2026-09-13,92,192.711901054672,227.46
2026-09-13,93,201.62804210148744,210.59
2026-09-13,94,195.32336173983205,210.59
2026-09-13,95,187.98194526570225,210.59
2026-09-13,96,176.2970949984355,210.59
2026-09-14,1,205.64659338730385,218.18
2026-09-14,2,195.9949429091708,205.79
2026-09-14,3,189.7251074937795,196.0
2026-09-14,4,181.5695386099073,186.85
2026-09-14,5,191.4924719859762,192.1
2026-09-14,6,185.5986637921667,187.5
2026-09-14,7,183.63244906186165,189.38
2026-09-14,8,181.7940836784724,182.59
2026-09-14,9,182.73480289930285,185.42
2026-09-14,10,181.3455678196525,185.05
2026-09-14,11,179.98322573615053,183.47
2026-09-14,12,180.9529418978849,182.75
2026-09-14,13,179.7272489998241,183.46
2026-09-14,14,179.44637434544535,184.16
2026-09-14,15,181.2752538758024,183.8
2026-09-14,16,181.53998108903693,184.05
2026-09-14,17,177.38183046476806,180.24
2026-09-14,18,181.03834688258544,181.2
2026-09-14,19,185.1514315959888,183.46
2026-09-14,20,187.3256648197862,190.12
2026-09-14,21,182.3400090392448,184.46
2026-09-14,22,189.41370740836925,194.47
2026-09-14,23,200.5819224385353,208.57
2026-09-14,24,213.8222185694888,221.0
2026-09-14,25,206.29723885418912,217.24
2026-09-14,26,226.0602579013968,250.88
2026-09-14,27,237.97758301262388,273.4
2026-09-14,28,253.6761778853589,277.25
2026-09-14,29,248.48459374057384,300.1
2026-09-14,30,260.7849289290192,321.56
2026-09-14,31,264.2737948183568,323.39
2026-09-14,32,248.6295308965813,322.58
2026-09-14,33,275.8853265795872,348.3
2026-09-14,34,264.8669957486062,300.05
2026-09-14,35,252.55158043116035,281.75
2026-09-14,36,235.0651724157173,268.3
2026-09-14,37,268.0182451123288,280.22
2026-09-14,38,250.67617271133523,266.7
2026-09-14,39,224.9985376501458,240.05
2026-09-14,40,204.5819913438283,216.56
2026-09-14,41,242.1456016016912,242.08
2026-09-14,42,212.3376843224083,219.99
2026-09-14,43,191.0541086264029,201.59
2026-09-14,44,176.04454135115316,183.66
2026-09-14,45,195.46272679953856,212.14
2026-09-14,46,183.18160693033343,193.79
2026-09-14,47,173.7552431611005,196.8
2026-09-14,48,162.21220836089935,184.47
2026-09-14,49,170.00305265155558,195.54
2026-09-14,50,162.06715471429777,181.43
2026-09-14,51,159.57312846832727,176.87
2026-09-14,52,154.04141380334374,168.87
2026-09-14,53,160.55560917905404,175.15
2026-09-14,54,155.12024199070706,168.46
2026-09-14,55,151.6952570624948,165.82
2026-09-14,56,149.96040019526495,155.59
2026-09-14,57,151.48026122581365,159.82
2026-09-14,58,151.23698729216417,161.77
2026-09-14,59,155.82300351273275,158.11
2026-09-14,60,162.67284630917038,166.0
2026-09-14,61,152.67687239486312,152.91
2026-09-14,62,159.58211334227616,155.59
2026-09-14,63,165.64168013395312,169.1
2026-09-14,64,174.33837242570928,182.0
2026-09-14,65,154.56648031741497,152.0
2026-09-14,66,170.57052774363325,170.08
2026-09-14,67,191.09694548478308,190.0
2026-09-14,68,217.96742199623247,210.51
2026-09-14,69,177.82077359818004,179.23
2026-09-14,70,203.35495872008192,214.0
2026-09-14,71,228.6637264333802,253.13
2026-09-14,72,270.2325464292238,288.31
2026-09-14,73,223.3226610429125,259.12
2026-09-14,74,264.9087404543665,306.36
2026-09-14,75,299.5134622540213,450.0
2026-09-14,76,351.23715311167643,584.88
2026-09-14,77,361.906855695657,649.11
2026-09-14,78,369.4095010148464,700.07
2026-09-14,79,382.65741745232094,700.04
2026-09-14,80,396.8877214338669,740.01
2026-09-14,81,357.4456025575762,704.41
2026-09-14,82,345.87141684506923,585.23
2026-09-14,83,324.83607882046806,447.3
2026-09-14,84,314.0984393715237,367.47
2026-09-14,85,315.42070163791664,373.3
2026-09-14,86,287.0855055986075,309.41
2026-09-14,87,270.2622391303304,270.06
2026-09-14,88,249.5878735090089,248.81
2026-09-14,89,263.9165771450617,267.01
2026-09-14,90,240.9041443617236,252.15
2026-09-14,91,230.06446005861827,242.77
2026-09-14,92,220.7114420354504,225.08
2026-09-14,93,226.73847629473264,241.7
2026-09-14,94,221.534146159188,227.75
2026-09-14,95,209.0903314846726,221.53
2026-09-14,96,196.51406538744715,207.57
2026-09-15,1,218.70414311850303,219.74
2026-09-15,2,208.7732135543257,217.76
2026-09-15,3,200.14587656761188,205.88
2026-09-15,4,188.200620011242,192.17
2026-09-15,5,202.9705415286525,211.24
2026-09-15,6,194.15350934249128,198.43
2026-09-15,7,188.06791827748617,194.29
2026-09-15,8,184.1844955508276,188.1
2026-09-15,9,187.2383600837312,189.9
2026-09-15,10,182.59662507839352,187.25
2026-09-15,11,182.440924489808,188.45
2026-09-15,12,180.39073039271275,187.81
2026-09-15,13,181.27277733582056,185.3
2026-09-15,14,181.6871014436253,185.99
2026-09-15,15,180.5279618994014,187.33
2026-09-15,16,175.7270928518474,184.0
2026-09-15,17,175.6236037324042,184.06
2026-09-15,18,175.0312340020767,184.3
2026-09-15,19,177.03386062347872,184.53
2026-09-15,20,186.59952088976647,181.31
2026-09-15,21,181.0742207399256,184.37
2026-09-15,22,181.88646508814804,187.0
2026-09-15,23,198.83448775746783,199.59
2026-09-15,24,209.88998031249943,216.07
2026-09-15,25,207.0138126858419,222.91
2026-09-15,26,224.7988507160729,238.0
2026-09-15,27,236.9909509823597,239.38
2026-09-15,28,252.57897145062825,249.41
2026-09-15,29,260.27029590537416,281.57
2026-09-15,30,257.71586353336414,270.61
2026-09-15,31,257.2037282973188,252.91
2026-09-15,32,231.05577899626493,243.22
2026-09-15,33,270.8087651344795,268.06
2026-09-15,34,250.08779494633063,241.51
2026-09-15,35,217.16966990055235,225.01
2026-09-15,36,176.1324560492527,197.87
2026-09-15,37,235.9444419635755,227.5
2026-09-15,38,194.6326819998992,212.6
2026-09-15,39,163.91279728991714,189.05
2026-09-15,40,139.35397056245495,156.43
2026-09-15,41,167.88776801932323,181.16
2026-09-15,42,143.19911579305864,162.59
2026-09-15,43,125.04097739370224,128.03
2026-09-15,44,96.3224754722172,112.06
2026-09-15,45,114.74396573641896,122.33
2026-09-15,46,91.14062510201698,88.74
2026-09-15,47,70.04679229617088,69.0
2026-09-15,48,49.64550897111366,35.41
2026-09-15,49,61.12491728042121,60.68
2026-09-15,50,45.528424325271615,43.42
2026-09-15,51,40.38428777990888,36.38
2026-09-15,52,37.268597668256696,37.39
2026-09-15,53,38.5256044242238,31.87
2026-09-15,54,37.302923707280726,30.18
2026-09-15,55,39.00770747486249,29.56
2026-09-15,56,38.779594363174056,26.39
2026-09-15,57,37.50128652538291,32.36
2026-09-15,58,51.42746906546478,42.31
2026-09-15,59,63.06165172100231,50.08
2026-09-15,60,72.77012528673527,60.05
2026-09-15,61,62.97812125055038,61.65
2026-09-15,62,83.00167024380598,89.83
2026-09-15,63,105.15317971851452,121.19
2026-09-15,64,127.84835950339324,142.1
2026-09-15,65,97.63203206814778,104.05
2026-09-15,66,133.16281536954506,140.36
2026-09-15,67,155.31153452038387,169.79
2026-09-15,68,182.8410566388158,209.89
2026-09-15,69,146.12008457415118,165.79
2026-09-15,70,178.02566928678664,210.15
2026-09-15,71,205.5766769213757,230.2
2026-09-15,72,231.0292228193197,247.72
2026-09-15,73,207.136351990152,217.83
2026-09-15,74,229.3485726882093,235.0
2026-09-15,75,262.27934131127887,258.69
2026-09-15,76,282.83052040837487,294.52
2026-09-15,77,268.6280961131072,293.68
2026-09-15,78,269.22233287809456,312.4
2026-09-15,79,287.6244493820476,307.35
2026-09-15,80,298.3383860476955,300.03
2026-09-15,81,272.4382198343542,279.77
2026-09-15,82,266.0121703288234,251.2
2026-09-15,83,255.4373002955161,245.93
2026-09-15,84,229.24158504766143,238.7
2026-09-15,85,252.65004463845872,231.3
2026-09-15,86,234.9637696959564,226.54
2026-09-15,87,223.19814032552355,223.45
2026-09-15,88,197.648256803613,208.0
2026-09-15,89,217.2868207097979,212.98
2026-09-15,90,207.0859453021372,201.34
2026-09-15,91,197.6226230748101,198.01
2026-09-15,92,186.30117404035565,185.52
2026-09-15,93,196.76670241876053,193.54
2026-09-15,94,186.3866586567159,186.6
2026-09-15,95,180.5561611697612,179.67
2026-09-15,96,167.2015647605181,171.04
2026-09-16,1,189.13018090797345,181.74
2026-09-16,2,181.43047992047823,178.97
2026-09-16,3,176.18412829838758,174.59
2026-09-16,4,169.22357501264506,170.88
2026-09-16,5,178.0593886136494,173.18
2026-09-16,6,172.06500770319303,170.8
2026-09-16,7,171.2138282905848,170.88
2026-09-16,8,169.13625549979577,170.01
2026-09-16,9,170.24271043917042,167.58
2026-09-16,10,168.8910304455211,167.45
2026-09-16,11,168.32312231400465,170.04
2026-09-16,12,168.37320471615507,169.73
2026-09-16,13,167.97453960122294,169.85
2026-09-16,14,168.17749067937595,168.75
2026-09-16,15,169.86032174064206,167.24
2026-09-16,16,170.17887648524632,168.73
2026-09-16,17,166.8901862275061,170.19
2026-09-16,18,169.85819666642232,167.33
2026-09-16,19,173.64553669717498,169.26
2026-09-16,20,177.4328557980832,171.92
2026-09-16,21,171.9298461863956,168.04
2026-09-16,22,180.50220149325943,178.58
2026-09-16,23,193.33797782425265,187.88
2026-09-16,24,210.0283778580656,225.99
2026-09-16,25,200.414028715962,199.41
2026-09-16,26,224.17379947037887,218.75
2026-09-16,27,235.63978053100527,233.61
2026-09-16,28,250.7043323267924,243.3
2026-09-16,29,248.30754535146792,246.27
2026-09-16,30,250.5398645511649,240.21
2026-09-16,31,249.41256827630536,235.01
2026-09-16,32,231.63719507886103,230.79
2026-09-16,33,263.2470201009833,247.01
2026-09-16,34,246.0617064276255,237.79
2026-09-16,35,230.88067035944,223.17
2026-09-16,36,206.86445661606257,192.0
2026-09-16,37,247.07357658586,219.85
2026-09-16,38,217.42009398557207,200.32
2026-09-16,39,194.2098266025721,176.41
2026-09-16,40,176.41620922189492,169.81
2026-09-16,41,199.0293293803381,186.38
2026-09-16,42,177.3572040201636,174.6
2026-09-16,43,158.49583087611717,168.84
2026-09-16,44,141.76703719054498,161.8
2026-09-16,45,157.43398915134304,154.39
2026-09-16,46,142.3900288835401,149.03
2026-09-16,47,130.63570400100105,136.63
2026-09-16,48,117.4621341321143,128.76
2026-09-16,49,125.40826139328442,130.89
2026-09-16,50,113.36914814242768,113.0
2026-09-16,51,108.55828436697624,109.59
2026-09-16,52,102.52363564743249,100.58
2026-09-16,53,106.74173004825414,104.7
2026-09-16,54,101.66643411012748,98.37
2026-09-16,55,97.73674397411118,96.56
2026-09-16,56,94.90418496782355,90.4
2026-09-16,57,97.14248436281945,99.39
2026-09-16,58,100.65865162702455,101.24
2026-09-16,59,104.53029709600168,103.54
2026-09-16,60,109.0813707856171,105.6
2026-09-16,61,105.3054692745691,107.24
2026-09-16,62,113.83932456917046,117.19
2026-09-16,63,128.45455500952338,130.81
2026-09-16,64,144.82005134264864,132.92
2026-09-16,65,124.66104940800768,131.37
2026-09-16,66,148.7501562839103,143.56
2026-09-16,67,166.44993703076898,165.94
2026-09-16,68,187.907633559788,193.23
2026-09-16,69,160.02906230657533,182.98
2026-09-16,70,184.4873399311629,204.21
2026-09-16,71,201.5309988959669,209.42
2026-09-16,72,220.71957843643057,222.95
2026-09-16,73,203.43574371363007,204.25
2026-09-16,74,215.2383844251287,221.72
2026-09-16,75,233.2842976904309,234.98
2026-09-16,76,247.6485388710257,263.37
2026-09-16,77,257.27698169954664,237.97
2026-09-16,78,252.9223290869323,248.0
2026-09-16,79,258.6538918537401,262.56
2026-09-16,80,270.3825657360819,269.18
2026-09-16,81,255.8777298050421,264.58
2026-09-16,82,254.77284897322232,248.79
2026-09-16,83,248.05747328154047,239.85
2026-09-16,84,239.89437079683057,234.43
2026-09-16,85,252.3557757635494,236.92
2026-09-16,86,234.7857444411323,229.49
2026-09-16,87,224.83484822517383,215.47
2026-09-16,88,211.23887995308007,199.18
2026-09-16,89,219.28024101495504,213.99
2026-09-16,90,208.4535654665895,201.4
2026-09-16,91,200.0768062140764,196.77
2026-09-16,92,193.999906019249,191.0
2026-09-16,93,199.2639448334073,198.34
2026-09-16,94,191.8048314104107,189.98
2026-09-16,95,185.02854125879423,184.25
2026-09-16,96,173.98781444638524,168.21
2026-09-17,1,194.9086320857884,199.33
2026-09-17,2,186.0064983301037,186.44
2026-09-17,3,177.2095967809252,176.97
2026-09-17,4,166.52832116870374,171.32
2026-09-17,5,179.2714508447761,175.44
2026-09-17,6,170.50344817151517,170.27
2026-09-17,7,163.92594505137168,166.6
2026-09-17,8,158.61119779515678,163.99
2026-09-17,9,163.5326132596587,166.77
2026-09-17,10,157.65847532248156,164.87
2026-09-17,11,155.31085824278836,164.94
2026-09-17,12,153.84378646489444,165.37
2026-09-17,13,158.15974958465085,165.29
2026-09-17,14,153.11204053273408,166.03
2026-09-17,15,151.9283244111232,165.3
2026-09-17,16,151.20718785424236,165.63
2026-09-17,17,153.52615038352286,164.56
2026-09-17,18,152.24922356081234,165.29
2026-09-17,19,152.8835869128515,167.42
2026-09-17,20,158.2259304385054,165.3
2026-09-17,21,156.94482249008195,158.03
2026-09-17,22,159.57877001366157,159.86
2026-09-17,23,171.53516331077333,166.75
2026-09-17,24,182.48076280534764,175.4
2026-09-17,25,185.5881711041739,172.47
2026-09-17,26,199.64446863548352,194.74
2026-09-17,27,204.3574503041631,209.2
2026-09-17,28,214.37586814911515,219.99
2026-09-17,29,224.62970199237657,230.2
2026-09-17,30,214.8491104959079,221.02
2026-09-17,31,217.05292981898543,210.96
2026-09-17,32,197.25529258687152,203.59
2026-09-17,33,228.56199967670148,215.92
2026-09-17,34,214.91388406151333,204.59
2026-09-17,35,196.98485911159528,195.46
2026-09-17,36,164.1692112606465,177.83
2026-09-17,37,225.10843402676247,200.0
2026-09-17,38,175.33016443179815,178.9
2026-09-17,39,147.2610511077825,150.24
2026-09-17,40,122.14838560655404,124.42
2026-09-17,41,143.28803335479876,145.92
2026-09-17,42,113.65341160335666,125.69
2026-09-17,43,96.3278694613984,99.3
2026-09-17,44,67.98634431441683,74.45
2026-09-17,45,83.52725360264431,69.57
2026-09-17,46,58.20271709850311,43.17
2026-09-17,47,36.50666679564301,19.12
2026-09-17,48,14.171408898972617,7.2
2026-09-17,49,25.550485767326364,17.53
2026-09-17,50,9.079240911864922,10.1
2026-09-17,51,3.766423158786914,7.62
2026-09-17,52,-2.180338911555431,7.43
2026-09-17,53,1.652760782758449,5.0
2026-09-17,54,-1.5803572111635518,2.12
2026-09-17,55,-3.942178861644784,0.42
2026-09-17,56,-11.208605935093177,0.1
2026-09-17,57,-4.187811913514594,3.97
2026-09-17,58,3.2004249109879765,6.04
2026-09-17,59,7.621259642652994,13.69
2026-09-17,60,12.501445180853402,25.2
2026-09-17,61,7.45198674764098,10.0
2026-09-17,62,16.283767198679207,23.24
2026-09-17,63,25.07432997133231,42.54
2026-09-17,64,44.40244520435958,49.01
2026-09-17,65,32.60378941691677,27.41
2026-09-17,66,65.78653860921533,51.65
2026-09-17,67,92.93557534578404,101.03
2026-09-17,68,123.89838155543156,117.35
2026-09-17,69,93.47410416943237,97.67
2026-09-17,70,126.64614283198654,135.5
2026-09-17,71,160.9858749833275,163.74
2026-09-17,72,184.3315438861597,208.99
2026-09-17,73,165.0524545607612,181.97
2026-09-17,74,181.6454658555908,197.33
2026-09-17,75,203.5655595299844,205.66
2026-09-17,76,213.629287565646,208.99
2026-09-17,77,215.1226753503296,210.17
2026-09-17,78,213.6266427590052,211.58
2026-09-17,79,216.5309413226334,213.42
2026-09-17,80,229.1759838998372,232.7
2026-09-17,81,215.257659182406,216.09
2026-09-17,82,217.0060502231949,215.16
2026-09-17,83,218.38540007226527,216.64
2026-09-17,84,204.9322231579115,214.98
2026-09-17,85,219.63179636476343,219.05
2026-09-17,86,209.27287863674184,210.72
2026-09-17,87,203.0432165762085,204.19
2026-09-17,88,189.73109587658257,188.96
2026-09-17,89,203.783271253748,199.0
2026-09-17,90,192.34523010653,191.64
2026-09-17,91,186.8372572603473,194.99
2026-09-17,92,178.6684950787851,187.88
2026-09-17,93,183.9332668874489,186.23
2026-09-17,94,177.10650355976588,184.76
2026-09-17,95,173.07293162056172,179.29
2026-09-17,96,163.77160528882723,167.18
2026-09-18,1,159.2746199695675,148.62
2026-09-18,2,152.08309960346986,142.08
2026-09-18,3,146.21244128623204,134.81
2026-09-18,4,139.57401216508043,131.43
2026-09-18,5,148.03075138927068,135.96
2026-09-18,6,142.17596690713356,130.24
2026-09-18,7,138.9326409415444,127.5
2026-09-18,8,135.85248660410704,128.07
2026-09-18,9,139.0454012053102,126.68
2026-09-18,10,135.43362273855206,125.54
2026-09-18,11,134.4846746193773,132.78
2026-09-18,12,132.73604241063674,133.02
2026-09-18,13,134.43271748520715,128.71
2026-09-18,14,134.25141911278303,129.52
2026-09-18,15,133.97424714149125,129.9
2026-09-18,16,133.522975358172,132.57
2026-09-18,17,133.4441812459106,128.05
2026-09-18,18,135.03823927793374,131.76
2026-09-18,19,136.69854667769508,130.27
2026-09-18,20,139.8049567379972,134.34
2026-09-18,21,135.65386332505483,138.82
2026-09-18,22,141.1288269917494,138.32
2026-09-18,23,148.29519272334792,148.74
2026-09-18,24,159.16850776574708,160.69
2026-09-18,25,160.1755841019654,173.0
2026-09-18,26,177.58868112580836,181.67
2026-09-18,27,186.25168338254767,187.86
2026-09-18,28,211.4490040093592,201.49
2026-09-18,29,209.3892908837757,207.0
2026-09-18,30,213.5540054498436,217.56
2026-09-18,31,210.27650139023524,213.62
2026-09-18,32,191.91925619863807,207.24
2026-09-18,33,223.0394244654105,221.78
2026-09-18,34,208.63660157978995,207.62
2026-09-18,35,194.2894414455923,203.33
2026-09-18,36,163.17813480166234,187.27
2026-09-18,37,214.1300135581188,204.35
2026-09-18,38,173.55534904458244,181.26
2026-09-18,39,150.12932877946653,150.0
2026-09-18,40,127.70021045452596,114.83
2026-09-18,41,153.2936211107252,135.33
2026-09-18,42,125.04292743891612,110.0
2026-09-18,43,109.45219280620886,83.5
2026-09-18,44,80.57634945355201,55.06
2026-09-18,45,97.29026708565418,70.83
2026-09-18,46,72.87085790865352,48.15
2026-09-18,47,52.17119231496592,36.32
2026-09-18,48,30.75895607531558,14.31
2026-09-18,49,43.11922766977805,14.62
2026-09-18,50,23.11883590807756,5.82
2026-09-18,51,15.142633881229491,3.52
2026-09-18,52,6.774254084879779,1.08
2026-09-18,53,10.62439284670468,0.5
2026-09-18,54,5.369549654042878,0.04
2026-09-18,55,1.0531984664528693,0.01
2026-09-18,56,-7.956253339788191,0.0
2026-09-18,57,-1.0859164561340364,0.0
2026-09-18,58,6.950577437321989,0.0
2026-09-18,59,9.68374035955214,0.0
2026-09-18,60,14.548164838760703,0.01
2026-09-18,61,12.89850974447863,0.07
2026-09-18,62,21.67798510413546,1.94
2026-09-18,63,28.895314162853765,4.15
2026-09-18,64,42.73357051219579,5.97
2026-09-18,65,28.117752396626408,3.88
2026-09-18,66,55.933410948823735,9.28
2026-09-18,67,81.07447830136914,48.23
2026-09-18,68,107.26108169731386,61.63
2026-09-18,69,78.84610786315903,30.0
2026-09-18,70,110.5041439869584,67.3
2026-09-18,71,140.04968096599478,129.39
2026-09-18,72,174.4379392926493,164.97
2026-09-18,73,145.07057027994315,149.46
2026-09-18,74,169.38337923462413,172.5
2026-09-18,75,198.66044562728496,191.15
2026-09-18,76,215.3155624322082,207.29
2026-09-18,77,210.2797979332072,189.3
2026-09-18,78,204.7014563081359,186.45
2026-09-18,79,206.3037915085785,189.82
2026-09-18,80,220.33315468067744,205.31
2026-09-18,81,203.4116009818272,200.57
2026-09-18,82,205.82361316619443,198.19
2026-09-18,83,203.46788578869743,191.41
2026-09-18,84,188.61031686077337,189.78
2026-09-18,85,200.35975648208785,189.0
2026-09-18,86,189.18389411152265,184.75
2026-09-18,87,181.2309517832341,174.98
2026-09-18,88,168.7847420409568,164.99
2026-09-18,89,187.8654115203693,172.86
2026-09-18,90,172.47967951886045,169.16
2026-09-18,91,166.2502387680384,164.99
2026-09-18,92,158.43297795610818,145.72
2026-09-18,93,162.9808877372821,157.35
2026-09-18,94,154.95972157969115,139.85
2026-09-18,95,151.6930680204272,130.39
2026-09-18,96,145.3552040188598,111.0
2026-09-19,1,125.68199629506074,132.52
2026-09-19,2,115.14396617996438,117.76
2026-09-19,3,102.48087613722208,97.43
2026-09-19,4,90.2301466059206,65.83
2026-09-19,5,104.63345476179978,96.05
2026-09-19,6,95.6815454835788,82.44
2026-09-19,7,83.92637569357437,79.18
2026-09-19,8,74.71304571915934,60.43
2026-09-19,9,84.7951067523117,73.77
2026-09-19,10,74.38567615140141,62.38
2026-09-19,11,70.4906455844414,52.75
2026-09-19,12,65.13070868170092,48.02
2026-09-19,13,72.9434535924561,45.15
2026-09-19,14,65.32247705637384,32.75
2026-09-19,15,62.21027392603099,26.48
2026-09-19,16,51.08735207287148,23.16
2026-09-19,17,58.14150823442921,33.57
2026-09-19,18,54.98818999744547,36.04
2026-09-19,19,53.008142143880136,36.9
2026-09-19,20,49.60294163102367,36.66
2026-09-19,21,53.59538066469325,34.79
2026-09-19,22,47.45581979692037,34.41
2026-09-19,23,45.542170423017545,34.03
2026-09-19,24,41.10289487947831,39.94
2026-09-19,25,53.38179050179447,40.74
2026-09-19,26,50.94869329609557,46.66
2026-09-19,27,49.14992771334896,40.08
2026-09-19,28,21.8315374412943,43.47
2026-09-19,29,61.21930957906923,41.38
2026-09-19,30,42.96343535962004,41.99
2026-09-19,31,41.54204055295058,45.07
2026-09-19,32,33.971809364181254,40.1
2026-09-19,33,37.90324116738236,47.71
2026-09-19,34,27.66271734363255,36.53
2026-09-19,35,15.794854680589026,27.96
2026-09-19,36,0.0052922025666504,11.8
2026-09-19,37,3.24255207035678,16.9
2026-09-19,38,1.1505696171893334,6.55
2026-09-19,39,-1.671208046817469,2.74
2026-09-19,40,-9.232067920632986,0.01
2026-09-19,41,-7.55448922372544,0.1
2026-09-19,42,-14.033134295998636,0.0
2026-09-19,43,-11.848871540139683,-0.03
2026-09-19,44,-13.549620713979364,-0.09
2026-09-19,45,-15.400796885748449,-0.13
2026-09-19,46,-13.151862517045103,-0.16
2026-09-19,47,-12.041825989921122,-0.21
2026-09-19,48,-13.368966564865758,-0.74
2026-09-19,49,-14.054381197466284,-0.78
2026-09-19,50,-16.22466355965203,-0.65
2026-09-19,51,-17.453859114073424,-0.71
2026-09-19,52,-19.860250131919457,-0.86
2026-09-19,53,-21.45472646094838,-1.01
2026-09-19,54,-22.88596377238036,-1.06
2026-09-19,55,-24.41204609231336,-1.34
2026-09-19,56,-23.87262497286069,-1.62
2026-09-19,57,-21.941258729257697,-1.27
2026-09-19,58,-23.074073726402744,-1.26
2026-09-19,59,-22.323419535022083,-1.21
2026-09-19,60,-19.736773850798983,-1.46
2026-09-19,61,-19.564605590456296,-1.85
2026-09-19,62,-18.652297459411457,-1.5
2026-09-19,63,-20.641914420822133,-1.43
2026-09-19,64,-23.7309825119372,-1.94
2026-09-19,65,-20.66998711070609,-0.1
2026-09-19,66,-18.246677931408016,-0.07
2026-09-19,67,-13.808711734322642,-0.01
2026-09-19,68,-6.344088096019902,0.0
2026-09-19,69,-9.845749731989898,0.0
2026-09-19,70,2.462078575193644,0.0
2026-09-19,71,31.82692067836504,8.2
2026-09-19,72,69.3820242270933,25.0
2026-09-19,73,39.71713942852477,30.0
2026-09-19,74,78.96248674006992,51.74
2026-09-19,75,103.3492142387556,79.66
2026-09-19,76,123.33883951248144,100.43
2026-09-19,77,107.5562059464714,99.98
2026-09-19,78,118.4712363862367,119.52
2026-09-19,79,131.3532372766599,129.37
2026-09-19,80,141.31575899282367,134.25
2026-09-19,81,125.71593148350904,133.07
2026-09-19,82,121.18359912568184,119.19
2026-09-19,83,117.35937975041546,107.0
2026-09-19,84,116.60500270477532,99.94
2026-09-19,85,115.36152202879686,101.57
2026-09-19,86,102.53675469437248,99.95
2026-09-19,87,94.63138286378918,91.05
2026-09-19,88,90.0315724288324,67.32
2026-09-19,89,101.92316292235812,88.87
2026-09-19,90,90.6018739721732,86.21
2026-09-19,91,85.80771414989457,83.64
2026-09-19,92,77.49953779223111,75.7
2026-09-19,93,79.71440988732869,85.0
2026-09-19,94,72.9123046697434,80.0
2026-09-19,95,70.05880739164394,77.65
2026-09-19,96,65.55610627555458,70.82
2026-09-20,1,82.9827851932229,18.2
2026-09-20,2,76.87424729360706,16.37
2026-09-20,3,68.7144315923015,14.99
2026-09-20,4,60.37798401307098,13.61
2026-09-20,5,70.83252946963711,14.85
2026-09-20,6,64.40167290025471,13.05
2026-09-20,7,59.93900959520165,12.49
2026-09-20,8,54.26212479242647,11.04
2026-09-20,9,59.68484520665819,8.57
2026-09-20,10,54.5784802494796,11.25
2026-09-20,11,52.90988064169235,12.2
2026-09-20,12,49.18214523944334,8.0
2026-09-20,13,53.703636964841856,8.19
2026-09-20,14,49.5326759980078,7.92
2026-09-20,15,48.389774658814034,8.05
2026-09-20,16,45.52684050446113,7.09
2026-09-20,17,46.80261233418372,9.69
2026-09-20,18,47.31160235246332,8.95
2026-09-20,19,48.11194734960381,8.75
2026-09-20,20,47.84309870902353,8.6
2026-09-20,21,46.46838985870541,10.12
2026-09-20,22,46.05563691074752,9.62
2026-09-20,23,43.08897709166096,9.47
2026-09-20,24,41.11449827417663,10.81
2026-09-20,25,40.62413231420297,8.13
2026-09-20,26,41.73673029363816,8.96
2026-09-20,27,41.701748073177626,10.37
2026-09-20,28,40.58432787979858,12.55
2026-09-20,29,46.88118635446159,11.51
2026-09-20,30,43.20000877670897,12.74
2026-09-20,31,42.59988871313007,13.34
2026-09-20,32,41.919160798462485,11.49
2026-09-20,33,45.64628948085189,13.4
2026-09-20,34,38.5784268258444,12.51
2026-09-20,35,33.965999565009824,8.34
2026-09-20,36,28.0762576470144,5.12
2026-09-20,37,29.40464837870303,8.15
2026-09-20,38,20.665732290785627,5.06
2026-09-20,39,14.09705371940018,1.4
2026-09-20,40,2.609806970402758,0.01
2026-09-20,41,4.230216066900255,0.01
2026-09-20,42,-2.5564349205604344,0.0
2026-09-20,43,-6.190577641155031,-0.01
2026-09-20,44,-7.277942129801687,-0.04
2026-09-20,45,-4.73483957840628,-0.04
2026-09-20,46,-2.9053684419889265,-0.1
2026-09-20,47,-1.519787343188355,-0.12
2026-09-20,48,-1.9684680444129008,-0.17
2026-09-20,49,-2.68070268259018,-1.0
2026-09-20,50,-4.252426837656245,-1.0
2026-09-20,51,-4.646492179393846,-1.05
2026-09-20,52,-6.491758507071637,-1.59
2026-09-20,53,-7.834602133707165,-1.92
2026-09-20,54,-8.207422461976286,-1.97
2026-09-20,55,-8.263082214884172,-2.02
2026-09-20,56,-7.695842934109407,-2.02
2026-09-20,57,-9.757150533476404,-1.94
2026-09-20,58,-7.528014882342019,-1.95
2026-09-20,59,-6.250269291553451,-1.94
2026-09-20,60,-5.383393914314468,-1.91
2026-09-20,61,-5.944857250755234,-1.56
2026-09-20,62,-4.843353027941603,-1.39
2026-09-20,63,-5.24920594998828,-1.01
2026-09-20,64,-5.481906533078785,-1.0
2026-09-20,65,-9.3141975270684,-0.18
2026-09-20,66,-4.989219952444358,-0.1
2026-09-20,67,0.6880529795101324,-0.08
2026-09-20,68,8.687464443444853,-0.01
2026-09-20,69,6.777240121075096,-0.03
2026-09-20,70,15.715088988262764,0.0
2026-09-20,71,41.132034744097496,0.01
2026-09-20,72,65.05014505719241,10.72
2026-09-20,73,45.17830881995569,15.13
2026-09-20,74,68.54868596217887,35.62
2026-09-20,75,84.49120883775898,58.37
2026-09-20,76,97.07902129406725,92.51
2026-09-20,77,87.42094599453927,61.64
2026-09-20,78,90.47289543724912,79.14
2026-09-20,79,101.15460188845628,86.21
2026-09-20,80,108.83493403466144,102.24
2026-09-20,81,104.72683259138822,86.69
2026-09-20,82,110.09610082627351,88.42
2026-09-20,83,110.40416783792304,82.02
2026-09-20,84,100.81896980499818,89.48
2026-09-20,85,110.97628203559378,90.08
2026-09-20,86,104.90919983333404,79.26
2026-09-20,87,102.32153133047586,67.9
2026-09-20,88,99.20731263953842,65.36
2026-09-20,89,107.53447406696776,76.2
2026-09-20,90,104.3734519515593,80.07
2026-09-20,91,103.06088622497762,67.31
2026-09-20,92,98.04037650023956,61.68
2026-09-20,93,102.11137692627254,63.74
2026-09-20,94,97.323974130899,60.09
2026-09-20,95,94.96513681826872,57.78
2026-09-20,96,89.81444562019135,51.76
2026-09-21,1,113.93501994400287,50.68
2026-09-21,2,109.97853269968044,50.29
2026-09-21,3,107.8805081125072,45.28
2026-09-21,4,106.2436786918579,40.81
2026-09-21,5,108.28293716907328,45.61
2026-09-21,6,106.49257865791824,41.88
2026-09-21,7,107.23615311885146,42.85
2026-09-21,8,105.98026822134594,40.01
2026-09-21,9,106.63511152689009,41.33
2026-09-21,10,105.86748768267516,37.85
2026-09-21,11,107.48182763863672,38.38
2026-09-21,12,107.62028823201511,39.82
2026-09-21,13,107.25474601008554,40.85
2026-09-21,14,107.29949590977424,41.02
2026-09-21,15,107.69027305821844,39.9
2026-09-21,16,110.3887251997083,37.99
2026-09-21,17,107.46619198698362,37.53
2026-09-21,18,111.71206436333146,39.24
2026-09-21,19,113.2306936783463,43.76
2026-09-21,20,120.28626816353191,47.2
2026-09-21,21,113.7657577118618,43.27
2026-09-21,22,123.60762098826652,54.93
2026-09-21,23,134.62663499015258,60.38
2026-09-21,24,149.1840721342938,76.69
2026-09-21,25,145.3964666848187,91.43
2026-09-21,26,164.44698563969047,124.61
2026-09-21,27,174.4963573049771,130.5
2026-09-21,28,197.98759353158545,148.88
2026-09-21,29,195.143706294062,160.88
2026-09-21,30,199.5048621447796,187.01
2026-09-21,31,192.50719504115688,194.48
2026-09-21,32,177.61799271800277,170.08
2026-09-21,33,207.0008468601279,257.09
2026-09-21,34,188.3783295122724,195.49
2026-09-21,35,169.81683012080322,154.11
2026-09-21,36,145.8870544842997,108.01
2026-09-21,37,181.75590116810952,121.74
2026-09-21,38,145.37915079369077,103.29
2026-09-21,39,121.88830794470874,63.51
2026-09-21,40,98.86614879539376,43.74
2026-09-21,41,119.27595232738862,62.15
2026-09-21,42,97.06654664521066,33.39
2026-09-21,43,80.301919030448,28.43
2026-09-21,44,60.77782649024679,11.39
2026-09-21,45,76.41370220767722,19.82
2026-09-21,46,58.94996395062314,13.13
2026-09-21,47,44.51778501841175,2.66
2026-09-21,48,29.798652729310035,0.03
2026-09-21,49,38.40853627302609,0.76
2026-09-21,50,25.594991440304035,0.01
2026-09-21,51,15.740454077004015,0.02
2026-09-21,52,10.775762247816765,0.01
2026-09-21,53,12.294803167120769,0.0
2026-09-21,54,9.38484789507966,0.0
2026-09-21,55,6.32478902356408,0.0
2026-09-21,56,2.7142702378235555,0.0
2026-09-21,57,1.894753185623749,0.0
2026-09-21,58,12.725819398282688,0.0
2026-09-21,59,16.23541605707308,0.01
2026-09-21,60,15.31495381736528,0.03
2026-09-21,61,18.5206796921344,0.0
2026-09-21,62,27.36727347384384,0.03
2026-09-21,63,39.63820779871252,0.1
2026-09-21,64,53.25480643715973,5.47
2026-09-21,65,31.184272667595096,0.08
2026-09-21,66,66.68921348476984,20.95
2026-09-21,67,92.51325427097824,33.95
2026-09-21,68,119.60317321197836,59.32
2026-09-21,69,88.19376772790008,22.71
2026-09-21,70,120.46579677988927,67.08
2026-09-21,71,157.33649392120682,135.63
2026-09-21,72,192.1759064396914,203.34
2026-09-21,73,157.53127212380562,166.62
2026-09-21,74,185.29691121827685,198.79
2026-09-21,75,214.8794397091096,222.59
2026-09-21,76,245.617487317918,261.72
2026-09-21,77,224.0440717722546,220.8
2026-09-21,78,234.94815554964333,223.97
2026-09-21,79,245.6388699701156,251.23
2026-09-21,80,260.0817445791305,275.9
2026-09-21,81,238.97673611067847,251.3
2026-09-21,82,238.038976977788,250.28
2026-09-21,83,241.31446891410803,243.48
2026-09-21,84,245.96975835983176,219.04
2026-09-21,85,243.59263108860645,232.28
2026-09-21,86,229.4559952948148,218.15
2026-09-21,87,223.73008414207223,213.93
2026-09-21,88,211.30940604839708,206.68
2026-09-21,89,216.97497911192025,216.0
2026-09-21,90,208.82862412746533,204.58
2026-09-21,91,202.335456958514,206.08
2026-09-21,92,196.54549148765776,196.23
2026-09-21,93,197.61329237070748,197.98
2026-09-21,94,193.01318061448364,184.14
2026-09-21,95,189.010662036282,186.58
2026-09-21,96,180.68787547682047,172.11
2026-09-22,1,198.1826201732539,189.97
2026-09-22,2,190.53810573035705,183.05
2026-09-22,3,187.3572882049511,176.66
2026-09-22,4,181.5901068586636,175.81
2026-09-22,5,189.40355634913072,177.29
2026-09-22,6,183.73733013241028,174.96
2026-09-22,7,183.39655911022743,176.55
2026-09-22,8,182.6150473543153,175.61
2026-09-22,9,182.41669619827783,175.89
2026-09-22,10,181.7103664942236,174.39
2026-09-22,11,183.02662154335525,172.41
2026-09-22,12,182.980696273452,171.52
2026-09-22,13,180.09756329806987,173.57
2026-09-22,14,179.5889900228558,170.91
2026-09-22,15,183.9144224465134,170.42
2026-09-22,16,184.7904964034077,171.42
2026-09-22,17,182.0272549518181,172.65
2026-09-22,18,181.03287847614905,172.33
2026-09-22,19,182.0649594549628,174.19
2026-09-22,20,187.41889370741723,180.34
2026-09-22,21,188.311587790646,167.7
2026-09-22,22,193.51142618702005,180.53
2026-09-22,23,209.72664729322696,193.44
2026-09-22,24,222.34292152796365,224.33
2026-09-22,25,218.4446560328359,198.34
2026-09-22,26,243.005290018757,225.83
2026-09-22,27,257.8375215073547,253.32
2026-09-22,28,264.28835230307084,277.03
2026-09-22,29,275.69507726464053,289.86
2026-09-22,30,296.9345561427524,302.05
2026-09-22,31,299.8155496370033,293.4
2026-09-22,32,276.75457082368325,276.47
2026-09-22,33,313.631230603533,282.29
2026-09-22,34,304.05183540691405,268.06
2026-09-22,35,265.243021952389,240.76
2026-09-22,36,223.23999796547832,204.98
2026-09-22,37,270.2486985121574,247.86
2026-09-22,38,235.4382633346662,217.86
2026-09-22,39,208.6216861164573,191.48
2026-09-22,40,190.30847439104528,166.18
2026-09-22,41,222.38047349614368,186.02
2026-09-22,42,196.86875336693635,173.99
2026-09-22,43,174.94078172053585,167.25
2026-09-22,44,154.52349176522446,161.83
2026-09-22,45,167.68394332588076,162.63
2026-09-22,46,154.2621770115344,151.03
2026-09-22,47,144.12058470402684,144.7
2026-09-22,48,132.36047433451228,135.85
2026-09-22,49,139.16183721994935,128.76
2026-09-22,50,129.3058720206412,130.54
2026-09-22,51,128.3546368910189,125.51
2026-09-22,52,124.93036383675448,118.22
2026-09-22,53,129.45581768124276,119.31
2026-09-22,54,126.47006186209096,117.72
2026-09-22,55,124.9200536174783,114.92
2026-09-22,56,123.06568557384524,112.14
2026-09-22,57,124.886593281479,115.15
2026-09-22,58,129.49304999967063,119.39
2026-09-22,59,134.71220508605688,119.08
2026-09-22,60,142.98622280345396,122.93
2026-09-22,61,132.5907990047697,124.89
2026-09-22,62,144.75776366726058,130.22
2026-09-22,63,157.09931848999963,139.62
2026-09-22,64,171.23759613383487,151.71
2026-09-22,65,148.69289423636127,147.3
2026-09-22,66,169.6739511656477,161.28
2026-09-22,67,195.2561489444268,185.78
2026-09-22,68,227.00603615970024,213.13
2026-09-22,69,183.38977485574503,164.68
2026-09-22,70,221.49425745095527,211.86
2026-09-22,71,254.87126294823423,241.96
2026-09-22,72,301.29625769425616,289.06
2026-09-22,73,256.6373103304144,253.0
2026-09-22,74,302.7801198702733,317.94
2026-09-22,75,359.44888532425307,417.93
2026-09-22,76,458.66591960896073,510.34
2026-09-22,77,479.6560893567476,564.09
2026-09-22,78,507.2729463550861,647.5
2026-09-22,79,583.0636697137813,640.67
2026-09-22,80,631.1574752875626,533.26
2026-09-22,81,549.806495181027,543.39
2026-09-22,82,500.7276651542743,442.38
2026-09-22,83,438.8430717848567,389.22
2026-09-22,84,380.461594376405,357.66
2026-09-22,85,396.7416536848138,315.72
2026-09-22,86,329.6396867112472,292.8
2026-09-22,87,288.29499117364304,291.88
2026-09-22,88,254.7456425567904,256.14
2026-09-22,89,280.4266467367075,258.79
2026-09-22,90,250.8938540253481,252.99
2026-09-22,91,238.7872139203768,249.35
2026-09-22,92,230.36264322485184,225.58
2026-09-22,93,233.9122982922805,226.09
2026-09-22,94,226.0818171644366,214.54
2026-09-22,95,217.5936246187712,210.21
2026-09-22,96,203.5740584815753,201.18
2026-09-23,1,202.65574102480792,194.51
2026-09-23,2,194.35073197817223,188.57
2026-09-23,3,189.16640092302825,190.3
2026-09-23,4,181.2590009335733,182.46
2026-09-23,5,190.6910705727449,181.76
2026-09-23,6,184.2683479775665,174.93
2026-09-23,7,180.02668735267835,173.68
2026-09-23,8,177.23020910475643,179.0
2026-09-23,9,179.63652484473056,174.52
2026-09-23,10,177.2570913601404,171.11
2026-09-23,11,176.99339329665673,177.24
2026-09-23,12,176.54213541647283,183.06
2026-09-23,13,177.00839893611806,176.72
2026-09-23,14,175.75644070262342,178.53
2026-09-23,15,177.43860990681546,178.72
2026-09-23,16,177.013825018376,173.43
2026-09-23,17,175.8722107714678,173.39
2026-09-23,18,177.15276515500642,178.13
2026-09-23,19,178.03497573065988,178.35
2026-09-23,20,182.1517803437821,173.94
2026-09-23,21,179.36142074663962,171.61
2026-09-23,22,185.9467044455204,188.0
2026-09-23,23,200.97712665014865,202.0
2026-09-23,24,221.6160051604636,232.86
2026-09-23,25,216.7015535380704,236.07
2026-09-23,26,254.3175299399517,260.63
2026-09-23,27,282.6765383271634,355.5
2026-09-23,28,321.22741686543606,347.79
2026-09-23,29,339.91862659217105,370.63
2026-09-23,30,355.1768996895827,385.35
2026-09-23,31,326.9946765918753,348.25
2026-09-23,32,273.5436845205702,280.09
2026-09-23,33,378.37933652071786,274.32
2026-09-23,34,297.4133974225749,240.5
2026-09-23,35,243.0108495993372,224.31
2026-09-23,36,192.56085841304315,189.12
2026-09-23,37,268.41758188262105,217.94
2026-09-23,38,214.40153787796189,193.88
2026-09-23,39,178.25516276104256,170.82
2026-09-23,40,150.0001454824624,146.46
2026-09-23,41,186.7708471431099,166.24
2026-09-23,42,162.21448321878069,148.1
2026-09-23,43,139.33177664663833,134.95
2026-09-23,44,118.36466826466064,116.12
2026-09-23,45,137.537861821064,119.82
2026-09-23,46,120.94595660562146,107.13
2026-09-23,47,107.38052238221728,86.82
2026-09-23,48,92.7074064933265,75.87
2026-09-23,49,101.6733012383779,85.87
2026-09-23,50,87.72244867653514,73.37
2026-09-23,51,81.30023267646806,69.72
2026-09-23,52,75.2972239620979,63.26
2026-09-23,53,78.18150243096677,64.74
2026-09-23,54,74.1322683267255,60.02
2026-09-23,55,71.45314519840115,55.07
2026-09-23,56,70.21248472214053,49.47
2026-09-23,57,70.57696127092787,41.99
2026-09-23,58,81.13419680319436,64.85
2026-09-23,59,90.87167211463672,85.33
2026-09-23,60,101.78661096085143,108.18
2026-09-23,61,91.3306088591981,72.09
2026-09-23,62,107.61584939846117,101.31
2026-09-23,63,122.17637989482598,126.3
2026-09-23,64,140.39827717613514,141.93
2026-09-23,65,115.39297463053003,124.17
2026-09-23,66,136.9405440537642,148.07
2026-09-23,67,156.2957520101876,165.54
2026-09-23,68,186.3374833483744,189.45
2026-09-23,69,150.27322677311545,158.94
2026-09-23,70,182.88192226719133,186.1
2026-09-23,71,216.3755774639086,211.46
2026-09-23,72,237.38664313649804,239.54
2026-09-23,73,211.7398194833484,206.0
2026-09-23,74,234.0065905917085,225.83
2026-09-23,75,249.5669278192392,267.94
2026-09-23,76,269.0090963787836,275.11
2026-09-23,77,272.94647561639715,271.83
2026-09-23,78,270.937466371973,257.33
2026-09-23,79,282.09417664317823,272.89
2026-09-23,80,278.60039331600126,284.31
2026-09-23,81,264.9167860595848,262.21
2026-09-23,82,252.46897912155453,249.7
2026-09-23,83,239.4441942355666,223.83
2026-09-23,84,201.52001705073016,210.76
2026-09-23,85,238.25325078444743,213.26
2026-09-23,86,217.4165511348928,205.96
2026-09-23,87,202.5662340571228,190.73
2026-09-23,88,184.03534294870624,170.84
2026-09-23,89,199.4778380104873,182.87
2026-09-23,90,186.9462069015441,170.36
2026-09-23,91,177.03760839245868,165.74
2026-09-23,92,164.90612528022055,161.5
2026-09-23,93,172.186577695378,166.95
2026-09-23,94,162.08772069957735,154.16
2026-09-23,95,155.5693093072611,150.68
2026-09-23,96,146.5861114892607,144.2
2026-09-24,1,136.3450662310475,124.78
2026-09-24,2,127.20913282712436,136.68
2026-09-24,3,117.05553937440146,130.6
2026-09-24,4,106.69166077032332,129.4
2026-09-24,5,119.23658622714268,121.01
2026-09-24,6,110.98416465602077,118.29
2026-09-24,7,103.59493521929686,119.7
2026-09-24,8,96.70377589239033,116.49
2026-09-24,9,102.15178149291906,117.38
2026-09-24,10,96.27220025259138,114.96
2026-09-24,11,95.66120592678304,114.36
2026-09-24,12,94.23430200626136,111.35
2026-09-24,13,98.04593778366402,109.27
2026-09-24,14,95.72295376350684,107.97
2026-09-24,15,94.14485883177773,106.5
2026-09-24,16,94.3483166367918,104.39
2026-09-24,17,93.22875403700893,106.36
2026-09-24,18,95.33137885767393,106.43
2026-09-24,19,99.58594736335904,105.65
2026-09-24,20,103.97478047554594,110.85
2026-09-24,21,97.68854595227378,118.13
2026-09-24,22,105.86107733237804,118.67
2026-09-24,23,116.5922640676122,121.55
2026-09-24,24,133.22888696523734,128.45
2026-09-24,25,133.3544503319191,123.98
2026-09-24,26,148.9842850943124,142.78
2026-09-24,27,160.54579335232185,156.71
2026-09-24,28,175.07633099186444,167.77
2026-09-24,29,183.8732078255348,161.37
2026-09-24,30,182.8855998171788,167.17
2026-09-24,31,184.1605110983012,172.69
2026-09-24,32,174.4729036556778,170.83
2026-09-24,33,193.72844382257784,185.99
2026-09-24,34,182.0695637958241,175.9
2026-09-24,35,163.98155331482903,172.6
2026-09-24,36,134.67735080404066,160.57
2026-09-24,37,168.31053218934818,172.79
2026-09-24,38,138.37696395277453,162.39
2026-09-24,39,114.60683728442903,144.42
2026-09-24,40,93.2663610470496,130.04
2026-09-24,41,114.78756097027464,136.4
2026-09-24,42,91.88510728835888,122.77
2026-09-24,43,71.14276614809042,106.24
2026-09-24,44,45.32468980820729,81.51
2026-09-24,45,59.36672797720557,98.66
2026-09-24,46,37.62852902953146,78.86
2026-09-24,47,21.57127520345869,60.02
2026-09-24,48,13.110045077765562,36.1
2026-09-24,49,17.540254901087856,25.01
2026-09-24,50,9.62717247372298,15.11
2026-09-24,51,5.222565704221665,13.88
2026-09-24,52,1.026388215936514,10.0
2026-09-24,53,2.5120635865577654,14.0
2026-09-24,54,0.7658264042630947,10.03
2026-09-24,55,2.338578412139164,12.32
2026-09-24,56,2.763532267268964,10.05
2026-09-24,57,-3.331037156201873,8.86
2026-09-24,58,11.902842785429137,10.9
2026-09-24,59,20.185315750565927,24.0
2026-09-24,60,29.70978507805373,34.99
2026-09-24,61,25.65049625518435,38.66
2026-09-24,62,45.90180302206139,61.86
2026-09-24,63,69.31938507389116,95.0
2026-09-24,64,92.98835782532676,108.0
2026-09-24,65,63.161282179051234,76.9
2026-09-24,66,100.8281433777409,108.86
2026-09-24,67,121.6500974088735,132.15
2026-09-24,68,145.88597336278949,152.8
2026-09-24,69,117.88592287986674,141.6
2026-09-24,70,140.2435024513869,170.89
2026-09-24,71,173.71931964827098,193.19
2026-09-24,72,212.75922658173488,214.43
2026-09-24,73,177.0075229923992,186.47
2026-09-24,74,207.42930232381013,218.93
2026-09-24,75,238.47969639017745,236.02
2026-09-24,76,266.242123949011,262.74
2026-09-24,77,262.6756340536567,249.33
2026-09-24,78,253.4599178503348,263.79
2026-09-24,79,263.7869846708716,267.94
2026-09-24,80,282.2154998036244,288.23
2026-09-24,81,254.65663420302525,272.65
2026-09-24,82,255.86423077560613,265.8
2026-09-24,83,252.2387067116632,253.5
2026-09-24,84,270.09039674003964,248.05
2026-09-24,85,247.4176854362226,240.29
2026-09-24,86,227.5245047512592,230.0
2026-09-24,87,217.31911176416924,223.38
2026-09-24,88,204.6216326417282,209.62
2026-09-24,89,227.53853787807705,220.96
2026-09-24,90,204.9489817955358,204.52
2026-09-24,91,198.00053390228868,201.0
2026-09-24,92,191.3241883733864,192.99
2026-09-24,93,195.8368324083796,196.93
2026-09-24,94,187.70311866075315,188.32
2026-09-24,95,185.54838260916745,185.64
2026-09-24,96,175.383403938193,181.14
2026-09-25,1,195.485541744275,196.99
2026-09-25,2,187.00958259359427,184.4
2026-09-25,3,181.7536972126217,175.79
2026-09-25,4,174.77216207789826,170.59
2026-09-25,5,180.7637642163748,175.13
2026-09-25,6,177.00916895138826,171.84
2026-09-25,7,174.43872815445812,171.43
2026-09-25,8,171.0198388519045,170.27
2026-09-25,9,172.95540090750796,167.76
2026-09-25,10,170.38247023758754,166.49
2026-09-25,11,170.9240561293611,165.93
2026-09-25,12,170.83124719630212,162.38
2026-09-25,13,170.83877272708213,164.46
2026-09-25,14,169.88064405158863,165.55
2026-09-25,15,170.52110478159867,169.18
2026-09-25,16,171.05607273934712,169.27
2026-09-25,17,169.1725870158002,172.29
2026-09-25,18,170.86304467385543,170.87
2026-09-25,19,173.26270919170045,169.82
2026-09-25,20,176.79331231713607,165.87
2026-09-25,21,172.25318072455758,168.41
2026-09-25,22,177.4066499268891,169.79
2026-09-25,23,195.708508079737,192.29
2026-09-25,24,208.86828480503283,221.15
2026-09-25,25,206.82174974929356,204.38
2026-09-25,26,229.2383203852496,236.08
2026-09-25,27,247.4900162596296,236.44
2026-09-25,28,269.243209648844,264.16
2026-09-25,29,289.28552150786595,252.93
2026-09-25,30,286.3936463618969,266.66
2026-09-25,31,271.6308811772639,273.61
2026-09-25,32,245.0435022747946,252.41
2026-09-25,33,286.9583113382163,290.87
2026-09-25,34,260.64464359638737,260.69
2026-09-25,35,232.96449696439063,243.4
2026-09-25,36,191.8219414789782,203.99
2026-09-25,37,244.7747840556503,235.46
2026-09-25,38,208.6873471460309,202.74
2026-09-25,39,180.11246377542167,189.27
2026-09-25,40,158.36559203794278,157.5
2026-09-25,41,185.11546644454893,182.5
2026-09-25,42,162.8758713822395,165.0
2026-09-25,43,143.81792516629977,148.66
2026-09-25,44,116.41326968739062,137.99
2026-09-25,45,134.9717946139454,137.82
2026-09-25,46,110.20718872861016,123.02
2026-09-25,47,90.94362784364442,100.36
2026-09-25,48,70.63427734019952,72.42
2026-09-25,49,84.15871996534985,85.78
2026-09-25,50,65.33590921870572,62.83
2026-09-25,51,55.555354612531936,49.38
2026-09-25,52,45.88426810043492,42.75
2026-09-25,53,51.58048331120114,39.01
2026-09-25,54,45.234366713484064,36.12
2026-09-25,55,39.25331944948721,26.14
2026-09-25,56,34.52110568112493,19.17
2026-09-25,57,35.894397365065885,23.12
2026-09-25,58,47.7217600842323,35.0
2026-09-25,59,57.65883371819865,39.94
2026-09-25,60,72.0099661969907,61.49
2026-09-25,61,62.491134698767695,40.0
2026-09-25,62,87.74522263455503,73.58
2026-09-25,63,109.91902715361924,107.83
2026-09-25,64,132.56874736625687,126.76
2026-09-25,65,105.73317420857062,119.91
2026-09-25,66,137.96214854777193,142.44
2026-09-25,67,159.58775109662804,165.0
2026-09-25,68,189.0223440840692,190.71
2026-09-25,69,153.4921498067602,157.71
2026-09-25,70,184.26138782804185,192.8
2026-09-25,71,216.1791643585084,206.21
2026-09-25,72,257.47090507457483,239.26
2026-09-25,73,213.841550195455,202.24
2026-09-25,74,252.19657549627956,230.0
2026-09-25,75,286.7090764532816,248.72
2026-09-25,76,315.6528351171453,284.74
2026-09-25,77,311.04078987331275,291.76
2026-09-25,78,315.814652719422,305.47
2026-09-25,79,317.5064559812016,315.78
2026-09-25,80,310.5453285507756,300.7
2026-09-25,81,284.973739811579,270.0
2026-09-25,82,266.1662492454757,255.0
2026-09-25,83,257.2038027113749,246.96
2026-09-25,84,225.29437558859024,236.7
2026-09-25,85,254.11917654027883,244.18
2026-09-25,86,235.277964038722,231.25
2026-09-25,87,224.4705630489712,218.38
2026-09-25,88,200.10070094399515,202.89
2026-09-25,89,221.04981997737423,219.99
2026-09-25,90,210.3566667384596,208.59
2026-09-25,91,203.9591051671856,202.11
2026-09-25,92,195.538580623046,194.72
2026-09-25,93,199.64149573223423,199.81
2026-09-25,94,193.06164327529723,193.53
2026-09-25,95,186.9217885887798,182.41
2026-09-25,96,174.85915016983446,171.29
2026-09-26,1,198.8347983241779,205.94
2026-09-26,2,190.6083545427484,199.14
2026-09-26,3,183.0672541841962,194.54
2026-09-26,4,173.69231955566136,185.56
2026-09-26,5,183.12383603933372,187.85
2026-09-26,6,177.09089401959528,184.4
2026-09-26,7,173.47792328340486,182.86
2026-09-26,8,167.8432863156122,181.02
2026-09-26,9,172.4161986414583,181.33
2026-09-26,10,167.69213718875312,179.17
2026-09-26,11,166.88937267980396,173.17
2026-09-26,12,164.8437593274374,166.7
2026-09-26,13,166.1001040881963,165.93
2026-09-26,14,164.3721856457093,163.25
2026-09-26,15,163.32316239602173,162.56
2026-09-26,16,162.09029513615366,162.47
2026-09-26,17,162.63179348150155,159.61
2026-09-26,18,162.92386872600667,160.35
2026-09-26,19,163.05168840825803,161.3
2026-09-26,20,164.6729000264691,161.76
2026-09-26,21,164.12701326785077,159.09
2026-09-26,22,166.5060571139058,158.03
2026-09-26,23,173.73730091541177,160.44
2026-09-26,24,174.01815328334413,164.62
2026-09-26,25,180.3237306959346,167.7
2026-09-26,26,180.88791296397747,176.77
2026-09-26,27,181.8962730097052,181.6
2026-09-26,28,187.0235678284704,188.88
2026-09-26,29,200.9584158412159,192.05
2026-09-26,30,194.99926713748977,194.29
2026-09-26,31,189.7466713359884,194.14
2026-09-26,32,176.1303318102689,196.76
2026-09-26,33,201.52232609767637,210.93
2026-09-26,34,187.510331659632,203.0
2026-09-26,35,171.93493415659404,187.34
2026-09-26,36,149.66643115066367,166.4
2026-09-26,37,177.3594858212881,193.17
2026-09-26,38,154.1493023610666,165.98
2026-09-26,39,135.52673635181753,139.03
2026-09-26,40,120.33633258456965,127.59
2026-09-26,41,134.4915858095646,132.41
2026-09-26,42,116.22082092994263,120.56
2026-09-26,43,102.8405670219843,104.99
2026-09-26,44,82.1099259335059,90.0
2026-09-26,45,92.17971242339296,78.49
2026-09-26,46,71.81972987421781,59.07
2026-09-26,47,54.23860479719909,46.32
2026-09-26,48,34.870727610187544,28.53
2026-09-26,49,46.13889499681672,17.33
2026-09-26,50,29.783948197251,12.51
2026-09-26,51,21.922917118175448,9.47
2026-09-26,52,14.61532836960567,4.71
2026-09-26,53,16.988204194758985,4.64
2026-09-26,54,13.460388294832567,3.73
2026-09-26,55,10.599621613702348,2.43
2026-09-26,56,7.9534098332318095,2.42
2026-09-26,57,9.602501736412345,9.02
2026-09-26,58,20.010110009935985,12.51
2026-09-26,59,31.060830323173874,23.3
2026-09-26,60,44.72295196684199,28.97
2026-09-26,61,36.42955284109146,23.0
2026-09-26,62,61.23659955032713,40.0
2026-09-26,63,84.64453645234633,59.82
2026-09-26,64,103.88863431427411,83.28
2026-09-26,65,81.29293240910954,91.58
2026-09-26,66,110.37263442555638,122.8
2026-09-26,67,130.05239470656156,135.09
2026-09-26,68,156.15775371446233,160.1
2026-09-26,69,126.22434507631772,154.56
2026-09-26,70,154.9004886478193,194.8
2026-09-26,71,185.7317242906348,215.13
2026-09-26,72,213.58566563493625,203.04
2026-09-26,73,186.57484271591244,196.0
2026-09-26,74,209.15691659104783,206.37
2026-09-26,75,229.82734703841936,220.86
2026-09-26,76,242.86836078618512,234.23
2026-09-26,77,238.03783725596605,222.0
2026-09-26,78,240.96242391565372,230.46
2026-09-26,79,246.3473482627538,243.61
2026-09-26,80,257.510555348109,251.08
2026-09-26,81,239.04590703949444,238.97
2026-09-26,82,236.66984600718973,232.0
2026-09-26,83,232.4441178419349,222.48
2026-09-26,84,221.63995575326453,211.99
2026-09-26,85,231.27801320709617,218.18
2026-09-26,86,217.728017218872,210.24
2026-09-26,87,210.33991417604463,205.53
2026-09-26,88,194.25786632507,200.0
2026-09-26,89,208.21106838110444,207.0
2026-09-26,90,200.7427299674029,200.62
2026-09-26,91,196.74843729086416,197.73
2026-09-26,92,189.7135992817376,191.89
2026-09-26,93,195.23387278186163,195.2
2026-09-26,94,188.934088316872,188.45
2026-09-26,95,183.92636762790403,182.55
2026-09-26,96,173.6469201613255,177.8
2026-09-27,1,204.57066431710103,
2026-09-27,2,192.85763135361793,
2026-09-27,3,186.1179409025201,
2026-09-27,4,175.57196676292847,
2026-09-27,5,185.14133451740943,
2026-09-27,6,178.17205519202997,
2026-09-27,7,174.40019894150288,
2026-09-27,8,170.0095196802132,
2026-09-27,9,174.451333332375,
2026-09-27,10,170.64895754487435,
2026-09-27,11,168.60337844087854,
2026-09-27,12,165.87790685590738,
2026-09-27,13,168.52218514108756,
2026-09-27,14,166.54659449408504,
2026-09-27,15,165.9712333977124,
2026-09-27,16,166.88870597105455,
2026-09-27,17,168.16529564924488,
2026-09-27,18,164.57088432702918,
2026-09-27,19,160.81418478185003,
2026-09-27,20,160.58668037703984,
2026-09-27,21,163.60324967062166,
2026-09-27,22,161.0612172899831,
2026-09-27,23,162.64235105242477,
2026-09-27,24,159.92278029433078,
2026-09-27,25,169.69011111205822,
2026-09-27,26,162.42700920005083,
2026-09-27,27,159.34221688844877,
2026-09-27,28,155.95483808899962,
2026-09-27,29,174.55264975381473,
2026-09-27,30,159.86114532740987,
2026-09-27,31,150.92780831813445,
2026-09-27,32,129.64340545964518,
2026-09-27,33,169.1405042887376,
2026-09-27,34,142.69741308067933,
2026-09-27,35,121.6035087738833,
2026-09-27,36,95.4962859373843,
2026-09-27,37,125.28193643251453,
2026-09-27,38,94.35443752564241,
2026-09-27,39,72.04446119074723,
2026-09-27,40,45.988548345220075,
2026-09-27,41,65.00669954970928,
2026-09-27,42,44.55963608205385,
2026-09-27,43,26.718802991345854,
2026-09-27,44,14.758707653288539,
2026-09-27,45,22.209427816074367,
2026-09-27,46,11.915491749372492,
2026-09-27,47,5.78606068820946,
2026-09-27,48,1.4955538980717051,
2026-09-27,49,1.9265755703989385,
2026-09-27,50,-0.1729354672744563,
2026-09-27,51,-0.8980363650982,
2026-09-27,52,-2.992094776161885,
2026-09-27,53,-3.832346825762073,
2026-09-27,54,-4.764819813575954,
2026-09-27,55,-5.367002047292232,
2026-09-27,56,-7.003595923218803,
2026-09-27,57,-3.7004306251882255,
2026-09-27,58,-5.2687812049239255,
2026-09-27,59,-5.303426536160913,
2026-09-27,60,-2.9012412623995942,
2026-09-27,61,-1.2298889064108778,
2026-09-27,62,-1.4929063513660168,
2026-09-27,63,3.935426196318417,
2026-09-27,64,9.172505846810367,
2026-09-27,65,-1.1258195809603677,
2026-09-27,66,20.958281517558348,
2026-09-27,67,49.73134787032527,
2026-09-27,68,80.24564649204035,
2026-09-27,69,45.8841825568728,
2026-09-27,70,87.99776425369596,
2026-09-27,71,124.78396661686166,
2026-09-27,72,169.88455519119836,
2026-09-27,73,130.59350066286086,
2026-09-27,74,178.08077813255863,
2026-09-27,75,200.80458851587287,
2026-09-27,76,208.731567759347,
2026-09-27,77,202.67318619074467,
2026-09-27,78,187.90988528779508,
2026-09-27,79,188.99305906613242,
2026-09-27,80,197.24551320961643,
2026-09-27,81,186.21419287877043,
2026-09-27,82,183.9987139982815,
2026-09-27,83,179.6739634645372,
2026-09-27,84,166.60710647899984,
2026-09-27,85,179.85426550243812,
2026-09-27,86,170.29740065998737,
2026-09-27,87,164.47527890468305,
2026-09-27,88,153.6076835256463,
2026-09-27,89,165.5421897566446,
2026-09-27,90,161.61555944399726,
2026-09-27,91,160.62466580720945,
2026-09-27,92,158.01098296380138,
2026-09-27,93,162.38895265898284,
2026-09-27,94,157.29469029547235,
2026-09-27,95,156.1682445296133,
2026-09-27,96,148.44590962283206,
