delivery_date,mtu,y_pred,y_true
2026-07-19,1,144.2334637847199,145.59
2026-07-19,2,137.60394310226374,142.6
2026-07-19,3,127.8009534239794,135.63
2026-07-19,4,123.65448418903028,130.97
2026-07-19,5,131.7489378948213,135.0
2026-07-19,6,128.46779212222256,132.23
2026-07-19,7,124.94034412990337,130.06
2026-07-19,8,121.17266333729286,125.68
2026-07-19,9,125.47966936346572,127.55
2026-07-19,10,123.69119594632876,122.31
2026-07-19,11,121.59256722471984,120.85
2026-07-19,12,118.73501262835389,116.89
2026-07-19,13,121.07265266243697,121.07
2026-07-19,14,119.54424276019768,120.09
2026-07-19,15,118.87904689738622,118.93
2026-07-19,16,114.95875986417776,115.5
2026-07-19,17,115.44490835290998,119.53
2026-07-19,18,115.08461655634288,116.11
2026-07-19,19,114.13084240285228,113.85
2026-07-19,20,111.50499666690258,111.61
2026-07-19,21,118.54396788036236,113.18
2026-07-19,22,116.34535684404224,110.1
2026-07-19,23,106.98176637032265,108.94
2026-07-19,24,103.08547557128396,105.45
2026-07-19,25,110.04658451196882,109.53
2026-07-19,26,97.463134102291,103.79
2026-07-19,27,88.23200294165495,101.23
2026-07-19,28,85.01104103329637,92.84
2026-07-19,29,108.06573973490606,100.73
2026-07-19,30,79.97526571348372,92.07
2026-07-19,31,66.93785351040866,88.25
2026-07-19,32,57.438660855443096,72.79
2026-07-19,33,80.44281960490375,74.18
2026-07-19,34,55.0880294684151,57.66
2026-07-19,35,33.18159971013567,30.29
2026-07-19,36,20.50441971689981,10.5
2026-07-19,37,30.25070601595955,10.51
2026-07-19,38,9.666905472393609,4.43
2026-07-19,39,-0.801524511225125,1.45
2026-07-19,40,-4.725508842116781,0.27
2026-07-19,41,-9.71011535455763,0.06
2026-07-19,42,-12.134873291869496,0.0
2026-07-19,43,-15.4722883955463,0.0
2026-07-19,44,-15.9689756088461,0.0
2026-07-19,45,-19.19172700997908,-0.01
2026-07-19,46,-17.046132975596244,-0.02
2026-07-19,47,-17.124040189422374,-0.04
2026-07-19,48,-17.886833747799756,-0.11
2026-07-19,49,-18.87598794818517,-0.44
2026-07-19,50,-19.281507443122614,-0.73
2026-07-19,51,-18.770826642682675,-0.8
2026-07-19,52,-17.1401977195215,-1.0
2026-07-19,53,-22.89831004898312,-1.19
2026-07-19,54,-23.24418490273284,-2.36
2026-07-19,55,-24.28127824832535,-3.09
2026-07-19,56,-26.19099366114509,-4.07
2026-07-19,57,-23.18584657415548,-4.62
2026-07-19,58,-24.00998589787173,-5.0
2026-07-19,59,-22.654231463817,-5.0
2026-07-19,60,-14.198192778281133,-5.37
2026-07-19,61,-18.656402401227623,-5.69
2026-07-19,62,-16.608746630889748,-5.29
2026-07-19,63,-7.149398502674266,-4.83
2026-07-19,64,-6.630743230591914,-4.01
2026-07-19,65,-5.766313763841563,-2.31
2026-07-19,66,-4.949057435894531,-2.84
2026-07-19,67,-3.115848475575106,-3.4
2026-07-19,68,6.4434860947413455,-1.2
2026-07-19,69,-1.0889512953910696,-1.2
2026-07-19,70,11.266994644607236,-0.97
2026-07-19,71,27.22271321774477,-0.01
2026-07-19,72,48.39196051730967,0.6
2026-07-19,73,43.40446063481405,0.68
2026-07-19,74,71.92110645312698,29.42
2026-07-19,75,102.92591099482163,62.58
2026-07-19,76,111.86891801387006,98.69
2026-07-19,77,95.4778030838549,87.8
2026-07-19,78,117.12033675344004,109.62
2026-07-19,79,101.52918313703054,131.67
2026-07-19,80,86.9077109183807,139.55
2026-07-19,81,95.18585224854266,128.5
2026-07-19,82,74.96194000764953,140.1
2026-07-19,83,93.85361462057725,150.91
2026-07-19,84,85.36240945092467,156.98
2026-07-19,85,101.16191146063063,152.54
2026-07-19,86,75.31540401112784,150.38
2026-07-19,87,75.30826415886605,149.65
2026-07-19,88,123.53456509486033,146.15
2026-07-19,89,109.9790398124026,159.18
2026-07-19,90,113.9770155701294,150.91
2026-07-19,91,135.55421260381044,148.2
2026-07-19,92,138.735839511539,140.34
2026-07-19,93,137.14780776194976,151.71
2026-07-19,94,136.50604862273454,137.02
2026-07-19,95,138.7040593587963,135.65
2026-07-19,96,137.06613778492672,128.43
2026-07-20,1,136.3534298889156,167.33
2026-07-20,2,128.45882345000462,150.11
2026-07-20,3,121.25150016403576,140.74
2026-07-20,4,118.71335322657072,131.63
2026-07-20,5,127.81015136680116,148.25
2026-07-20,6,117.97734331975045,140.01
2026-07-20,7,117.7091657827782,135.68
2026-07-20,8,113.2758255866517,129.99
2026-07-20,9,117.19783369058716,132.41
2026-07-20,10,115.76745583580244,128.37
2026-07-20,11,114.65655999132754,128.49
2026-07-20,12,111.7652052342344,126.15
2026-07-20,13,116.41037851311768,126.92
2026-07-20,14,116.89929884588948,122.69
2026-07-20,15,116.88417211493736,122.69
2026-07-20,16,115.6495225184812,121.82
2026-07-20,17,112.5786849800632,125.04
2026-07-20,18,112.87653017073286,130.26
2026-07-20,19,113.31127238999524,133.62
2026-07-20,20,117.478352104043,136.16
2026-07-20,21,115.46421294073214,132.84
2026-07-20,22,119.33648176520744,138.22
2026-07-20,23,121.94530822054614,139.35
2026-07-20,24,128.25094600963817,144.75
2026-07-20,25,129.30462649210227,147.63
2026-07-20,26,138.4048455604137,150.01
2026-07-20,27,143.9567489348024,150.41
2026-07-20,28,138.34980041631653,149.19
2026-07-20,29,155.28692189490027,159.92
2026-07-20,30,143.9935243425815,152.96
2026-07-20,31,136.74231605352995,148.99
2026-07-20,32,118.72128131043902,140.24
2026-07-20,33,139.2208848849675,159.0
2026-07-20,34,118.316595253481,140.0
2026-07-20,35,110.29876623337546,120.7
2026-07-20,36,94.27285148048476,104.29
2026-07-20,37,112.17247618098362,113.72
2026-07-20,38,99.31014836442648,102.0
2026-07-20,39,84.3633987654998,89.33
2026-07-20,40,67.86456539406397,65.82
2026-07-20,41,84.08145435729338,83.1
2026-07-20,42,68.91051984634679,73.36
2026-07-20,43,53.992546306276026,58.47
2026-07-20,44,40.46799732765623,26.16
2026-07-20,45,55.17442168713422,31.71
2026-07-20,46,45.85962393572128,19.47
2026-07-20,47,37.42495338745412,10.0
2026-07-20,48,34.90945935337428,1.97
2026-07-20,49,39.30450958268415,16.21
2026-07-20,50,34.0998839039307,4.12
2026-07-20,51,32.81420875857806,6.98
2026-07-20,52,28.260640646614675,3.34
2026-07-20,53,31.94131342374478,0.05
2026-07-20,54,26.46067909276801,0.01
2026-07-20,55,19.51954427824146,0.0
2026-07-20,56,16.436396531087716,0.0
2026-07-20,57,18.299193415197344,0.0
2026-07-20,58,18.042221378094467,0.0
2026-07-20,59,17.357350096523007,0.02
2026-07-20,60,15.756057284586683,0.01
2026-07-20,61,20.17859841316988,0.01
2026-07-20,62,20.014959277156784,0.03
2026-07-20,63,23.231672681792123,0.07
2026-07-20,64,27.460345695832338,3.72
2026-07-20,65,23.804954054183696,0.03
2026-07-20,66,29.4729155861856,0.09
2026-07-20,67,44.13941022318546,14.9
2026-07-20,68,46.359097181361335,45.4
2026-07-20,69,30.08169382877268,23.43
2026-07-20,70,54.39072531208911,79.41
2026-07-20,71,69.74844210217336,90.1
2026-07-20,72,86.91383176541814,106.11
2026-07-20,73,71.2579346029146,95.51
2026-07-20,74,98.06951718036068,106.67
2026-07-20,75,118.8439697821174,127.06
2026-07-20,76,142.24856442694025,144.41
2026-07-20,77,120.4227083047601,142.32
2026-07-20,78,139.447849153186,152.87
2026-07-20,79,192.387075207446,161.99
2026-07-20,80,187.4222218391901,177.87
2026-07-20,81,161.97343258842312,165.17
2026-07-20,82,184.1414504258008,171.39
2026-07-20,83,191.5392984032344,181.65
2026-07-20,84,210.7276160359318,194.77
2026-07-20,85,201.1007580910297,180.53
2026-07-20,86,191.54964307872007,180.47
2026-07-20,87,181.64891694900857,179.92
2026-07-20,88,165.5312394182349,178.0
2026-07-20,89,186.11007607462216,186.34
2026-07-20,90,163.51415890467783,175.98
2026-07-20,91,155.93729089706667,171.94
2026-07-20,92,146.64100838622542,165.0
2026-07-20,93,151.53694422949343,168.33
2026-07-20,94,143.42254176628978,161.96
2026-07-20,95,141.13673240696417,158.28
2026-07-20,96,134.2654906664413,149.3
2026-07-21,1,157.7339078496208,153.81
2026-07-21,2,152.25382862186413,150.03
2026-07-21,3,139.15011330762223,146.26
2026-07-21,4,133.9275432029061,145.01
2026-07-21,5,143.195947055752,151.84
2026-07-21,6,139.45955693846977,150.56
2026-07-21,7,138.08806439874485,149.25
2026-07-21,8,134.50676091309967,146.43
2026-07-21,9,137.021213984801,146.63
2026-07-21,10,135.20314563322447,144.03
2026-07-21,11,134.3769087200356,142.98
2026-07-21,12,131.69331587109926,139.92
2026-07-21,13,134.6333598487566,140.27
2026-07-21,14,131.48862385084604,138.09
2026-07-21,15,128.491785447565,138.18
2026-07-21,16,127.81859950129258,138.93
2026-07-21,17,131.1117159739155,135.03
2026-07-21,18,131.23514428724778,137.3
2026-07-21,19,132.15860223909294,140.95
2026-07-21,20,132.08359295407826,143.73
2026-07-21,21,135.85854672871636,140.34
2026-07-21,22,134.85540949797226,143.19
2026-07-21,23,136.49995907145856,146.91
2026-07-21,24,138.9508130726074,149.21
2026-07-21,25,145.53028721500164,155.0
2026-07-21,26,149.9579972148886,159.33
2026-07-21,27,149.11987164675074,159.79
2026-07-21,28,150.25554841768138,156.48
2026-07-21,29,161.3010407466316,167.0
2026-07-21,30,149.2816191446737,159.35
2026-07-21,31,147.63810209474926,155.01
2026-07-21,32,122.40487274228616,136.35
2026-07-21,33,158.64895682450185,164.78
2026-07-21,34,129.84782647611922,149.0
2026-07-21,35,118.20188607818,142.16
2026-07-21,36,100.46737448601064,125.57
2026-07-21,37,118.26368274794508,153.01
2026-07-21,38,103.33466461542348,120.16
2026-07-21,39,88.36049279097,107.37
2026-07-21,40,72.69851665885434,79.27
2026-07-21,41,87.18012915498772,103.18
2026-07-21,42,74.33048593639089,86.15
2026-07-21,43,59.55770587881217,79.37
2026-07-21,44,45.306009802720375,66.06
2026-07-21,45,59.22632262066556,66.11
2026-07-21,46,50.14603184645429,59.09
2026-07-21,47,42.62290205818864,36.89
2026-07-21,48,38.79552828421421,12.46
2026-07-21,49,43.80463639686496,16.31
2026-07-21,50,37.57093779796431,5.46
2026-07-21,51,34.935301051144414,3.85
2026-07-21,52,30.4743639232316,2.59
2026-07-21,53,33.958420384138925,2.52
2026-07-21,54,29.5372969485766,1.44
2026-07-21,55,21.155137694342148,0.08
2026-07-21,56,16.145619437258624,0.0
2026-07-21,57,21.817358389262687,0.04
2026-07-21,58,17.970080227959286,0.09
2026-07-21,59,21.5480238260348,0.1
2026-07-21,60,24.932172657391032,3.78
2026-07-21,61,19.55291399630019,3.3
2026-07-21,62,28.082249329492164,6.49
2026-07-21,63,33.12549104918848,11.51
2026-07-21,64,40.907239271103805,33.38
2026-07-21,65,31.636042777144084,30.47
2026-07-21,66,46.06013507199003,64.0
2026-07-21,67,55.17388714500236,71.46
2026-07-21,68,68.56815114875403,83.0
2026-07-21,69,38.515656009818585,77.06
2026-07-21,70,71.42220609327416,94.26
2026-07-21,71,96.09891054031516,112.0
2026-07-21,72,104.1372740043697,126.94
2026-07-21,73,89.65066515377521,113.81
2026-07-21,74,109.39756455619568,130.62
2026-07-21,75,128.48930404094955,142.99
2026-07-21,76,149.6595047352008,154.04
2026-07-21,77,135.70927378049677,140.91
2026-07-21,78,155.3827181652123,150.92
2026-07-21,79,169.01515258262816,158.07
2026-07-21,80,198.65954030876688,164.54
2026-07-21,81,169.18733548793546,166.51
2026-07-21,82,185.71779151476952,172.0
2026-07-21,83,209.550223187438,174.59
2026-07-21,84,222.62149894970813,174.9
2026-07-21,85,199.2449635484927,177.29
2026-07-21,86,198.64619725912345,177.19
2026-07-21,87,193.1756312129448,174.6
2026-07-21,88,155.57585531916493,169.17
2026-07-21,89,178.59235553353736,175.9
2026-07-21,90,152.28102733768247,168.57
2026-07-21,91,156.24726077960662,170.06
2026-07-21,92,154.76445081346458,158.74
2026-07-21,93,153.6260641478646,165.16
2026-07-21,94,154.23890594142694,156.09
2026-07-21,95,148.01565990757052,153.42
2026-07-21,96,140.76717903409173,146.08
2026-07-22,1,168.79123391493823,156.4
2026-07-22,2,161.14372878810286,155.25
2026-07-22,3,153.29419807205176,151.39
2026-07-22,4,143.4144863530148,145.72
2026-07-22,5,155.64971704400506,156.37
2026-07-22,6,148.28287354348035,148.57
2026-07-22,7,142.21698270121686,145.66
2026-07-22,8,135.8334224130025,142.55
2026-07-22,9,141.2188251311649,146.94
2026-07-22,10,133.4363417813088,144.88
2026-07-22,11,130.65203456251723,143.04
2026-07-22,12,128.38919929465314,138.07
2026-07-22,13,128.4371013438804,142.08
2026-07-22,14,126.78494852734369,134.75
2026-07-22,15,125.71311840297,132.02
2026-07-22,16,123.303887479753,130.8
2026-07-22,17,125.91051677471252,130.3
2026-07-22,18,125.44534203107004,129.8
2026-07-22,19,124.46151056059686,131.0
2026-07-22,20,124.83921736650656,131.56
2026-07-22,21,126.71294070802357,128.24
2026-07-22,22,128.1883743034902,132.75
2026-07-22,23,129.13471691665464,138.93
2026-07-22,24,131.94482052182326,143.91
2026-07-22,25,138.58605516073743,144.26
2026-07-22,26,143.97507944264424,150.01
2026-07-22,27,142.2333028636437,156.08
2026-07-22,28,138.12589999019622,147.29
2026-07-22,29,155.3225899254146,156.89
2026-07-22,30,145.4750825956434,150.03
2026-07-22,31,134.86339617974718,145.16
2026-07-22,32,120.29621861688727,129.3
2026-07-22,33,138.09044737206366,158.11
2026-07-22,34,125.28587120884364,141.28
2026-07-22,35,113.0724762799722,121.54
2026-07-22,36,96.72239613590932,107.0
2026-07-22,37,111.35318225858998,114.48
2026-07-22,38,97.03849769566916,102.42
2026-07-22,39,79.41144765607528,86.34
2026-07-22,40,64.03687216197284,60.53
2026-07-22,41,80.93736847986645,92.11
2026-07-22,42,66.67787292017235,68.71
2026-07-22,43,56.333070463261976,57.8
2026-07-22,44,40.9824068021634,45.99
2026-07-22,45,53.76735742000896,49.24
2026-07-22,46,44.22571716905021,37.27
2026-07-22,47,36.49188614718125,21.69
2026-07-22,48,29.100636133284866,15.54
2026-07-22,49,34.1037869635978,21.08
2026-07-22,50,26.25743730709403,9.99
2026-07-22,51,29.470307966747225,6.94
2026-07-22,52,25.62612768872688,3.53
2026-07-22,53,29.57898309541476,3.99
2026-07-22,54,23.06175864280017,0.99
2026-07-22,55,17.89051548374734,0.15
2026-07-22,56,17.307735423982166,0.03
2026-07-22,57,15.990287027939946,0.03
2026-07-22,58,16.42151494499668,0.08
2026-07-22,59,19.51459857981952,0.03
2026-07-22,60,22.21311580038628,0.01
2026-07-22,61,17.074320091213853,0.05
2026-07-22,62,22.979023851533213,0.09
2026-07-22,63,26.86691224888232,0.77
2026-07-22,64,34.2417733203782,1.08
2026-07-22,65,24.996092429288133,1.9
2026-07-22,66,33.40751930186537,5.44
2026-07-22,67,45.10860380202908,6.89
2026-07-22,68,45.94478248927413,22.37
2026-07-22,69,37.566922123972326,24.99
2026-07-22,70,48.47227320582878,59.6
2026-07-22,71,52.94291259005916,68.63
2026-07-22,72,61.13825960411513,99.62
2026-07-22,73,56.33869507688544,82.67
2026-07-22,74,87.47785773885138,102.38
2026-07-22,75,108.72391393983985,114.93
2026-07-22,76,117.84740672580205,132.42
2026-07-22,77,104.73880285140588,122.97
2026-07-22,78,127.2388147191834,134.85
2026-07-22,79,144.1303672818338,144.48
2026-07-22,80,158.21667299794714,149.01
2026-07-22,81,142.60585988931732,151.37
2026-07-22,82,157.23282100166628,154.68
2026-07-22,83,153.80813652696173,158.27
2026-07-22,84,166.03680588997776,163.72
2026-07-22,85,140.96297581195716,166.36
2026-07-22,86,168.085600211433,162.43
2026-07-22,87,161.44396639540284,161.95
2026-07-22,88,153.60983865798792,156.3
2026-07-22,89,161.68511956560835,167.24
2026-07-22,90,156.2456831865522,159.44
2026-07-22,91,156.1998353816397,155.94
2026-07-22,92,149.35850454036623,147.82
2026-07-22,93,151.35078333051425,153.17
2026-07-22,94,148.31813971878933,143.94
2026-07-22,95,148.42959434616046,140.56
2026-07-22,96,139.24612044773826,136.5
2026-07-23,1,147.12457206704573,153.4
2026-07-23,2,140.4818790615559,147.31
2026-07-23,3,135.71064410513964,139.23
2026-07-23,4,131.12468143908816,131.08
2026-07-23,5,138.75723020210697,142.47
2026-07-23,6,132.84471480514213,137.83
2026-07-23,7,128.75031133479507,136.34
2026-07-23,8,126.66721707018172,132.74
2026-07-23,9,128.29879743447543,135.04
2026-07-23,10,127.83108969392931,133.28
2026-07-23,11,126.31123447239533,133.78
2026-07-23,12,123.10846593744851,132.54
2026-07-23,13,123.84825574916374,132.42
2026-07-23,14,122.43421745793722,134.73
2026-07-23,15,122.37487040117227,132.35
2026-07-23,16,122.56066224382414,132.36
2026-07-23,17,121.680688417907,133.0
2026-07-23,18,122.57785670002924,133.54
2026-07-23,19,123.56704084606426,137.38
2026-07-23,20,125.75650758547424,141.04
2026-07-23,21,124.46893799165466,132.23
2026-07-23,22,126.2585898883349,138.07
2026-07-23,23,128.65091568741664,147.78
2026-07-23,24,132.8301548552285,154.1
2026-07-23,25,136.77727217551623,148.92
2026-07-23,26,142.88010764828405,162.15
2026-07-23,27,158.63458312386894,161.64
2026-07-23,28,157.27694568717376,164.01
2026-07-23,29,163.68277316850825,172.95
2026-07-23,30,156.38893653420834,173.72
2026-07-23,31,153.55059852765538,163.82
2026-07-23,32,138.49029469149073,161.0
2026-07-23,33,171.41373062369547,174.01
2026-07-23,34,128.16685561058569,162.8
2026-07-23,35,118.15237594494198,159.96
2026-07-23,36,103.16091859292509,143.04
2026-07-23,37,118.33436276711926,162.67
2026-07-23,38,104.45322384357698,144.64
2026-07-23,39,90.81138298331082,119.0
2026-07-23,40,78.95799549911769,111.0
2026-07-23,41,91.41908464586363,117.29
2026-07-23,42,76.42969400637554,107.38
2026-07-23,43,67.02135882116931,99.74
2026-07-23,44,50.690194123690524,83.51
2026-07-23,45,63.26433503850706,96.47
2026-07-23,46,52.638635544920255,84.74
2026-07-23,47,43.349572907257645,77.53
2026-07-23,48,34.19475131805045,59.42
2026-07-23,49,39.9346517121433,60.42
2026-07-23,50,31.06519980640813,35.99
2026-07-23,51,26.616799861346177,20.66
2026-07-23,52,19.546689664784747,7.3
2026-07-23,53,23.219592780803296,11.37
2026-07-23,54,18.066893352540973,4.84
2026-07-23,55,12.66770466516611,1.0
2026-07-23,56,9.46236425982502,0.0
2026-07-23,57,8.748026624560142,0.0
2026-07-23,58,12.086661111952846,0.0
2026-07-23,59,14.7801961637011,0.0
2026-07-23,60,19.38000387453045,0.0
2026-07-23,61,14.604105888279785,0.0
2026-07-23,62,22.562313905269107,0.0
2026-07-23,63,29.66713357351741,0.03
2026-07-23,64,39.71831662711629,0.09
2026-07-23,65,31.70061188810663,0.0
2026-07-23,66,45.85613502500423,3.11
2026-07-23,67,58.10007877870643,24.79
2026-07-23,68,74.22563285815544,60.09
2026-07-23,69,58.125633583986726,52.99
2026-07-23,70,81.99080610170618,94.82
2026-07-23,71,93.4594981264243,113.51
2026-07-23,72,106.29311491828818,125.5
2026-07-23,73,89.97535915202114,111.39
2026-07-23,74,104.6154341271677,139.21
2026-07-23,75,125.0489116741369,154.96
2026-07-23,76,139.103908424597,165.0
2026-07-23,77,132.63973895011262,152.77
2026-07-23,78,159.97135503509435,164.67
2026-07-23,79,162.95860110076364,168.27
2026-07-23,80,176.24349530926395,178.69
2026-07-23,81,170.61879554070327,172.79
2026-07-23,82,177.97703549614917,184.29
2026-07-23,83,176.68451461296,185.48
2026-07-23,84,204.0738473298432,197.5
2026-07-23,85,228.27184845639312,192.84
2026-07-23,86,176.57112155234793,191.79
2026-07-23,87,180.68683750468043,189.7
2026-07-23,88,171.12445299014692,185.67
2026-07-23,89,185.6481981991008,195.92
2026-07-23,90,170.0737848285752,188.96
2026-07-23,91,165.09738065890065,184.29
2026-07-23,92,156.30536782487533,177.0
2026-07-23,93,164.16527101812113,181.68
2026-07-23,94,153.00486341632464,170.66
2026-07-23,95,145.42369019884288,166.94
2026-07-23,96,141.77133482540663,162.4
2026-07-24,1,166.9258189520326,168.22
2026-07-24,2,161.4134710847078,163.65
2026-07-24,3,150.71648710926507,160.58
2026-07-24,4,144.39678400267897,151.56
2026-07-24,5,156.88052523776614,162.69
2026-07-24,6,152.54155066252068,158.03
2026-07-24,7,148.96805685063418,155.89
2026-07-24,8,148.794826959538,151.94
2026-07-24,9,146.52109796610722,155.26
2026-07-24,10,149.2823001681863,151.69
2026-07-24,11,147.83209844021118,150.67
2026-07-24,12,148.79566582622374,149.63
2026-07-24,13,144.05782409110398,156.19
2026-07-24,14,144.09733751586813,153.21
2026-07-24,15,143.17589784648067,151.78
2026-07-24,16,142.323650227885,152.13
2026-07-24,17,142.7696442594101,150.58
2026-07-24,18,143.94783644179324,152.91
2026-07-24,19,147.42506392902737,153.93
2026-07-24,20,146.1730566920856,165.22
2026-07-24,21,147.61721016740577,152.92
2026-07-24,22,147.06141343721023,158.44
2026-07-24,23,151.21396639844392,164.71
2026-07-24,24,152.4556731213053,168.6
2026-07-24,25,161.60438943220564,167.75
2026-07-24,26,165.47540608986895,176.4
2026-07-24,27,164.88430895701907,174.67
2026-07-24,28,171.50473456968294,171.34
2026-07-24,29,192.4431864609686,177.93
2026-07-24,30,177.63243960999205,172.09
2026-07-24,31,164.22174443180472,167.0
2026-07-24,32,148.90709993827662,152.53
2026-07-24,33,170.95113381841105,174.0
2026-07-24,34,139.79196994203733,166.76
2026-07-24,35,146.8882915393302,159.3
2026-07-24,36,106.65854181836458,139.93
2026-07-24,37,139.64291399288825,169.66
2026-07-24,38,106.7099436899885,133.6
2026-07-24,39,95.34792364012124,116.06
2026-07-24,40,82.00972468058188,111.09
2026-07-24,41,95.36108132891924,116.41
2026-07-24,42,84.60414445054231,106.02
2026-07-24,43,75.37621213838868,98.58
2026-07-24,44,61.508347876065,88.25
2026-07-24,45,73.92518937875224,86.08
2026-07-24,46,65.28397508509302,77.2
2026-07-24,47,57.73964655999904,74.12
2026-07-24,48,51.02842112944638,65.25
2026-07-24,49,57.12957349099871,65.15
2026-07-24,50,48.86491942551661,50.97
2026-07-24,51,45.40926101944129,37.8
2026-07-24,52,41.411221614132,25.05
2026-07-24,53,45.54492413995551,36.1
2026-07-24,54,41.72560347296967,22.9
2026-07-24,55,37.033679191723216,16.89
2026-07-24,56,30.22035049227277,8.21
2026-07-24,57,34.09746874193408,6.01
2026-07-24,58,34.716762322674654,5.2
2026-07-24,59,33.84206062166521,5.85
2026-07-24,60,36.08296840220653,8.88
2026-07-24,61,34.70625139339029,3.23
2026-07-24,62,36.97400784121478,4.7
2026-07-24,63,47.02889124559116,17.13
2026-07-24,64,58.54655434447498,32.1
2026-07-24,65,48.99401596889087,32.07
2026-07-24,66,65.13126722282298,60.07
2026-07-24,67,80.74617629290793,81.52
2026-07-24,68,105.27064502549644,102.2
2026-07-24,69,85.27848713642018,77.07
2026-07-24,70,99.15295442067328,112.18
2026-07-24,71,115.96614068671572,125.2
2026-07-24,72,135.2079050487097,141.62
2026-07-24,73,113.9890353488609,127.09
2026-07-24,74,136.76654806152078,147.56
2026-07-24,75,172.57256028745456,163.05
2026-07-24,76,183.4159559422336,180.96
2026-07-24,77,182.124768731096,149.16
2026-07-24,78,193.53359993019723,176.2
2026-07-24,79,235.62918543257052,190.23
2026-07-24,80,289.26282346708865,204.95
2026-07-24,81,250.0875361236957,188.24
2026-07-24,82,276.9554129192149,194.07
2026-07-24,83,299.52332274155435,205.89
2026-07-24,84,319.28958816282733,211.97
2026-07-24,85,304.20752511950434,209.26
2026-07-24,86,291.6071963139858,206.84
2026-07-24,87,275.37655669768606,201.25
2026-07-24,88,243.6855501828128,195.34
2026-07-24,89,263.89094765252435,207.44
2026-07-24,90,217.99235555242635,197.49
2026-07-24,91,216.4366353009281,188.64
2026-07-24,92,201.9979908076405,184.5
2026-07-24,93,200.02332766658347,185.48
2026-07-24,94,201.6860605713337,183.0
2026-07-24,95,185.24266689891448,181.31
2026-07-24,96,151.8674099933084,170.67
2026-07-25,1,171.93767439032746,175.92
2026-07-25,2,166.13329659436246,168.63
2026-07-25,3,159.6170418167843,165.98
2026-07-25,4,153.37284855859474,158.01
2026-07-25,5,162.6576334171198,170.01
2026-07-25,6,157.28924241561316,156.79
2026-07-25,7,153.0447985539962,161.32
2026-07-25,8,147.67496086676235,158.32
2026-07-25,9,152.0568118278867,162.0
2026-07-25,10,150.5970938707419,158.72
2026-07-25,11,148.15577250276883,162.25
2026-07-25,12,150.24209890866416,158.74
2026-07-25,13,147.7331999159138,162.0
2026-07-25,14,144.82619868446173,161.32
2026-07-25,15,142.62807360823265,160.98
2026-07-25,16,140.1244582644416,155.11
2026-07-25,17,145.95083901995045,156.89
2026-07-25,18,143.7089188736719,151.99
2026-07-25,19,141.3915725684989,149.4
2026-07-25,20,138.9479779244194,149.77
2026-07-25,21,146.3801503068273,150.12
2026-07-25,22,138.45934381218305,147.0
2026-07-25,23,137.04264146792946,147.84
2026-07-25,24,130.6475489475651,140.05
2026-07-25,25,137.0205686371175,157.71
2026-07-25,26,135.01280194674385,136.12
2026-07-25,27,130.33294591334524,130.01
2026-07-25,28,133.89870421108026,117.68
2026-07-25,29,138.83758217145115,136.39
2026-07-25,30,123.49966791210922,119.99
2026-07-25,31,132.0766346542548,107.52
2026-07-25,32,90.47647740358812,97.32
2026-07-25,33,143.87353580216626,122.67
2026-07-25,34,103.8407882999234,102.71
2026-07-25,35,113.39536925410994,79.93
2026-07-25,36,63.20408138016239,28.73
2026-07-25,37,117.89438552670826,39.61
2026-07-25,38,63.61149480785407,5.05
2026-07-25,39,48.27754180525127,0.01
2026-07-25,40,30.994623499445005,0.0
2026-07-25,41,65.54186341432768,0.0
2026-07-25,42,35.545344449058405,-0.01
2026-07-25,43,27.517706315849665,-0.07
2026-07-25,44,19.743140744660536,-0.39
2026-07-25,45,25.82909826196959,-0.82
2026-07-25,46,18.627825549907463,-1.19
2026-07-25,47,12.723448661104833,-3.41
2026-07-25,48,9.169108338269488,-5.01
2026-07-25,49,9.510733385741418,-4.82
2026-07-25,50,6.126938303816928,-5.0
2026-07-25,51,8.790625067461246,-5.54
2026-07-25,52,7.666322077453834,-8.46
2026-07-25,53,10.466004889090453,-7.99
2026-07-25,54,6.670830581509012,-9.98
2026-07-25,55,5.03581150466251,-10.44
2026-07-25,56,3.4038914425396003,-11.38
2026-07-25,57,3.465943380948389,-15.01
2026-07-25,58,2.470097093952038,-14.31
2026-07-25,59,1.834890269615495,-11.81
2026-07-25,60,4.195865632189066,-7.99
2026-07-25,61,1.9305524693587368,-6.47
2026-07-25,62,3.9917294858565904,-3.72
2026-07-25,63,4.048218091759319,-2.01
2026-07-25,64,11.858474030293904,-1.21
2026-07-25,65,17.6150729545908,-1.06
2026-07-25,66,30.574248875457265,-0.12
2026-07-25,67,34.630886446978856,-0.09
2026-07-25,68,51.926040180959056,-0.01
2026-07-25,69,41.52114369457709,-0.01
2026-07-25,70,66.48575133389755,0.0
2026-07-25,71,87.88062559955557,2.59
2026-07-25,72,103.00081392068094,42.42
2026-07-25,73,78.91612327988922,21.95
2026-07-25,74,111.770290213399,99.1
2026-07-25,75,118.85617372759653,119.75
2026-07-25,76,126.29891778708948,139.98
2026-07-25,77,115.86453978492248,138.92
2026-07-25,78,129.7099489365297,150.0
2026-07-25,79,143.94650504602328,163.89
2026-07-25,80,150.56225787086504,176.87
2026-07-25,81,142.2698342810025,163.01
2026-07-25,82,157.102136155957,172.99
2026-07-25,83,180.61870605704925,173.49
2026-07-25,84,179.21957815806724,171.75
2026-07-25,85,180.7469672273814,174.48
2026-07-25,86,184.70155878153813,171.54
2026-07-25,87,182.09021538435965,165.5
2026-07-25,88,182.19771235758856,164.78
2026-07-25,89,185.42070792495144,173.22
2026-07-25,90,172.7761234331856,165.16
2026-07-25,91,168.35166774456292,164.99
2026-07-25,92,165.18385911110065,158.56
2026-07-25,93,172.61830723861803,166.84
2026-07-25,94,161.24099152263935,160.33
2026-07-25,95,162.69264942918116,160.64
2026-07-25,96,143.24206908776443,152.19
2026-07-26,1,153.87597214105216,148.59
2026-07-26,2,151.7064788351993,154.88
2026-07-26,3,142.44190924791818,154.92
2026-07-26,4,135.72264194240833,153.73
2026-07-26,5,145.9199683802509,150.01
2026-07-26,6,139.1844871587355,148.82
2026-07-26,7,137.83713075908443,143.68
2026-07-26,8,133.2724709815322,143.31
2026-07-26,9,138.89566410220968,145.58
2026-07-26,10,133.32577445812484,147.15
2026-07-26,11,130.65128601068974,148.84
2026-07-26,12,125.97128850899075,150.53
2026-07-26,13,129.77054141025596,149.01
2026-07-26,14,139.45713894855558,156.83
2026-07-26,15,126.59649047514992,155.54
2026-07-26,16,137.35789952266734,152.99
2026-07-26,17,132.91029843658745,154.24
2026-07-26,18,128.2310380079375,146.32
2026-07-26,19,127.545992758451,144.84
2026-07-26,20,123.62225577599156,142.92
2026-07-26,21,128.61765986316857,139.91
2026-07-26,22,124.27936025475796,139.83
2026-07-26,23,122.2983711384226,137.98
2026-07-26,24,115.8135710551624,134.25
2026-07-26,25,121.00336419446174,134.87
2026-07-26,26,115.88416206733037,127.87
2026-07-26,27,107.9783392740986,122.77
2026-07-26,28,118.60900860706596,113.94
2026-07-26,29,124.91733361928192,120.34
2026-07-26,30,124.83690352145112,114.25
2026-07-26,31,117.29515604742626,107.52
2026-07-26,32,127.37328913809608,98.6
2026-07-26,33,135.78774663093523,111.17
2026-07-26,34,79.56864110620057,102.28
2026-07-26,35,60.00139906070931,89.05
2026-07-26,36,38.48285016430977,72.54
2026-07-26,37,54.547429381502255,95.05
2026-07-26,38,36.70031547825555,71.77
2026-07-26,39,25.57931209184956,43.87
2026-07-26,40,13.91031939789751,10.04
2026-07-26,41,14.475297223366567,22.85
2026-07-26,42,4.192963576034359,5.64
2026-07-26,43,1.886497298649204,0.07
2026-07-26,44,1.9745968902780648,0.0
2026-07-26,45,-0.1958047328971019,0.0
2026-07-26,46,1.5691714296330377,0.0
2026-07-26,47,1.623295319854023,-0.01
2026-07-26,48,1.7060095850096817,-0.01
2026-07-26,49,-0.3522676310246453,-0.05
2026-07-26,50,-0.3251515692614859,-0.06
2026-07-26,51,0.5336546221962664,-0.08
2026-07-26,52,-2.28233842611806,-0.11
2026-07-26,53,-2.4634720416928,-0.12
2026-07-26,54,-3.75226910674807,-0.12
2026-07-26,55,-5.025656592208911,-0.12
2026-07-26,56,-6.3276349328096,-0.71
2026-07-26,57,-4.777985932419788,-0.7
2026-07-26,58,-4.86607578170265,-0.66
2026-07-26,59,-4.57852388704927,-0.66
2026-07-26,60,-5.830773773635858,-0.66
2026-07-26,61,0.2649222259858224,-0.82
2026-07-26,62,-2.9754593873005266,-0.85
2026-07-26,63,-14.65379159955377,-0.89
2026-07-26,64,-23.29281311232329,-0.88
2026-07-26,65,-31.153798562622924,-0.07
2026-07-26,66,-19.758298235216124,-0.01
2026-07-26,67,-4.650911150139393,0.0
2026-07-26,68,31.67962357592959,3.53
2026-07-26,69,29.771216237314466,5.25
2026-07-26,70,59.469247573532606,35.76
2026-07-26,71,78.15319406171156,62.92
2026-07-26,72,93.55087835857816,103.36
2026-07-26,73,81.69573773820981,79.45
2026-07-26,74,104.40278499369283,110.7
2026-07-26,75,113.76314864282952,119.87
2026-07-26,76,110.8757117362493,126.98
2026-07-26,77,105.84983305911466,130.39
2026-07-26,78,106.87540639116742,138.36
2026-07-26,79,107.14433641983908,141.97
2026-07-26,80,89.8747249557954,146.44
2026-07-26,81,108.19983632564504,144.94
2026-07-26,82,104.5479327020133,152.74
2026-07-26,83,95.77140012222648,152.82
2026-07-26,84,88.64836556398811,156.23
2026-07-26,85,103.50495847309402,156.05
2026-07-26,86,107.78769501783523,152.17
2026-07-26,87,111.49865342900452,148.6
2026-07-26,88,123.22476860556964,146.95
2026-07-26,89,118.84696053204554,154.96
2026-07-26,90,119.39499464220998,149.21
2026-07-26,91,123.10358497928046,147.98
2026-07-26,92,124.92993622432373,139.84
2026-07-26,93,129.82299266755118,145.35
2026-07-26,94,121.50547024704312,138.09
2026-07-26,95,121.45017302342654,136.73
2026-07-26,96,116.85737857584252,127.01
2026-07-27,1,132.02913091053617,84.26
2026-07-27,2,124.9359024748701,88.77
2026-07-27,3,119.69355890588746,86.68
2026-07-27,4,116.26826505580192,84.46
2026-07-27,5,124.93626208219035,82.4
2026-07-27,6,119.16288099217653,75.45
2026-07-27,7,116.81041507793029,68.95
2026-07-27,8,111.8025123841077,55.83
2026-07-27,9,114.15940220519428,60.82
2026-07-27,10,117.50405697537002,50.8
2026-07-27,11,119.71736822045494,72.21
2026-07-27,12,116.59967364579272,62.97
2026-07-27,13,118.30601314507024,69.26
2026-07-27,14,118.54195905477548,60.42
2026-07-27,15,117.26291439195734,59.72
2026-07-27,16,116.05385362020866,61.15
2026-07-27,17,113.8943385093633,66.38
2026-07-27,18,113.950423121779,66.52
2026-07-27,19,117.00206692143789,66.8
2026-07-27,20,116.81510277868584,85.0
2026-07-27,21,115.72272427762152,60.43
2026-07-27,22,117.00300885003963,86.66
2026-07-27,23,128.15645926296932,100.99
2026-07-27,24,126.06799678092456,116.0
2026-07-27,25,131.13077554039376,102.69
2026-07-27,26,136.61480375688726,116.63
2026-07-27,27,148.39888838520037,121.24
2026-07-27,28,150.0442970747842,129.67
2026-07-27,29,172.26265586113436,133.85
2026-07-27,30,162.41585067790612,132.87
2026-07-27,31,150.9653146000506,125.74
2026-07-27,32,141.77315442574357,123.44
2026-07-27,33,157.36891605067672,141.48
2026-07-27,34,126.32461308224131,130.69
2026-07-27,35,117.62077825731946,111.85
2026-07-27,36,102.43388199435066,91.88
2026-07-27,37,114.7751397187002,107.83
2026-07-27,38,100.10752333283344,87.45
2026-07-27,39,88.10620742442472,72.2
2026-07-27,40,73.02242226995574,32.26
2026-07-27,41,90.0301254299485,55.3
2026-07-27,42,74.48922722167568,19.75
2026-07-27,43,65.7754289145315,15.16
2026-07-27,44,54.4927864121365,4.94
2026-07-27,45,68.11235080169956,3.45
2026-07-27,46,58.85197005452221,0.45
2026-07-27,47,52.13506604055807,0.02
2026-07-27,48,42.40134248949904,0.0
2026-07-27,49,43.51412544079821,0.0
2026-07-27,50,32.686386632105204,-0.01
2026-07-27,51,15.913857591981436,-0.01
2026-07-27,52,7.026132174653878,-0.02
2026-07-27,53,11.558598159002774,-0.01
2026-07-27,54,8.154406378229515,-0.03
2026-07-27,55,14.806120278438389,-0.07
2026-07-27,56,7.649828691902236,-0.48
2026-07-27,57,6.506414228327832,-0.87
2026-07-27,58,10.148010793670274,-1.0
2026-07-27,59,10.44098119580669,-0.7
2026-07-27,60,10.957763251080696,-0.25
2026-07-27,61,7.233053099253512,-0.12
2026-07-27,62,13.363859683072072,-0.09
2026-07-27,63,16.640506620938908,-0.05
2026-07-27,64,17.551715064306038,-0.06
2026-07-27,65,9.849959040798524,-0.04
2026-07-27,66,14.000713914960984,-0.01
2026-07-27,67,34.25333711536659,-0.01
2026-07-27,68,57.44653585536946,0.01
2026-07-27,69,34.249975645821856,0.01
2026-07-27,70,71.3662322077844,2.88
2026-07-27,71,82.5074196775207,10.1
2026-07-27,72,96.18291009830205,44.62
2026-07-27,73,72.28733122352213,50.37
2026-07-27,74,103.33661796224229,91.19
2026-07-27,75,128.424706361,113.61
2026-07-27,76,138.87226436997057,133.99
2026-07-27,77,125.4273688249943,120.01
2026-07-27,78,149.99841232562815,147.93
2026-07-27,79,153.4314263477153,154.58
2026-07-27,80,147.47557831107883,174.0
2026-07-27,81,152.4309699983769,155.6
2026-07-27,82,157.0631344668234,172.2
2026-07-27,83,160.4423382942098,180.04
2026-07-27,84,166.83715153282273,187.05
2026-07-27,85,162.8146463220919,183.1
2026-07-27,86,174.00568507787094,181.08
2026-07-27,87,161.63524821568524,178.93
2026-07-27,88,157.3921839604187,172.87
2026-07-27,89,189.05531376521137,180.23
2026-07-27,90,168.6851608153014,173.14
2026-07-27,91,156.31669315655884,174.5
2026-07-27,92,167.52809574117072,156.56
2026-07-27,93,147.47035280198185,161.31
2026-07-27,94,145.61799270926835,161.03
2026-07-27,95,161.6931872443246,160.83
2026-07-27,96,146.85846573879914,148.78
2026-07-28,1,150.56435776082836,178.01
2026-07-28,2,142.80516663035004,169.91
2026-07-28,3,140.28733574012546,152.34
2026-07-28,4,134.10220263365758,143.75
2026-07-28,5,143.217445939471,154.96
2026-07-28,6,138.60245611431696,149.56
2026-07-28,7,138.53442754109554,145.28
2026-07-28,8,135.65167053366383,143.43
2026-07-28,9,138.1816893560665,147.09
2026-07-28,10,136.06124325496324,141.52
2026-07-28,11,134.97789488303653,138.91
2026-07-28,12,135.5123374934128,137.8
2026-07-28,13,133.48676376299875,136.5
2026-07-28,14,130.14912800096587,136.25
2026-07-28,15,129.50528140628785,135.16
2026-07-28,16,128.15187040962536,135.57
2026-07-28,17,130.46527772872588,133.25
2026-07-28,18,132.0463043122755,135.87
2026-07-28,19,133.89869911126667,141.35
2026-07-28,20,140.13161585415477,149.27
2026-07-28,21,134.2857768939974,140.53
2026-07-28,22,140.1090619287877,143.75
2026-07-28,23,142.5511351538632,154.19
2026-07-28,24,149.77614239394424,160.5
2026-07-28,25,149.42924746651644,165.45
2026-07-28,26,154.74126939955528,174.29
2026-07-28,27,156.70253206130744,170.33
2026-07-28,28,143.3048482390067,160.15
2026-07-28,29,166.46062462532947,177.04
2026-07-28,30,152.57675731843452,167.39
2026-07-28,31,141.20081493089776,156.72
2026-07-28,32,120.66848745514832,147.95
2026-07-28,33,134.54621690553628,165.67
2026-07-28,34,130.25700048952297,152.28
2026-07-28,35,126.69426531515084,143.43
2026-07-28,36,108.65061215632868,115.26
2026-07-28,37,125.57077994925544,160.11
2026-07-28,38,109.72235535457752,115.62
2026-07-28,39,99.24729352701026,94.8
2026-07-28,40,85.56260458471158,65.56
2026-07-28,41,99.76497342726574,85.32
2026-07-28,42,86.66796793796058,41.74
2026-07-28,43,79.85157932786065,15.06
2026-07-28,44,68.20904445540845,4.95
2026-07-28,45,78.15184515908201,7.61
2026-07-28,46,70.1316090362132,4.45
2026-07-28,47,62.89694288932927,1.66
2026-07-28,48,54.968330779146,0.0
2026-07-28,49,60.201352702454834,0.0
2026-07-28,50,50.284390642361984,-0.01
2026-07-28,51,45.76354841864425,-0.01
2026-07-28,52,40.18588217306736,-0.03
2026-07-28,53,49.06616490677981,-0.01
2026-07-28,54,43.31324925660553,-0.05
2026-07-28,55,35.143732508675974,-0.1
2026-07-28,56,29.81433095723951,-0.19
2026-07-28,57,33.853639778487505,-0.09
2026-07-28,58,34.98358590975766,-0.03
2026-07-28,59,37.89550997735949,0.0
2026-07-28,60,41.0289704192869,0.0
2026-07-28,61,34.25870559007119,0.0
2026-07-28,62,42.31085709331576,0.91
2026-07-28,63,53.01980264072494,2.66
2026-07-28,64,80.30680971328388,10.04
2026-07-28,65,64.97059126360543,4.26
2026-07-28,66,81.17773814400161,15.48
2026-07-28,67,103.79465072224538,61.68
2026-07-28,68,101.5125043892512,97.54
2026-07-28,69,88.21360697744652,60.03
2026-07-28,70,102.823342384887,101.86
2026-07-28,71,114.47708860187696,120.25
2026-07-28,72,132.38088065415485,148.37
2026-07-28,73,112.1416645261811,125.01
2026-07-28,74,135.22379802473074,156.96
2026-07-28,75,154.08767795108798,167.25
2026-07-28,76,184.48325889253627,178.67
2026-07-28,77,170.99851191522646,174.9
2026-07-28,78,184.3553669834201,187.15
2026-07-28,79,208.49749052785265,202.71
2026-07-28,80,230.0854575542876,230.67
2026-07-28,81,217.03334922207813,200.87
2026-07-28,82,220.67507599571687,208.01
2026-07-28,83,239.16066435809657,219.85
2026-07-28,84,242.77780587563123,238.29
2026-07-28,85,240.04022405660947,219.99
2026-07-28,86,211.73553414628856,213.91
2026-07-28,87,215.9523888688617,205.71
2026-07-28,88,201.7728703662538,200.1
2026-07-28,89,218.06142203902715,210.79
2026-07-28,90,200.5405301040608,197.06
2026-07-28,91,185.9482037066447,187.55
2026-07-28,92,169.3823400735699,180.43
2026-07-28,93,180.93506370092624,188.33
2026-07-28,94,164.9149641631065,173.99
2026-07-28,95,153.08953208624035,165.95
2026-07-28,96,146.78616988766237,160.78
2026-07-29,1,163.71962226977294,170.39
2026-07-29,2,154.79771256516463,158.08
2026-07-29,3,149.05416969305588,154.26
2026-07-29,4,137.38387857245775,144.3
2026-07-29,5,150.64095654638993,155.48
2026-07-29,6,142.82199077691564,150.5
2026-07-29,7,143.2634596976538,146.95
2026-07-29,8,139.73978361812078,140.87
2026-07-29,9,140.91107256801604,140.9
2026-07-29,10,137.9737830458613,138.32
2026-07-29,11,137.5387126436947,135.71
2026-07-29,12,136.29453041482154,133.9
2026-07-29,13,139.17775990379002,135.01
2026-07-29,14,134.45427904456542,135.15
2026-07-29,15,134.1359156135908,135.03
2026-07-29,16,129.23968095990324,134.82
2026-07-29,17,134.44058603600914,134.22
2026-07-29,18,136.19397104445864,138.11
2026-07-29,19,136.37681914139338,141.35
2026-07-29,20,141.57121421988808,147.63
2026-07-29,21,139.61919173475192,137.93
2026-07-29,22,145.80373448747235,142.48
2026-07-29,23,148.85364503748687,151.3
2026-07-29,24,153.27096289331712,162.33
2026-07-29,25,160.65034885572595,160.56
2026-07-29,26,162.4391047877387,171.28
2026-07-29,27,163.81242169901552,171.75
2026-07-29,28,152.12144274444597,170.7
2026-07-29,29,169.66429253287427,172.87
2026-07-29,30,157.653482045998,170.7
2026-07-29,31,147.94040007923832,158.97
2026-07-29,32,138.70635332895833,141.84
2026-07-29,33,162.26542624852527,166.9
2026-07-29,34,143.71048397831424,151.19
2026-07-29,35,127.9402957565259,143.42
2026-07-29,36,112.24162535521047,123.18
2026-07-29,37,129.03667880294984,153.33
2026-07-29,38,114.4976544250745,124.78
2026-07-29,39,103.35726001079864,109.69
2026-07-29,40,88.1255465755702,100.64
2026-07-29,41,104.395678536547,109.94
2026-07-29,42,86.40847726394293,101.6
2026-07-29,43,77.24701282063315,79.51
2026-07-29,44,63.498247390356255,50.1
2026-07-29,45,75.68066123815342,62.23
2026-07-29,46,66.00185922008832,32.8
2026-07-29,47,58.09746904243625,12.68
2026-07-29,48,50.49079544893589,8.43
2026-07-29,49,56.3392671550576,5.02
2026-07-29,50,47.13399096573524,0.0
2026-07-29,51,42.74071814903317,-0.01
2026-07-29,52,36.248468232222585,-0.06
2026-07-29,53,40.09332738182556,-0.01
2026-07-29,54,35.351970695667205,-0.01
2026-07-29,55,31.45743288298449,-0.05
2026-07-29,56,28.24244885732434,-0.1
2026-07-29,57,31.02285368470893,-0.04
2026-07-29,58,32.06050923392451,-0.04
2026-07-29,59,34.9723648376139,-0.01
2026-07-29,60,37.93868662063997,0.0
2026-07-29,61,32.07375307702778,0.0
2026-07-29,62,38.59397086699032,0.74
2026-07-29,63,46.42334704170968,6.01
2026-07-29,64,60.98451122950375,22.75
2026-07-29,65,48.44741935011429,24.99
2026-07-29,66,66.90233262909257,73.59
2026-07-29,67,85.80129061677249,97.26
2026-07-29,68,101.8619684715126,109.56
2026-07-29,69,83.00512676782316,100.3
2026-07-29,70,103.11305624653684,115.38
2026-07-29,71,116.79218053533808,134.72
2026-07-29,72,136.48653994021976,150.97
2026-07-29,73,117.77295377911848,127.72
2026-07-29,74,134.34253354581764,148.84
2026-07-29,75,152.74138886948168,170.2
2026-07-29,76,171.59009203510146,202.5
2026-07-29,77,159.71509837233205,172.69
2026-07-29,78,178.98756724748546,204.82
2026-07-29,79,211.8636232414705,247.71
2026-07-29,80,235.24002458865985,352.36
2026-07-29,81,225.11556179602889,251.36
2026-07-29,82,224.40263879858293,265.97
2026-07-29,83,234.3995295270265,275.9
2026-07-29,84,286.8008014609133,261.36
2026-07-29,85,241.5009754035496,254.43
2026-07-29,86,220.54515879182927,225.09
2026-07-29,87,204.01794540747537,217.3
2026-07-29,88,218.97933527088887,202.0
2026-07-29,89,215.0333291654232,206.99
2026-07-29,90,194.07891211404555,198.3
2026-07-29,91,187.75767531097503,190.39
2026-07-29,92,176.13126000215948,176.02
2026-07-29,93,182.42797860759347,179.05
2026-07-29,94,168.5719494068048,173.72
2026-07-29,95,165.15935725392842,170.38
2026-07-29,96,148.18472409968405,146.1
2026-07-30,1,161.8397848653516,162.16
2026-07-30,2,149.9825107848739,152.0
2026-07-30,3,144.28126745918104,142.66
2026-07-30,4,137.12177165603458,142.2
2026-07-30,5,144.69766287132504,144.05
2026-07-30,6,137.73390095649154,141.88
2026-07-30,7,136.08137181862202,145.61
2026-07-30,8,133.42787307807444,138.0
2026-07-30,9,133.90638614606496,143.0
2026-07-30,10,131.3538011845073,142.63
2026-07-30,11,131.54128605945118,137.99
2026-07-30,12,127.4748659809143,136.37
2026-07-30,13,133.37830912095512,135.94
2026-07-30,14,131.1632565769242,135.0
2026-07-30,15,129.9682793134268,134.66
2026-07-30,16,127.87645296467456,136.52
2026-07-30,17,123.90036730131922,132.03
2026-07-30,18,125.4606312039752,132.36
2026-07-30,19,128.57698765387968,132.96
2026-07-30,20,135.63818409970116,133.54
2026-07-30,21,129.805778167618,133.51
2026-07-30,22,133.76944589233153,133.85
2026-07-30,23,143.2415942439456,139.53
2026-07-30,24,148.50849220142487,143.54
2026-07-30,25,147.0186967808588,143.34
2026-07-30,26,151.51167847998494,151.75
2026-07-30,27,154.2979413608028,150.6
2026-07-30,28,142.09757841664057,148.15
2026-07-30,29,157.06719932017683,166.47
2026-07-30,30,148.56503223924946,153.95
2026-07-30,31,149.08938661655662,142.6
2026-07-30,32,140.4624820634932,127.96
2026-07-30,33,174.1316955906183,163.38
2026-07-30,34,145.45144217609635,146.05
2026-07-30,35,140.47103405851425,131.04
2026-07-30,36,110.28940189730524,115.71
2026-07-30,37,132.01976957463322,139.67
2026-07-30,38,112.6452186774724,122.81
2026-07-30,39,100.99879515329428,110.54
2026-07-30,40,86.96625122457002,99.44
2026-07-30,41,101.28708937431044,109.01
2026-07-30,42,87.5774597842194,94.27
2026-07-30,43,72.75699458067936,80.88
2026-07-30,44,58.79041172897631,55.84
2026-07-30,45,68.40052369190879,70.3
2026-07-30,46,57.221391898075375,35.96
2026-07-30,47,49.84433438535701,19.81
2026-07-30,48,44.85374038344056,12.33
2026-07-30,49,52.489224034535866,8.97
2026-07-30,50,47.40214839488178,8.0
2026-07-30,51,42.580500415165375,4.5
2026-07-30,52,37.56114591827321,3.94
2026-07-30,53,42.1394441510297,4.56
2026-07-30,54,38.27339212938815,2.31
2026-07-30,55,34.7994700808386,1.38
2026-07-30,56,30.732672785761064,2.43
2026-07-30,57,33.23398488745745,4.18
2026-07-30,58,34.537227137404955,6.19
2026-07-30,59,37.40184995741528,16.36
2026-07-30,60,42.08144660408225,32.96
2026-07-30,61,32.56874337292707,40.04
2026-07-30,62,36.9053339557752,57.45
2026-07-30,63,45.66593800249458,69.11
2026-07-30,64,55.30202045177281,83.13
2026-07-30,65,45.40107136900003,73.54
2026-07-30,66,58.33568966153713,87.66
2026-07-30,67,69.47172933221026,106.5
2026-07-30,68,94.55888097123618,124.91
2026-07-30,69,60.48425488623401,105.84
2026-07-30,70,92.31551812788776,115.01
2026-07-30,71,115.07405578904164,131.76
2026-07-30,72,127.01379604609318,154.6
2026-07-30,73,108.4849458361448,130.34
2026-07-30,74,132.13528723974633,145.71
2026-07-30,75,136.8659136750387,160.56
2026-07-30,76,144.41701180007024,160.5
2026-07-30,77,134.85058609285878,149.9
2026-07-30,78,181.61460707818463,172.61
2026-07-30,79,175.86366977627952,181.2
2026-07-30,80,198.3519100394945,191.37
2026-07-30,81,177.4474393611976,183.7
2026-07-30,82,202.62396272454995,188.39
2026-07-30,83,223.82815674718967,199.44
2026-07-30,84,233.69646060580573,221.71
2026-07-30,85,235.83164981096752,218.14
2026-07-30,86,229.0637887748873,212.28
2026-07-30,87,222.72920523545216,203.9
2026-07-30,88,205.9603647253075,193.8
2026-07-30,89,222.70239232441432,201.3
2026-07-30,90,164.65582485134428,194.09
2026-07-30,91,166.97454221939236,187.25
2026-07-30,92,158.99976350380854,178.55
2026-07-30,93,176.1216436647909,181.29
2026-07-30,94,155.8176539514375,172.65
2026-07-30,95,143.9590089744359,169.78
2026-07-30,96,154.84626588462254,159.6
2026-07-31,1,169.99221430347367,177.28
2026-07-31,2,161.63203540976716,170.09
2026-07-31,3,153.77307004728394,164.6
2026-07-31,4,147.6648432627839,160.87
2026-07-31,5,157.79728293073447,172.99
2026-07-31,6,148.8317590133086,167.17
2026-07-31,7,149.4474485891129,157.61
2026-07-31,8,145.4568357362524,154.04
2026-07-31,9,146.1897731784889,157.15
2026-07-31,10,144.06878169110584,154.5
2026-07-31,11,142.4520469285177,154.05
2026-07-31,12,139.76556672203574,154.94
2026-07-31,13,139.75104620857795,153.96
2026-07-31,14,135.79452144685533,154.65
2026-07-31,15,138.7009184913232,154.01
2026-07-31,16,139.65666155116327,154.07
2026-07-31,17,134.02983396268388,154.91
2026-07-31,18,139.2168486964425,152.67
2026-07-31,19,142.22902054595033,156.78
2026-07-31,20,149.98548455504988,165.0
2026-07-31,21,141.2192849455556,154.3
2026-07-31,22,150.09565070721985,159.22
2026-07-31,23,154.6896213696032,173.89
2026-07-31,24,162.5096768852108,174.64
2026-07-31,25,163.1875960004437,172.04
2026-07-31,26,169.53405248357052,182.29
2026-07-31,27,168.04304439125752,183.6
2026-07-31,28,157.9365059710391,178.42
2026-07-31,29,174.33038583577672,187.3
2026-07-31,30,173.60942942050076,180.0
2026-07-31,31,158.4257439705029,172.61
2026-07-31,32,152.49636971950093,150.2
2026-07-31,33,183.06346553037704,182.6
2026-07-31,34,165.02195929195693,170.72
2026-07-31,35,141.98837882990628,153.29
2026-07-31,36,112.94221928589754,129.7
2026-07-31,37,136.148966237554,159.97
2026-07-31,38,114.95925833753236,144.3
2026-07-31,39,102.87111947532485,129.15
2026-07-31,40,89.70479804803956,124.13
2026-07-31,41,104.0548866934422,135.42
2026-07-31,42,90.06104025378814,128.59
2026-07-31,43,79.94451677610462,112.6
2026-07-31,44,65.44024771834336,101.81
2026-07-31,45,76.67336828622605,113.8
2026-07-31,46,66.23043627219278,99.94
2026-07-31,47,56.752249198217314,98.75
2026-07-31,48,47.83322752306978,92.19
2026-07-31,49,54.87427564271053,97.71
2026-07-31,50,49.197408324369455,95.74
2026-07-31,51,47.21081274621364,96.03
2026-07-31,52,42.54151901662271,86.99
2026-07-31,53,47.55053901012728,85.01
2026-07-31,54,40.869232652245095,84.46
2026-07-31,55,37.80185362329008,82.25
2026-07-31,56,34.887551720933736,81.35
2026-07-31,57,36.059156024904944,80.4
2026-07-31,58,38.4784339944828,81.99
2026-07-31,59,42.76714827860811,87.81
2026-07-31,60,51.95847462192353,94.94
2026-07-31,61,48.28779152189462,90.11
2026-07-31,62,48.23012841794692,98.77
2026-07-31,63,55.63507157486355,104.72
2026-07-31,64,67.45420245809069,118.94
2026-07-31,65,60.66114637328948,110.0
2026-07-31,66,86.65228260057265,113.67
2026-07-31,67,98.96170699913488,123.8
2026-07-31,68,107.821747023599,135.99
2026-07-31,69,100.30803721888812,123.97
2026-07-31,70,112.09953270926066,135.07
2026-07-31,71,125.8917991502672,164.01
2026-07-31,72,144.40658193667738,166.92
2026-07-31,73,118.90829852523404,140.45
2026-07-31,74,146.45873741259825,160.29
2026-07-31,75,173.80200403426886,168.14
2026-07-31,76,181.0870599568603,180.35
2026-07-31,77,183.3521838785399,165.01
2026-07-31,78,200.29227982416504,177.8
2026-07-31,79,219.74704818938736,192.93
2026-07-31,80,231.90294277861253,203.8
2026-07-31,81,219.3845248972117,184.96
2026-07-31,82,242.26752173754943,190.66
2026-07-31,83,258.1014188822747,196.27
2026-07-31,84,266.30303680102963,199.07
2026-07-31,85,274.9442702966523,192.09
2026-07-31,86,254.56334794972483,193.75
2026-07-31,87,223.8183962413307,197.33
2026-07-31,88,199.56427922116995,199.39
2026-07-31,89,203.961506768344,204.05
2026-07-31,90,194.5299915768868,201.34
2026-07-31,91,181.24519260879129,184.12
2026-07-31,92,176.7202435883599,175.01
2026-07-31,93,174.97959674095245,178.22
2026-07-31,94,178.93767615178075,169.88
2026-07-31,95,173.7253376315678,167.36
2026-07-31,96,169.78871462456866,165.13
2026-08-01,1,170.1011509151977,183.75
2026-08-01,2,162.9728161169103,173.56
2026-08-01,3,155.31400822950448,164.44
2026-08-01,4,152.43663925754663,156.0
2026-08-01,5,158.68663977779266,169.43
2026-08-01,6,154.19564953008486,166.63
2026-08-01,7,148.50207243598516,157.66
2026-08-01,8,144.193600334284,156.91
2026-08-01,9,146.2695650635908,160.91
2026-08-01,10,143.46940635149167,159.09
2026-08-01,11,143.28759369787136,155.88
2026-08-01,12,142.97785849755277,152.1
2026-08-01,13,142.62891845102305,157.01
2026-08-01,14,139.9519317800582,153.37
2026-08-01,15,139.52041828946113,155.0
2026-08-01,16,136.83016192687785,153.05
2026-08-01,17,141.8578132558845,154.91
2026-08-01,18,142.30181486293523,158.34
2026-08-01,19,139.11264262854897,153.54
2026-08-01,20,137.625293800813,151.3
2026-08-01,21,142.85763769762738,152.78
2026-08-01,22,156.61341558729288,157.0
2026-08-01,23,148.39819822530248,155.47
2026-08-01,24,152.7705834830642,156.82
2026-08-01,25,141.9550572284282,160.52
2026-08-01,26,158.1714421263599,156.94
2026-08-01,27,152.02572529886623,151.9
2026-08-01,28,141.28666835724,149.8
2026-08-01,29,149.94414796104692,162.96
2026-08-01,30,139.03876647382128,147.0
2026-08-01,31,132.7899790776206,141.73
2026-08-01,32,116.59681469477788,134.0
2026-08-01,33,143.45765833907134,160.86
2026-08-01,34,125.88250796886908,143.7
2026-08-01,35,94.38078737844138,133.18
2026-08-01,36,54.55453971744813,123.89
2026-08-01,37,82.47348203317436,145.41
2026-08-01,38,59.27288584207892,122.44
2026-08-01,39,41.303508979128,117.65
2026-08-01,40,23.42121922630192,107.59
2026-08-01,41,34.84279022036215,116.41
2026-08-01,42,24.543447503725005,104.39
2026-08-01,43,16.849770015932833,101.6
2026-08-01,44,13.356012519365486,81.29
2026-08-01,45,15.715342010376313,83.0
2026-08-01,46,15.949264236469736,67.98
2026-08-01,47,12.948961339886182,51.16
2026-08-01,48,8.943736640142394,26.47
2026-08-01,49,13.651582733289017,31.63
2026-08-01,50,6.6331422811094,19.62
2026-08-01,51,3.856146782726469,11.7
2026-08-01,52,0.975787979957654,3.91
2026-08-01,53,2.892107936772628,1.63
2026-08-01,54,0.2738942275790577,0.0
2026-08-01,55,-1.1374402434108457,0.0
2026-08-01,56,-1.3802223721753386,0.0
2026-08-01,57,-5.162850040946477,0.0
2026-08-01,58,-4.512511292883135,0.0
2026-08-01,59,-4.181534381714979,0.0
2026-08-01,60,0.4914698529579526,0.0
2026-08-01,61,-1.2738049392988304,0.02
2026-08-01,62,0.4861126703835712,0.29
2026-08-01,63,1.7030034902520867,2.8
2026-08-01,64,7.149416220361083,9.2
2026-08-01,65,4.455392232899143,6.5
2026-08-01,66,14.727460978638828,24.13
2026-08-01,67,26.32727477928485,64.03
2026-08-01,68,46.451000701784096,87.41
2026-08-01,69,29.507649525287867,87.12
2026-08-01,70,63.56422692256128,101.14
2026-08-01,71,80.18988973930738,119.08
2026-08-01,72,103.32406238900664,122.92
2026-08-01,73,78.17347616629644,119.38
2026-08-01,74,106.88467132485756,133.0
2026-08-01,75,139.97920495945183,160.82
2026-08-01,76,171.67824246683475,167.34
2026-08-01,77,160.96034268568573,150.92
2026-08-01,78,190.67813200218143,160.26
2026-08-01,79,221.89713604620115,175.47
2026-08-01,80,194.26555044197923,187.49
2026-08-01,81,177.2578083138936,174.17
2026-08-01,82,189.5099320353156,180.23
2026-08-01,83,196.8035423585709,183.4
2026-08-01,84,210.3854730836649,186.05
2026-08-01,85,203.31669257996617,184.85
2026-08-01,86,195.99548520424057,181.6
2026-08-01,87,200.0873139124083,182.41
2026-08-01,88,195.87063931925644,173.85
2026-08-01,89,203.9412073859509,190.2
2026-08-01,90,226.8084864924946,179.69
2026-08-01,91,203.3646605813627,175.2
2026-08-01,92,209.1339046412089,169.1
2026-08-01,93,194.1861276036768,172.11
2026-08-01,94,180.8690307122459,171.94
2026-08-01,95,175.62451806728677,171.23
2026-08-01,96,159.59504279778926,164.72
2026-08-02,1,163.7818806405077,188.4
2026-08-02,2,157.60800377875685,170.98
2026-08-02,3,153.74795566894414,161.1
2026-08-02,4,149.55060426577518,158.02
2026-08-02,5,155.83162682851574,160.86
2026-08-02,6,151.21465045791766,156.81
2026-08-02,7,146.71502311400383,162.01
2026-08-02,8,142.53352694461262,159.98
2026-08-02,9,146.9272226293021,158.74
2026-08-02,10,143.60336912977667,156.5
2026-08-02,11,142.53425819144593,157.31
2026-08-02,12,140.98608802027533,154.8
2026-08-02,13,143.751269423995,155.36
2026-08-02,14,142.7572347708334,153.75
2026-08-02,15,142.44660019196306,153.88
2026-08-02,16,141.11026585776222,154.78
2026-08-02,17,143.91320431138794,155.01
2026-08-02,18,143.9143768022208,153.16
2026-08-02,19,143.84963329064138,152.94
2026-08-02,20,148.7226985539731,153.26
2026-08-02,21,146.6168015137597,159.03
2026-08-02,22,148.29037105781924,160.83
2026-08-02,23,147.7419861024517,159.73
2026-08-02,24,142.9276931890196,157.72
2026-08-02,25,144.89653378911478,161.13
2026-08-02,26,145.33301832712104,153.7
2026-08-02,27,138.69178482504358,151.62
2026-08-02,28,128.5370280797835,139.14
2026-08-02,29,140.86375736443853,153.77
2026-08-02,30,132.3677255213382,142.6
2026-08-02,31,123.64188000854432,136.11
2026-08-02,32,113.06128471211504,122.32
2026-08-02,33,122.2604375048124,152.74
2026-08-02,34,119.45757700559972,130.33
2026-08-02,35,109.96296992445626,112.43
2026-08-02,36,80.70753593615537,93.22
2026-08-02,37,90.71129051293228,104.46
2026-08-02,38,83.39189168613441,84.19
2026-08-02,39,66.28122699140432,51.64
2026-08-02,40,41.48730796219985,10.45
2026-08-02,41,49.78847566284628,10.21
2026-08-02,42,20.468604444042683,2.47
2026-08-02,43,10.397190761135208,-0.01
2026-08-02,44,6.90916466120531,-0.05
2026-08-02,45,6.73366292941499,-0.09
2026-08-02,46,4.905826230193547,-0.13
2026-08-02,47,3.124525744251756,-0.34
2026-08-02,48,5.749841648654542,-0.48
2026-08-02,49,6.39217579433894,-0.71
2026-08-02,50,4.53740911932206,-1.08
2026-08-02,51,3.2594808617247555,-1.44
2026-08-02,52,1.1823599518154593,-1.87
2026-08-02,53,0.176928282159702,-2.77
2026-08-02,54,-0.849803564004195,-3.1
2026-08-02,55,-1.0585248503212057,-4.28
2026-08-02,56,-4.302315275161234,-4.77
2026-08-02,57,-0.9996088468856128,-2.42
2026-08-02,58,-0.1663996293225682,-1.99
2026-08-02,59,-1.0454697773839277,-1.64
2026-08-02,60,-1.7384850233520557,-1.09
2026-08-02,61,-1.6053896317284626,-1.29
2026-08-02,62,0.1129821262475063,-1.25
2026-08-02,63,4.694438368471513,-1.19
2026-08-02,64,14.362072075892044,-0.98
2026-08-02,65,6.3755326210233205,-1.01
2026-08-02,66,22.05563998193241,-0.04
2026-08-02,67,35.416824043611584,0.0
2026-08-02,68,51.27817007926591,12.71
2026-08-02,69,37.85193442642104,41.97
2026-08-02,70,72.04048859822842,92.84
2026-08-02,71,98.34951540410825,116.55
2026-08-02,72,120.4835827678714,130.29
2026-08-02,73,97.25807289249664,123.89
2026-08-02,74,121.78456195048506,138.13
2026-08-02,75,135.6105533177927,157.0
2026-08-02,76,140.10531590457995,173.61
2026-08-02,77,145.52458345890844,160.15
2026-08-02,78,162.02465630654473,170.59
2026-08-02,79,174.89938566760117,183.9
2026-08-02,80,178.60670783333535,192.93
2026-08-02,81,170.082397884135,182.99
2026-08-02,82,180.06052182482438,181.78
2026-08-02,83,198.789848616664,185.66
2026-08-02,84,177.77335885110233,192.32
2026-08-02,85,207.89969040101136,190.7
2026-08-02,86,199.70200901604724,181.18
2026-08-02,87,196.53630889832567,174.37
2026-08-02,88,167.55745279991126,164.51
2026-08-02,89,197.485568347478,181.59
2026-08-02,90,175.45948014580054,167.84
2026-08-02,91,159.65648683367831,163.65
2026-08-02,92,156.66215580376385,157.83
2026-08-02,93,153.3381902341288,160.11
2026-08-02,94,151.10584202497975,155.09
2026-08-02,95,144.37554825685925,152.96
2026-08-02,96,133.87126983264318,143.17
2026-08-03,1,153.43978686688473,146.32
2026-08-03,2,142.7774307319584,141.85
2026-08-03,3,139.87718901725435,136.95
2026-08-03,4,135.23098409646988,134.05
2026-08-03,5,136.68563515155125,137.95
2026-08-03,6,134.11977418176548,134.42
2026-08-03,7,134.17667670585766,135.44
2026-08-03,8,131.42489048678843,132.63
2026-08-03,9,132.25531317521455,133.59
2026-08-03,10,126.99654270428708,131.84
2026-08-03,11,128.35856715277944,131.4
2026-08-03,12,127.89989256513532,130.93
2026-08-03,13,130.86553309006607,129.25
2026-08-03,14,128.6580776795505,128.84
2026-08-03,15,128.65821770175404,129.5
2026-08-03,16,128.05024533177058,131.56
2026-08-03,17,127.84982656692192,128.7
2026-08-03,18,128.14402521583636,131.24
2026-08-03,19,128.16651910151288,133.6
2026-08-03,20,130.14359629160106,137.41
2026-08-03,21,128.95382035088616,139.13
2026-08-03,22,128.75828349081357,141.73
2026-08-03,23,136.0942941559348,144.67
2026-08-03,24,144.29463529284456,151.67
2026-08-03,25,141.89221757294345,164.9
2026-08-03,26,152.63067501274446,171.38
2026-08-03,27,153.34646061816483,173.41
2026-08-03,28,152.6164848942662,167.21
2026-08-03,29,155.05942004744244,173.56
2026-08-03,30,160.6021128801009,166.94
2026-08-03,31,146.95066371270514,161.83
2026-08-03,32,139.38997737415235,155.63
2026-08-03,33,161.9800785199919,167.27
2026-08-03,34,145.26672152378924,156.95
2026-08-03,35,121.74553623234146,150.23
2026-08-03,36,106.83435858163456,125.55
2026-08-03,37,120.96224876275916,163.11
2026-08-03,38,103.34512603173516,134.68
2026-08-03,39,94.10300570679097,124.22
2026-08-03,40,80.86237971164542,118.48
2026-08-03,41,114.17906426136696,127.99
2026-08-03,42,83.37921924482426,117.09
2026-08-03,43,72.50066365744395,109.3
2026-08-03,44,56.29824108012024,88.76
2026-08-03,45,64.13329691670222,90.05
2026-08-03,46,57.01443775113998,74.45
2026-08-03,47,48.662760842447504,62.48
2026-08-03,48,37.446290912731286,51.73
2026-08-03,49,43.665192797922806,42.44
2026-08-03,50,37.65390115739404,25.1
2026-08-03,51,33.54268291654173,21.36
2026-08-03,52,28.15944675462668,15.22
2026-08-03,53,30.417813434066936,23.27
2026-08-03,54,27.70783074708325,20.1
2026-08-03,55,24.73019266078521,11.28
2026-08-03,56,10.398852087501362,10.9
2026-08-03,57,23.93533181724973,10.09
2026-08-03,58,22.345497725001856,13.36
2026-08-03,59,23.610109282417863,26.04
2026-08-03,60,24.772004181811905,40.73
2026-08-03,61,24.782601367096696,41.35
2026-08-03,62,27.349460227989127,58.8
2026-08-03,63,35.20927899270009,68.01
2026-08-03,64,46.71366082086449,75.09
2026-08-03,65,38.97853976191463,88.22
2026-08-03,66,55.15327151121998,96.18
2026-08-03,67,67.32052157809176,106.57
2026-08-03,68,88.80708341100384,120.26
2026-08-03,69,70.79433537980977,117.1
2026-08-03,70,96.51541486667064,123.8
2026-08-03,71,107.6957803621245,145.59
2026-08-03,72,120.19493936961229,172.71
2026-08-03,73,99.98201426205222,155.17
2026-08-03,74,124.72754269254396,162.78
2026-08-03,75,165.24383684880712,170.7
2026-08-03,76,183.5308627699009,187.46
2026-08-03,77,155.83782835970538,177.61
2026-08-03,78,155.95104895316666,189.78
2026-08-03,79,166.08222157305715,208.69
2026-08-03,80,193.48557037439173,246.99
2026-08-03,81,171.4810686471589,207.26
2026-08-03,82,187.7642436265679,201.41
2026-08-03,83,194.20422140532932,194.5
2026-08-03,84,190.3404540710841,199.53
2026-08-03,85,182.932507296394,196.48
2026-08-03,86,182.1444866400104,188.91
2026-08-03,87,183.07562584712844,184.83
2026-08-03,88,167.83236824207987,173.01
2026-08-03,89,181.94539405276427,184.05
2026-08-03,90,177.39653517576292,175.64
2026-08-03,91,166.18002847234885,173.01
2026-08-03,92,153.72341223868202,165.02
2026-08-03,93,159.96164733698137,166.58
2026-08-03,94,159.1745953903715,160.0
2026-08-03,95,150.69692606480302,155.7
2026-08-03,96,141.140597656438,146.27
2026-08-04,1,159.60398071993032,168.81
2026-08-04,2,156.1238150821373,152.23
2026-08-04,3,149.22057425639042,151.15
2026-08-04,4,143.09460000640203,143.81
2026-08-04,5,156.94718074504925,151.26
2026-08-04,6,144.6330986347023,144.52
2026-08-04,7,141.15481429626112,143.87
2026-08-04,8,137.5451174575682,139.22
2026-08-04,9,140.41942130448425,140.8
2026-08-04,10,139.01380993454944,140.25
2026-08-04,11,138.11156092380398,139.17
2026-08-04,12,136.7439249531687,135.76
2026-08-04,13,135.24939597522666,134.42
2026-08-04,14,140.75741630702794,136.01
2026-08-04,15,133.93033968308927,138.33
2026-08-04,16,129.63049406440203,139.66
2026-08-04,17,135.70294395898824,139.17
2026-08-04,18,137.97155694442762,139.73
2026-08-04,19,138.4401369452758,142.47
2026-08-04,20,145.61139851163566,151.29
2026-08-04,21,137.51750263674322,151.75
2026-08-04,22,144.56610437732374,152.65
2026-08-04,23,153.7727290099818,156.0
2026-08-04,24,163.02726493507333,167.41
2026-08-04,25,156.58594895923545,166.64
2026-08-04,26,168.4120041286169,174.41
2026-08-04,27,161.39663521562565,170.78
2026-08-04,28,156.9343119711509,171.9
2026-08-04,29,170.07999954550888,178.09
2026-08-04,30,160.60402502509,172.31
2026-08-04,31,161.17838153957837,171.95
2026-08-04,32,149.0977502643634,154.78
2026-08-04,33,162.8644286076376,177.98
2026-08-04,34,156.11100997055647,168.1
2026-08-04,35,140.7769919525437,157.05
2026-08-04,36,120.0401346785278,142.83
2026-08-04,37,146.48468641769904,174.24
2026-08-04,38,117.96597469242649,156.6
2026-08-04,39,106.07603093611256,134.08
2026-08-04,40,91.12852517691752,121.23
2026-08-04,41,103.2025052976231,143.5
2026-08-04,42,98.60906433767803,122.39
2026-08-04,43,73.85443133193866,117.57
2026-08-04,44,60.491445223802,114.58
2026-08-04,45,68.45471701062299,113.9
2026-08-04,46,58.92584757507719,106.83
2026-08-04,47,53.57456385555865,98.05
2026-08-04,48,47.05995185181678,96.17
2026-08-04,49,53.603508147010594,94.99
2026-08-04,50,46.75780835129166,85.7
2026-08-04,51,42.95799918887276,85.01
2026-08-04,52,36.91536843629552,83.55
2026-08-04,53,41.33069684982564,81.95
2026-08-04,54,37.317151259210405,80.59
2026-08-04,55,34.375958645056585,72.34
2026-08-04,56,29.223470222688587,70.98
2026-08-04,57,29.92261823260583,81.65
2026-08-04,58,34.21481076207922,84.32
2026-08-04,59,30.892775732540407,85.01
2026-08-04,60,36.455455719684224,85.27
2026-08-04,61,29.101677777489705,96.37
2026-08-04,62,32.06687977278763,101.61
2026-08-04,63,42.03483476359855,117.07
2026-08-04,64,54.44292108505782,122.78
2026-08-04,65,46.49196114597617,119.5
2026-08-04,66,59.70223619807158,123.46
2026-08-04,67,67.11180714797892,124.08
2026-08-04,68,97.58277987704882,142.71
2026-08-04,69,61.34769352581073,137.21
2026-08-04,70,96.37289254457724,149.41
2026-08-04,71,117.0879347312368,165.9
2026-08-04,72,139.32913279717317,167.33
2026-08-04,73,123.38328135174524,155.95
2026-08-04,74,149.600861909211,156.4
2026-08-04,75,162.63315401265854,176.28
2026-08-04,76,175.28428676459708,213.56
2026-08-04,77,153.51961225830638,170.39
2026-08-04,78,176.5167010643175,201.19
2026-08-04,79,224.20140751859216,236.85
2026-08-04,80,230.8609950509851,303.57
2026-08-04,81,201.4650816654664,240.01
2026-08-04,82,222.2385374943799,248.74
2026-08-04,83,240.28591903216767,241.06
2026-08-04,84,267.91760298879,230.21
2026-08-04,85,251.9357156131863,239.71
2026-08-04,86,241.41939941329235,214.07
2026-08-04,87,224.14474114208227,203.55
2026-08-04,88,205.60170993602736,190.85
2026-08-04,89,228.34710840857065,198.68
2026-08-04,90,195.0909113587429,181.42
2026-08-04,91,182.87787826572963,184.89
2026-08-04,92,180.54125872165696,175.52
2026-08-04,93,194.78669676843373,170.88
2026-08-04,94,172.962967672908,166.5
2026-08-04,95,162.65431564121658,163.1
2026-08-04,96,188.2658907853248,151.78
2026-08-05,1,162.70596695692456,162.65
2026-08-05,2,155.62473783195225,156.5
2026-08-05,3,151.2365603537531,151.55
2026-08-05,4,143.39699613530536,150.07
2026-08-05,5,151.16162821469433,152.76
2026-08-05,6,143.43963778650908,148.53
2026-08-05,7,140.63298768564806,148.29
2026-08-05,8,137.3657628331649,147.81
2026-08-05,9,139.51311451008962,152.68
2026-08-05,10,136.70466440842367,147.52
2026-08-05,11,136.53440034235973,146.1
2026-08-05,12,133.49107027446448,145.9
2026-08-05,13,136.22718595540712,147.72
2026-08-05,14,134.2222369970111,147.4
2026-08-05,15,132.581558194321,142.75
2026-08-05,16,131.28439713907912,139.15
2026-08-05,17,134.0682924992588,139.61
2026-08-05,18,134.81569949396325,138.16
2026-08-05,19,135.48756513994596,140.61
2026-08-05,20,140.09093666661596,139.0
2026-08-05,21,138.2436734590675,135.8
2026-08-05,22,140.6135105570918,140.47
2026-08-05,23,144.51494871923632,146.29
2026-08-05,24,147.99035489172638,154.45
2026-08-05,25,153.88582356274537,154.81
2026-08-05,26,157.91015068486024,156.68
2026-08-05,27,151.9999064423092,160.23
2026-08-05,28,148.51405640914948,157.0
2026-08-05,29,161.64942150873017,166.09
2026-08-05,30,152.526795951401,162.24
2026-08-05,31,149.678933349474,154.41
2026-08-05,32,142.2414355759323,136.0
2026-08-05,33,154.9568686812294,162.64
2026-08-05,34,148.2582305084843,147.91
2026-08-05,35,137.87665889703325,131.74
2026-08-05,36,113.2840002293064,116.9
2026-08-05,37,129.22359990662056,145.09
2026-08-05,38,111.31783592976814,120.15
2026-08-05,39,93.99566891027852,104.5
2026-08-05,40,78.3629639144547,78.41
2026-08-05,41,106.96255220447492,100.0
2026-08-05,42,78.93415288363806,85.71
2026-08-05,43,72.48509326631662,54.6
2026-08-05,44,59.61609140750837,17.49
2026-08-05,45,67.15025967928827,24.88
2026-08-05,46,59.58499211240135,8.35
2026-08-05,47,52.09668063874449,0.1
2026-08-05,48,45.20894264769463,0.0
2026-08-05,49,51.63807198346396,0.0
2026-08-05,50,53.03687519943588,-0.01
2026-08-05,51,48.18152322599166,-0.04
2026-08-05,52,38.17978239943058,-0.1
2026-08-05,53,40.62595092455808,-0.17
2026-08-05,54,36.70864028977827,-0.34
2026-08-05,55,31.641455026479235,-0.91
2026-08-05,56,21.863324199827936,-0.75
2026-08-05,57,32.56135697540585,-0.19
2026-08-05,58,30.932426111315515,-0.14
2026-08-05,59,26.32674405839144,-0.13
2026-08-05,60,25.674946700860733,-0.1
2026-08-05,61,24.67042701309104,-0.06
2026-08-05,62,26.50284791050244,-0.01
2026-08-05,63,35.95056806235684,0.0
2026-08-05,64,49.67001553935479,0.0
2026-08-05,65,40.48341250200312,0.0
2026-08-05,66,53.343223377529725,0.07
2026-08-05,67,71.30126521046414,2.25
2026-08-05,68,84.62526486704144,24.99
2026-08-05,69,71.87133482049018,15.65
2026-08-05,70,84.23123968360382,60.05
2026-08-05,71,97.4066756959021,87.47
2026-08-05,72,111.36355081955972,126.17
2026-08-05,73,91.58663414581846,94.66
2026-08-05,74,116.23794428995564,126.61
2026-08-05,75,140.81215078726746,152.98
2026-08-05,76,148.20569513774458,166.07
2026-08-05,77,134.52933981924772,155.06
2026-08-05,78,158.4790088789816,158.78
2026-08-05,79,166.8533916860818,172.39
2026-08-05,80,185.20778709156951,209.36
2026-08-05,81,166.88078788255547,177.77
2026-08-05,82,179.89100975360748,186.45
2026-08-05,83,196.0789358622337,190.63
2026-08-05,84,202.7297856435093,195.0
2026-08-05,85,205.7328266510784,193.32
2026-08-05,86,189.36678066523493,199.52
2026-08-05,87,182.49162167876588,217.11
2026-08-05,88,176.78779704163097,205.0
2026-08-05,89,185.4719022526971,225.86
2026-08-05,90,176.0607582509913,187.9
2026-08-05,91,158.68292905982273,178.54
2026-08-05,92,153.30816935715194,170.95
2026-08-05,93,164.3987216726701,175.43
2026-08-05,94,157.27931140617827,167.09
2026-08-05,95,149.7509024041341,164.92
2026-08-05,96,143.62840602048917,156.98
2026-08-06,1,165.06730485399802,171.83
2026-08-06,2,165.5657772335637,162.64
2026-08-06,3,162.18084191114684,160.0
2026-08-06,4,149.8737228905808,155.58
2026-08-06,5,160.09861072857925,166.55
2026-08-06,6,154.89250301115743,160.0
2026-08-06,7,147.36209592382826,151.66
2026-08-06,8,142.36685417394787,142.6
2026-08-06,9,146.2995187757796,158.43
2026-08-06,10,141.3978605969766,150.54
2026-08-06,11,143.22121659491458,140.25
2026-08-06,12,150.14308605762486,137.57
2026-08-06,13,148.35129158521886,144.69
2026-08-06,14,136.01095778988554,137.55
2026-08-06,15,136.40881103098093,136.15
2026-08-06,16,134.54150577869103,132.93
2026-08-06,17,134.91583728796653,133.62
2026-08-06,18,136.2115684544943,133.75
2026-08-06,19,135.0422515250322,134.05
2026-08-06,20,134.40764752723288,134.82
2026-08-06,21,137.92551031741212,132.59
2026-08-06,22,137.93207346055064,133.09
2026-08-06,23,140.71336483107248,136.23
2026-08-06,24,154.42858005457109,141.1
2026-08-06,25,150.9257982353719,149.96
2026-08-06,26,151.82847311640575,160.25
2026-08-06,27,152.27782439931806,160.9
2026-08-06,28,147.48619181330207,153.08
2026-08-06,29,159.56248038050873,161.04
2026-08-06,30,147.9724070667578,152.72
2026-08-06,31,138.34523645424537,152.05
2026-08-06,32,131.3035338849492,131.51
2026-08-06,33,146.87756354529432,170.27
2026-08-06,34,141.74455123847414,145.0
2026-08-06,35,109.5556626874068,130.85
2026-08-06,36,98.61721056724312,110.77
2026-08-06,37,111.46595573482544,135.38
2026-08-06,38,96.40423070257744,109.16
2026-08-06,39,72.67936053539236,89.63
2026-08-06,40,51.0096168483459,48.11
2026-08-06,41,69.9829669095068,66.54
2026-08-06,42,51.79920817279278,27.88
2026-08-06,43,41.299640234236215,5.52
2026-08-06,44,26.32729874836849,0.4
2026-08-06,45,31.73928969766329,0.7
2026-08-06,46,24.372278257201984,0.0
2026-08-06,47,18.909989413869766,-0.01
2026-08-06,48,14.118807259184557,-0.11
2026-08-06,49,10.238504125052106,-0.01
2026-08-06,50,3.909701615317708,-0.08
2026-08-06,51,2.9575717189124884,-0.09
2026-08-06,52,1.244727890604195,-0.16
2026-08-06,53,2.6524526832603774,-1.01
2026-08-06,54,-0.6830374284250249,-1.11
2026-08-06,55,-0.5260013643749908,-1.47
2026-08-06,56,-6.004445837897094,-1.84
2026-08-06,57,-7.148486022791437,-1.49
2026-08-06,58,-7.85705160564123,-1.57
2026-08-06,59,-2.699150144387952,-1.09
2026-08-06,60,1.8533269395932348,-1.01
2026-08-06,61,2.2410126077112085,-1.0
2026-08-06,62,2.9783493522817985,-0.19
2026-08-06,63,4.60457362070922,-0.11
2026-08-06,64,6.4976264996927,-0.04
2026-08-06,65,7.252552720826905,-0.04
2026-08-06,66,7.526340502857494,-0.01
2026-08-06,67,3.2617446807639325,0.0
2026-08-06,68,-2.6692198583831868,0.08
2026-08-06,69,9.3939447333033,2.49
2026-08-06,70,34.86765600484429,24.4
2026-08-06,71,47.97043939856822,50.0
2026-08-06,72,74.15095387107395,76.81
2026-08-06,73,56.293829642031774,74.76
2026-08-06,74,86.02198865223573,96.82
2026-08-06,75,110.98492680263158,127.0
2026-08-06,76,122.67246970940025,159.34
2026-08-06,77,111.12459063080642,129.83
2026-08-06,78,131.563115275938,137.63
2026-08-06,79,142.77046736000932,150.54
2026-08-06,80,155.83616860324912,154.71
2026-08-06,81,140.49198610241552,152.09
2026-08-06,82,146.82810594395292,159.99
2026-08-06,83,145.40964879996892,166.47
2026-08-06,84,149.65193663450117,172.22
2026-08-06,85,150.0798708177377,167.0
2026-08-06,86,156.0134094729454,168.3
2026-08-06,87,162.07174715475887,168.25
2026-08-06,88,158.35849853150742,165.01
2026-08-06,89,175.82017953842126,172.05
2026-08-06,90,167.21960359155028,170.85
2026-08-06,91,156.65546867250163,171.35
2026-08-06,92,153.86294256571907,163.57
2026-08-06,93,158.34761490932067,165.21
2026-08-06,94,153.9685088756162,158.55
2026-08-06,95,148.92244444648705,157.53
2026-08-06,96,145.5238943195794,152.5
2026-08-07,1,161.83838226873402,152.93
2026-08-07,2,156.4513731694889,148.16
2026-08-07,3,152.4881385793163,144.02
2026-08-07,4,152.85701042053958,135.18
2026-08-07,5,154.39075348483914,142.0
2026-08-07,6,150.17635692100615,138.02
2026-08-07,7,146.67451199055358,138.61
2026-08-07,8,140.09605752122272,135.99
2026-08-07,9,143.65059609321997,137.76
2026-08-07,10,147.7542374171099,130.76
2026-08-07,11,148.41181756396634,127.59
2026-08-07,12,145.98612047768722,128.37
2026-08-07,13,148.98783176225635,128.84
2026-08-07,14,149.19226503482184,128.62
2026-08-07,15,143.5725416018796,128.83
2026-08-07,16,142.13236454917433,129.98
2026-08-07,17,143.9172060463503,127.31
2026-08-07,18,138.04769517684622,129.76
2026-08-07,19,140.11190677893464,133.39
2026-08-07,20,146.68307995263677,135.84
2026-08-07,21,138.64424289728998,129.25
2026-08-07,22,146.1389501915488,136.82
2026-08-07,23,155.00048295159067,149.04
2026-08-07,24,157.45226826497822,150.22
2026-08-07,25,162.10956169099623,150.57
2026-08-07,26,165.6579507693321,154.25
2026-08-07,27,160.20900499612517,159.33
2026-08-07,28,155.8190681332549,160.52
2026-08-07,29,168.04142845908206,168.32
2026-08-07,30,156.34313505359222,163.09
2026-08-07,31,149.01536872705205,153.18
2026-08-07,32,137.65340223685476,135.3
2026-08-07,33,161.47163695746397,165.72
2026-08-07,34,148.97880175638795,151.27
2026-08-07,35,131.28808352667457,144.03
2026-08-07,36,111.053941875611,121.29
2026-08-07,37,129.96498806843874,150.42
2026-08-07,38,107.3247767851487,130.12
2026-08-07,39,90.86934379263948,114.18
2026-08-07,40,71.63578626664034,109.75
2026-08-07,41,71.56683999045043,109.69
2026-08-07,42,65.58645644448465,103.26
2026-08-07,43,57.73292288129582,100.0
2026-08-07,44,44.554929405128135,95.7
2026-08-07,45,49.438735940111314,85.37
2026-08-07,46,40.51707490705397,75.07
2026-08-07,47,33.776700317236056,61.68
2026-08-07,48,24.984724080007545,43.93
2026-08-07,49,27.5437794677538,39.99
2026-08-07,50,19.72916903228108,27.61
2026-08-07,51,16.664888283513577,24.91
2026-08-07,52,13.659079952813876,20.09
2026-08-07,53,15.078855781637191,22.46
2026-08-07,54,12.005187300571926,12.18
2026-08-07,55,7.461869362746675,9.75
2026-08-07,56,-1.203381840116249,7.68
2026-08-07,57,2.445803700529622,10.04
2026-08-07,58,2.3848922286450587,15.25
2026-08-07,59,2.259180603033571,20.18
2026-08-07,60,8.557184359472013,29.44
2026-08-07,61,8.287735633007737,24.26
2026-08-07,62,10.884051936874682,33.85
2026-08-07,63,15.771247923989485,50.49
2026-08-07,64,26.93856570807744,68.76
2026-08-07,65,22.847370861405025,66.76
2026-08-07,66,32.51936918959243,83.2
2026-08-07,67,50.6999731513573,91.69
2026-08-07,68,60.77158291269582,107.71
2026-08-07,69,51.70545307519518,104.25
2026-08-07,70,83.63811080137971,111.54
2026-08-07,71,99.33636137418294,123.95
2026-08-07,72,124.7660391458048,134.93
2026-08-07,73,99.03562591352464,125.82
2026-08-07,74,135.63995042314048,142.24
2026-08-07,75,173.37415474257864,147.9
2026-08-07,76,201.6188203546781,162.88
2026-08-07,77,169.0807756921348,150.64
2026-08-07,78,193.04690489233707,170.99
2026-08-07,79,199.8323213735465,175.18
2026-08-07,80,222.41859250147365,193.6
2026-08-07,81,206.078652474492,181.0
2026-08-07,82,217.45807351816288,194.38
2026-08-07,83,232.55505530611416,203.06
2026-08-07,84,239.78920776788647,202.05
2026-08-07,85,231.612188028331,211.2
2026-08-07,86,228.06310484171053,197.84
2026-08-07,87,218.12215721253625,188.78
2026-08-07,88,209.42222416057905,180.78
2026-08-07,89,224.57674565843644,189.17
2026-08-07,90,213.606047398736,177.42
2026-08-07,91,201.46040568898528,175.05
2026-08-07,92,179.00695572958355,170.71
2026-08-07,93,184.9975770170108,172.02
2026-08-07,94,175.6067200257869,167.05
2026-08-07,95,170.44346646479588,164.05
2026-08-07,96,161.34580729221568,161.26
2026-08-08,1,169.75942164529127,163.38
2026-08-08,2,162.65678269523207,157.14
2026-08-08,3,154.08259037514517,155.24
2026-08-08,4,146.78523727161416,147.2
2026-08-08,5,156.48622291345467,155.2
2026-08-08,6,153.51395030269725,150.66
2026-08-08,7,149.82810344997992,147.14
2026-08-08,8,145.4549827357615,143.0
2026-08-08,9,146.58165953188504,148.61
2026-08-08,10,147.31131054762656,145.34
2026-08-08,11,144.80512829170058,144.62
2026-08-08,12,144.75595355982998,142.38
2026-08-08,13,143.37690151310207,146.92
2026-08-08,14,140.9453054251913,146.23
2026-08-08,15,141.98039187442197,146.11
2026-08-08,16,143.3663017154956,144.42
2026-08-08,17,142.9858117431457,141.96
2026-08-08,18,146.40255455269718,144.47
2026-08-08,19,146.11903473885758,144.76
2026-08-08,20,150.88595324584085,144.27
2026-08-08,21,148.95254612129867,139.91
2026-08-08,22,151.99372124137068,141.33
2026-08-08,23,164.72030200129606,147.81
2026-08-08,24,156.87121090024365,153.73
2026-08-08,25,158.6937029243595,155.08
2026-08-08,26,156.3373192004215,148.32
2026-08-08,27,154.521039594993,143.93
2026-08-08,28,153.4853664023817,137.72
2026-08-08,29,157.6880593135864,155.0
2026-08-08,30,149.8951063669245,142.87
2026-08-08,31,145.01720285499036,134.9
2026-08-08,32,132.78288630642393,118.02
2026-08-08,33,156.11894992954493,145.88
2026-08-08,34,143.50789566783325,124.56
2026-08-08,35,118.96213731633898,106.7
2026-08-08,36,102.20715557287642,82.99
2026-08-08,37,113.6711523103853,107.54
2026-08-08,38,89.3951689571317,87.67
2026-08-08,39,50.61150371174036,44.94
2026-08-08,40,25.546770503475265,10.03
2026-08-08,41,38.46750861607788,12.32
2026-08-08,42,24.8754578648485,3.21
2026-08-08,43,19.82862586275884,0.0
2026-08-08,44,13.319083823506531,-0.09
2026-08-08,45,14.146595455928209,-1.14
2026-08-08,46,10.997036704140989,-1.21
2026-08-08,47,6.701699052585287,-1.71
2026-08-08,48,3.806798518358786,-2.01
2026-08-08,49,4.882903740691944,-3.83
2026-08-08,50,3.973953445179575,-5.01
2026-08-08,51,2.7881558240146527,-6.81
2026-08-08,52,2.091632541955553,-8.3
2026-08-08,53,1.9063611270249168,-8.77
2026-08-08,54,0.2189620295898953,-10.06
2026-08-08,55,-0.516483404568434,-12.29
2026-08-08,56,-1.302030059169168,-12.87
2026-08-08,57,0.5794305266343055,-18.49
2026-08-08,58,0.9572984459359424,-12.99
2026-08-08,59,1.8665243522508497,-10.0
2026-08-08,60,3.4901293849621435,-7.13
2026-08-08,61,3.1434345585621646,-6.97
2026-08-08,62,3.950028351272138,-8.85
2026-08-08,63,6.883842254057054,-5.48
2026-08-08,64,13.87864811010776,-6.75
2026-08-08,65,8.924856509780067,-1.44
2026-08-08,66,21.56832452094143,-0.54
2026-08-08,67,35.52234137167001,-0.28
2026-08-08,68,60.57300758768824,0.01
2026-08-08,69,44.47084865184792,1.93
2026-08-08,70,89.80787223671484,34.8
2026-08-08,71,109.12740456024714,106.04
2026-08-08,72,128.53702222326993,129.89
2026-08-08,73,137.45286811504286,106.31
2026-08-08,74,157.81101051877934,133.37
2026-08-08,75,164.92528596137456,157.0
2026-08-08,76,168.31388789329068,163.32
2026-08-08,77,151.10044176268678,148.76
2026-08-08,78,186.2461710168048,160.26
2026-08-08,79,189.02171228721124,170.72
2026-08-08,80,184.0189838271134,191.72
2026-08-08,81,195.39479045102323,185.76
2026-08-08,82,190.17827680759743,186.37
2026-08-08,83,194.10381672128648,183.16
2026-08-08,84,213.01639513056307,183.34
2026-08-08,85,210.6848213011528,186.66
2026-08-08,86,193.6725206374317,187.16
2026-08-08,87,195.6065282323119,178.53
2026-08-08,88,181.5235056589896,165.64
2026-08-08,89,177.50620637996346,185.18
2026-08-08,90,173.8890170185892,170.48
2026-08-08,91,169.04781454128582,167.9
2026-08-08,92,162.3120437518875,159.84
2026-08-08,93,166.7087450457296,161.96
2026-08-08,94,161.6347635876208,155.9
2026-08-08,95,155.7467488852599,155.25
2026-08-08,96,148.57785403091566,144.57
2026-08-09,1,162.33711779562773,155.2
2026-08-09,2,149.67576505860364,147.95
2026-08-09,3,144.2719811989461,143.81
2026-08-09,4,137.02492176531322,134.14
2026-08-09,5,146.5874932237947,139.99
2026-08-09,6,140.9715342008132,140.12
2026-08-09,7,137.00502281100228,141.23
2026-08-09,8,133.12452460288205,136.04
2026-08-09,9,135.8492704774184,141.06
2026-08-09,10,133.8802072156388,136.28
2026-08-09,11,132.26323195984494,135.19
2026-08-09,12,129.8984202452203,133.24
2026-08-09,13,130.7733329245179,135.01
2026-08-09,14,130.4993904327201,134.87
2026-08-09,15,131.38758490866277,133.57
2026-08-09,16,131.6498689125471,132.35
2026-08-09,17,130.35190488190025,133.52
2026-08-09,18,133.01231940592524,134.92
2026-08-09,19,134.61461916364038,133.86
2026-08-09,20,139.3677722350528,133.81
2026-08-09,21,133.99146787322488,136.99
2026-08-09,22,138.95218547401203,134.99
2026-08-09,23,142.66242995315764,135.7
2026-08-09,24,141.8760074490229,132.32
2026-08-09,25,143.91201165298085,143.37
2026-08-09,26,140.27469771333656,134.18
2026-08-09,27,137.75025027258783,128.88
2026-08-09,28,132.6131883738824,120.76
2026-08-09,29,132.99211125780445,133.27
2026-08-09,30,128.98585723140283,123.65
2026-08-09,31,127.91374107796004,113.87
2026-08-09,32,113.56550051481771,101.96
2026-08-09,33,136.3165833323514,115.96
2026-08-09,34,114.05761798798692,106.41
2026-08-09,35,89.26362140520581,83.71
2026-08-09,36,66.83340884513026,60.43
2026-08-09,37,89.05184822727904,73.51
2026-08-09,38,61.5522457721586,30.79
2026-08-09,39,33.47483916647204,4.99
2026-08-09,40,5.257517627097982,0.67
2026-08-09,41,3.4797073066554844,1.12
2026-08-09,42,5.344579026242471,0.12
2026-08-09,43,3.738298515966278,-0.01
2026-08-09,44,2.516638919070971,-0.02
2026-08-09,45,-2.5376128759977234,-0.01
2026-08-09,46,-3.728396973622012,-0.03
2026-08-09,47,-4.754921057310845,-0.04
2026-08-09,48,-5.118621466891678,-0.11
2026-08-09,49,-9.619564115964224,-1.0
2026-08-09,50,-10.334407929893011,-1.62
2026-08-09,51,-9.233111886191748,-2.99
2026-08-09,52,-10.339879364285617,-4.99
2026-08-09,53,-10.579020730056817,-4.99
2026-08-09,54,-10.210170103468874,-5.3
2026-08-09,55,-11.050002018291936,-5.01
2026-08-09,56,-11.197211364217187,-5.02
2026-08-09,57,-23.700652226127392,-4.9
2026-08-09,58,-10.816528786731466,-2.15
2026-08-09,59,-9.95418861158585,-1.01
2026-08-09,60,-8.96494417844371,-0.19
2026-08-09,61,-8.756948798955484,-0.1
2026-08-09,62,-8.925655632123748,-0.01
2026-08-09,63,-9.917567065770148,-0.01
2026-08-09,64,-9.515803725995848,-0.01
2026-08-09,65,-5.158797287360931,-0.01
2026-08-09,66,2.6585132706203893,-0.01
2026-08-09,67,12.920676318851648,0.62
2026-08-09,68,34.46973027270954,14.52
2026-08-09,69,30.78558477062825,6.83
2026-08-09,70,72.49312243077223,72.1
2026-08-09,71,97.40177933978384,106.28
2026-08-09,72,116.93217526121668,144.59
2026-08-09,73,95.72684122826784,121.9
2026-08-09,74,127.70809351180758,151.0
2026-08-09,75,151.6422337867443,160.95
2026-08-09,76,187.2879059004618,170.9
2026-08-09,77,156.063493685906,154.94
2026-08-09,78,181.05878231238643,161.51
2026-08-09,79,219.871802809204,172.0
2026-08-09,80,222.45137906624697,187.66
2026-08-09,81,200.8320013498404,171.97
2026-08-09,82,211.02914636260732,176.85
2026-08-09,83,218.0769403842495,178.54
2026-08-09,84,224.8331538720912,177.0
2026-08-09,85,214.40983712198448,175.23
2026-08-09,86,205.0778943063828,175.73
2026-08-09,87,179.36960905662087,175.31
2026-08-09,88,173.99968652737337,170.26
2026-08-09,89,199.91530648091265,174.05
2026-08-09,90,176.71787178082576,171.1
2026-08-09,91,167.49087660523222,170.89
2026-08-09,92,163.7450161682977,163.96
2026-08-09,93,163.3257678669188,163.89
2026-08-09,94,155.49064874165495,158.12
2026-08-09,95,156.83888227809254,157.94
2026-08-09,96,146.93222989245277,148.65
2026-08-10,1,156.70307839223338,154.12
2026-08-10,2,154.4871975398674,151.91
2026-08-10,3,147.46622971790015,144.02
2026-08-10,4,142.27514141647242,135.84
2026-08-10,5,147.31881685824612,146.04
2026-08-10,6,143.26548731244827,139.45
2026-08-10,7,139.99102337442176,136.45
2026-08-10,8,136.8559498740819,130.12
2026-08-10,9,140.7315837010829,135.72
2026-08-10,10,135.6121827498129,133.08
2026-08-10,11,138.03265018976242,130.08
2026-08-10,12,138.37021938699775,127.1
2026-08-10,13,135.99660232452965,126.17
2026-08-10,14,135.53859286078185,127.64
2026-08-10,15,132.12946099527215,126.8
2026-08-10,16,131.1169983995724,127.09
2026-08-10,17,131.36673638646252,125.18
2026-08-10,18,131.09347752342518,127.14
2026-08-10,19,137.5214385002594,127.23
2026-08-10,20,139.3623512163919,130.35
2026-08-10,21,135.67015591369804,131.62
2026-08-10,22,138.4623930102073,139.38
2026-08-10,23,142.6103147691067,148.31
2026-08-10,24,148.21180500486298,152.99
2026-08-10,25,149.0533685954405,157.75
2026-08-10,26,150.0108775374753,165.0
2026-08-10,27,152.81962847036428,165.12
2026-08-10,28,148.89393865453525,165.1
2026-08-10,29,163.52027495615368,170.0
2026-08-10,30,152.43211150331143,170.0
2026-08-10,31,157.67820730539975,162.88
2026-08-10,32,142.546442522702,155.95
2026-08-10,33,159.51751951586283,179.91
2026-08-10,34,152.1447169325407,165.0
2026-08-10,35,127.65127380313602,155.08
2026-08-10,36,114.95605487243944,143.55
2026-08-10,37,133.10717188536367,163.56
2026-08-10,38,113.62295991152304,151.97
2026-08-10,39,99.62739782690826,125.53
2026-08-10,40,81.43440873207349,114.47
2026-08-10,41,97.56672358880591,133.73
2026-08-10,42,83.50985659306234,115.0
2026-08-10,43,71.78345763131854,105.17
2026-08-10,44,56.17020155262773,92.53
2026-08-10,45,64.02624725900986,98.77
2026-08-10,46,54.46161356034824,87.13
2026-08-10,47,46.03412225758858,71.14
2026-08-10,48,35.156986907082725,59.51
2026-08-10,49,38.44881262061752,59.99
2026-08-10,50,28.77192713668712,40.55
2026-08-10,51,24.63146429127123,29.99
2026-08-10,52,19.432322391973663,16.61
2026-08-10,53,22.02828103264664,15.0
2026-08-10,54,17.95886477969989,10.04
2026-08-10,55,14.90562262925986,7.54
2026-08-10,56,10.701705772306166,3.99
2026-08-10,57,14.038810303111704,4.2
2026-08-10,58,13.909932418956137,3.66
2026-08-10,59,16.368455747173673,4.5
2026-08-10,60,16.418711000520137,4.99
2026-08-10,61,16.773091926097003,4.56
2026-08-10,62,18.25830227194882,9.0
2026-08-10,63,21.694348254302227,10.03
2026-08-10,64,34.05761962678766,16.41
2026-08-10,65,24.217806209716475,14.89
2026-08-10,66,39.87195696859849,37.71
2026-08-10,67,54.81435105551958,58.48
2026-08-10,68,66.38756565583425,84.71
2026-08-10,69,59.24425860925104,69.62
2026-08-10,70,80.19954731490239,104.76
2026-08-10,71,92.3468010311186,112.45
2026-08-10,72,119.01174081776604,137.8
2026-08-10,73,102.47492696792936,118.64
2026-08-10,74,123.39749010481329,127.76
2026-08-10,75,137.39967381763935,144.79
2026-08-10,76,165.97522055641954,159.61
2026-08-10,77,144.02078875923394,148.7
2026-08-10,78,149.5353001452312,157.0
2026-08-10,79,160.46354903006284,166.74
2026-08-10,80,190.55412071000995,190.39
2026-08-10,81,162.05127528606153,167.0
2026-08-10,82,179.62783521567212,169.6
2026-08-10,83,192.69479589391003,180.85
2026-08-10,84,203.2283370514277,190.36
2026-08-10,85,192.92026743699705,199.51
2026-08-10,86,189.14872492481584,186.73
2026-08-10,87,188.461046950006,176.59
2026-08-10,88,181.97581299109515,163.3
2026-08-10,89,183.9349608196413,181.61
2026-08-10,90,180.62262881176383,167.57
2026-08-10,91,169.77438668180383,168.04
2026-08-10,92,160.70899698174816,159.52
2026-08-10,93,166.08674034652924,157.67
2026-08-10,94,158.16463623540207,154.93
2026-08-10,95,153.81782697200995,152.51
2026-08-10,96,147.49937943902952,140.65
2026-08-11,1,153.69022816152508,147.37
2026-08-11,2,147.2156451581443,145.77
2026-08-11,3,145.32648244316138,138.77
2026-08-11,4,137.36225498837908,124.88
2026-08-11,5,144.9499294135544,142.14
2026-08-11,6,139.12173024364927,138.91
2026-08-11,7,135.80749452022735,144.85
2026-08-11,8,132.08001901549792,138.05
2026-08-11,9,135.62770331610338,143.8
2026-08-11,10,132.54651760401188,135.94
2026-08-11,11,131.71168401257543,133.72
2026-08-11,12,129.69701869461517,131.33
2026-08-11,13,131.8238213849585,129.89
2026-08-11,14,131.10408435404307,129.58
2026-08-11,15,127.50785291480554,128.38
2026-08-11,16,126.28757906659705,127.08
2026-08-11,17,125.55808439747749,126.65
2026-08-11,18,127.16007646202296,127.87
2026-08-11,19,130.14813761881865,130.43
2026-08-11,20,135.92093548472496,134.74
2026-08-11,21,128.46468515717245,128.4
2026-08-11,22,130.8433507975683,134.53
2026-08-11,23,142.6112047627151,143.45
2026-08-11,24,148.09599926964643,153.78
2026-08-11,25,146.59885119334265,154.98
2026-08-11,26,152.76281644448886,157.0
2026-08-11,27,153.83318879896433,157.82
2026-08-11,28,154.400818026367,157.37
2026-08-11,29,166.00320025422934,166.72
2026-08-11,30,160.3610771130498,161.5
2026-08-11,31,153.45280438997588,155.58
2026-08-11,32,141.18373240015032,147.64
2026-08-11,33,160.29806049447964,163.26
2026-08-11,34,155.97765368363574,152.18
2026-08-11,35,140.30463318999617,141.17
2026-08-11,36,118.4850026928111,118.54
2026-08-11,37,144.28262500264657,141.8
2026-08-11,38,118.08476138647475,116.85
2026-08-11,39,97.48540020385644,104.57
2026-08-11,40,81.7411396196375,80.08
2026-08-11,41,94.29293984312868,97.18
2026-08-11,42,77.521903902918,73.27
2026-08-11,43,68.28135311760435,38.65
2026-08-11,44,54.07788291499506,22.29
2026-08-11,45,59.68313472379377,25.41
2026-08-11,46,50.64094285865242,9.87
2026-08-11,47,41.083097432038194,2.66
2026-08-11,48,31.791358126026715,0.19
2026-08-11,49,35.022809541087646,0.08
2026-08-11,50,26.35755157379834,0.0
2026-08-11,51,21.11057259834407,0.0
2026-08-11,52,16.839733620825125,-0.01
2026-08-11,53,17.652032495484324,-0.01
2026-08-11,54,13.32803676307874,-0.08
2026-08-11,55,10.205758067247356,-0.15
2026-08-11,56,7.810916870446203,-0.17
2026-08-11,57,7.490484523264455,-0.18
2026-08-11,58,8.876322703247595,-0.16
2026-08-11,59,11.67809643170633,-0.01
2026-08-11,60,14.192633434516102,-0.01
2026-08-11,61,12.514950666327591,0.0
2026-08-11,62,16.712106309003957,0.07
2026-08-11,63,26.147639794567265,2.47
2026-08-11,64,38.25189313817175,10.01
2026-08-11,65,27.261578066824576,7.93
2026-08-11,66,45.451830444842365,22.39
2026-08-11,67,59.09354697647844,60.43
2026-08-11,68,76.26355016550463,87.18
2026-08-11,69,59.45578850159245,77.75
2026-08-11,70,82.27678745096523,103.57
2026-08-11,71,99.2472761931242,119.29
2026-08-11,72,123.78011667551236,138.89
2026-08-11,73,104.45829121198533,118.57
2026-08-11,74,125.20581226677336,143.69
2026-08-11,75,140.92373400976925,156.74
2026-08-11,76,152.69980489987108,166.99
2026-08-11,77,145.75041678536317,157.94
2026-08-11,78,159.36763686332816,168.74
2026-08-11,79,173.07153221749007,181.52
2026-08-11,80,199.70760655257104,204.96
2026-08-11,81,181.47316722212085,194.69
2026-08-11,82,191.7926255068715,200.09
2026-08-11,83,183.00228901466585,201.18
2026-08-11,84,189.67108490179348,199.95
2026-08-11,85,204.90533727216425,203.65
2026-08-11,86,182.68831509769348,192.27
2026-08-11,87,190.61776861020024,188.11
2026-08-11,88,193.29063921182387,173.33
2026-08-11,89,194.09897866993663,180.34
2026-08-11,90,182.31674564376144,172.95
2026-08-11,91,175.33358318281702,171.78
2026-08-11,92,170.39369641396212,166.61
2026-08-11,93,177.0888995543594,163.01
2026-08-11,94,163.90188766158394,153.52
2026-08-11,95,160.33231299951484,152.08
2026-08-11,96,154.79465263091365,147.79
2026-08-12,1,152.4868703939249,163.11
2026-08-12,2,149.86401786046153,159.03
2026-08-12,3,145.92939047687236,153.99
2026-08-12,4,144.41240858500583,145.0
2026-08-12,5,144.22233798047645,154.42
2026-08-12,6,141.75072339746612,149.9
2026-08-12,7,140.41658635640192,147.87
2026-08-12,8,135.81581997366692,145.83
2026-08-12,9,138.50727310668267,145.09
2026-08-12,10,134.02223061985185,142.39
2026-08-12,11,133.37560158378776,142.86
2026-08-12,12,132.01042196005503,142.86
2026-08-12,13,132.79806440400776,139.14
2026-08-12,14,132.61697888851006,139.19
2026-08-12,15,132.49715405791164,139.99
2026-08-12,16,132.8424969880153,140.69
2026-08-12,17,132.479962628303,137.05
2026-08-12,18,133.83092317525458,139.11
2026-08-12,19,135.4024665248383,139.15
2026-08-12,20,139.33210877650674,144.29
2026-08-12,21,132.0862884574557,144.62
2026-08-12,22,135.44242511931125,149.01
2026-08-12,23,146.99916350324366,158.36
2026-08-12,24,154.8729374627248,162.01
2026-08-12,25,156.14459238102242,171.5
2026-08-12,26,161.7527109055943,175.0
2026-08-12,27,165.69840041726846,172.64
2026-08-12,28,181.09015916667744,171.16
2026-08-12,29,168.67528778226568,181.5
2026-08-12,30,175.49822284771906,171.5
2026-08-12,31,169.69622251636628,165.85
2026-08-12,32,159.85896128410448,151.32
2026-08-12,33,170.48140802460424,175.49
2026-08-12,34,159.91562662638145,160.13
2026-08-12,35,146.28567265126432,146.22
2026-08-12,36,129.6233621672104,139.01
2026-08-12,37,150.44283666364052,162.2
2026-08-12,38,133.56157452552782,136.18
2026-08-12,39,115.68353281131722,116.45
2026-08-12,40,99.78516226244795,100.08
2026-08-12,41,114.79979896413737,118.22
2026-08-12,42,97.77234316320713,98.67
2026-08-12,43,88.54165319429833,81.58
2026-08-12,44,74.13943816704882,51.87
2026-08-12,45,82.81204290915659,64.13
2026-08-12,46,73.72435748122203,42.0
2026-08-12,47,64.7968238545473,36.2
2026-08-12,48,56.48445159213443,19.04
2026-08-12,49,60.40594641553815,26.26
2026-08-12,50,50.958324930283055,16.21
2026-08-12,51,46.16178791463105,10.03
2026-08-12,52,39.28032656509866,6.5
2026-08-12,53,43.81794589326066,9.26
2026-08-12,54,39.07730454505522,4.93
2026-08-12,55,34.4470227137278,0.01
2026-08-12,56,30.24351801893568,0.0
2026-08-12,57,33.232038820973244,12.0
2026-08-12,58,37.31459961317616,15.47
2026-08-12,59,44.81458256968151,15.48
2026-08-12,60,51.84604926136697,16.93
2026-08-12,61,47.71665952543502,17.05
2026-08-12,62,49.06958610687741,27.47
2026-08-12,63,57.4158696563992,44.35
2026-08-12,64,65.43553490992349,74.08
2026-08-12,65,56.97691735969905,67.43
2026-08-12,66,80.25140900856645,93.15
2026-08-12,67,91.97666884901346,110.71
2026-08-12,68,104.76855651273704,119.54
2026-08-12,69,99.20156226053544,110.2
2026-08-12,70,115.7691309859712,131.49
2026-08-12,71,132.30190829199648,147.14
2026-08-12,72,146.05008864488093,173.52
2026-08-12,73,130.35593045088902,155.8
2026-08-12,74,177.54307303290878,173.62
2026-08-12,75,175.15291109638613,185.4
2026-08-12,76,190.03737829274428,219.27
2026-08-12,77,175.15560938363848,210.0
2026-08-12,78,209.79660733956285,241.53
2026-08-12,79,201.76270812768,287.3
2026-08-12,80,225.7518336344752,461.17
2026-08-12,81,203.79139523084189,402.5
2026-08-12,82,213.18568251697172,314.82
2026-08-12,83,224.13088960548444,251.34
2026-08-12,84,233.15672125088057,232.17
2026-08-12,85,229.87887929067008,253.0
2026-08-12,86,220.6797276500953,243.12
2026-08-12,87,208.66362814796332,223.39
2026-08-12,88,186.60185673745167,198.97
2026-08-12,89,207.0604984785196,205.64
2026-08-12,90,187.72355811357647,193.4
2026-08-12,91,186.9101001311061,188.49
2026-08-12,92,169.25346848492515,175.12
2026-08-12,93,176.28937025565972,180.29
2026-08-12,94,166.0950213523878,174.1
2026-08-12,95,158.70516499909417,173.91
2026-08-12,96,154.0447005362304,160.1
2026-08-13,1,171.8578411262902,164.47
2026-08-13,2,160.18916170318437,156.56
2026-08-13,3,155.29266107988423,152.26
2026-08-13,4,149.21810050172542,143.12
2026-08-13,5,156.43065076420194,153.0
2026-08-13,6,152.59982370684867,148.01
2026-08-13,7,150.88061702507764,147.29
2026-08-13,8,145.74539858721928,142.07
2026-08-13,9,149.00433867885866,143.58
2026-08-13,10,144.53325276011628,143.17
2026-08-13,11,143.77853120337718,144.38
2026-08-13,12,142.13507393939605,142.56
2026-08-13,13,143.58385447147268,140.87
2026-08-13,14,142.25428840510236,141.82
2026-08-13,15,142.05165419742426,143.76
2026-08-13,16,141.73998089565836,144.44
2026-08-13,17,141.30664209455347,140.99
2026-08-13,18,143.0540442970594,143.06
2026-08-13,19,143.84235145889818,146.55
2026-08-13,20,144.32370158401534,149.08
2026-08-13,21,142.92289735735338,149.15
2026-08-13,22,145.2118363922334,154.5
2026-08-13,23,153.592435468467,159.68
2026-08-13,24,161.65966375395047,166.26
2026-08-13,25,163.37796419976178,170.61
2026-08-13,26,174.88727023040502,174.09
2026-08-13,27,175.52919106572512,177.24
2026-08-13,28,170.53844273030643,174.99
2026-08-13,29,179.3691642681483,182.47
2026-08-13,30,174.57154486840943,174.91
2026-08-13,31,164.8204138027463,169.99
2026-08-13,32,151.14289058618317,157.02
2026-08-13,33,174.44830152569364,172.99
2026-08-13,34,158.43126513693767,162.7
2026-08-13,35,145.00448665036413,153.31
2026-08-13,36,125.94216114507871,138.2
2026-08-13,37,147.10467139439103,158.82
2026-08-13,38,126.42195704941624,143.73
2026-08-13,39,108.93867366418004,124.51
2026-08-13,40,86.69408785652203,115.54
2026-08-13,41,107.43338083419503,134.95
2026-08-13,42,87.69024126670816,122.58
2026-08-13,43,75.36091998503507,101.19
2026-08-13,44,57.24783031786088,79.66
2026-08-13,45,66.83120300729503,99.52
2026-08-13,46,54.67951776325049,68.04
2026-08-13,47,46.37281085490428,39.29
2026-08-13,48,35.198107132903104,0.06
2026-08-13,49,39.23293370713884,10.06
2026-08-13,50,29.833209657840257,1.16
2026-08-13,51,25.42516564723137,0.0
2026-08-13,52,20.5572522957456,0.0
2026-08-13,53,23.325997867584803,0.0
2026-08-13,54,20.93408306684839,0.0
2026-08-13,55,18.25469677314949,0.0
2026-08-13,56,15.160395282033946,0.0
2026-08-13,57,18.52789285545881,-0.01
2026-08-13,58,19.60032265106816,0.0
2026-08-13,59,23.313137603856884,0.0
2026-08-13,60,23.826458317746187,10.09
2026-08-13,61,22.19723635924227,10.06
2026-08-13,62,24.68163966264729,35.47
2026-08-13,63,30.061336213644186,57.62
2026-08-13,64,41.49829512920552,74.61
2026-08-13,65,32.18912720116636,78.4
2026-08-13,66,50.047465237578905,112.09
2026-08-13,67,69.34880843826076,123.55
2026-08-13,68,87.19268657603568,131.87
2026-08-13,69,72.23204708536343,125.07
2026-08-13,70,98.11986242342802,135.9
2026-08-13,71,116.44054911620016,160.03
2026-08-13,72,136.82281737436676,179.03
2026-08-13,73,127.49602597481716,165.0
2026-08-13,74,146.19293420149862,188.0
2026-08-13,75,164.1795570479223,209.06
2026-08-13,76,179.65666570019766,253.93
2026-08-13,77,162.1911255511121,229.16
2026-08-13,78,190.25616761258485,262.69
2026-08-13,79,203.56815975487189,327.17
2026-08-13,80,253.23226228760848,487.38
2026-08-13,81,223.76233506594195,414.96
2026-08-13,82,227.2220035147997,371.94
2026-08-13,83,221.1625693881266,300.14
2026-08-13,84,223.81993446915016,268.41
2026-08-13,85,229.01732639642412,353.92
2026-08-13,86,214.93694637521625,268.97
2026-08-13,87,203.7756287136876,240.0
2026-08-13,88,185.14993119515825,217.15
2026-08-13,89,208.3653603662578,233.38
2026-08-13,90,185.75701310824127,215.51
2026-08-13,91,178.58855478363614,212.01
2026-08-13,92,168.64067833321167,193.03
2026-08-13,93,171.2167846494623,190.84
2026-08-13,94,165.08041085785013,179.71
2026-08-13,95,160.11633081367245,172.93
2026-08-13,96,151.69770071894715,161.21
2026-08-14,1,171.56608321756025,168.41
2026-08-14,2,158.58582365109768,159.2
2026-08-14,3,151.74534740575274,156.53
2026-08-14,4,149.05231390800267,151.33
2026-08-14,5,158.0054487227478,159.66
2026-08-14,6,151.7708076273296,152.81
2026-08-14,7,147.55410377013231,148.62
2026-08-14,8,140.9298759963684,146.35
2026-08-14,9,143.40505131780932,147.4
2026-08-14,10,140.28131420144072,146.34
2026-08-14,11,144.30154469494298,146.31
2026-08-14,12,139.2004316880703,142.87
2026-08-14,13,144.69425739370905,143.09
2026-08-14,14,138.72800351018122,141.62
2026-08-14,15,139.1635771683641,141.68
2026-08-14,16,138.21122458295315,141.81
2026-08-14,17,138.33653610541882,140.0
2026-08-14,18,143.35066628665163,142.55
2026-08-14,19,141.7622168390005,145.65
2026-08-14,20,144.76739512440008,147.43
2026-08-14,21,145.5520833471894,145.86
2026-08-14,22,151.7675248714076,152.23
2026-08-14,23,156.77320993482454,157.69
2026-08-14,24,165.24185915645324,163.01
2026-08-14,25,164.97240346696344,168.9
2026-08-14,26,175.1660708560271,172.48
2026-08-14,27,176.97376618502358,173.14
2026-08-14,28,177.62462373927067,173.32
2026-08-14,29,186.36599020849388,178.27
2026-08-14,30,172.85704500116842,175.01
2026-08-14,31,156.94548688956257,168.05
2026-08-14,32,141.40902880393057,159.0
2026-08-14,33,170.98617709540426,173.0
2026-08-14,34,155.30245515384289,161.61
2026-08-14,35,136.88933244593804,145.6
2026-08-14,36,118.6308711794521,127.13
2026-08-14,37,144.899223806988,156.43
2026-08-14,38,122.25882347446527,138.08
2026-08-14,39,109.01156622566828,125.0
2026-08-14,40,89.90583188009798,121.29
2026-08-14,41,110.5648330391943,124.62
2026-08-14,42,92.51214711424954,112.1
2026-08-14,43,77.99163486475781,100.35
2026-08-14,44,60.17550442915496,80.78
2026-08-14,45,67.33670419980466,97.42
2026-08-14,46,55.95397082374342,70.02
2026-08-14,47,50.211425802966986,56.96
2026-08-14,48,35.71547042619609,30.06
2026-08-14,49,39.75053553721867,44.72
2026-08-14,50,30.636403606958385,26.99
2026-08-14,51,27.27128106619852,18.28
2026-08-14,52,23.143865304447928,10.01
2026-08-14,53,24.23678159925315,10.02
2026-08-14,54,20.836641932373453,11.06
2026-08-14,55,17.5296351525183,10.07
2026-08-14,56,16.073678830191316,0.86
2026-08-14,57,17.928890322794707,0.01
2026-08-14,58,19.164653059027184,7.41
2026-08-14,59,22.127771828618144,17.81
2026-08-14,60,26.48373479996795,43.99
2026-08-14,61,23.83777941216203,25.09
2026-08-14,62,27.536437190499043,56.56
2026-08-14,63,37.56101891053824,80.0
2026-08-14,64,53.12234404728427,101.51
2026-08-14,65,44.08045934535081,87.0
2026-08-14,66,66.04039091243548,108.58
2026-08-14,67,85.85132873028222,124.96
2026-08-14,68,99.35245929534256,144.74
2026-08-14,69,87.18138413521343,124.21
2026-08-14,70,109.41450341454308,136.78
2026-08-14,71,131.17917762584588,147.72
2026-08-14,72,177.95733859735068,165.91
2026-08-14,73,155.68538438348838,149.99
2026-08-14,74,176.76002099136647,172.96
2026-08-14,75,227.69419435490792,186.1
2026-08-14,76,321.52882317180683,210.91
2026-08-14,77,247.1737759908356,199.1
2026-08-14,78,350.940002798346,225.19
2026-08-14,79,390.5415520566007,259.46
2026-08-14,80,320.31010770307927,303.49
2026-08-14,81,277.702710871653,273.8
2026-08-14,82,294.41419235173095,271.98
2026-08-14,83,272.0233191686557,259.13
2026-08-14,84,286.24898707452536,249.99
2026-08-14,85,312.3063754831894,252.5
2026-08-14,86,266.3466974904396,234.83
2026-08-14,87,259.6154778862041,229.0
2026-08-14,88,221.131641576506,209.95
2026-08-14,89,238.76874488633445,212.33
2026-08-14,90,228.21228390769767,198.29
2026-08-14,91,215.15252577450983,194.0
2026-08-14,92,200.7125490488259,187.38
2026-08-14,93,191.84800081578308,186.06
2026-08-14,94,195.5794674437396,182.02
2026-08-14,95,176.2418672940943,175.0
2026-08-14,96,167.39068201582123,166.99
2026-08-15,1,175.57458772284608,177.73
2026-08-15,2,165.1526497286392,170.01
2026-08-15,3,150.2580300226209,168.58
2026-08-15,4,154.9520765436518,161.47
2026-08-15,5,162.95614372338574,170.01
2026-08-15,6,156.9735772525964,161.32
2026-08-15,7,153.4047108108572,161.49
2026-08-15,8,139.8313119446018,156.77
2026-08-15,9,142.98783122365242,158.96
2026-08-15,10,146.53104430505107,157.64
2026-08-15,11,146.4999492897683,156.73
2026-08-15,12,144.7030483924648,154.28
2026-08-15,13,148.91639828566412,156.79
2026-08-15,14,141.27016611057817,157.63
2026-08-15,15,143.92977917681955,156.77
2026-08-15,16,143.30142495387383,156.56
2026-08-15,17,144.16305980463926,155.37
2026-08-15,18,139.19389543727863,154.18
2026-08-15,19,144.4106327389786,154.37
2026-08-15,20,133.58363904755467,154.14
2026-08-15,21,143.86059127404067,149.49
2026-08-15,22,144.02610929422883,150.4
2026-08-15,23,143.3890257580871,155.12
2026-08-15,24,138.87709429019878,160.36
2026-08-15,25,148.80255481111035,164.51
2026-08-15,26,140.77529310365622,162.85
2026-08-15,27,139.7475876841922,155.59
2026-08-15,28,130.7966473864022,144.98
2026-08-15,29,148.7329468614347,170.91
2026-08-15,30,140.8175407766984,161.14
2026-08-15,31,127.78334975559235,147.83
2026-08-15,32,114.78928801267855,127.86
2026-08-15,33,140.1729129862402,163.9
2026-08-15,34,120.00885937753718,150.75
2026-08-15,35,104.84107369211117,125.09
2026-08-15,36,81.71318688216675,109.39
2026-08-15,37,112.6148543835211,138.87
2026-08-15,38,85.1117518124164,112.64
2026-08-15,39,62.39053075175634,97.65
2026-08-15,40,34.71095112325723,89.54
2026-08-15,41,53.06387685900829,99.64
2026-08-15,42,33.41307538980555,69.72
2026-08-15,43,23.54961375501918,44.52
2026-08-15,44,16.972383327189334,30.1
2026-08-15,45,16.29415759742993,33.63
2026-08-15,46,10.96765153489514,25.75
2026-08-15,47,7.653460192528517,15.47
2026-08-15,48,2.4831781736054594,10.01
2026-08-15,49,5.101218176798408,5.83
2026-08-15,50,2.476419529483806,4.37
2026-08-15,51,0.5110232232159584,3.76
2026-08-15,52,-0.82137748952207,3.51
2026-08-15,53,-0.2092339666229832,0.97
2026-08-15,54,-0.8542168760029174,0.58
2026-08-15,55,-1.6017241024116518,1.31
2026-08-15,56,-1.963425738930034,1.17
2026-08-15,57,-3.650182918329455,0.6
2026-08-15,58,-3.459977373373955,3.7
2026-08-15,59,-1.3253180785387848,5.02
2026-08-15,60,1.3427369399229496,7.96
2026-08-15,61,0.103614747769825,7.66
2026-08-15,62,2.087229020102251,9.97
2026-08-15,63,6.792536187408594,16.08
2026-08-15,64,14.160309822777515,26.68
2026-08-15,65,8.83762357074548,22.35
2026-08-15,66,23.4785025018664,40.78
2026-08-15,67,36.99153767751665,92.29
2026-08-15,68,53.860341372205205,118.93
2026-08-15,69,40.77428295350838,94.58
2026-08-15,70,82.74914569005965,113.44
2026-08-15,71,108.18557376138784,146.31
2026-08-15,72,128.98248466351993,167.52
2026-08-15,73,99.19847975436588,149.7
2026-08-15,74,132.00091152056555,160.17
2026-08-15,75,152.81874998702008,174.54
2026-08-15,76,158.32980209399963,173.64
2026-08-15,77,154.1489044428125,163.07
2026-08-15,78,162.73929952927395,172.0
2026-08-15,79,169.243228505488,185.69
2026-08-15,80,204.0600900851788,199.1
2026-08-15,81,174.08975167697906,173.38
2026-08-15,82,192.19133058192443,182.92
2026-08-15,83,210.73842286927663,189.49
2026-08-15,84,223.35801816759587,194.17
2026-08-15,85,235.02102880504043,190.79
2026-08-15,86,188.80182809401407,186.25
2026-08-15,87,187.99778581837413,179.59
2026-08-15,88,169.9548646436791,176.74
2026-08-15,89,183.2960333605692,189.45
2026-08-15,90,164.6179935656763,179.87
2026-08-15,91,162.185777027323,178.01
2026-08-15,92,155.34129793744714,171.04
2026-08-15,93,159.72558653757324,186.99
2026-08-15,94,150.2586238554836,170.41
2026-08-15,95,147.89214090966806,173.52
2026-08-15,96,145.5614477190761,165.04
2026-08-16,1,161.95876022796975,188.25
2026-08-16,2,161.19599105960316,175.26
2026-08-16,3,153.35282798643604,168.8
2026-08-16,4,144.58999339404045,164.94
2026-08-16,5,155.5119086187103,180.07
2026-08-16,6,153.4691539017337,172.2
2026-08-16,7,150.77842305527986,164.94
2026-08-16,8,146.92792804769428,157.14
2026-08-16,9,151.7494712192581,163.0
2026-08-16,10,146.85173152292782,172.43
2026-08-16,11,146.6030134785835,167.97
2026-08-16,12,143.4550681713257,157.92
2026-08-16,13,145.726192515136,160.34
2026-08-16,14,145.71332957425096,157.45
2026-08-16,15,145.11684006530737,156.85
2026-08-16,16,141.57459037386857,155.5
2026-08-16,17,141.7415097110161,158.41
2026-08-16,18,143.01460798112086,155.77
2026-08-16,19,143.51712695427614,156.45
2026-08-16,20,141.3381266641025,156.97
2026-08-16,21,143.11793566106297,151.91
2026-08-16,22,143.02737010904465,154.76
2026-08-16,23,144.06780008749655,160.0
2026-08-16,24,139.8024598804244,161.11
2026-08-16,25,148.9930492612044,161.2
2026-08-16,26,139.44975494652408,160.0
2026-08-16,27,131.2950424470234,153.58
2026-08-16,28,123.98741438864732,151.62
2026-08-16,29,140.0957688622118,160.0
2026-08-16,30,128.43727023043985,154.6
2026-08-16,31,114.896986082373,147.33
2026-08-16,32,99.52961761397567,139.55
2026-08-16,33,136.37203075899765,170.45
2026-08-16,34,118.25666255942916,154.5
2026-08-16,35,104.55160817946545,137.97
2026-08-16,36,76.10399606242544,120.41
2026-08-16,37,102.22531521718427,148.0
2026-08-16,38,69.42228942818797,126.04
2026-08-16,39,52.64730232111757,115.38
2026-08-16,40,31.86363955998705,108.04
2026-08-16,41,37.39656768384066,115.16
2026-08-16,42,19.837388620072858,107.57
2026-08-16,43,4.705832521500838,83.87
2026-08-16,44,5.50283619857246,81.0
2026-08-16,45,-1.741179628872061,74.9
2026-08-16,46,-2.405941122247178,58.79
2026-08-16,47,-5.030178747944532,59.32
2026-08-16,48,-7.298544355574506,51.91
2026-08-16,49,-8.81243730748291,56.02
2026-08-16,50,-9.070622869794123,55.22
2026-08-16,51,-10.395362673032462,39.99
2026-08-16,52,-10.061940073826594,22.89
2026-08-16,53,-10.979171242721968,31.04
2026-08-16,54,-10.183254874649505,23.05
2026-08-16,55,-9.762546012781304,25.02
2026-08-16,56,-8.596102032722786,30.24
2026-08-16,57,-11.761072832292545,25.29
2026-08-16,58,-10.722757507394594,29.99
2026-08-16,59,-11.659743602887463,39.9
2026-08-16,60,-10.555070811774549,51.05
2026-08-16,61,-7.512151061858153,48.3
2026-08-16,62,-8.568725666809598,63.63
2026-08-16,63,-8.122649186646601,77.98
2026-08-16,64,-6.401837368253705,80.9
2026-08-16,65,-3.736511093149007,89.9
2026-08-16,66,-2.161287936785932,110.4
2026-08-16,67,24.18622315991218,117.97
2026-08-16,68,59.14898441100476,146.27
2026-08-16,69,35.96544989152018,118.12
2026-08-16,70,68.0599177965095,133.05
2026-08-16,71,84.39146876913755,155.13
2026-08-16,72,102.65634348854763,175.0
2026-08-16,73,92.6787514289028,155.0
2026-08-16,74,119.83201639976376,161.42
2026-08-16,75,134.25377133996986,175.09
2026-08-16,76,149.3804630076432,186.24
2026-08-16,77,125.18879999058464,172.2
2026-08-16,78,142.44049548907313,181.6
2026-08-16,79,157.00083326473666,194.17
2026-08-16,80,174.84141904921745,203.91
2026-08-16,81,151.49714949630976,188.0
2026-08-16,82,171.88314673357766,197.99
2026-08-16,83,180.96875190125465,202.8
2026-08-16,84,168.77577479178024,211.28
2026-08-16,85,174.79218746669548,212.4
2026-08-16,86,182.95158670199928,208.21
2026-08-16,87,169.0138513452217,202.99
2026-08-16,88,172.8593059401039,199.1
2026-08-16,89,178.35455717203016,215.04
2026-08-16,90,165.36625358874494,210.95
2026-08-16,91,166.0917048764248,202.8
2026-08-16,92,158.0490110955249,197.35
2026-08-16,93,165.81616078124543,203.55
2026-08-16,94,155.33624426951835,194.0
2026-08-16,95,156.08222611398062,188.27
2026-08-16,96,148.2161153562736,184.77
2026-08-17,1,179.8469679633253,205.0
2026-08-17,2,168.837069747305,196.0
2026-08-17,3,160.8163680196865,188.7
2026-08-17,4,158.26217258494555,178.81
2026-08-17,5,164.3403817764876,187.15
2026-08-17,6,158.33055800231625,181.54
2026-08-17,7,155.12092017187905,178.54
2026-08-17,8,150.26525958002486,168.01
2026-08-17,9,155.15348182129756,172.39
2026-08-17,10,152.89337862399526,164.41
2026-08-17,11,150.1623490248527,160.15
2026-08-17,12,146.51771635006267,158.65
2026-08-17,13,150.7401442213677,162.09
2026-08-17,14,146.09522704240112,160.72
2026-08-17,15,147.2798813156207,158.25
2026-08-17,16,147.0604573094254,160.06
2026-08-17,17,145.48979293704895,157.74
2026-08-17,18,147.39962321018163,155.25
2026-08-17,19,147.71266931340332,159.29
2026-08-17,20,149.0518026280604,164.0
2026-08-17,21,147.55102069201646,162.9
2026-08-17,22,152.61187599086534,169.13
2026-08-17,23,158.52212352975857,177.7
2026-08-17,24,163.95533893809653,190.14
2026-08-17,25,162.58065228112926,192.62
2026-08-17,26,167.1313266217671,197.5
2026-08-17,27,170.85599613118052,198.5
2026-08-17,28,163.57379348462092,200.98
2026-08-17,29,179.66179371389228,207.0
2026-08-17,30,167.14396985901175,208.9
2026-08-17,31,157.71840500588556,205.0
2026-08-17,32,145.53041541772262,199.7
2026-08-17,33,165.95161004357735,212.08
2026-08-17,34,155.19171934829842,208.46
2026-08-17,35,144.89747431645705,213.01
2026-08-17,36,125.9910421773356,200.9
2026-08-17,37,153.00650735381407,212.49
2026-08-17,38,132.14800450227128,204.32
2026-08-17,39,112.84993017272964,195.99
2026-08-17,40,96.82699045861654,182.36
2026-08-17,41,114.5647216733724,190.2
2026-08-17,42,100.98651904639536,180.0
2026-08-17,43,88.7503319114432,169.15
2026-08-17,44,73.68233784735706,162.6
2026-08-17,45,82.56904675577324,176.67
2026-08-17,46,70.78680419439006,173.36
2026-08-17,47,60.53382028083763,161.29
2026-08-17,48,48.83449048866871,156.57
2026-08-17,49,56.01585356516797,158.83
2026-08-17,50,45.37272975623413,156.07
2026-08-17,51,40.58376269199083,155.82
2026-08-17,52,30.6005351751495,146.42
2026-08-17,53,31.787358431134933,158.36
2026-08-17,54,26.75343047533409,158.21
2026-08-17,55,36.19050228780847,147.39
2026-08-17,56,33.24290556810455,136.81
2026-08-17,57,25.05774508667044,142.54
2026-08-17,58,28.045650977189723,136.92
2026-08-17,59,29.82069156987409,142.17
2026-08-17,60,28.319713766408658,143.56
2026-08-17,61,29.88828549558672,142.67
2026-08-17,62,27.49708037984234,137.86
2026-08-17,63,33.71902464353196,138.17
2026-08-17,64,46.19582847314793,140.84
2026-08-17,65,44.79347744976655,135.4
2026-08-17,66,63.65168208246552,139.78
2026-08-17,67,79.1065822481312,142.37
2026-08-17,68,89.69342823966335,142.79
2026-08-17,69,83.37440249178816,136.66
2026-08-17,70,115.50530058382344,147.49
2026-08-17,71,126.89397182716868,154.57
2026-08-17,72,136.6251023929423,169.37
2026-08-17,73,125.13866370256846,157.75
2026-08-17,74,133.5714024146326,170.46
2026-08-17,75,159.89401024657323,185.71
2026-08-17,76,179.48587952619596,194.48
2026-08-17,77,167.38651730619833,184.66
2026-08-17,78,181.5088656096472,200.57
2026-08-17,79,196.3104432939997,212.04
2026-08-17,80,233.42372294298136,219.14
2026-08-17,81,207.43404415544333,206.58
2026-08-17,82,211.090490077897,213.69
2026-08-17,83,225.60457128017384,216.04
2026-08-17,84,242.10329764340665,217.29
2026-08-17,85,232.5698639689701,219.05
2026-08-17,86,214.12924039338608,213.86
2026-08-17,87,202.29357344102849,210.0
2026-08-17,88,194.998579119158,197.1
2026-08-17,89,213.153021117363,205.4
2026-08-17,90,201.17403977360652,199.19
2026-08-17,91,197.1577408001565,199.24
2026-08-17,92,181.6707603964417,186.99
2026-08-17,93,197.4661909476769,192.75
2026-08-17,94,168.36344299044845,184.4
2026-08-17,95,159.04070265091633,176.53
2026-08-17,96,166.33288607505347,166.0
2026-08-18,1,170.079789521559,187.93
2026-08-18,2,162.10394999659638,179.97
2026-08-18,3,157.69287062193692,167.81
2026-08-18,4,154.531195675844,158.56
2026-08-18,5,157.5536514468568,167.15
2026-08-18,6,154.8214986334276,161.93
2026-08-18,7,150.99850028270183,160.0
2026-08-18,8,147.95173533449002,150.07
2026-08-18,9,152.4327800957156,152.55
2026-08-18,10,151.06798816877196,150.08
2026-08-18,11,148.29704074425877,149.66
2026-08-18,12,145.5788337136829,150.93
2026-08-18,13,145.33457292941944,148.34
2026-08-18,14,147.81925066849217,146.98
2026-08-18,15,144.61420525240965,148.18
2026-08-18,16,144.26366980208837,150.07
2026-08-18,17,143.8464719328964,148.4
2026-08-18,18,141.0263040652901,147.05
2026-08-18,19,143.1350196643315,149.3
2026-08-18,20,144.72834637597663,152.13
2026-08-18,21,142.34600163953206,147.12
2026-08-18,22,146.0518216117823,155.99
2026-08-18,23,153.23334717814467,159.44
2026-08-18,24,158.32863905250093,173.57
2026-08-18,25,157.70293025053073,172.39
2026-08-18,26,163.61158752974555,190.44
2026-08-18,27,162.7592817107432,192.51
2026-08-18,28,162.87529937879782,195.78
2026-08-18,29,171.39826021589548,199.7
2026-08-18,30,166.79550378380372,193.79
2026-08-18,31,158.17127334191588,188.86
2026-08-18,32,140.1739709772789,187.94
2026-08-18,33,165.79800876591824,201.38
2026-08-18,34,152.82150657718736,196.16
2026-08-18,35,140.3973256567714,180.0
2026-08-18,36,121.93720935585377,163.34
2026-08-18,37,144.37229498119623,174.56
2026-08-18,38,126.56932398839476,167.97
2026-08-18,39,107.4284005889708,156.37
2026-08-18,40,87.43481024155378,146.82
2026-08-18,41,105.06377669356424,160.98
2026-08-18,42,88.64879404281268,155.17
2026-08-18,43,70.4141045564929,147.9
2026-08-18,44,59.70327334306598,145.48
2026-08-18,45,66.41259188575376,148.95
2026-08-18,46,60.6656475034235,144.56
2026-08-18,47,51.89609819690014,141.93
2026-08-18,48,40.2334051910122,147.13
2026-08-18,49,46.89843316304376,137.31
2026-08-18,50,38.31689445117817,137.16
2026-08-18,51,33.598429217385714,136.41
2026-08-18,52,28.816334830019205,135.42
2026-08-18,53,30.40757182053329,133.77
2026-08-18,54,30.40551415708673,133.15
2026-08-18,55,26.91402234133282,131.76
2026-08-18,56,23.77003243733386,128.73
2026-08-18,57,23.88092192518476,129.85
2026-08-18,58,25.50166346766347,130.24
2026-08-18,59,28.54939629390473,131.96
2026-08-18,60,27.937230062694617,130.1
2026-08-18,61,26.17483809153743,131.79
2026-08-18,62,25.813270768263934,130.35
2026-08-18,63,33.83965871947358,131.72
2026-08-18,64,43.70616185329854,135.91
2026-08-18,65,37.91418045588796,132.03
2026-08-18,66,53.51545825854991,134.74
2026-08-18,67,70.61006096406268,139.72
2026-08-18,68,105.84864093658511,149.3
2026-08-18,69,76.58814659462871,138.26
2026-08-18,70,98.28873940591583,150.66
2026-08-18,71,114.26485835050902,160.5
2026-08-18,72,129.07308370037072,167.19
2026-08-18,73,112.4220939153536,159.01
2026-08-18,74,134.21847241032975,174.44
2026-08-18,75,145.4267058478844,187.57
2026-08-18,76,153.4455495411407,193.2
2026-08-18,77,139.70048606488822,192.0
2026-08-18,78,164.77030602375265,195.01
2026-08-18,79,175.71662484763485,200.16
2026-08-18,80,188.6131222002772,203.56
2026-08-18,81,185.1809596718584,198.56
2026-08-18,82,182.7902466310268,202.56
2026-08-18,83,161.94008734057294,202.0
2026-08-18,84,150.56995494028976,198.46
2026-08-18,85,167.22333110927002,203.6
2026-08-18,86,145.60648959868837,208.53
2026-08-18,87,155.92806451235165,196.03
2026-08-18,88,180.02081428546174,187.02
2026-08-18,89,163.53387941170877,200.23
2026-08-18,90,173.95333214917568,195.0
2026-08-18,91,168.5530350569082,188.25
2026-08-18,92,164.64717220866908,182.06
2026-08-18,93,162.9710288248415,191.52
2026-08-18,94,162.6105234132186,177.9
2026-08-18,95,154.46790023540512,174.25
2026-08-18,96,145.26465317934807,164.9
2026-08-19,1,169.85274095254863,192.0
2026-08-19,2,161.64408261495598,179.12
2026-08-19,3,156.8767923094895,174.36
2026-08-19,4,146.9863744811035,160.92
2026-08-19,5,155.18178477859257,163.46
2026-08-19,6,152.0932999172461,157.81
2026-08-19,7,150.46769705692495,156.13
2026-08-19,8,145.22496332071935,153.0
2026-08-19,9,147.32875357256952,156.88
2026-08-19,10,145.1489793538742,151.89
2026-08-19,11,144.7025568719961,150.39
2026-08-19,12,144.826146553773,146.49
2026-08-19,13,143.52345997821595,147.52
2026-08-19,14,143.87627607082507,147.94
2026-08-19,15,143.160523529814,146.48
2026-08-19,16,142.7554985856087,147.26
2026-08-19,17,143.69132998580878,148.07
2026-08-19,18,141.9585659686526,148.82
2026-08-19,19,142.2415585106651,150.0
2026-08-19,20,144.42789423773212,149.09
2026-08-19,21,141.74915053077785,155.03
2026-08-19,22,144.96210740194562,155.34
2026-08-19,23,152.85390683090085,161.45
2026-08-19,24,158.97180194734747,174.84
2026-08-19,25,160.08248916238682,173.09
2026-08-19,26,164.28154775439725,184.71
2026-08-19,27,166.03936861662467,188.92
2026-08-19,28,165.7562645998433,192.23
2026-08-19,29,178.41248861094263,197.0
2026-08-19,30,164.37471202151502,192.85
2026-08-19,31,159.5316777060044,191.72
2026-08-19,32,143.08809566828563,188.95
2026-08-19,33,166.6699878669522,202.0
2026-08-19,34,151.58941421559294,194.13
2026-08-19,35,135.79131900132032,186.99
2026-08-19,36,112.42349307151908,180.34
2026-08-19,37,134.5518038552659,200.0
2026-08-19,38,114.902293696024,179.92
2026-08-19,39,99.4028004510306,155.0
2026-08-19,40,76.59490539221359,143.78
2026-08-19,41,100.8662990513177,163.0
2026-08-19,42,80.68820142228586,154.9
2026-08-19,43,68.25841779444315,146.43
2026-08-19,44,50.28330586635014,146.34
2026-08-19,45,59.15771802894804,145.69
2026-08-19,46,52.791263493294856,146.02
2026-08-19,47,45.03803712677612,142.13
2026-08-19,48,35.20875329049791,138.0
2026-08-19,49,38.10107481607629,143.44
2026-08-19,50,27.836890480435944,135.42
2026-08-19,51,25.599977273023423,134.6
2026-08-19,52,23.23544382344144,130.87
2026-08-19,53,25.509130394548365,133.2
2026-08-19,54,24.02568671015167,129.43
2026-08-19,55,19.90903421427324,126.39
2026-08-19,56,13.001415276026666,123.8
2026-08-19,57,16.394622662468816,128.08
2026-08-19,58,18.897663055298946,129.28
2026-08-19,59,22.217292379453006,126.8
2026-08-19,60,22.47762076165991,126.93
2026-08-19,61,22.70905252513089,125.48
2026-08-19,62,18.341996718948582,129.36
2026-08-19,63,22.965099625220297,132.95
2026-08-19,64,30.52754456108589,136.24
2026-08-19,65,28.090262004236948,130.0
2026-08-19,66,34.52072464034161,135.0
2026-08-19,67,46.14197297977489,140.56
2026-08-19,68,56.60632759883647,147.71
2026-08-19,69,56.15893429289461,138.08
2026-08-19,70,82.90480346433885,146.02
2026-08-19,71,78.01335605449498,156.97
2026-08-19,72,111.01360522308327,173.5
2026-08-19,73,88.90526539300494,164.67
2026-08-19,74,130.00895613696298,180.0
2026-08-19,75,152.11708904898114,192.0
2026-08-19,76,176.0641567779288,198.27
2026-08-19,77,145.7629424092669,187.42
2026-08-19,78,174.11051479468378,205.02
2026-08-19,79,184.322690776486,215.99
2026-08-19,80,205.97329352691045,221.78
2026-08-19,81,174.7776314805959,199.57
2026-08-19,82,197.18223197840305,208.87
2026-08-19,83,219.4507760401593,212.6
2026-08-19,84,242.76087430670617,216.74
2026-08-19,85,211.3748933851382,212.86
2026-08-19,86,207.13080824791388,211.1
2026-08-19,87,199.1358217343359,203.54
2026-08-19,88,194.62763815012093,196.99
2026-08-19,89,196.14117816133347,206.89
2026-08-19,90,199.36724768715845,201.18
2026-08-19,91,204.95113972842984,198.0
2026-08-19,92,172.8698272822953,190.32
2026-08-19,93,199.42131863856272,196.0
2026-08-19,94,172.42913641978043,190.1
2026-08-19,95,167.3442329042953,185.0
2026-08-19,96,157.14358511826964,175.09
2026-08-20,1,180.63388055724704,185.0
2026-08-20,2,172.99313849066274,178.23
2026-08-20,3,164.74001012348643,168.62
2026-08-20,4,158.58371042541472,159.0
2026-08-20,5,164.33887812589217,166.11
2026-08-20,6,160.8947874443029,162.91
2026-08-20,7,159.30343705737653,162.11
2026-08-20,8,153.45528689172997,158.27
2026-08-20,9,156.83898298680694,158.91
2026-08-20,10,152.01634141528754,154.99
2026-08-20,11,150.52377415509562,151.5
2026-08-20,12,147.1987887922107,149.53
2026-08-20,13,150.64065280851912,149.15
2026-08-20,14,148.44605690821064,146.95
2026-08-20,15,146.17661584046627,148.89
2026-08-20,16,144.5549300435851,146.97
2026-08-20,17,145.9988621812801,145.9
2026-08-20,18,146.39246754477142,146.91
2026-08-20,19,146.43101535326466,149.56
2026-08-20,20,146.99117008426495,151.6
2026-08-20,21,144.45960571068196,148.71
2026-08-20,22,148.15391155900815,154.65
2026-08-20,23,154.4934760182181,162.13
2026-08-20,24,159.5176189294665,172.71
2026-08-20,25,159.8982951882356,171.64
2026-08-20,26,163.76449775182795,183.99
2026-08-20,27,166.820539877733,188.22
2026-08-20,28,161.3335210423283,187.35
2026-08-20,29,183.43093026935887,195.14
2026-08-20,30,166.17682222272362,188.66
2026-08-20,31,178.71809512186906,185.68
2026-08-20,32,153.12596474943177,176.25
2026-08-20,33,168.5421043906347,188.96
2026-08-20,34,158.5998442768097,177.63
2026-08-20,35,148.43721055541167,165.0
2026-08-20,36,162.6478704677065,155.4
2026-08-20,37,151.2946372066978,170.0
2026-08-20,38,124.00147020145248,165.11
2026-08-20,39,108.36285171057796,147.12
2026-08-20,40,90.01941337423081,135.79
2026-08-20,41,104.8186467347432,154.89
2026-08-20,42,90.10402142570176,137.18
2026-08-20,43,73.21925778269912,133.0
2026-08-20,44,60.94697042853856,117.89
2026-08-20,45,63.28635746513491,132.96
2026-08-20,46,56.11729832525525,112.6
2026-08-20,47,47.33660955735069,103.04
2026-08-20,48,36.545054542408025,89.22
2026-08-20,49,38.81700785383797,99.77
2026-08-20,50,32.004482340595544,83.69
2026-08-20,51,28.39897067854072,78.09
2026-08-20,52,24.65783372406209,72.97
2026-08-20,53,26.341146171025866,73.47
2026-08-20,54,24.831196722045817,68.25
2026-08-20,55,24.509246492748304,60.42
2026-08-20,56,23.34957660513096,52.69
2026-08-20,57,20.48872217737824,66.88
2026-08-20,58,19.49980983344417,65.18
2026-08-20,59,22.92736788767408,72.77
2026-08-20,60,27.232560958167984,72.93
2026-08-20,61,23.301763478815,78.7
2026-08-20,62,23.85183668136716,85.36
2026-08-20,63,26.51109810834549,97.36
2026-08-20,64,32.36918318025403,103.41
2026-08-20,65,26.98048438321257,73.87
2026-08-20,66,39.48197991077298,99.0
2026-08-20,67,73.88869102442126,119.24
2026-08-20,68,96.33087762190384,131.91
2026-08-20,69,57.16045066715674,128.09
2026-08-20,70,85.27846563009157,135.63
2026-08-20,71,106.73217451076866,151.07
2026-08-20,72,123.0582242149525,162.01
2026-08-20,73,105.74311965267498,140.81
2026-08-20,74,144.44310055202615,156.73
2026-08-20,75,167.6519723059915,177.35
2026-08-20,76,156.52478459690587,182.09
2026-08-20,77,152.49336492779108,180.59
2026-08-20,78,161.5819346015281,189.29
2026-08-20,79,177.09656182935746,196.2
2026-08-20,80,203.2698883905604,202.81
2026-08-20,81,182.2927108663596,198.85
2026-08-20,82,189.66207404969572,199.99
2026-08-20,83,191.9394227263324,201.56
2026-08-20,84,207.1238993732794,202.0
2026-08-20,85,198.6749061573121,200.64
2026-08-20,86,196.50430807561727,197.67
2026-08-20,87,199.56846683938045,195.01
2026-08-20,88,188.17988795698017,189.15
2026-08-20,89,199.21770228094653,193.65
2026-08-20,90,183.71680222081807,190.0
2026-08-20,91,182.61683655499127,187.99
2026-08-20,92,178.42862723305066,180.07
2026-08-20,93,180.33469674523545,180.09
2026-08-20,94,175.6437215620246,176.0
2026-08-20,95,170.06455091258735,170.93
2026-08-20,96,157.70133104635946,165.04
2026-08-21,1,180.15063991012025,183.05
2026-08-21,2,174.03477285296148,175.0
2026-08-21,3,172.09845177158545,166.45
2026-08-21,4,159.82600602187165,156.9
2026-08-21,5,168.0113968209168,165.55
2026-08-21,6,164.39459256608,162.28
2026-08-21,7,158.91314373052623,159.74
2026-08-21,8,155.37711319979582,154.39
2026-08-21,9,163.19051708264954,154.94
2026-08-21,10,155.6248057093909,152.71
2026-08-21,11,152.73427683805758,151.0
2026-08-21,12,153.48843017654625,151.3
2026-08-21,13,153.81623022683942,152.65
2026-08-21,14,153.4619192211526,151.11
2026-08-21,15,151.46398925136566,151.53
2026-08-21,16,150.329376588894,150.61
2026-08-21,17,150.68868907009573,150.88
2026-08-21,18,149.58481668279646,151.49
2026-08-21,19,149.83218644778196,152.57
2026-08-21,20,152.28299520213687,157.9
2026-08-21,21,149.2480003060539,152.1
2026-08-21,22,152.83112152197668,157.08
2026-08-21,23,160.92422716295502,169.32
2026-08-21,24,167.08871668820586,185.0
2026-08-21,25,166.4650442529653,181.71
2026-08-21,26,174.0156234978814,189.94
2026-08-21,27,173.75587684698098,189.93
2026-08-21,28,174.99175131697402,195.26
2026-08-21,29,183.3124754507328,193.58
2026-08-21,30,191.25948919462252,194.66
2026-08-21,31,186.4019457085101,195.32
2026-08-21,32,168.26924952069373,192.0
2026-08-21,33,185.65828613045736,211.88
2026-08-21,34,176.73473238202294,204.71
2026-08-21,35,151.01806646415534,188.2
2026-08-21,36,147.48143610695968,165.55
2026-08-21,37,156.1466074263867,193.04
2026-08-21,38,128.75970852848346,175.59
2026-08-21,39,110.8403249564672,158.24
2026-08-21,40,98.31250535610502,144.45
2026-08-21,41,111.465460052495,166.0
2026-08-21,42,100.22037473379336,154.69
2026-08-21,43,86.31999690659424,142.59
2026-08-21,44,72.86313394933867,132.72
2026-08-21,45,84.4378537594456,139.8
2026-08-21,46,65.40847162577478,142.14
2026-08-21,47,55.528251639665896,137.0
2026-08-21,48,41.22717137420148,136.59
2026-08-21,49,45.85030780925389,134.38
2026-08-21,50,37.693196789010905,134.62
2026-08-21,51,30.873023273516388,134.77
2026-08-21,52,24.233764669666936,137.07
2026-08-21,53,30.014271146656423,140.65
2026-08-21,54,23.57875393322056,138.01
2026-08-21,55,25.87445991831501,142.81
2026-08-21,56,27.755962073664783,140.51
2026-08-21,57,27.60656018423317,134.35
2026-08-21,58,26.93025004987948,142.05
2026-08-21,59,32.772207273275875,144.34
2026-08-21,60,36.88940841915092,143.95
2026-08-21,61,37.19821757779672,144.78
2026-08-21,62,39.57419798692803,145.0
2026-08-21,63,47.45558871209431,144.12
2026-08-21,64,59.08699985254124,165.09
2026-08-21,65,52.41886904277057,148.6
2026-08-21,66,77.74831990138546,157.97
2026-08-21,67,106.2219851641645,167.88
2026-08-21,68,123.71588736085384,191.51
2026-08-21,69,103.1116399053351,160.6
2026-08-21,70,116.2862158075469,180.84
2026-08-21,71,132.99468672309092,196.0
2026-08-21,72,152.190242075525,207.39
2026-08-21,73,135.20189018287925,193.49
2026-08-21,74,166.0306947722764,199.99
2026-08-21,75,178.12482445226746,196.37
2026-08-21,76,182.74425159895,198.11
2026-08-21,77,176.5051592566853,205.0
2026-08-21,78,184.02578612707345,204.34
2026-08-21,79,200.628246627568,199.99
2026-08-21,80,220.1039801197386,208.33
2026-08-21,81,197.74084905014345,206.99
2026-08-21,82,202.22606679115407,199.56
2026-08-21,83,211.5843178297428,200.76
2026-08-21,84,213.82722322314808,208.31
2026-08-21,85,211.2753239210564,205.32
2026-08-21,86,204.1951011914697,204.01
2026-08-21,87,193.98969868997736,195.96
2026-08-21,88,188.9726643892897,189.57
2026-08-21,89,197.26280960920147,192.71
2026-08-21,90,187.3547916871478,188.27
2026-08-21,91,183.47253834140264,189.26
2026-08-21,92,178.4229613908617,179.19
2026-08-21,93,181.32500405593365,182.37
2026-08-21,94,173.54704856688127,175.8
2026-08-21,95,166.49358082036667,171.92
2026-08-21,96,162.9111045102364,163.91
2026-08-22,1,175.58034785130118,176.56
2026-08-22,2,166.22889466201482,171.6
2026-08-22,3,160.90176976032336,166.27
2026-08-22,4,152.88970860830645,157.6
2026-08-22,5,159.3316950392553,164.97
2026-08-22,6,154.2808976688056,161.34
2026-08-22,7,149.1747171807116,160.01
2026-08-22,8,144.10293575778374,159.82
2026-08-22,9,149.39876413483702,159.97
2026-08-22,10,145.8863893734528,156.91
2026-08-22,11,143.61114254631562,159.9
2026-08-22,12,140.921355194773,158.07
2026-08-22,13,143.59200545670188,160.23
2026-08-22,14,139.99752392437256,155.99
2026-08-22,15,139.71587029849246,153.7
2026-08-22,16,137.72715361176526,147.64
2026-08-22,17,139.14916796701522,154.29
2026-08-22,18,140.36529649882914,149.62
2026-08-22,19,139.72375715500192,145.26
2026-08-22,20,137.3575317099637,144.83
2026-08-22,21,139.61901622972127,147.67
2026-08-22,22,137.8395685881989,143.8
2026-08-22,23,142.78092380822477,144.19
2026-08-22,24,144.16575668707634,146.37
2026-08-22,25,146.05227006426637,153.82
2026-08-22,26,140.57781624473367,156.7
2026-08-22,27,141.34481094958986,155.67
2026-08-22,28,134.52046936773587,149.37
2026-08-22,29,153.42963093719004,159.74
2026-08-22,30,135.75796625875654,146.89
2026-08-22,31,135.6281393810037,139.3
2026-08-22,32,113.64402862180684,130.09
2026-08-22,33,151.34968732175236,147.32
2026-08-22,34,128.24215611337524,138.0
2026-08-22,35,102.8183067004437,124.51
2026-08-22,36,99.90199850355452,102.69
2026-08-22,37,106.7971403177828,110.75
2026-08-22,38,82.54997444840289,98.63
2026-08-22,39,47.66146501422354,85.01
2026-08-22,40,48.536821479550525,66.68
2026-08-22,41,59.11453752728856,78.38
2026-08-22,42,46.89726474142574,64.13
2026-08-22,43,30.82491368254612,38.57
2026-08-22,44,26.111615763282067,20.1
2026-08-22,45,28.127158470776266,41.97
2026-08-22,46,24.873297267130795,20.59
2026-08-22,47,21.23816388928968,10.22
2026-08-22,48,16.08016194242289,6.47
2026-08-22,49,19.62021106438767,3.02
2026-08-22,50,16.000974786846495,0.96
2026-08-22,51,13.744754175097976,0.01
2026-08-22,52,8.488464735718907,0.0
2026-08-22,53,9.639150886693947,0.0
2026-08-22,54,7.691114191976461,0.0
2026-08-22,55,7.637125788721607,-0.01
2026-08-22,56,0.6238225895218128,-0.01
2026-08-22,57,4.316326588183058,-0.01
2026-08-22,58,6.385729637541023,-0.01
2026-08-22,59,9.96899135567556,-0.01
2026-08-22,60,11.632826231624238,-0.01
2026-08-22,61,9.53767927518482,-0.06
2026-08-22,62,8.805787747772058,-0.14
2026-08-22,63,11.848825843351351,-0.1
2026-08-22,64,15.64551047854729,-0.09
2026-08-22,65,8.356955372849296,-0.01
2026-08-22,66,16.508027371679127,0.0
2026-08-22,67,21.007390198285208,0.0
2026-08-22,68,13.49666352372681,0.0
2026-08-22,69,29.073294819974137,0.01
2026-08-22,70,47.54326724846669,2.05
2026-08-22,71,67.1469198901824,39.51
2026-08-22,72,89.93579943349378,71.99
2026-08-22,73,79.26625044948139,76.32
2026-08-22,74,122.55817388449188,95.15
2026-08-22,75,138.17653366613249,113.99
2026-08-22,76,131.72302087420854,134.83
2026-08-22,77,118.15809216044904,132.5
2026-08-22,78,131.62462944926858,141.86
2026-08-22,79,129.92583120640154,157.56
2026-08-22,80,118.13089829202951,164.68
2026-08-22,81,109.93359076882858,146.99
2026-08-22,82,119.76521879025374,156.78
2026-08-22,83,116.00437121860666,169.75
2026-08-22,84,114.45229726864709,183.13
2026-08-22,85,119.0766107473196,172.56
2026-08-22,86,132.22208937296108,170.74
2026-08-22,87,135.6979133483087,165.85
2026-08-22,88,147.33624357529538,163.66
2026-08-22,89,146.11626012767826,166.18
2026-08-22,90,151.05928889906616,158.41
2026-08-22,91,158.23780245698146,152.26
2026-08-22,92,150.10242338103475,145.98
2026-08-22,93,160.326734762792,146.75
2026-08-22,94,156.5848611712957,142.34
2026-08-22,95,154.55167748111216,139.28
2026-08-22,96,150.55095458314048,136.11
2026-08-23,1,152.18868302335204,140.99
2026-08-23,2,148.34138015599345,133.96
2026-08-23,3,140.48011116417473,129.02
2026-08-23,4,134.69795397859065,126.72
2026-08-23,5,142.70974363398133,131.2
2026-08-23,6,140.19792085795183,126.69
2026-08-23,7,141.9159988340459,124.79
2026-08-23,8,135.55466587216287,120.6
2026-08-23,9,140.27762452214262,126.28
2026-08-23,10,135.98822699479797,119.75
2026-08-23,11,132.99608657335924,117.56
2026-08-23,12,132.52658817687137,113.87
2026-08-23,13,132.1628697976194,117.57
2026-08-23,14,133.72969747301562,116.43
2026-08-23,15,132.0049077588166,115.74
2026-08-23,16,129.9557478975894,115.1
2026-08-23,17,131.4747447815934,117.63
2026-08-23,18,130.46307490591445,113.72
2026-08-23,19,129.35666230293612,113.64
2026-08-23,20,133.1538999808977,113.98
2026-08-23,21,128.48847315662982,116.5
2026-08-23,22,129.47057702854275,115.39
2026-08-23,23,134.96178997887958,117.78
2026-08-23,24,133.75073919351814,117.27
2026-08-23,25,139.63983458540068,119.5
2026-08-23,26,130.79533624010145,117.25
2026-08-23,27,126.01663755963206,116.62
2026-08-23,28,120.60853324882336,113.46
2026-08-23,29,136.38589753687745,115.99
2026-08-23,30,124.92239173477353,111.99
2026-08-23,31,118.74775843576552,100.0
2026-08-23,32,99.55076434959798,80.39
2026-08-23,33,111.63215450303142,95.58
2026-08-23,34,112.67312761998102,72.0
2026-08-23,35,63.13772228110837,25.56
2026-08-23,36,27.166907837916767,6.18
2026-08-23,37,90.6076401073669,4.48
2026-08-23,38,55.63665687137835,0.05
2026-08-23,39,-22.88362468025744,-0.13
2026-08-23,40,10.7773885439305,-0.38
2026-08-23,41,-16.88745374020384,-0.19
2026-08-23,42,1.5656866837017418,-0.44
2026-08-23,43,0.0905148053915496,-0.64
2026-08-23,44,-3.9939600519200127,-1.01
2026-08-23,45,-3.37097433820918,-1.0
2026-08-23,46,-3.429639215421716,-1.62
2026-08-23,47,-3.906054540728064,-2.03
2026-08-23,48,-0.3233529215218595,-2.67
2026-08-23,49,-5.6423282230514005,-2.99
2026-08-23,50,-3.960493390973653,-3.17
2026-08-23,51,-4.58586464948813,-2.99
2026-08-23,52,-8.107009118450623,-2.99
2026-08-23,53,-5.98411829587071,-3.52
2026-08-23,54,-20.959715698358583,-4.99
2026-08-23,55,-19.717384275759308,-5.44
2026-08-23,56,-17.069133013311095,-6.04
2026-08-23,57,-23.99263341225901,-6.21
2026-08-23,58,-22.40540037730884,-5.07
2026-08-23,59,-22.649204339206896,-3.04
2026-08-23,60,-20.36504454854001,-2.61
2026-08-23,61,-21.057964624364946,-2.01
2026-08-23,62,-6.477707180813116,-1.73
2026-08-23,63,-4.778791677243715,-1.0
2026-08-23,64,-11.422405042799536,-1.17
2026-08-23,65,-11.082124143291448,-1.03
2026-08-23,66,-1.145986472233723,-1.0
2026-08-23,67,6.513660528726916,-0.1
2026-08-23,68,40.33692934111041,0.0
2026-08-23,69,15.784978361783402,0.07
2026-08-23,70,45.71716734923573,10.71
2026-08-23,71,76.10886824218031,70.68
2026-08-23,72,100.33875055011076,112.04
2026-08-23,73,88.21795222878895,104.2
2026-08-23,74,120.36041655862162,129.33
2026-08-23,75,132.96669042969367,161.71
2026-08-23,76,145.7081631169748,182.45
2026-08-23,77,136.9515348671079,165.07
2026-08-23,78,143.35771818125167,177.63
2026-08-23,79,140.22518127098587,189.05
2026-08-23,80,135.47362163660424,189.05
2026-08-23,81,127.54506293213984,188.4
2026-08-23,82,135.7884688676186,187.17
2026-08-23,83,147.1430639245504,185.37
2026-08-23,84,163.3842875709452,182.62
2026-08-23,85,153.0799628042447,179.93
2026-08-23,86,155.96214216179274,179.07
2026-08-23,87,155.29524080498794,176.95
2026-08-23,88,160.11484294345502,176.25
2026-08-23,89,169.34796160567657,174.86
2026-08-23,90,160.64018459572338,173.54
2026-08-23,91,161.22451299159243,172.48
2026-08-23,92,160.04713438296164,169.83
2026-08-23,93,163.2918531457958,168.91
2026-08-23,94,153.44864605338554,166.69
2026-08-23,95,155.12644745799503,166.12
2026-08-23,96,150.04321192077876,160.08
2026-08-24,1,160.74657964014662,164.69
2026-08-24,2,155.56589485369196,162.16
2026-08-24,3,149.77400584020393,161.58
2026-08-24,4,144.35848214288654,155.29
2026-08-24,5,148.3777885537988,160.04
2026-08-24,6,146.5458783773134,154.13
2026-08-24,7,145.95591155161227,149.59
2026-08-24,8,142.74813460637588,146.73
2026-08-24,9,144.42681692094865,148.2
2026-08-24,10,141.89462430549716,147.5
2026-08-24,11,140.9931783332368,147.83
2026-08-24,12,138.76705049436043,148.0
2026-08-24,13,140.003590404125,149.54
2026-08-24,14,140.46557072435576,149.94
2026-08-24,15,142.7104847718129,148.36
2026-08-24,16,145.38417319607362,147.1
2026-08-24,17,142.1151074933972,147.16
2026-08-24,18,142.8989886073833,149.0
2026-08-24,19,145.98819006102428,151.54
2026-08-24,20,150.8237336553112,157.49
2026-08-24,21,144.77176885727278,152.5
2026-08-24,22,151.17868990604407,166.85
2026-08-24,23,164.85379194890606,179.34
2026-08-24,24,172.65140501772095,191.99
2026-08-24,25,166.4341984014393,180.77
2026-08-24,26,175.9952779958433,196.38
2026-08-24,27,177.26380739683393,222.35
2026-08-24,28,176.13227862090594,223.18
2026-08-24,29,185.7093529058684,233.26
2026-08-24,30,189.00801944598825,220.85
2026-08-24,31,181.2682013613345,192.17
2026-08-24,32,173.90823233052868,179.32
2026-08-24,33,191.2197897763998,204.1
2026-08-24,34,171.8439817701484,180.13
2026-08-24,35,157.49550516543536,170.39
2026-08-24,36,151.07567612585896,152.5
2026-08-24,37,164.93950109887976,175.0
2026-08-24,38,141.19612564883914,150.19
2026-08-24,39,124.23519119033556,126.7
2026-08-24,40,92.79359528895972,113.49
2026-08-24,41,120.83317207003935,136.35
2026-08-24,42,96.0875196523537,119.76
2026-08-24,43,75.41151559931778,110.24
2026-08-24,44,63.58308892835672,83.94
2026-08-24,45,66.33789386350465,104.54
2026-08-24,46,60.17330189697637,82.3
2026-08-24,47,51.35675526145111,74.15
2026-08-24,48,40.62226792462113,60.05
2026-08-24,49,42.034179146702414,62.04
2026-08-24,50,35.91839345087217,52.84
2026-08-24,51,30.015123770804,57.68
2026-08-24,52,22.42136841672879,49.97
2026-08-24,53,26.52143163111109,48.81
2026-08-24,54,21.03994231736597,40.64
2026-08-24,55,9.887625732026468,27.0
2026-08-24,56,7.860015739939648,20.13
2026-08-24,57,20.504236853483462,31.67
2026-08-24,58,19.61865591100229,39.89
2026-08-24,59,24.145006475921004,33.63
2026-08-24,60,30.364357575354944,37.44
2026-08-24,61,29.597164905778268,50.24
2026-08-24,62,38.540254676207525,59.01
2026-08-24,63,47.370326474879526,84.32
2026-08-24,64,62.427208530513525,96.42
2026-08-24,65,59.49512875963868,71.89
2026-08-24,66,76.91287521477659,99.39
2026-08-24,67,91.74107147824832,110.25
2026-08-24,68,112.88119170847496,126.82
2026-08-24,69,86.37112536489306,112.65
2026-08-24,70,126.94219995753514,130.4
2026-08-24,71,134.15464325293576,156.43
2026-08-24,72,165.43112994418712,174.36
2026-08-24,73,146.7142432647891,155.96
2026-08-24,74,147.91173246647338,173.53
2026-08-24,75,162.95051253718592,184.38
2026-08-24,76,179.10771920180022,215.47
2026-08-24,77,169.80256159470508,188.3
2026-08-24,78,181.60762820598305,209.39
2026-08-24,79,196.4430663967717,229.87
2026-08-24,80,222.21649936459875,249.92
2026-08-24,81,209.2786067415587,239.9
2026-08-24,82,215.43365691114,224.86
2026-08-24,83,212.55306294209987,216.36
2026-08-24,84,210.88011623672745,196.99
2026-08-24,85,218.3176939017324,199.0
2026-08-24,86,214.9707467669979,193.23
2026-08-24,87,204.07305464264667,183.05
2026-08-24,88,186.5023645039571,176.83
2026-08-24,89,200.8380313779722,176.54
2026-08-24,90,189.1763673530772,173.52
2026-08-24,91,179.53902605149713,169.99
2026-08-24,92,167.25780693757793,167.05
2026-08-24,93,176.7744260443757,163.19
2026-08-24,94,167.67024285556502,157.08
2026-08-24,95,161.50805820805817,154.12
2026-08-24,96,152.48321932641556,144.51
2026-08-25,1,157.20421593596254,155.82
2026-08-25,2,150.89170398973673,154.66
2026-08-25,3,143.0225473436236,151.45
2026-08-25,4,128.91560998082824,147.43
2026-08-25,5,146.4597403659311,152.74
2026-08-25,6,136.2644989650254,145.42
2026-08-25,7,137.18912314953326,144.74
2026-08-25,8,133.34457413163966,144.4
2026-08-25,9,139.21529240438872,144.01
2026-08-25,10,134.3573651791256,141.92
2026-08-25,11,131.65861511096614,142.19
2026-08-25,12,129.52260565765783,141.54
2026-08-25,13,130.60460120555672,139.87
2026-08-25,14,127.24721603649488,139.8
2026-08-25,15,127.63647321050924,139.86
2026-08-25,16,124.41002383444304,140.49
2026-08-25,17,127.93921798097092,139.94
2026-08-25,18,130.53884280022822,141.0
2026-08-25,19,130.26786819964553,141.55
2026-08-25,20,129.7235943960116,143.99
2026-08-25,21,132.0797231997921,144.99
2026-08-25,22,133.7003401354565,145.66
2026-08-25,23,142.07149860434927,150.6
2026-08-25,24,151.79301162663631,157.07
2026-08-25,25,155.92775868212556,164.7
2026-08-25,26,161.0967621411521,170.99
2026-08-25,27,165.09940238821562,173.37
2026-08-25,28,166.86340857472817,176.6
2026-08-25,29,175.36717386893926,184.84
2026-08-25,30,165.66810305545064,185.05
2026-08-25,31,163.65286071661438,181.76
2026-08-25,32,154.99735702326893,170.99
2026-08-25,33,174.7076071513115,187.63
2026-08-25,34,146.3240396673647,173.97
2026-08-25,35,144.35670544877098,166.16
2026-08-25,36,120.10456377097138,157.86
2026-08-25,37,143.1484139830957,165.47
2026-08-25,38,134.14921506187576,152.68
2026-08-25,39,101.41480941021145,135.91
2026-08-25,40,88.00740869453345,127.69
2026-08-25,41,100.57490745685656,140.49
2026-08-25,42,50.91561413033333,122.67
2026-08-25,43,74.25090301103279,113.0
2026-08-25,44,61.96492969357528,93.68
2026-08-25,45,71.80782122336335,108.4
2026-08-25,46,62.26622892920066,92.72
2026-08-25,47,46.081804398347,72.98
2026-08-25,48,37.51958453951082,58.48
2026-08-25,49,38.62325082681431,79.08
2026-08-25,50,29.28446933042396,62.6
2026-08-25,51,25.32385155988336,67.03
2026-08-25,52,18.31077145684629,59.92
2026-08-25,53,19.012480814044032,69.99
2026-08-25,54,22.167080288872185,62.38
2026-08-25,55,15.157835501452947,58.53
2026-08-25,56,-8.76911665969899,57.93
2026-08-25,57,15.734457126344026,56.63
2026-08-25,58,15.23328069475154,60.02
2026-08-25,59,15.980467438725768,73.79
2026-08-25,60,19.227700079989862,83.41
2026-08-25,61,17.805992132436977,67.26
2026-08-25,62,18.65574119577469,78.57
2026-08-25,63,21.832578404985085,92.24
2026-08-25,64,31.64375935946564,101.92
2026-08-25,65,26.751856879914392,91.07
2026-08-25,66,45.781533792113656,111.5
2026-08-25,67,27.691497298578746,118.01
2026-08-25,68,14.275754987317429,137.03
2026-08-25,69,75.97660840911522,118.68
2026-08-25,70,83.20474563101502,138.7
2026-08-25,71,88.10430522068079,159.85
2026-08-25,72,101.14016156637882,170.98
2026-08-25,73,99.9991375622154,154.99
2026-08-25,74,133.82408385965704,172.0
2026-08-25,75,156.63442629871213,186.91
2026-08-25,76,180.08007733064628,201.23
2026-08-25,77,161.63841899578233,193.07
2026-08-25,78,185.07475230881607,205.65
2026-08-25,79,204.32964544157852,219.86
2026-08-25,80,218.50458417103525,218.65
2026-08-25,81,205.1667148523842,200.32
2026-08-25,82,217.34683952839347,212.58
2026-08-25,83,210.10642469277388,211.73
2026-08-25,84,208.73282887429025,195.94
2026-08-25,85,207.8823573312139,192.1
2026-08-25,86,205.1854848179284,186.95
2026-08-25,87,166.91471884945452,178.93
2026-08-25,88,161.98643204475104,171.99
2026-08-25,89,182.25517028088387,175.87
2026-08-25,90,176.42044634576862,172.57
2026-08-25,91,166.01433228463443,176.25
2026-08-25,92,160.948938998997,164.38
2026-08-25,93,162.16374586990352,167.84
2026-08-25,94,161.38618699248042,161.33
2026-08-25,95,161.61342358774135,161.29
2026-08-25,96,148.2204892471697,148.18
2026-08-26,1,169.95215758750246,180.19
2026-08-26,2,160.59837610716824,165.74
2026-08-26,3,156.08879605449377,157.29
2026-08-26,4,148.99060012170622,152.89
2026-08-26,5,157.00703395584907,161.06
2026-08-26,6,149.20057201718018,156.44
2026-08-26,7,147.97312141573974,156.64
2026-08-26,8,142.87646830337204,154.09
2026-08-26,9,146.82034161544658,152.29
2026-08-26,10,142.92330312766947,151.95
2026-08-26,11,140.39843453062494,151.23
2026-08-26,12,137.9871200348242,151.1
2026-08-26,13,138.62926344144128,149.78
2026-08-26,14,136.93980419196188,148.95
2026-08-26,15,135.62171652707977,150.01
2026-08-26,16,135.0440305578575,149.66
2026-08-26,17,134.9903745382621,149.86
2026-08-26,18,135.95636940090372,150.39
2026-08-26,19,138.63056587162447,151.95
2026-08-26,20,141.62465143003286,154.83
2026-08-26,21,139.70330738454754,150.58
2026-08-26,22,144.22078138714778,156.97
2026-08-26,23,151.45946302790347,163.26
2026-08-26,24,160.63702133267358,171.05
2026-08-26,25,166.194043563716,173.79
2026-08-26,26,173.5381196305089,185.5
2026-08-26,27,177.68175559418083,190.07
2026-08-26,28,190.5838618261625,191.16
2026-08-26,29,183.51160835646047,199.35
2026-08-26,30,193.0536584919001,198.92
2026-08-26,31,174.43085210060414,194.48
2026-08-26,32,158.64617622643837,189.4
2026-08-26,33,181.9715293879908,212.12
2026-08-26,34,170.24002342051833,204.49
2026-08-26,35,155.10873936738508,186.55
2026-08-26,36,134.33124545826556,170.92
2026-08-26,37,157.4487613137766,191.26
2026-08-26,38,145.4248033604912,173.42
2026-08-26,39,136.88658943083828,157.54
2026-08-26,40,103.73783486868663,144.27
2026-08-26,41,147.26678233744803,165.21
2026-08-26,42,102.31054639405244,135.93
2026-08-26,43,86.71733868236687,128.23
2026-08-26,44,76.0137061804886,120.55
2026-08-26,45,81.62918599453118,132.06
2026-08-26,46,72.54363945620125,125.1
2026-08-26,47,64.59800894775653,119.8
2026-08-26,48,50.66149682935431,105.68
2026-08-26,49,55.01785944331229,112.77
2026-08-26,50,45.46241137053649,94.25
2026-08-26,51,41.13621865738274,97.47
2026-08-26,52,36.90914558244011,89.93
2026-08-26,53,37.59170184349951,101.01
2026-08-26,54,36.33844088208431,91.06
2026-08-26,55,35.88830834510344,85.01
2026-08-26,56,31.325704847251647,81.08
2026-08-26,57,31.567900333926424,90.48
2026-08-26,58,30.984667067660467,90.76
2026-08-26,59,33.20720630394097,91.87
2026-08-26,60,38.150532735208174,94.77
2026-08-26,61,34.39089860391893,93.62
2026-08-26,62,38.9061229360628,100.66
2026-08-26,63,46.663384396387045,104.3
2026-08-26,64,58.61588418087865,111.63
2026-08-26,65,54.97834710169249,108.35
2026-08-26,66,76.29138869157161,117.55
2026-08-26,67,99.70024203392904,122.93
2026-08-26,68,134.19797269626713,141.2
2026-08-26,69,112.71433684019576,125.31
2026-08-26,70,119.0993956426844,149.7
2026-08-26,71,131.5864698883611,173.0
2026-08-26,72,154.04037378970878,179.87
2026-08-26,73,167.84292341736105,160.51
2026-08-26,74,154.50394425032587,173.58
2026-08-26,75,170.60239230603855,191.78
2026-08-26,76,188.81009414060617,216.63
2026-08-26,77,173.78939656428395,193.34
2026-08-26,78,189.33333259700032,206.64
2026-08-26,79,194.8120606192687,218.91
2026-08-26,80,209.44446647841616,226.09
2026-08-26,81,191.53160755044792,218.8
2026-08-26,82,205.9112362960093,206.45
2026-08-26,83,203.60414747583812,195.66
2026-08-26,84,211.22721126282187,186.2
2026-08-26,85,201.56266867153903,188.82
2026-08-26,86,196.5881746521955,180.72
2026-08-26,87,192.59964079580976,177.31
2026-08-26,88,185.2149692473214,167.92
2026-08-26,89,189.0641122957564,172.29
2026-08-26,90,188.74936046996987,165.95
2026-08-26,91,177.5131895696747,164.16
2026-08-26,92,171.0410007314646,151.95
2026-08-26,93,169.05906680255995,161.94
2026-08-26,94,164.84046739732767,152.79
2026-08-26,95,162.50853969476253,150.0
2026-08-26,96,160.2684604617352,139.72
2026-08-27,1,161.68136224145013,155.22
2026-08-27,2,153.64595927821605,149.8
2026-08-27,3,147.26885814409297,147.17
2026-08-27,4,141.8948138773099,142.03
2026-08-27,5,149.20300647155128,149.56
2026-08-27,6,142.52887080819116,142.95
2026-08-27,7,141.88194860162534,141.73
2026-08-27,8,139.6002842605209,134.46
2026-08-27,9,140.29377441599615,138.69
2026-08-27,10,136.51045856537394,134.86
2026-08-27,11,136.2311177863514,134.18
2026-08-27,12,133.59888140069134,132.95
2026-08-27,13,135.40960703610224,135.43
2026-08-27,14,133.23156686891153,134.02
2026-08-27,15,131.04955552521002,134.31
2026-08-27,16,130.18992594213367,133.93
2026-08-27,17,131.31914973268505,133.7
2026-08-27,18,131.26754984240435,134.13
2026-08-27,19,132.46195781608046,136.66
2026-08-27,20,134.66719916304868,140.27
2026-08-27,21,135.1349357173014,139.14
2026-08-27,22,138.45937039572803,139.4
2026-08-27,23,142.74184721108966,147.27
2026-08-27,24,155.99767800487382,160.43
2026-08-27,25,154.5668827530868,160.45
2026-08-27,26,155.85236027794318,169.22
2026-08-27,27,162.99891853732504,170.35
2026-08-27,28,160.85090538730324,170.31
2026-08-27,29,169.43043655705617,176.04
2026-08-27,30,170.08077796346203,176.34
2026-08-27,31,168.30626804750676,174.79
2026-08-27,32,168.49452037740534,169.41
2026-08-27,33,169.13972311506907,176.02
2026-08-27,34,161.7221818143116,170.22
2026-08-27,35,156.28596457811176,157.54
2026-08-27,36,142.90829269962245,137.77
2026-08-27,37,152.93953250216754,151.28
2026-08-27,38,137.25740861192094,132.34
2026-08-27,39,123.81266748044146,116.91
2026-08-27,40,109.49285219798622,98.08
2026-08-27,41,133.99031340452044,126.98
2026-08-27,42,91.7292539486182,116.1
2026-08-27,43,75.49653320416847,94.98
2026-08-27,44,66.73011706702125,78.35
2026-08-27,45,73.72672838674248,105.06
2026-08-27,46,63.68869829611442,71.31
2026-08-27,47,54.154852554492166,40.0
2026-08-27,48,41.98047842732333,13.94
2026-08-27,49,48.50003210505756,31.59
2026-08-27,50,41.29083887234181,23.84
2026-08-27,51,37.846600243457445,20.09
2026-08-27,52,31.835960957601973,11.21
2026-08-27,53,31.562405367189022,10.02
2026-08-27,54,31.83372076618501,10.05
2026-08-27,55,33.93624867907857,6.16
2026-08-27,56,33.17451112807168,0.06
2026-08-27,57,27.818846115560888,0.09
2026-08-27,58,28.51392312413407,10.03
2026-08-27,59,30.789290939728577,20.05
2026-08-27,60,31.17863827148497,26.6
2026-08-27,61,32.16329904890561,22.36
2026-08-27,62,36.991265775698665,30.01
2026-08-27,63,42.052688150826896,54.58
2026-08-27,64,49.722982505630014,74.58
2026-08-27,65,50.77303645888074,51.04
2026-08-27,66,63.81887814638412,93.31
2026-08-27,67,86.41444647325834,112.93
2026-08-27,68,99.1064149455078,127.32
2026-08-27,69,82.55795709823938,115.08
2026-08-27,70,114.38629906715852,128.97
2026-08-27,71,139.40373067602658,154.02
2026-08-27,72,151.4985464421108,168.73
2026-08-27,73,139.54242507996364,151.75
2026-08-27,74,147.07683480397802,169.48
2026-08-27,75,163.1180767818232,177.02
2026-08-27,76,173.32127214232747,197.0
2026-08-27,77,159.4418289959808,184.45
2026-08-27,78,176.33433876673678,194.52
2026-08-27,79,184.10363099410367,205.99
2026-08-27,80,194.07680916145685,212.09
2026-08-27,81,185.7364498960444,205.74
2026-08-27,82,186.63442025483457,192.87
2026-08-27,83,187.1609685996468,187.8
2026-08-27,84,185.04438211336185,179.54
2026-08-27,85,186.7491757480038,192.13
2026-08-27,86,178.9882338145465,180.12
2026-08-27,87,170.98145807959227,171.99
2026-08-27,88,157.88462684288058,159.44
2026-08-27,89,157.9569541952081,175.56
2026-08-27,90,166.0335361297216,170.0
2026-08-27,91,168.34966596170037,159.68
2026-08-27,92,160.97299028028414,154.44
2026-08-27,93,166.2413067583099,159.9
2026-08-27,94,156.8896039183251,153.16
2026-08-27,95,155.21035091657262,149.08
2026-08-27,96,145.38780408395897,139.42
2026-08-28,1,152.3006921476794,141.01
2026-08-28,2,144.28485656349406,141.92
2026-08-28,3,141.14855930488076,139.0
2026-08-28,4,134.73040324593404,136.16
2026-08-28,5,140.83172835160346,141.81
2026-08-28,6,136.45929480505222,138.66
2026-08-28,7,136.29230210912067,138.02
2026-08-28,8,132.98781599269586,138.66
2026-08-28,9,135.04811934882957,137.18
2026-08-28,10,133.83329524921874,138.68
2026-08-28,11,134.21931219442234,140.51
2026-08-28,12,136.1039485449581,136.6
2026-08-28,13,134.034732101655,140.89
2026-08-28,14,138.13738042371867,139.62
2026-08-28,15,138.73890495517185,138.26
2026-08-28,16,138.60659331609935,136.43
2026-08-28,17,138.4050940620619,137.11
2026-08-28,18,135.9428510094747,139.44
2026-08-28,19,140.42686825073054,139.96
2026-08-28,20,142.38736430790777,139.85
2026-08-28,21,141.01175304417458,137.37
2026-08-28,22,143.28263874535517,141.3
2026-08-28,23,152.55723236128176,148.48
2026-08-28,24,168.70794706350307,159.92
2026-08-28,25,160.93388036451285,164.48
2026-08-28,26,171.78434659372152,172.23
2026-08-28,27,179.58216522483113,174.29
2026-08-28,28,181.78140644451983,173.03
2026-08-28,29,184.11273703877768,179.81
2026-08-28,30,181.5552749568456,180.26
2026-08-28,31,183.56303661671492,177.41
2026-08-28,32,159.8765789314665,174.44
2026-08-28,33,179.111306330997,187.4
2026-08-28,34,164.26825884912114,172.74
2026-08-28,35,149.1730723357472,162.59
2026-08-28,36,147.64518920425624,155.15
2026-08-28,37,149.99745482451343,161.87
2026-08-28,38,131.86509162635136,161.77
2026-08-28,39,93.1760041606032,151.21
2026-08-28,40,93.3152670683778,145.76
2026-08-28,41,112.5771128391548,155.0
2026-08-28,42,104.04802245963508,142.59
2026-08-28,43,85.13979409409603,130.66
2026-08-28,44,70.88010198047077,122.31
2026-08-28,45,85.61901161096166,129.06
2026-08-28,46,66.55487303257999,122.65
2026-08-28,47,52.43036365832649,117.81
2026-08-28,48,39.66132048119161,116.81
2026-08-28,49,42.7782710220158,112.08
2026-08-28,50,37.28999199505104,108.98
2026-08-28,51,32.05761980695918,112.94
2026-08-28,52,26.709008031025853,109.56
2026-08-28,53,27.8894886255382,98.45
2026-08-28,54,25.81091424404424,93.85
2026-08-28,55,23.05221745196285,100.58
2026-08-28,56,16.389980627506244,92.07
2026-08-28,57,17.564715840442787,102.01
2026-08-28,58,24.040475912451928,100.0
2026-08-28,59,27.86864748513901,106.26
2026-08-28,60,33.133774159018536,107.73
2026-08-28,61,31.90815248577846,109.55
2026-08-28,62,36.60276751837999,112.23
2026-08-28,63,49.45064838372603,116.41
2026-08-28,64,62.25454353464184,119.29
2026-08-28,65,59.18639740681703,111.35
2026-08-28,66,88.02994832835688,118.32
2026-08-28,67,96.16198700668572,122.23
2026-08-28,68,106.91272161210028,126.34
2026-08-28,69,101.44364292625448,116.99
2026-08-28,70,129.00427327764598,135.97
2026-08-28,71,155.0732421099115,156.76
2026-08-28,72,166.9391962520893,163.09
2026-08-28,73,146.77482696222498,144.39
2026-08-28,74,173.30468635089926,160.89
2026-08-28,75,182.1276961596993,167.3
2026-08-28,76,199.1585346984476,169.34
2026-08-28,77,177.51532737687762,154.89
2026-08-28,78,202.3039964973914,165.82
2026-08-28,79,215.0600344812808,175.5
2026-08-28,80,221.7376997467684,193.95
2026-08-28,81,213.3304223363141,174.88
2026-08-28,82,212.4350540256331,177.73
2026-08-28,83,206.8882362314528,180.83
2026-08-28,84,203.7854350202623,173.64
2026-08-28,85,204.61549553804144,176.3
2026-08-28,86,196.21528280846496,168.12
2026-08-28,87,188.27231354141225,166.01
2026-08-28,88,178.8205023791018,154.01
2026-08-28,89,181.3899823851428,171.44
2026-08-28,90,176.91862817252832,162.3
2026-08-28,91,178.72629860932824,161.4
2026-08-28,92,171.38456000489933,150.64
2026-08-28,93,169.68206559769996,157.08
2026-08-28,94,161.91837422383423,150.8
2026-08-28,95,156.89921005754917,141.55
2026-08-28,96,149.65274894549609,131.1
2026-08-29,1,153.68862833258643,141.58
2026-08-29,2,144.63711726113044,135.4
2026-08-29,3,140.58759487135706,127.97
2026-08-29,4,132.812964172498,117.12
2026-08-29,5,138.10159091025423,117.5
2026-08-29,6,138.04957846550818,114.51
2026-08-29,7,133.15139547615465,110.37
2026-08-29,8,129.4849247539475,107.04
2026-08-29,9,132.38368865418235,107.51
2026-08-29,10,130.43691889180656,101.93
2026-08-29,11,130.41208181739242,100.07
2026-08-29,12,129.74987360759425,91.68
2026-08-29,13,124.25547321495644,97.47
2026-08-29,14,125.17201151051992,91.82
2026-08-29,15,124.81666586882176,91.19
2026-08-29,16,125.49977368939298,92.52
2026-08-29,17,129.18295257030778,96.99
2026-08-29,18,129.59204698054728,93.91
2026-08-29,19,127.74098278960784,91.6
2026-08-29,20,127.21752959339604,89.52
2026-08-29,21,130.84510387825657,99.26
2026-08-29,22,128.6255185714879,95.12
2026-08-29,23,127.92543290402422,95.23
2026-08-29,24,138.6996116355627,96.71
2026-08-29,25,138.96298004445626,97.2
2026-08-29,26,133.34099431182136,97.47
2026-08-29,27,140.2414706547959,97.19
2026-08-29,28,147.19569029807994,96.68
2026-08-29,29,146.14680678632183,107.2
2026-08-29,30,141.7801251579404,103.88
2026-08-29,31,139.3024731990539,100.79
2026-08-29,32,122.57894051924144,93.09
2026-08-29,33,131.10780728473918,106.11
2026-08-29,34,112.19960220416807,83.69
2026-08-29,35,96.46634134080055,41.79
2026-08-29,36,78.42701390475415,10.09
2026-08-29,37,91.59815668035851,18.4
2026-08-29,38,76.28329604826953,0.06
2026-08-29,39,66.32212121353976,-0.01
2026-08-29,40,44.37802210164964,-0.15
2026-08-29,41,54.55065263379557,-0.01
2026-08-29,42,39.87240788495036,-0.1
2026-08-29,43,23.671536520425,-0.51
2026-08-29,44,27.145818861672765,-0.75
2026-08-29,45,24.81188877441144,-1.1
2026-08-29,46,27.611135259178223,-1.35
2026-08-29,47,28.238046392151503,-1.39
2026-08-29,48,25.11542346907965,-1.58
2026-08-29,49,29.172702977959936,-1.57
2026-08-29,50,27.18315107414548,-1.78
2026-08-29,51,23.48626521933774,-1.88
2026-08-29,52,18.11905625130472,-2.02
2026-08-29,53,20.14415476693439,-1.91
2026-08-29,54,16.794343060847275,-1.89
2026-08-29,55,15.651181703019898,-1.69
2026-08-29,56,14.365412587454276,-1.56
2026-08-29,57,12.59004948226839,-1.53
2026-08-29,58,14.576322112248764,-1.29
2026-08-29,59,15.02322320159454,-1.0
2026-08-29,60,9.795390185330076,-0.88
2026-08-29,61,6.16064583388673,-0.08
2026-08-29,62,4.948986154297366,-0.01
2026-08-29,63,8.020625598488113,0.0
2026-08-29,64,10.112489248190414,0.0
2026-08-29,65,7.881104533476328,0.0
2026-08-29,66,7.750085525025483,1.66
2026-08-29,67,19.46853035474936,30.88
2026-08-29,68,31.977019291237312,65.78
2026-08-29,69,27.70889136354509,51.44
2026-08-29,70,48.01132012734119,100.78
2026-08-29,71,64.73941268857315,131.42
2026-08-29,72,95.10685908435796,168.33
2026-08-29,73,69.61842567482158,146.48
2026-08-29,74,107.9038472874974,152.72
2026-08-29,75,139.73739449263132,185.46
2026-08-29,76,159.30888248885853,201.35
2026-08-29,77,139.14136752126606,183.9
2026-08-29,78,155.5930717449204,191.92
2026-08-29,79,162.1334466295452,205.57
2026-08-29,80,176.29614547059782,214.47
2026-08-29,81,162.66512365048877,217.5
2026-08-29,82,170.38874317139232,198.94
2026-08-29,83,176.78081545748472,181.76
2026-08-29,84,177.69651309709892,180.92
2026-08-29,85,180.6853704833045,205.71
2026-08-29,86,176.94385069656502,179.29
2026-08-29,87,172.13537467317082,166.74
2026-08-29,88,163.34902571725658,158.33
2026-08-29,89,174.73696890357408,181.9
2026-08-29,90,166.45586245072428,162.32
2026-08-29,91,163.36043652019345,158.1
2026-08-29,92,154.0811063783595,151.65
2026-08-29,93,157.5890701716465,150.77
2026-08-29,94,147.42167347457277,146.47
2026-08-29,95,145.43319905075208,145.54
2026-08-29,96,139.08085706444064,139.68
2026-08-30,1,146.91575051726937,135.07
2026-08-30,2,138.891617916868,124.31
2026-08-30,3,135.7136284207138,110.72
2026-08-30,4,130.39323073582082,99.62
2026-08-30,5,133.62065153937064,108.66
2026-08-30,6,129.9727309465037,103.92
2026-08-30,7,120.21325535065036,101.17
2026-08-30,8,111.43058614103212,96.6
2026-08-30,9,120.78077368458212,98.6
2026-08-30,10,118.74259989506837,88.17
2026-08-30,11,110.81046438986732,80.99
2026-08-30,12,107.32631354607096,76.38
2026-08-30,13,112.63813317486182,89.37
2026-08-30,14,96.50276639936686,79.85
2026-08-30,15,98.60038711815872,75.68
2026-08-30,16,105.21803799139865,66.85
2026-08-30,17,111.1838295839738,71.26
2026-08-30,18,110.64077794451948,67.43
2026-08-30,19,112.09006100307587,68.94
2026-08-30,20,111.05514069607042,69.88
2026-08-30,21,116.55192485925704,74.01
2026-08-30,22,112.95035363770523,71.36
2026-08-30,23,119.1490121797387,72.66
2026-08-30,24,134.57308514473422,73.82
2026-08-30,25,130.29390779230437,67.01
2026-08-30,26,127.37532433757274,70.42
2026-08-30,27,127.72581568599966,72.91
2026-08-30,28,122.33078731189843,73.24
2026-08-30,29,124.571598292812,75.74
2026-08-30,30,128.14082498809887,62.34
2026-08-30,31,127.51685202562054,55.88
2026-08-30,32,124.80639182731116,42.22
2026-08-30,33,123.5700670208635,35.0
2026-08-30,34,103.44877834719078,20.02
2026-08-30,35,50.39263130084818,8.83
2026-08-30,36,30.1073084389718,0.09
2026-08-30,37,72.76976792180868,0.85
2026-08-30,38,41.86282190030752,0.0
2026-08-30,39,9.646707502671688,-0.08
2026-08-30,40,2.0889834932437594,-0.82
2026-08-30,41,29.710068841286585,-0.08
2026-08-30,42,3.3666011088876218,-0.09
2026-08-30,43,-1.3950250098095012,-0.12
2026-08-30,44,1.5409998386795252,-0.12
2026-08-30,45,0.438167473212161,-0.15
2026-08-30,46,-6.308564670944577,-0.14
2026-08-30,47,-2.719891841272073,-0.15
2026-08-30,48,1.972837528500655,-0.17
2026-08-30,49,-0.6253492906027915,-0.99
2026-08-30,50,-3.6935771074134713,-1.0
2026-08-30,51,-8.091087817088068,-1.0
2026-08-30,52,-5.875517393081713,-1.09
2026-08-30,53,-6.662734176248687,-1.02
2026-08-30,54,-6.490566230740889,-1.04
2026-08-30,55,-6.349742815359431,-1.06
2026-08-30,56,-6.7761779837312215,-1.09
2026-08-30,57,-7.804911259500375,-1.19
2026-08-30,58,-12.4953031447494,-1.03
2026-08-30,59,-8.8345371746747,-1.0
2026-08-30,60,-7.215280028866513,-1.0
2026-08-30,61,-8.814867741040857,-0.14
2026-08-30,62,-8.98283001999112,-0.12
2026-08-30,63,-13.174224216086165,-0.12
2026-08-30,64,-14.690516610351096,-0.11
2026-08-30,65,-14.475547852608557,-0.45
2026-08-30,66,0.6014589997625066,-0.1
2026-08-30,67,18.57828121248285,-0.01
2026-08-30,68,73.30681596400264,0.52
2026-08-30,69,26.587602227085192,4.15
2026-08-30,70,87.8972787474216,33.64
2026-08-30,71,118.73108762632634,74.59
2026-08-30,72,150.12782447152605,137.41
2026-08-30,73,138.96409305991492,110.7
2026-08-30,74,156.69748956201772,161.07
2026-08-30,75,166.95805452928815,181.26
2026-08-30,76,186.55761005886123,200.54
2026-08-30,77,170.02925362223007,169.46
2026-08-30,78,191.3478517476641,180.69
2026-08-30,79,191.7112523947017,187.98
2026-08-30,80,199.76670861453508,198.53
2026-08-30,81,195.4612497732112,174.45
2026-08-30,82,174.1931038479998,184.63
2026-08-30,83,175.73868198001787,201.43
2026-08-30,84,185.30749715005905,212.27
2026-08-30,85,186.11632739892823,203.93
2026-08-30,86,179.32663292964227,200.01
2026-08-30,87,174.65247519413498,187.92
2026-08-30,88,172.9011981405162,179.83
2026-08-30,89,184.7170566538157,189.32
2026-08-30,90,173.06755169657134,180.06
2026-08-30,91,184.28855144685903,181.03
2026-08-30,92,162.18676977567247,175.34
2026-08-30,93,165.03118781449135,178.71
2026-08-30,94,154.52460300227034,167.37
2026-08-30,95,154.38237468168222,166.57
2026-08-30,96,148.98751549621608,162.5
2026-08-31,1,162.2337480872591,188.79
2026-08-31,2,157.77261146894284,174.97
2026-08-31,3,154.33225533331273,170.0
2026-08-31,4,144.77961491308147,166.15
2026-08-31,5,151.27912440684992,168.52
2026-08-31,6,147.3081673202697,165.32
2026-08-31,7,140.1232752504941,159.92
2026-08-31,8,134.3361694123538,158.69
2026-08-31,9,136.44548692419343,164.22
2026-08-31,10,134.48719082992974,153.74
2026-08-31,11,127.36660870272178,148.26
2026-08-31,12,126.87556665747312,146.74
2026-08-31,13,131.66473665026433,152.12
2026-08-31,14,127.4744336885761,149.14
2026-08-31,15,125.86046264059424,146.18
2026-08-31,16,123.06836976647112,143.75
2026-08-31,17,123.95168543120305,143.1
2026-08-31,18,125.51508513620244,141.57
2026-08-31,19,128.9499052280548,141.91
2026-08-31,20,129.4524919148619,143.06
2026-08-31,21,126.8627665149697,142.29
2026-08-31,22,130.53122275637256,141.18
2026-08-31,23,137.40098161511773,143.09
2026-08-31,24,145.97551228971622,150.27
2026-08-31,25,137.2072634922832,150.71
2026-08-31,26,146.1732962928002,154.47
2026-08-31,27,156.35836508513546,157.17
2026-08-31,28,153.2568666341482,158.65
2026-08-31,29,163.67999968434503,164.35
2026-08-31,30,164.53417529670477,165.12
2026-08-31,31,142.79700284072342,165.69
2026-08-31,32,127.810688451644,164.69
2026-08-31,33,155.29686252350865,184.41
2026-08-31,34,130.76419911440718,174.58
2026-08-31,35,123.30975774787196,160.51
2026-08-31,36,111.17640147590872,130.0
2026-08-31,37,134.60632224007003,174.51
2026-08-31,38,104.11817860030771,136.66
2026-08-31,39,108.90453352033876,108.97
2026-08-31,40,92.48756138022758,85.99
2026-08-31,41,107.49803167752243,91.0
2026-08-31,42,88.73697945682471,47.39
2026-08-31,43,62.85452663862573,15.0
2026-08-31,44,55.390193599952326,0.01
2026-08-31,45,60.5058825756911,0.08
2026-08-31,46,50.73224037210211,0.0
2026-08-31,47,44.679995571183326,0.0
2026-08-31,48,38.8698762070461,0.0
2026-08-31,49,38.73544662642346,-0.01
2026-08-31,50,33.27397733105735,-0.04
2026-08-31,51,28.42108180103719,-0.08
2026-08-31,52,22.318611648431208,-0.1
2026-08-31,53,22.916142985410826,-0.76
2026-08-31,54,17.29874799176561,-1.0
2026-08-31,55,13.306599798493924,-1.01
2026-08-31,56,10.827973022184016,-1.01
2026-08-31,57,15.62850278714813,-1.09
2026-08-31,58,14.733088871283424,-1.01
2026-08-31,59,15.517266027436564,-1.01
2026-08-31,60,8.305354899062934,-1.0
2026-08-31,61,8.511037738269883,-0.18
2026-08-31,62,8.576292307176596,-0.1
2026-08-31,63,11.218895355371686,-0.04
2026-08-31,64,18.60707633557734,-0.01
2026-08-31,65,0.6141779331347657,-0.02
2026-08-31,66,31.130997212074007,-0.01
2026-08-31,67,55.58323191864472,0.0
2026-08-31,68,66.08438916554633,4.03
2026-08-31,69,46.735306187276905,6.56
2026-08-31,70,83.1347313939743,60.42
2026-08-31,71,99.94881196495255,105.82
2026-08-31,72,145.42463856701642,119.28
2026-08-31,73,108.1283874191964,122.86
2026-08-31,74,136.38872180793214,142.02
2026-08-31,75,156.04888831692358,166.99
2026-08-31,76,183.56508554206576,199.84
2026-08-31,77,166.74706462711973,166.99
2026-08-31,78,157.96576259215902,177.6
2026-08-31,79,178.31386152646266,180.34
2026-08-31,80,186.82285978045243,207.51
2026-08-31,81,175.190271373513,177.57
2026-08-31,82,178.02828310682204,190.95
2026-08-31,83,179.6073006616696,197.6
2026-08-31,84,183.99665557334376,190.48
2026-08-31,85,182.3842802280429,207.61
2026-08-31,86,177.14770799643492,181.8
2026-08-31,87,167.33260483344748,175.94
2026-08-31,88,162.8728560183931,163.8
2026-08-31,89,169.3663847734498,176.2
2026-08-31,90,159.53089105132875,170.0
2026-08-31,91,157.2587778152939,172.94
2026-08-31,92,152.0644848336482,167.06
2026-08-31,93,153.35342514992217,163.85
2026-08-31,94,147.51374304530006,156.54
2026-08-31,95,144.7853974860738,154.05
2026-08-31,96,138.84881121929777,146.69
2026-09-01,1,152.8900963053521,163.91
2026-09-01,2,147.20184421906032,157.62
2026-09-01,3,141.47104936312297,149.56
2026-09-01,4,132.80425998260904,147.26
2026-09-01,5,144.46765316625832,149.84
2026-09-01,6,138.16900491220895,146.05
2026-09-01,7,134.412532480535,146.19
2026-09-01,8,129.60455354461803,144.35
2026-09-01,9,133.4858629525088,141.7
2026-09-01,10,129.55962580488375,145.1
2026-09-01,11,125.73499688603556,139.15
2026-09-01,12,121.6551908152816,139.53
2026-09-01,13,124.64761688839364,140.14
2026-09-01,14,120.05342640224148,142.21
2026-09-01,15,119.67350764551564,143.87
2026-09-01,16,122.22566417846468,142.99
2026-09-01,17,118.61393265338783,146.9
2026-09-01,18,123.13009076897404,144.61
2026-09-01,19,127.7048273953507,145.1
2026-09-01,20,132.9323368847359,146.99
2026-09-01,21,127.21407669226308,146.84
2026-09-01,22,136.03824879005526,150.59
2026-09-01,23,144.35394540048637,161.45
2026-09-01,24,149.75204872173902,167.83
2026-09-01,25,152.7579531685292,177.72
2026-09-01,26,158.05884455872774,188.86
2026-09-01,27,159.91883822216406,191.95
2026-09-01,28,164.08694515905196,195.3
2026-09-01,29,167.2880026792569,206.59
2026-09-01,30,161.75890617286137,210.78
2026-09-01,31,159.068787290846,206.63
2026-09-01,32,149.84460835426893,196.6
2026-09-01,33,169.027997157917,215.93
2026-09-01,34,154.58940691758704,202.0
2026-09-01,35,147.6242199293376,187.5
2026-09-01,36,135.55209902990893,165.55
2026-09-01,37,151.1603615078921,185.44
2026-09-01,38,135.61939864190333,162.85
2026-09-01,39,132.860914073715,135.55
2026-09-01,40,121.34896719538943,113.99
2026-09-01,41,139.10765376262398,134.9
2026-09-01,42,109.51305854228734,121.51
2026-09-01,43,94.1145305713406,116.87
2026-09-01,44,65.7692272360596,105.77
2026-09-01,45,78.88606176585535,111.31
2026-09-01,46,58.32778378616506,96.33
2026-09-01,47,46.72422500396558,81.06
2026-09-01,48,44.41449223927682,71.29
2026-09-01,49,46.1020333759853,65.06
2026-09-01,50,35.580737641336135,52.58
2026-09-01,51,30.886331230034635,45.97
2026-09-01,52,25.6966650890378,40.0
2026-09-01,53,26.44294314398157,36.88
2026-09-01,54,18.55951091255044,31.73
2026-09-01,55,16.784480425541332,25.81
2026-09-01,56,12.738807296510236,22.07
2026-09-01,57,11.243044397015922,27.77
2026-09-01,58,10.665527671605629,34.71
2026-09-01,59,13.04127627892014,29.82
2026-09-01,60,17.687030415631448,40.09
2026-09-01,61,12.389805234648282,36.54
2026-09-01,62,17.880788523038785,40.78
2026-09-01,63,21.05840627066385,59.05
2026-09-01,64,39.12490628758074,68.37
2026-09-01,65,66.51219337324702,60.01
2026-09-01,66,100.87314425148722,83.65
2026-09-01,67,105.3272435175716,110.45
2026-09-01,68,121.72739502468583,122.16
2026-09-01,69,103.75051232730004,111.16
2026-09-01,70,119.3725057488475,126.97
2026-09-01,71,122.63875570207634,151.65
2026-09-01,72,156.324851914407,170.25
2026-09-01,73,143.83530770355736,140.7
2026-09-01,74,160.21617925418195,173.85
2026-09-01,75,171.0719763118428,191.08
2026-09-01,76,191.22288725592892,203.4
2026-09-01,77,167.49404153651943,197.88
2026-09-01,78,206.65478875746453,204.88
2026-09-01,79,195.29097889668776,221.05
2026-09-01,80,202.4464498222641,233.13
2026-09-01,81,183.8527440075746,223.64
2026-09-01,82,193.80223921904832,231.81
2026-09-01,83,200.29178183723243,236.92
2026-09-01,84,215.09639869580857,234.03
2026-09-01,85,265.85233666030945,228.5
2026-09-01,86,208.64848492877093,220.07
2026-09-01,87,203.72124648911688,217.07
2026-09-01,88,196.62994381001988,206.0
2026-09-01,89,202.00724162312616,212.26
2026-09-01,90,199.5532477211092,199.62
2026-09-01,91,228.6036412265149,195.1
2026-09-01,92,170.81254590713127,190.9
2026-09-01,93,178.8190977642944,188.9
2026-09-01,94,178.7657818633825,179.81
2026-09-01,95,167.1717757952013,176.62
2026-09-01,96,158.18190814324163,172.04
2026-09-02,1,186.4846949161669,189.59
2026-09-02,2,175.98028743665012,177.14
2026-09-02,3,171.8153654622793,165.59
2026-09-02,4,164.16197573525724,150.54
2026-09-02,5,175.132583400951,166.28
2026-09-02,6,166.1417102979069,163.47
2026-09-02,7,166.5172678839373,161.85
2026-09-02,8,161.01221870296808,157.08
2026-09-02,9,163.232795915915,159.21
2026-09-02,10,161.37792977318284,151.86
2026-09-02,11,156.88354258258713,150.78
2026-09-02,12,156.03280100745715,150.25
2026-09-02,13,160.96969505879534,148.22
2026-09-02,14,155.90769802819767,149.2
2026-09-02,15,154.92748566271288,149.27
2026-09-02,16,151.70930569934407,147.73
2026-09-02,17,152.55176971602478,149.39
2026-09-02,18,151.41825947243476,149.4
2026-09-02,19,154.02227761761927,148.29
2026-09-02,20,157.52799914638422,149.84
2026-09-02,21,150.05105203886478,153.93
2026-09-02,22,156.90026748448466,161.71
2026-09-02,23,166.7543457592601,166.45
2026-09-02,24,179.5317928203831,180.18
2026-09-02,25,172.90033465162475,183.91
2026-09-02,26,188.3518368589125,192.12
2026-09-02,27,193.65896771034787,196.96
2026-09-02,28,192.57516186630548,204.95
2026-09-02,29,195.7971991840224,209.43
2026-09-02,30,192.30453451285064,208.63
2026-09-02,31,185.16930368503992,205.46
2026-09-02,32,173.17319286744532,201.03
2026-09-02,33,200.5768564806401,216.25
2026-09-02,34,184.31857292115745,205.93
2026-09-02,35,173.8406839905759,194.87
2026-09-02,36,151.97170064020028,174.99
2026-09-02,37,176.045673975042,192.02
2026-09-02,38,152.145233250348,176.87
2026-09-02,39,143.81436685731444,164.87
2026-09-02,40,133.108969605764,142.62
2026-09-02,41,163.79573455843283,148.96
2026-09-02,42,140.1838163867227,138.36
2026-09-02,43,115.67922223088188,134.9
2026-09-02,44,92.85690996125489,122.28
2026-09-02,45,118.05381866735314,126.15
2026-09-02,46,84.35597894317483,118.1
2026-09-02,47,70.85859190295167,111.85
2026-09-02,48,58.31337817747841,104.11
2026-09-02,49,63.71945584128415,107.42
2026-09-02,50,53.88386218098593,104.82
2026-09-02,51,48.48183515828521,102.3
2026-09-02,52,41.52675135272517,102.77
2026-09-02,53,45.1109436903032,97.46
2026-09-02,54,40.48959313311121,91.75
2026-09-02,55,36.422101432550384,90.85
2026-09-02,56,34.07642947126678,86.61
2026-09-02,57,34.50886763095117,97.59
2026-09-02,58,38.4194020494142,97.0
2026-09-02,59,40.48588279513421,98.61
2026-09-02,60,43.49720093505859,103.25
2026-09-02,61,43.411291513733374,101.81
2026-09-02,62,52.921922876011095,109.48
2026-09-02,63,64.67587605250287,115.71
2026-09-02,64,78.9733167010304,114.58
2026-09-02,65,77.2914694562093,116.27
2026-09-02,66,104.54121764696102,127.12
2026-09-02,67,117.57557704724316,139.95
2026-09-02,68,124.92776473530482,154.41
2026-09-02,69,113.17179960694968,142.03
2026-09-02,70,137.63047538887056,161.22
2026-09-02,71,153.60765969474917,179.59
2026-09-02,72,172.34608039187873,190.91
2026-09-02,73,143.6383484836203,175.3
2026-09-02,74,169.42735886758743,193.75
2026-09-02,75,182.1663098269956,202.58
2026-09-02,76,209.3931327535957,216.13
2026-09-02,77,185.6699358858843,220.7
2026-09-02,78,198.91314872430013,235.18
2026-09-02,79,211.87468257031736,248.22
2026-09-02,80,222.7539001322897,251.31
2026-09-02,81,228.98565827483043,251.02
2026-09-02,82,207.1728197283879,237.2
2026-09-02,83,211.5440355259587,240.61
2026-09-02,84,215.4270815771304,243.96
2026-09-02,85,209.88301156188007,232.27
2026-09-02,86,206.27121808307743,215.08
2026-09-02,87,199.7374924545204,210.74
2026-09-02,88,192.9234662113145,197.39
2026-09-02,89,195.319697031384,200.09
2026-09-02,90,188.84121994740588,194.28
2026-09-02,91,183.8169054545966,198.39
2026-09-02,92,182.4911487471616,187.0
2026-09-02,93,180.08149254161256,177.97
2026-09-02,94,174.864132691608,167.14
2026-09-02,95,171.0067507443983,163.31
2026-09-02,96,168.12164195769546,152.43
2026-09-03,1,171.9470791824876,201.22
2026-09-03,2,162.36030516150595,179.41
2026-09-03,3,156.58320053582165,170.26
2026-09-03,4,151.382516515332,163.65
2026-09-03,5,158.52330830811565,180.35
2026-09-03,6,152.11030036116972,168.09
2026-09-03,7,150.66079709720313,169.83
2026-09-03,8,146.6886407583554,163.22
2026-09-03,9,149.02865254524008,171.82
2026-09-03,10,144.82315358737364,155.96
2026-09-03,11,140.85688701397564,148.68
2026-09-03,12,139.24383563329698,145.64
2026-09-03,13,141.23146732902245,146.54
2026-09-03,14,136.73025888830938,147.68
2026-09-03,15,137.093086270075,146.55
2026-09-03,16,136.4355432274604,143.24
2026-09-03,17,136.30546371468728,146.48
2026-09-03,18,135.28011347289626,144.7
2026-09-03,19,135.72706816436613,143.28
2026-09-03,20,135.1537176920256,138.12
2026-09-03,21,136.95143763810967,145.41
2026-09-03,22,138.32271180200053,142.19
2026-09-03,23,142.33898963772836,145.74
2026-09-03,24,154.91323290097247,155.37
2026-09-03,25,156.31222792041908,160.33
2026-09-03,26,161.99773781137895,176.02
2026-09-03,27,167.75965602481529,181.05
2026-09-03,28,168.42342646584515,180.36
2026-09-03,29,172.84449309789431,194.95
2026-09-03,30,171.72351640232426,193.67
2026-09-03,31,173.55705769249622,187.37
2026-09-03,32,166.79152777720924,180.81
2026-09-03,33,182.126184628703,206.0
2026-09-03,34,173.31519237124365,187.2
2026-09-03,35,151.6432970234628,176.99
2026-09-03,36,151.57457441980694,150.0
2026-09-03,37,158.19096066730964,185.21
2026-09-03,38,154.67133418076628,156.62
2026-09-03,39,138.08039090087942,135.0
2026-09-03,40,118.82014408425168,121.5
2026-09-03,41,145.20196630783252,132.3
2026-09-03,42,127.16805068993187,120.01
2026-09-03,43,114.3943813893895,115.29
2026-09-03,44,87.86194395020372,103.05
2026-09-03,45,102.8855265632027,110.02
2026-09-03,46,88.14798685726001,99.72
2026-09-03,47,64.31451858965427,72.44
2026-09-03,48,50.040419343884366,60.42
2026-09-03,49,59.08546763639397,81.72
2026-09-03,50,49.432557683334046,50.67
2026-09-03,51,45.63931683562941,38.99
2026-09-03,52,39.17998026199474,29.71
2026-09-03,53,39.92116120745689,33.98
2026-09-03,54,35.30487812392771,28.98
2026-09-03,55,33.22406286138684,22.59
2026-09-03,56,30.509067014162884,14.45
2026-09-03,57,32.98850290983443,25.45
2026-09-03,58,37.72241752171174,16.82
2026-09-03,59,39.50464344685864,20.8
2026-09-03,60,38.065959925907976,20.49
2026-09-03,61,38.24273280041122,20.82
2026-09-03,62,44.56828158190008,22.38
2026-09-03,63,53.82715758495637,29.35
2026-09-03,64,71.46329175495401,24.93
2026-09-03,65,72.48880986541585,40.03
2026-09-03,66,86.96807981088794,46.66
2026-09-03,67,95.80608840229507,71.87
2026-09-03,68,109.52039142501576,86.99
2026-09-03,69,106.94200831183952,78.72
2026-09-03,70,123.36065387174452,106.62
2026-09-03,71,132.98120793156622,135.3
2026-09-03,72,141.79009969594662,148.36
2026-09-03,73,133.411643992548,134.9
2026-09-03,74,152.99319564279372,153.65
2026-09-03,75,164.92292396309225,164.29
2026-09-03,76,193.18888897553984,167.75
2026-09-03,77,177.2352667288174,170.59
2026-09-03,78,195.32059364365057,179.1
2026-09-03,79,186.98839948478684,185.85
2026-09-03,80,188.80840783805817,188.77
2026-09-03,81,189.2275689053392,186.5
2026-09-03,82,188.86960277069488,205.99
2026-09-03,83,183.68617592807016,217.56
2026-09-03,84,199.939942705994,207.54
2026-09-03,85,187.1156435832277,213.57
2026-09-03,86,179.63895829482013,194.13
2026-09-03,87,176.93578182054958,187.28
2026-09-03,88,166.35848758408287,175.23
2026-09-03,89,178.5691404392759,184.77
2026-09-03,90,169.4530858286185,167.81
2026-09-03,91,166.34555855333937,173.84
2026-09-03,92,165.64736246332637,173.12
2026-09-03,93,161.15076708167314,164.64
2026-09-03,94,160.49384580639924,161.32
2026-09-03,95,153.88133646015444,170.71
2026-09-03,96,139.9544080403971,152.16
2026-09-04,1,171.16996538755313,147.64
2026-09-04,2,161.70516072344014,138.83
2026-09-04,3,153.92845849297018,131.96
2026-09-04,4,150.0182090782597,124.53
2026-09-04,5,153.08290813244486,132.68
2026-09-04,6,148.37970530390652,125.01
2026-09-04,7,150.25550729111387,123.28
2026-09-04,8,142.76721528308215,118.36
2026-09-04,9,148.13325103023013,119.56
2026-09-04,10,145.6797860501917,117.12
2026-09-04,11,143.2558349058872,118.05
2026-09-04,12,142.71594934573625,115.78
2026-09-04,13,140.75815566226936,118.86
2026-09-04,14,139.2355165667474,118.51
2026-09-04,15,140.5436684747472,116.34
2026-09-04,16,140.4568488962304,118.18
2026-09-04,17,137.6924823609961,115.09
2026-09-04,18,136.4729562331468,115.4
2026-09-04,19,146.31669088434234,115.57
2026-09-04,20,138.12866885013716,116.03
2026-09-04,21,137.38534738842432,119.95
2026-09-04,22,139.56753994140217,122.88
2026-09-04,23,143.50681212193263,121.01
2026-09-04,24,148.1369785468386,128.89
2026-09-04,25,152.33130055735535,137.42
2026-09-04,26,163.80961247308082,156.0
2026-09-04,27,169.43830339228143,158.85
2026-09-04,28,167.72484274353428,158.05
2026-09-04,29,179.88809836075774,173.2
2026-09-04,30,182.9108359671096,166.48
2026-09-04,31,179.83899773830967,165.15
2026-09-04,32,176.56562754239806,160.43
2026-09-04,33,175.50525392484755,166.07
2026-09-04,34,172.0981511171382,163.93
2026-09-04,35,153.1921324373143,156.48
2026-09-04,36,135.6054639172922,147.0
2026-09-04,37,149.5724233273596,147.7
2026-09-04,38,130.91735072943828,131.6
2026-09-04,39,117.94611407102366,98.6
2026-09-04,40,114.64127879793392,39.04
2026-09-04,41,115.090203143115,102.11
2026-09-04,42,125.38896445900887,82.64
2026-09-04,43,114.25894395518613,40.71
2026-09-04,44,119.00806086394412,5.92
2026-09-04,45,105.47335173111456,34.99
2026-09-04,46,96.51404789280618,8.77
2026-09-04,47,76.90864431452357,0.04
2026-09-04,48,57.91314712110386,0.0
2026-09-04,49,76.41969841612277,0.0
2026-09-04,50,35.07574852985783,0.0
2026-09-04,51,29.59633108201236,0.0
2026-09-04,52,23.242855008894857,-0.01
2026-09-04,53,23.840371733224245,-0.02
2026-09-04,54,18.713724081242805,-0.04
2026-09-04,55,16.509296927355233,-0.07
2026-09-04,56,15.102005396251222,-0.09
2026-09-04,57,17.28338281908076,-0.13
2026-09-04,58,18.86787143768501,-0.14
2026-09-04,59,35.165172010417294,-0.15
2026-09-04,60,31.67909554767404,-0.14
2026-09-04,61,38.67728897097249,-0.15
2026-09-04,62,35.81943587230461,-0.12
2026-09-04,63,35.612272013891626,-0.07
2026-09-04,64,36.13357395269392,-0.07
2026-09-04,65,36.53950339914308,-0.05
2026-09-04,66,49.70860280797386,-0.01
2026-09-04,67,56.41611375163498,0.0
2026-09-04,68,101.50987427511716,0.0
2026-09-04,69,96.1692185161458,0.0
2026-09-04,70,107.3721430560674,4.51
2026-09-04,71,142.32110453980414,50.0
2026-09-04,72,174.65204436641758,93.14
2026-09-04,73,136.7084878442904,73.16
2026-09-04,74,162.87469012200148,106.16
2026-09-04,75,176.92226259444882,124.28
2026-09-04,76,176.01461639365635,127.82
2026-09-04,77,185.4265904605621,131.86
2026-09-04,78,187.03596952094924,134.37
2026-09-04,79,171.994174507586,135.27
2026-09-04,80,165.47367656510428,138.89
2026-09-04,81,167.59533663873995,136.29
2026-09-04,82,178.65810878016416,135.83
2026-09-04,83,176.45230478535257,136.32
2026-09-04,84,180.7898880916804,136.39
2026-09-04,85,181.5004336212583,136.04
2026-09-04,86,167.9484663091918,130.85
2026-09-04,87,164.67468197024772,126.25
2026-09-04,88,155.70732923867462,120.51
2026-09-04,89,155.6059701290041,122.86
2026-09-04,90,155.98372345279506,119.12
2026-09-04,91,161.35792049504605,112.15
2026-09-04,92,159.963870529387,102.64
2026-09-04,93,152.03274519669412,102.65
2026-09-04,94,147.57484750669926,94.78
2026-09-04,95,150.56126991528222,89.03
2026-09-04,96,133.36762006483744,78.95
2026-09-05,1,85.12371987292796,65.01
2026-09-05,2,97.0863713668718,65.12
2026-09-05,3,72.04363904808025,60.01
2026-09-05,4,93.48230203359591,56.4
2026-09-05,5,86.63015311090354,60.42
2026-09-05,6,70.58801276402606,60.0
2026-09-05,7,82.09299150705823,60.49
2026-09-05,8,78.44831096714117,60.03
2026-09-05,9,82.72015055831756,61.14
2026-09-05,10,73.55411480483951,60.06
2026-09-05,11,44.497396429171786,59.0
2026-09-05,12,73.00785703509203,60.09
2026-09-05,13,72.0424827327865,56.78
2026-09-05,14,80.65638797631485,56.16
2026-09-05,15,66.041989558202,53.76
2026-09-05,16,64.40706057213609,55.33
2026-09-05,17,82.21019866673922,51.45
2026-09-05,18,71.02765936507382,52.42
2026-09-05,19,66.11710960230133,51.31
2026-09-05,20,-182.42496096308656,50.01
2026-09-05,21,65.78764638646523,52.69
2026-09-05,22,60.70136711579978,52.39
2026-09-05,23,66.10424297129298,54.89
2026-09-05,24,28.861440754608765,56.19
2026-09-05,25,73.6345285757278,60.06
2026-09-05,26,84.08306109317132,57.4
2026-09-05,27,45.88564234422368,55.01
2026-09-05,28,-1.416277981207429,54.82
2026-09-05,29,87.99330703765978,65.76
2026-09-05,30,-26.22439342872616,66.73
2026-09-05,31,55.62057267880796,60.05
2026-09-05,32,65.22761424848423,52.51
2026-09-05,33,97.76519653178396,61.77
2026-09-05,34,80.14022205939457,50.01
2026-09-05,35,22.12502586589636,30.0
2026-09-05,36,37.0429955942638,7.76
2026-09-05,37,13.462923025350904,4.16
2026-09-05,38,9.066037130595106,0.0
2026-09-05,39,-21.995825886276904,-0.01
2026-09-05,40,-122.55354017614872,-0.11
2026-09-05,41,-4.360083554999747,-0.04
2026-09-05,42,-89.61940080177132,-0.13
2026-09-05,43,-120.2892156320774,-1.0
2026-09-05,44,-111.82942963810608,-2.02
2026-09-05,45,-110.9891976325496,-3.02
2026-09-05,46,-117.56765312296872,-4.92
2026-09-05,47,-58.010549280581714,-4.99
2026-09-05,48,-23.02461518640085,-6.81
2026-09-05,49,1.866552117697573,-6.74
2026-09-05,50,-49.92826514078494,-7.99
2026-09-05,51,-53.2616189182699,-8.94
2026-09-05,52,-47.71596244345337,-12.18
2026-09-05,53,-43.31493690989953,-15.0
2026-09-05,54,-35.429560262447765,-16.61
2026-09-05,55,-7.552827040253292,-19.0
2026-09-05,56,-7.15528300583029,-19.0
2026-09-05,57,-10.135673942020658,-19.0
2026-09-05,58,-14.544183607285802,-19.0
2026-09-05,59,-12.423939760291365,-19.0
2026-09-05,60,-17.572920602083336,-18.98
2026-09-05,61,-20.691758512475,-15.0
2026-09-05,62,-42.98231479348205,-10.0
2026-09-05,63,-43.092581642957725,-8.0
2026-09-05,64,-27.1484277087802,-7.0
2026-09-05,65,-42.14357622006489,-5.66
2026-09-05,66,-19.19297598696693,-4.74
2026-09-05,67,-41.092020896935466,-2.02
2026-09-05,68,-13.439782463463745,-1.0
2026-09-05,69,-91.60534176007152,-0.13
2026-09-05,70,-184.7314902199725,-0.01
2026-09-05,71,11.372911540439103,0.0
2026-09-05,72,84.75219431134545,0.01
2026-09-05,73,47.73308882593793,0.06
2026-09-05,74,100.94276786399546,33.44
2026-09-05,75,120.10322840132817,46.19
2026-09-05,76,91.16063156356192,76.83
2026-09-05,77,104.56588064397113,87.2
2026-09-05,78,86.56495056869721,103.34
2026-09-05,79,-47.83336903872106,105.51
2026-09-05,80,96.07811519321083,114.91
2026-09-05,81,12.117214092107131,115.25
2026-09-05,82,101.97510937613636,115.66
2026-09-05,83,142.31278926335935,118.15
2026-09-05,84,151.29827043335428,114.91
2026-09-05,85,142.2551787124778,115.31
2026-09-05,86,128.11056312115932,111.71
2026-09-05,87,126.5208023240453,107.78
2026-09-05,88,153.01595445287015,104.81
2026-09-05,89,157.90524958607497,110.79
2026-09-05,90,160.928508690052,109.21
2026-09-05,91,160.13620605841146,106.69
2026-09-05,92,153.9353938093932,104.72
2026-09-05,93,155.48095981336212,101.63
2026-09-05,94,148.66879875824517,99.61
2026-09-05,95,148.34733573308512,102.84
2026-09-05,96,142.64471818585372,99.75
2026-09-06,1,115.68756809883112,137.91
2026-09-06,2,112.99967889574526,134.93
2026-09-06,3,102.50220392145226,128.97
2026-09-06,4,103.8361421013462,111.09
2026-09-06,5,110.11215531052495,129.99
2026-09-06,6,108.95812546084682,121.01
2026-09-06,7,111.9517797754858,124.7
2026-09-06,8,107.9852635727878,129.67
2026-09-06,9,110.14238190375362,136.79
2026-09-06,10,106.36047860241396,137.11
2026-09-06,11,107.13103344713736,135.83
2026-09-06,12,110.50965239620722,132.01
2026-09-06,13,108.20890966603702,136.89
2026-09-06,14,112.70333911721512,135.24
2026-09-06,15,113.6013138806943,134.78
2026-09-06,16,111.03330933166455,134.99
2026-09-06,17,110.7753505721752,138.84
2026-09-06,18,112.22382637838268,140.0
2026-09-06,19,116.66364761817374,142.26
2026-09-06,20,124.76245068264365,145.0
2026-09-06,21,110.38065863093274,140.0
2026-09-06,22,122.19023681119188,140.97
2026-09-06,23,127.0401444403585,145.39
2026-09-06,24,133.30640399940123,143.77
2026-09-06,25,132.79016218531874,142.19
2026-09-06,26,139.39806521998742,144.27
2026-09-06,27,117.27428179593636,144.73
2026-09-06,28,115.58621990880026,141.77
2026-09-06,29,115.80862506634728,144.18
2026-09-06,30,108.15130178139891,138.41
2026-09-06,31,98.63237740946424,129.9
2026-09-06,32,88.64085323524338,119.91
2026-09-06,33,111.53062464076127,137.76
2026-09-06,34,84.76072036819026,123.48
2026-09-06,35,61.626771641288784,97.95
2026-09-06,36,40.71843972710232,79.12
2026-09-06,37,92.88095805584668,77.82
2026-09-06,38,49.64403360998024,53.4
2026-09-06,39,29.39388076554026,10.29
2026-09-06,40,16.742150016249113,5.74
2026-09-06,41,-4.697088758389782,1.74
2026-09-06,42,-54.124511919091816,0.28
2026-09-06,43,-38.603692623061335,0.01
2026-09-06,44,-1.862286292605873,0.0
2026-09-06,45,-34.172681186146505,0.0
2026-09-06,46,-26.81165141361293,0.0
2026-09-06,47,-10.0660864110434,-0.01
2026-09-06,48,-3.716042844012719,-0.13
2026-09-06,49,-9.251063116124872,-0.49
2026-09-06,50,-5.456832621335241,-1.19
2026-09-06,51,1.8488329435673247,-1.3
2026-09-06,52,0.953485547453904,-1.48
2026-09-06,53,-5.240372323007678,-1.63
2026-09-06,54,-7.863948225759143,-1.81
2026-09-06,55,-6.639347840753779,-1.74
2026-09-06,56,-3.1387399767651734,-1.35
2026-09-06,57,-6.172360548788372,-1.46
2026-09-06,58,-4.197431648622485,-1.0
2026-09-06,59,-8.470664280526234,-0.1
2026-09-06,60,-11.73328005388206,-0.06
2026-09-06,61,-16.345464290852778,-0.02
2026-09-06,62,-21.674688156785788,-0.01
2026-09-06,63,-19.89388516978306,0.0
2026-09-06,64,-14.722878516469898,0.01
2026-09-06,65,-27.299837806212647,0.01
2026-09-06,66,1.1284229395674927,1.94
2026-09-06,67,23.397755152703706,20.0
2026-09-06,68,56.9130382499748,57.83
2026-09-06,69,24.911535015425684,57.23
2026-09-06,70,78.86489783416016,92.4
2026-09-06,71,103.56873966338333,150.74
2026-09-06,72,130.86268673227949,192.31
2026-09-06,73,116.11243936094064,154.52
2026-09-06,74,136.82128658463418,181.83
2026-09-06,75,140.90331020303378,205.87
2026-09-06,76,149.52499471164862,234.2
2026-09-06,77,141.20038933252164,199.96
2026-09-06,78,153.58083914421238,221.99
2026-09-06,79,175.00538879191637,225.53
2026-09-06,80,183.77149602029127,240.47
2026-09-06,81,170.24033472522612,224.99
2026-09-06,82,177.07887349361806,228.57
2026-09-06,83,186.41653275027653,235.06
2026-09-06,84,186.40476407522107,222.0
2026-09-06,85,176.77413610497166,230.95
2026-09-06,86,181.892608894445,207.44
2026-09-06,87,174.220485427789,200.0
2026-09-06,88,168.28501408858253,186.23
2026-09-06,89,185.5116284049957,203.97
2026-09-06,90,173.547754024098,191.26
2026-09-06,91,170.67715058676333,185.8
2026-09-06,92,159.3847804085614,176.51
2026-09-06,93,167.36984759640265,182.34
2026-09-06,94,158.00595290322678,171.84
2026-09-06,95,154.5167143784446,170.43
2026-09-06,96,152.9190619924672,153.72
2026-09-07,1,173.66138247714014,169.99
2026-09-07,2,161.1900091548884,156.71
2026-09-07,3,156.63985588839336,149.59
2026-09-07,4,150.12234115779742,145.72
2026-09-07,5,159.93454797965512,157.22
2026-09-07,6,153.10351765895683,150.11
2026-09-07,7,151.06681647795,149.43
2026-09-07,8,145.77819604162454,146.67
2026-09-07,9,149.53971236002045,149.07
2026-09-07,10,147.11505926059053,149.01
2026-09-07,11,144.73392460683118,148.34
2026-09-07,12,142.14451543666712,146.85
2026-09-07,13,141.79005333314376,150.43
2026-09-07,14,142.38617567718845,147.39
2026-09-07,15,142.05659930888692,147.36
2026-09-07,16,141.2247588913829,147.67
2026-09-07,17,140.8569356439926,147.59
2026-09-07,18,140.24511010082054,149.44
2026-09-07,19,142.87880628163973,150.73
2026-09-07,20,150.00458732833818,159.61
2026-09-07,21,142.14358973063008,154.8
2026-09-07,22,146.98229687653628,165.06
2026-09-07,23,156.49843440430868,178.47
2026-09-07,24,175.1012171642054,193.15
2026-09-07,25,170.4447408407518,194.31
2026-09-07,26,179.3235651309707,205.99
2026-09-07,27,182.0154203855224,211.67
2026-09-07,28,187.60149599594672,217.93
2026-09-07,29,185.98735187279416,220.52
2026-09-07,30,184.47760473369715,224.05
2026-09-07,31,210.38025428395684,222.12
2026-09-07,32,184.55458998772608,214.76
2026-09-07,33,195.78171820534132,230.04
2026-09-07,34,176.99372415922443,219.95
2026-09-07,35,193.36920741911047,206.24
2026-09-07,36,156.22178182518587,193.0
2026-09-07,37,171.62835341446043,208.65
2026-09-07,38,148.79560091062464,198.7
2026-09-07,39,141.6490407391918,164.63
2026-09-07,40,137.52426787199113,149.2
2026-09-07,41,143.95001273440366,161.55
2026-09-07,42,119.25258176243972,152.78
2026-09-07,43,97.6483846480758,141.4
2026-09-07,44,71.10901701751794,124.35
2026-09-07,45,76.69733799173089,144.03
2026-09-07,46,77.25436971008668,125.66
2026-09-07,47,38.69897650899335,109.08
2026-09-07,48,25.951100842627945,101.34
2026-09-07,49,36.195744729757614,107.13
2026-09-07,50,33.60417637700347,93.86
2026-09-07,51,23.33518826826071,67.51
2026-09-07,52,24.970352222062672,50.01
2026-09-07,53,22.56787819846698,60.42
2026-09-07,54,20.53969805575081,44.21
2026-09-07,55,29.044181054906733,37.27
2026-09-07,56,53.21240851070967,24.63
2026-09-07,57,20.96560921628209,30.59
2026-09-07,58,22.95596803360476,30.73
2026-09-07,59,27.711826941560936,30.75
2026-09-07,60,16.148285867123484,34.44
2026-09-07,61,26.223086066417128,38.93
2026-09-07,62,29.72911417208523,54.02
2026-09-07,63,32.74846287475056,75.15
2026-09-07,64,36.08408878766804,84.5
2026-09-07,65,44.21125111127688,58.54
2026-09-07,66,85.00920741228856,91.77
2026-09-07,67,100.12564703162454,126.18
2026-09-07,68,121.56291567612112,155.9
2026-09-07,69,112.53080076049385,115.17
2026-09-07,70,128.03854737455168,148.22
2026-09-07,71,139.52804292201333,171.0
2026-09-07,72,163.47392958054832,211.79
2026-09-07,73,176.77423145111825,174.05
2026-09-07,74,161.5945031066142,192.26
2026-09-07,75,176.99909312118305,206.0
2026-09-07,76,216.45355181014625,252.97
2026-09-07,77,198.7886223215568,221.99
2026-09-07,78,205.5406941824364,236.38
2026-09-07,79,217.6521185354345,253.66
2026-09-07,80,233.20103675610312,248.16
2026-09-07,81,217.9082512907724,229.04
2026-09-07,82,207.0867203248818,235.0
2026-09-07,83,326.1609828589272,240.58
2026-09-07,84,209.6030583220209,227.45
2026-09-07,85,253.9541098233697,234.07
2026-09-07,86,226.98297521835377,207.99
2026-09-07,87,210.62553661872133,198.52
2026-09-07,88,195.45966352435403,180.07
2026-09-07,89,193.20906049008124,194.52
2026-09-07,90,183.90376675692588,188.36
2026-09-07,91,180.7971216367688,185.58
2026-09-07,92,171.91166679120423,180.0
2026-09-07,93,172.54083938571097,179.98
2026-09-07,94,166.93362202334035,171.79
2026-09-07,95,164.7426712897362,169.45
2026-09-07,96,150.37473741280635,161.59
2026-09-08,1,179.44713901544475,205.99
2026-09-08,2,167.92219212293875,176.28
2026-09-08,3,160.33344355836329,167.94
2026-09-08,4,152.34659660435156,164.51
2026-09-08,5,159.9375897645731,175.18
2026-09-08,6,156.66577628288815,168.04
2026-09-08,7,153.3113931271448,166.24
2026-09-08,8,148.2066090175887,160.31
2026-09-08,9,152.7280273160255,157.19
2026-09-08,10,147.17642365924056,154.88
2026-09-08,11,142.41950676883613,155.48
2026-09-08,12,140.8012284166845,155.34
2026-09-08,13,142.77210984629377,151.3
2026-09-08,14,141.57128620308018,153.05
2026-09-08,15,141.03707100857054,152.59
2026-09-08,16,140.2279173472666,152.77
2026-09-08,17,140.69010841718372,151.47
2026-09-08,18,141.0741106351976,152.27
2026-09-08,19,142.468948503732,153.16
2026-09-08,20,145.36058303143656,151.0
2026-09-08,21,143.75593424499587,154.02
2026-09-08,22,148.3036923313473,158.86
2026-09-08,23,158.16260150215473,168.81
2026-09-08,24,172.400840441957,187.82
2026-09-08,25,175.64451599793432,186.85
2026-09-08,26,191.14732070447863,202.8
2026-09-08,27,198.01757070043425,210.0
2026-09-08,28,206.50793796268223,212.51
2026-09-08,29,202.25755998177604,244.43
2026-09-08,30,206.899671541414,228.33
2026-09-08,31,204.23809512635924,216.47
2026-09-08,32,192.9321598688632,212.47
2026-09-08,33,214.11606128852765,230.01
2026-09-08,34,207.50476297149072,215.61
2026-09-08,35,198.4576749454665,199.98
2026-09-08,36,183.9989593244731,157.34
2026-09-08,37,208.2014365561307,199.88
2026-09-08,38,180.19831499982132,167.36
2026-09-08,39,150.67068192784336,138.54
2026-09-08,40,132.25371663233554,105.14
2026-09-08,41,151.92486951388813,149.48
2026-09-08,42,133.30221167036433,129.98
2026-09-08,43,128.23644754184113,99.48
2026-09-08,44,118.73657282428776,50.0
2026-09-08,45,123.91607284280168,95.44
2026-09-08,46,108.34356768673275,67.56
2026-09-08,47,86.64288788784938,44.59
2026-09-08,48,76.58270798289944,21.36
2026-09-08,49,69.53272027686631,30.0
2026-09-08,50,67.62273637176028,23.19
2026-09-08,51,60.64192221932814,10.06
2026-09-08,52,68.50021598692562,3.95
2026-09-08,53,53.04565785059462,7.82
2026-09-08,54,56.513451968302654,0.09
2026-09-08,55,58.90940476853423,0.02
2026-09-08,56,33.056393687535504,0.01
2026-09-08,57,45.35522546642818,0.01
2026-09-08,58,47.93428949448855,0.01
2026-09-08,59,53.83941518220324,0.03
2026-09-08,60,57.342980560868256,6.53
2026-09-08,61,66.94699512851432,14.97
2026-09-08,62,66.39300845426223,32.28
2026-09-08,63,102.48427058132302,66.02
2026-09-08,64,110.5737085452709,81.26
2026-09-08,65,94.31786795481116,15.43
2026-09-08,66,111.8515356900104,50.0
2026-09-08,67,124.81682183722614,109.27
2026-09-08,68,135.9606281752637,139.8
2026-09-08,69,124.609437104997,110.2
2026-09-08,70,138.55346971479537,144.49
2026-09-08,71,164.05011862914222,171.67
2026-09-08,72,170.8459695592692,210.11
2026-09-08,73,160.12428826886392,157.42
2026-09-08,74,186.65095993781568,199.94
2026-09-08,75,185.86016015256115,209.0
2026-09-08,76,203.10516169407447,235.96
2026-09-08,77,196.8892590233119,213.0
2026-09-08,78,203.27310473304613,229.32
2026-09-08,79,204.3268297660649,254.26
2026-09-08,80,218.2028852197149,266.45
2026-09-08,81,198.36442273293184,271.63
2026-09-08,82,203.9896531831355,266.83
2026-09-08,83,220.34400846909924,255.57
2026-09-08,84,213.60880585038555,235.31
2026-09-08,85,220.5245588132541,245.31
2026-09-08,86,214.62391218135863,221.84
2026-09-08,87,219.1605572713872,211.61
2026-09-08,88,201.03925165222256,197.0
2026-09-08,89,217.12539547640137,206.91
2026-09-08,90,187.9932438447561,197.09
2026-09-08,91,188.03584875685348,194.25
2026-09-08,92,190.49923840960287,185.77
2026-09-08,93,177.08105847761513,191.0
2026-09-08,94,170.42520539398475,180.44
2026-09-08,95,169.25125152782988,177.02
2026-09-08,96,159.45453217824496,161.33
2026-09-09,1,171.5874374434317,150.34
2026-09-09,2,160.98408551382963,151.09
2026-09-09,3,156.72311409314858,150.92
2026-09-09,4,153.3694168858919,147.48
2026-09-09,5,158.89799213927776,152.62
2026-09-09,6,156.39717619168704,146.63
2026-09-09,7,151.7669138100486,143.25
2026-09-09,8,146.96083884371788,140.79
2026-09-09,9,148.01288805642102,146.76
2026-09-09,10,144.86493735800957,145.21
2026-09-09,11,142.12866683900003,142.41
2026-09-09,12,138.7781639798907,138.97
2026-09-09,13,141.72736523553434,144.03
2026-09-09,14,139.1455473710716,138.76
2026-09-09,15,137.7598109069563,138.11
2026-09-09,16,137.03467954307837,137.01
2026-09-09,17,134.18274963959604,138.46
2026-09-09,18,134.4322073753507,137.92
2026-09-09,19,136.05125260268304,137.41
2026-09-09,20,138.7400501397779,137.65
2026-09-09,21,137.3584153795943,136.91
2026-09-09,22,141.62980134196107,138.57
2026-09-09,23,149.30335113208957,144.07
2026-09-09,24,159.55065722831333,149.94
2026-09-09,25,166.56443311579005,154.12
2026-09-09,26,176.5530622228096,174.92
2026-09-09,27,180.8198671823264,178.94
2026-09-09,28,186.1847992867756,188.04
2026-09-09,29,189.5817971692293,201.75
2026-09-09,30,196.7831972258671,200.21
2026-09-09,31,190.84928184412053,199.92
2026-09-09,32,186.8817800634798,197.18
2026-09-09,33,203.0713040192013,220.07
2026-09-09,34,188.1851861047008,202.0
2026-09-09,35,194.28061330046893,196.01
2026-09-09,36,160.1356589016069,173.85
2026-09-09,37,196.10536425055267,195.0
2026-09-09,38,168.48817986132656,163.76
2026-09-09,39,154.01075604923125,148.21
2026-09-09,40,122.0695526242391,135.06
2026-09-09,41,154.2505733530333,137.55
2026-09-09,42,126.84938051078444,132.12
2026-09-09,43,107.50652716223576,123.27
2026-09-09,44,86.95244918703023,100.61
2026-09-09,45,102.6993674252593,123.16
2026-09-09,46,102.13509686107903,108.99
2026-09-09,47,80.00990637393721,92.16
2026-09-09,48,64.9698838063411,79.98
2026-09-09,49,107.06454655671308,108.56
2026-09-09,50,116.3862816456116,87.89
2026-09-09,51,84.31522245743763,83.47
2026-09-09,52,60.40625932287087,72.24
2026-09-09,53,57.6725960846681,79.59
2026-09-09,54,30.808741986623883,70.35
2026-09-09,55,17.721293205148207,62.04
2026-09-09,56,24.72855050127266,56.34
2026-09-09,57,32.74795458281184,60.85
2026-09-09,58,21.18355561740457,62.65
2026-09-09,59,33.08471472838135,60.45
2026-09-09,60,49.27901360825207,62.33
2026-09-09,61,43.160056442041096,60.42
2026-09-09,62,69.23814331610573,69.59
2026-09-09,63,65.17125466201705,78.26
2026-09-09,64,63.709909051162,83.48
2026-09-09,65,51.43649269793728,64.69
2026-09-09,66,59.63577332296007,82.99
2026-09-09,67,77.03947280483303,111.51
2026-09-09,68,92.6180415877306,123.21
2026-09-09,69,83.975490710933,106.31
2026-09-09,70,103.82180865107968,129.12
2026-09-09,71,119.31660389229567,140.54
2026-09-09,72,126.19098847191,152.26
2026-09-09,73,129.51421802988244,138.21
2026-09-09,74,166.07729114690778,167.25
2026-09-09,75,167.88712771827926,187.65
2026-09-09,76,180.4044325959196,201.63
2026-09-09,77,173.5261601387244,197.52
2026-09-09,78,177.20506189527245,202.25
2026-09-09,79,187.05603012069665,202.08
2026-09-09,80,200.2187197528621,206.29
2026-09-09,81,189.3093579828337,202.57
2026-09-09,82,177.401908832253,200.8
2026-09-09,83,192.8225534547453,202.26
2026-09-09,84,200.82273260656785,203.8
2026-09-09,85,192.95981006327057,204.92
2026-09-09,86,190.5098610798944,198.0
2026-09-09,87,178.58868125796465,195.76
2026-09-09,88,175.46726634181434,187.37
2026-09-09,89,171.94029735976622,190.05
2026-09-09,90,174.4732770640884,175.81
2026-09-09,91,176.79061210025878,171.66
2026-09-09,92,163.19641939603676,162.42
2026-09-09,93,168.0326457801871,168.0
2026-09-09,94,160.3559908894377,155.4
2026-09-09,95,155.92037436360533,148.76
2026-09-09,96,147.41055430192287,140.85
2026-09-10,1,169.63249256128336,172.77
2026-09-10,2,156.72196542947754,160.0
2026-09-10,3,147.68395452513678,154.33
2026-09-10,4,138.32423081891,153.62
2026-09-10,5,149.98847634019637,154.46
2026-09-10,6,145.2133940524986,159.26
2026-09-10,7,145.07620879160322,158.09
2026-09-10,8,138.09135553102064,157.58
2026-09-10,9,140.609800733471,157.27
2026-09-10,10,139.8808907550719,156.21
2026-09-10,11,138.71356537586928,162.08
2026-09-10,12,134.63748731264383,162.37
2026-09-10,13,132.3334537528909,162.09
2026-09-10,14,133.3854832374607,163.29
2026-09-10,15,133.7546774072404,160.84
2026-09-10,16,134.66226996151036,163.3
2026-09-10,17,135.6125432030168,163.29
2026-09-10,18,137.61922688206548,165.99
2026-09-10,19,141.2311885145078,171.36
2026-09-10,20,147.91588051000844,177.96
2026-09-10,21,144.15408049256612,170.24
2026-09-10,22,151.21105680223926,177.14
2026-09-10,23,162.21493275181425,187.35
2026-09-10,24,173.92275281836672,200.93
2026-09-10,25,174.2055505175092,192.14
2026-09-10,26,206.8499468184414,206.18
2026-09-10,27,214.8819745550226,218.27
2026-09-10,28,220.69833834827384,226.77
2026-09-10,29,216.05117791769817,226.79
2026-09-10,30,214.39050540199656,234.0
2026-09-10,31,200.64185753853656,236.99
2026-09-10,32,198.8394302035472,229.94
2026-09-10,33,205.8452159428023,248.93
2026-09-10,34,200.7533756072136,227.5
2026-09-10,35,196.2033725989179,216.08
2026-09-10,36,191.374090113127,195.67
2026-09-10,37,191.14660384566213,215.99
2026-09-10,38,177.1011235305757,195.01
2026-09-10,39,171.56337810181975,173.82
2026-09-10,40,151.69991446938909,155.09
2026-09-10,41,155.22780730683562,174.91
2026-09-10,42,146.94657216302502,151.1
2026-09-10,43,138.38511089390286,137.25
2026-09-10,44,112.69502875284012,122.2
2026-09-10,45,133.07492439963795,131.54
2026-09-10,46,109.86517987405122,117.81
2026-09-10,47,99.52068428720824,99.16
2026-09-10,48,75.17893328896076,73.77
2026-09-10,49,91.75314965330352,90.0
2026-09-10,50,97.5441254145932,75.98
2026-09-10,51,84.67491449465444,74.57
2026-09-10,52,100.91068914689224,66.02
2026-09-10,53,72.5942152366566,69.38
2026-09-10,54,83.81920060078443,62.38
2026-09-10,55,86.78318556764275,63.46
2026-09-10,56,103.46680411692437,69.34
2026-09-10,57,124.27993478578112,77.66
2026-09-10,58,177.7008996978138,89.36
2026-09-10,59,212.05729730649497,96.26
2026-09-10,60,97.41481550845782,103.76
2026-09-10,61,105.91305775586612,101.36
2026-09-10,62,180.1689921885248,112.92
2026-09-10,63,317.42084194214743,123.88
2026-09-10,64,190.95470293498107,132.54
2026-09-10,65,165.89151002433667,111.19
2026-09-10,66,154.1341140684317,143.2
2026-09-10,67,261.17786477298705,162.02
2026-09-10,68,299.1303002930161,181.78
2026-09-10,69,240.7511880443126,154.76
2026-09-10,70,153.29806222890443,184.41
2026-09-10,71,218.37292920553887,196.8
2026-09-10,72,251.30723243022592,215.62
2026-09-10,73,179.55718351948616,204.41
2026-09-10,74,408.5687780891381,238.38
2026-09-10,75,441.8918432354168,255.2
2026-09-10,76,252.32198622287424,302.01
2026-09-10,77,235.86842699301155,354.24
2026-09-10,78,253.7989196482734,401.56
2026-09-10,79,342.63806334971434,502.54
2026-09-10,80,323.0549163945132,585.1
2026-09-10,81,247.81081326538708,578.76
2026-09-10,82,317.06356736427483,471.93
2026-09-10,83,293.93331532968733,366.57
2026-09-10,84,298.1023163065636,300.06
2026-09-10,85,260.5022631212077,271.39
2026-09-10,86,352.8236355619312,268.06
2026-09-10,87,327.3493328504433,241.43
2026-09-10,88,332.654719525869,238.01
2026-09-10,89,342.45283780967134,239.7
2026-09-10,90,312.5614747242682,226.41
2026-09-10,91,325.9278371563109,222.95
2026-09-10,92,230.12732228348685,211.3
2026-09-10,93,270.94479997374344,218.15
2026-09-10,94,297.87896807487266,210.54
2026-09-10,95,240.3184474075308,197.59
2026-09-10,96,212.9372948754984,171.33
2026-09-11,1,208.01654869877063,183.77
2026-09-11,2,187.88680658020365,186.09
2026-09-11,3,177.8359601863305,186.74
2026-09-11,4,169.55842176485072,180.73
2026-09-11,5,185.72552187901812,196.82
2026-09-11,6,176.03003900398136,178.05
2026-09-11,7,173.6207722064559,175.47
2026-09-11,8,167.59447400167198,172.53
2026-09-11,9,168.60126960772732,175.09
2026-09-11,10,162.45232544533158,172.37
2026-09-11,11,162.95877887662164,169.84
2026-09-11,12,159.69358744694085,168.31
2026-09-11,13,160.5388381339622,165.95
2026-09-11,14,157.0589203104119,163.53
2026-09-11,15,156.8940068631979,165.3
2026-09-11,16,158.15448298351416,163.75
2026-09-11,17,153.80591911050303,165.79
2026-09-11,18,157.09657232377006,167.12
2026-09-11,19,159.00313526202714,167.32
2026-09-11,20,163.27229001487044,168.53
2026-09-11,21,159.47763372876653,170.47
2026-09-11,22,167.8428354632517,173.85
2026-09-11,23,174.9255440057278,176.44
2026-09-11,24,186.864857868668,183.4
2026-09-11,25,200.99660958993172,190.83
2026-09-11,26,209.2938764125585,200.27
2026-09-11,27,221.56182829030928,206.46
2026-09-11,28,220.40424406129264,213.49
2026-09-11,29,232.21277570511307,221.67
2026-09-11,30,222.1797415344369,223.94
2026-09-11,31,225.0187589764036,224.34
2026-09-11,32,194.91558658077847,222.52
2026-09-11,33,210.32758473589828,233.43
2026-09-11,34,200.4432112457192,223.82
2026-09-11,35,181.7933172159984,213.25
2026-09-11,36,155.9314627723605,186.31
2026-09-11,37,188.1364325313202,204.75
2026-09-11,38,165.3055697985816,200.49
2026-09-11,39,171.1497339927946,191.95
2026-09-11,40,146.1796419141283,180.75
2026-09-11,41,170.43919302901625,204.6
2026-09-11,42,141.99074863828145,175.08
2026-09-11,43,131.68126342280578,169.13
2026-09-11,44,119.72063493206542,164.05
2026-09-11,45,121.93859629511232,157.73
2026-09-11,46,106.824031743463,151.08
2026-09-11,47,98.81361401865708,143.84
2026-09-11,48,71.88217839902421,136.81
2026-09-11,49,74.67144249379633,137.2
2026-09-11,50,68.69792461902446,124.01
2026-09-11,51,56.596455238076274,130.17
2026-09-11,52,48.68640706068272,137.2
2026-09-11,53,54.26238059280154,121.92
2026-09-11,54,50.51804048519069,129.24
2026-09-11,55,48.67116812995726,135.0
2026-09-11,56,49.63352715661128,139.88
2026-09-11,57,53.171905317071015,138.18
2026-09-11,58,40.363198845427576,145.02
2026-09-11,59,47.6488966632491,149.1
2026-09-11,60,64.83848506261495,153.55
2026-09-11,61,58.20389038017929,150.0
2026-09-11,62,83.46796605493698,153.59
2026-09-11,63,135.67683812503688,158.37
2026-09-11,64,108.73637164000452,172.6
2026-09-11,65,106.09766004710237,157.43
2026-09-11,66,136.1000303774753,175.28
2026-09-11,67,153.21109815785826,192.0
2026-09-11,68,163.85843866962006,201.9
2026-09-11,69,143.76340562993946,181.52
2026-09-11,70,154.2901104794964,205.93
2026-09-11,71,173.19079921455793,216.99
2026-09-11,72,186.544371869364,233.01
2026-09-11,73,165.80076021243642,216.99
2026-09-11,74,217.3133927921076,238.03
2026-09-11,75,237.59751962090635,260.78
2026-09-11,76,241.93934829848013,278.16
2026-09-11,77,276.6829037057689,288.88
2026-09-11,78,291.0517975768605,299.67
2026-09-11,79,331.8478088021401,321.55
2026-09-11,80,308.050860423684,326.46
2026-09-11,81,336.7937020447945,315.61
2026-09-11,82,342.2121344350997,294.94
2026-09-11,83,297.846012831768,277.21
2026-09-11,84,293.92239837779255,267.9
2026-09-11,85,251.20076902332696,270.29
2026-09-11,86,298.411924722416,245.22
2026-09-11,87,268.8408360874608,236.0
2026-09-11,88,236.66824127375685,228.79
2026-09-11,89,255.01458143111,234.01
2026-09-11,90,200.428793902116,225.01
2026-09-11,91,218.27248237714272,222.31
2026-09-11,92,215.2900385704031,218.53
2026-09-11,93,200.0412682677588,217.0
2026-09-11,94,200.378265487137,207.0
2026-09-11,95,175.3428460380729,202.41
2026-09-11,96,160.69748243286477,192.02
2026-09-12,1,201.4451259102929,212.04
2026-09-12,2,191.32311511228949,206.52
2026-09-12,3,183.32359932986265,203.68
2026-09-12,4,174.44724802940712,198.88
2026-09-12,5,187.2726566604598,205.88
2026-09-12,6,175.7285779105094,199.05
2026-09-12,7,173.6852271088146,197.21
2026-09-12,8,169.71569761453046,194.0
2026-09-12,9,169.24938346271966,197.97
2026-09-12,10,165.75269290169436,198.57
2026-09-12,11,165.0517591890388,195.0
2026-09-12,12,162.19800307891987,194.0
2026-09-12,13,162.99552860644073,190.18
2026-09-12,14,162.2627495751934,189.82
2026-09-12,15,162.855870314106,188.6
2026-09-12,16,160.1071177151403,188.6
2026-09-12,17,160.2764878315508,184.5
2026-09-12,18,162.4810292449929,182.43
2026-09-12,19,160.10943171100678,185.0
2026-09-12,20,158.12674083725818,185.0
2026-09-12,21,163.1934489607148,184.5
2026-09-12,22,165.1567214077792,185.2
2026-09-12,23,161.96666226753908,186.37
2026-09-12,24,165.2661074136847,190.73
2026-09-12,25,175.23802530240806,190.15
2026-09-12,26,175.22182531738846,192.74
2026-09-12,27,172.1318122889471,196.8
2026-09-12,28,169.37916518993777,193.07
2026-09-12,29,177.41878589163412,199.88
2026-09-12,30,169.2461492365828,196.7
2026-09-12,31,170.52793035506926,191.12
2026-09-12,32,151.78772150394346,186.8
2026-09-12,33,177.64800958642738,200.75
2026-09-12,34,163.20326978633722,188.62
2026-09-12,35,145.57128133382673,161.01
2026-09-12,36,120.36764531812356,144.94
2026-09-12,37,139.353292643028,182.81
2026-09-12,38,129.97777349156536,150.39
2026-09-12,39,119.1711650644399,131.71
2026-09-12,40,101.62148214551178,108.19
2026-09-12,41,130.35079914245034,122.71
2026-09-12,42,107.3195541503383,105.77
2026-09-12,43,94.13335308619146,85.0
2026-09-12,44,78.88850432055008,43.36
2026-09-12,45,89.72426476598841,65.89
2026-09-12,46,73.12836600840174,42.8
2026-09-12,47,59.70674890232219,16.84
2026-09-12,48,42.2856173631654,5.86
2026-09-12,49,50.98906107522387,4.04
2026-09-12,50,46.98517921902629,0.0
2026-09-12,51,30.34580594989417,-0.01
2026-09-12,52,24.865641892337827,-0.02
2026-09-12,53,27.359728139568347,-0.01
2026-09-12,54,26.72786390889072,-0.05
2026-09-12,55,27.409420853813646,-0.05
2026-09-12,56,31.38519312756754,-0.09
2026-09-12,57,21.01515670414102,-0.48
2026-09-12,58,20.092245065486363,-0.19
2026-09-12,59,32.2990374593545,-0.13
2026-09-12,60,45.17871156551349,-0.17
2026-09-12,61,49.65016651563682,-0.01
2026-09-12,62,65.29410770514475,0.0
2026-09-12,63,77.41961492247148,0.0
2026-09-12,64,84.27058054875462,2.91
2026-09-12,65,79.8653776262926,0.01
2026-09-12,66,102.99593004038574,7.17
2026-09-12,67,116.77145290173571,43.29
2026-09-12,68,125.44725370628622,87.29
2026-09-12,69,111.81294817307182,83.4
2026-09-12,70,116.03855955745146,114.22
2026-09-12,71,149.112788056599,126.78
2026-09-12,72,178.8066975743837,150.4
2026-09-12,73,155.9051473890514,145.35
2026-09-12,74,182.9609308143421,180.12
2026-09-12,75,212.3875753415748,191.46
2026-09-12,76,205.4231808266432,194.83
2026-09-12,77,212.86357860209603,194.44
2026-09-12,78,213.00663555712336,204.81
2026-09-12,79,233.44715771411225,204.46
2026-09-12,80,214.52171137567143,210.24
2026-09-12,81,217.50347973866565,210.99
2026-09-12,82,222.2562953302792,211.17
2026-09-12,83,218.73875010758528,210.92
2026-09-12,84,212.95910700743443,207.69
2026-09-12,85,205.5252750016579,210.75
2026-09-12,86,197.67820770532813,204.94
2026-09-12,87,204.6666756219549,201.06
2026-09-12,88,198.80053788605525,191.74
2026-09-12,89,204.3734978875758,199.35
2026-09-12,90,190.60552026413256,191.77
2026-09-12,91,190.32974217154745,189.05
2026-09-12,92,183.49918213917732,183.73
2026-09-12,93,182.9357523091311,191.46
2026-09-12,94,177.7189455812937,186.02
2026-09-12,95,171.71434411296352,182.21
2026-09-12,96,158.77610247814945,179.55
2026-09-13,1,172.84108906698611,177.83
2026-09-13,2,166.40554331223467,177.83
2026-09-13,3,163.44516277544903,177.83
2026-09-13,4,157.94304509130708,177.83
2026-09-13,5,166.82850484210374,167.6
2026-09-13,6,157.03508878278836,167.6
2026-09-13,7,151.9800019165575,167.6
2026-09-13,8,148.91683532162574,167.6
2026-09-13,9,151.62444035765495,163.03
2026-09-13,10,148.62517433989902,163.03
2026-09-13,11,143.99813091368966,163.03
2026-09-13,12,142.04886341647455,163.03
2026-09-13,13,146.51605714074807,161.73
2026-09-13,14,145.48422710188302,161.73
2026-09-13,15,144.45716355931765,161.73
2026-09-13,16,142.3946582597783,161.73
2026-09-13,17,142.58530810165303,164.06
2026-09-13,18,142.18279045948992,164.06
2026-09-13,19,141.5093037807468,164.06
2026-09-13,20,143.6101730846427,164.06
2026-09-13,21,143.42750672390673,168.03
2026-09-13,22,143.79875074969146,168.03
2026-09-13,23,147.32297883563115,168.03
2026-09-13,24,153.57841442808393,168.03
2026-09-13,25,158.71473881596287,175.27
2026-09-13,26,168.17246955528745,175.27
2026-09-13,27,163.61010298031317,175.27
2026-09-13,28,167.17672598122536,175.27
2026-09-13,29,169.55977265779632,178.93
2026-09-13,30,169.3987409629689,178.93
2026-09-13,31,164.8677596867538,178.93
2026-09-13,32,156.0600421199981,178.93
2026-09-13,33,180.73767418555096,167.88
2026-09-13,34,173.03313858285443,167.88
2026-09-13,35,155.1150286460105,167.88
2026-09-13,36,135.25657917227238,167.88
2026-09-13,37,169.01107096137568,144.24
2026-09-13,38,136.8971466546139,144.24
2026-09-13,39,112.18733194503244,144.24
2026-09-13,40,92.87852608392308,144.24
2026-09-13,41,110.10429386173529,120.0
2026-09-13,42,99.47539889990298,120.0
2026-09-13,43,89.72187849095306,120.0
2026-09-13,44,42.99472340050325,120.0
2026-09-13,45,84.18168931622671,105.31
2026-09-13,46,76.4249800325694,105.31
2026-09-13,47,49.16808140087292,105.31
2026-09-13,48,36.87586757426716,105.31
2026-09-13,49,48.20726146539125,100.83
2026-09-13,50,45.388044457526505,100.83
2026-09-13,51,32.38696644844627,100.83
2026-09-13,52,16.316938415139465,100.83
2026-09-13,53,24.138050275628963,97.11
2026-09-13,54,14.44547736753832,97.11
2026-09-13,55,43.8643366267786,97.11
2026-09-13,56,37.67606025635919,97.11
2026-09-13,57,2.9096054516889405,97.1
2026-09-13,58,25.757755657645127,97.1
2026-09-13,59,32.67001257882556,97.1
2026-09-13,60,21.69477482241016,97.1
2026-09-13,61,25.00919460544729,113.17
2026-09-13,62,31.28343218278285,113.17
2026-09-13,63,48.8291865440599,113.17
2026-09-13,64,45.1059185053015,113.17
2026-09-13,65,28.65445775365835,150.98
2026-09-13,66,42.4549823449958,150.98
2026-09-13,67,54.77279517122975,150.98
2026-09-13,68,61.843635184744784,150.98
2026-09-13,69,49.932177391032205,189.14
2026-09-13,70,88.35562522836632,189.14
2026-09-13,71,127.94765635823076,189.14
2026-09-13,72,181.37527881481017,189.14
2026-09-13,73,138.93332948518432,210.0
2026-09-13,74,170.18976498244044,210.0
2026-09-13,75,182.164430897612,210.0
2026-09-13,76,199.4033929439621,210.0
2026-09-13,77,192.89215324526947,230.01
2026-09-13,78,187.21897799706423,230.01
2026-09-13,79,196.70082438601813,230.01
2026-09-13,80,197.7963717190297,230.01
2026-09-13,81,195.08881454815656,233.83
2026-09-13,82,198.9233075023141,233.83
2026-09-13,83,202.6126494087138,233.83
2026-09-13,84,200.97829924698505,233.83
2026-09-13,85,198.1515077860119,232.37
2026-09-13,86,186.6345763283551,232.37
2026-09-13,87,177.79024886338598,232.37
2026-09-13,88,172.59727344998035,232.37
2026-09-13,89,193.1771967044627,227.46
2026-09-13,90,181.6490374746202,227.46
2026-09-13,91,177.09258782070623,227.46
2026-09-13,92,176.66043278338591,227.46
2026-09-13,93,179.8820853173981,210.59
2026-09-13,94,175.83611240042285,210.59
2026-09-13,95,171.98667936943212,210.59
2026-09-13,96,149.4677471624148,210.59
2026-09-14,1,188.70106647762736,218.18
2026-09-14,2,169.87448793108598,205.79
2026-09-14,3,167.26636242119875,196.0
2026-09-14,4,156.35664445301634,186.85
2026-09-14,5,158.2135012110165,192.1
2026-09-14,6,160.7577523281153,187.5
2026-09-14,7,160.83055073123762,189.38
2026-09-14,8,162.77196631432815,182.59
2026-09-14,9,162.72083412069134,185.42
2026-09-14,10,156.7433117564151,185.05
2026-09-14,11,167.53175041589165,183.47
2026-09-14,12,169.98694729468315,182.75
2026-09-14,13,163.55378052102398,183.46
2026-09-14,14,160.30900441033322,184.16
2026-09-14,15,159.58511824304918,183.8
2026-09-14,16,157.49144130054106,184.05
2026-09-14,17,159.3977111599541,180.24
2026-09-14,18,161.95849675425072,181.2
2026-09-14,19,157.28629938700854,183.46
2026-09-14,20,174.26790352771556,190.12
2026-09-14,21,177.94874046855787,184.46
2026-09-14,22,197.09592836047668,194.47
2026-09-14,23,213.0687926046957,208.57
2026-09-14,24,277.54051350628595,221.0
2026-09-14,25,244.11784450515847,217.24
2026-09-14,26,296.98580660172235,250.88
2026-09-14,27,346.2267469817948,273.4
2026-09-14,28,343.6324210718366,277.25
2026-09-14,29,399.0339509155912,300.1
2026-09-14,30,355.05005255127,321.56
2026-09-14,31,396.9055709109752,323.39
2026-09-14,32,308.5734115915302,322.58
2026-09-14,33,340.7653786870492,348.3
2026-09-14,34,339.8354742485721,300.05
2026-09-14,35,321.380591001586,281.75
2026-09-14,36,328.7799319637114,268.3
2026-09-14,37,310.2147529820279,280.22
2026-09-14,38,319.3338862950616,266.7
2026-09-14,39,295.45203450148426,240.05
2026-09-14,40,204.81124151216588,216.56
2026-09-14,41,294.5681211970978,242.08
2026-09-14,42,199.7994167608661,219.99
2026-09-14,43,150.26325154979926,201.59
2026-09-14,44,93.0738091336012,183.66
2026-09-14,45,132.08231318194373,212.14
2026-09-14,46,80.78411341344314,193.79
2026-09-14,47,68.59014733284636,196.8
2026-09-14,48,57.74830995810845,184.47
2026-09-14,49,184.6441972854305,195.54
2026-09-14,50,223.530047076102,181.43
2026-09-14,51,434.5956051197947,176.87
2026-09-14,52,461.2252943736253,168.87
2026-09-14,53,317.9043490588287,175.15
2026-09-14,54,533.7479777686532,168.46
2026-09-14,55,478.1335995824907,165.82
2026-09-14,56,409.00730296401065,155.59
2026-09-14,57,489.7745611863575,159.82
2026-09-14,58,708.40022361853,161.77
2026-09-14,59,334.6068998099984,158.11
2026-09-14,60,87.79473596615387,166.0
2026-09-14,61,323.0922058814451,152.91
2026-09-14,62,92.20730724574132,155.59
2026-09-14,63,106.05832583517731,169.1
2026-09-14,64,107.2248976513166,182.0
2026-09-14,65,75.79927717302489,152.0
2026-09-14,66,98.17147764450948,170.08
2026-09-14,67,139.16684864121711,190.0
2026-09-14,68,166.84288486716477,210.51
2026-09-14,69,151.49629470839662,179.23
2026-09-14,70,168.77348164598666,214.0
2026-09-14,71,197.87079064895164,253.13
2026-09-14,72,235.2622258052504,288.31
2026-09-14,73,190.45304259996217,259.12
2026-09-14,74,206.9344374501852,306.36
2026-09-14,75,208.12947406752315,450.0
2026-09-14,76,192.780966366313,584.88
2026-09-14,77,202.0033295901804,649.11
2026-09-14,78,217.565921886026,700.07
2026-09-14,79,289.94445363740186,700.04
2026-09-14,80,322.8361313042869,740.01
2026-09-14,81,255.1615139016322,704.41
2026-09-14,82,278.0174518734217,585.23
2026-09-14,83,260.24091446210366,447.3
2026-09-14,84,307.5898525332067,367.47
2026-09-14,85,238.716850770366,373.3
2026-09-14,86,244.93539295582312,309.41
2026-09-14,87,239.7798328121429,270.06
2026-09-14,88,231.03939020712025,248.81
2026-09-14,89,235.2631312131853,267.01
2026-09-14,90,218.85699597235083,252.15
2026-09-14,91,218.11877367419623,242.77
2026-09-14,92,197.99809165010896,225.08
2026-09-14,93,208.64111233781875,241.7
2026-09-14,94,202.88025746826824,227.75
2026-09-14,95,184.0481418025276,221.53
2026-09-14,96,165.52953963027113,207.57
2026-09-15,1,213.5709069567483,219.74
2026-09-15,2,203.5795147855245,217.76
2026-09-15,3,196.4559890061836,205.88
2026-09-15,4,188.0894314981984,192.17
2026-09-15,5,206.01546671311635,211.24
2026-09-15,6,193.01972097198225,198.43
2026-09-15,7,192.76460431325103,194.29
2026-09-15,8,177.05164820537416,188.1
2026-09-15,9,177.62437108613875,189.9
2026-09-15,10,178.05482920228096,187.25
2026-09-15,11,177.1039318111251,188.45
2026-09-15,12,176.172634693595,187.81
2026-09-15,13,173.15539424783066,185.3
2026-09-15,14,166.0852368454957,185.99
2026-09-15,15,164.56286714833607,187.33
2026-09-15,16,163.48887133943407,184.0
2026-09-15,17,163.51005001878642,184.06
2026-09-15,18,165.70982636403969,184.3
2026-09-15,19,163.6551709593856,184.53
2026-09-15,20,168.17235312874266,181.31
2026-09-15,21,174.97663875728205,184.37
2026-09-15,22,190.88059174473523,187.0
2026-09-15,23,208.3538889729001,199.59
2026-09-15,24,251.68735779092697,216.07
2026-09-15,25,233.65124984204743,222.91
2026-09-15,26,261.51509647115563,238.0
2026-09-15,27,257.957458036729,239.38
2026-09-15,28,278.5951348933578,249.41
2026-09-15,29,331.19605590476544,281.57
2026-09-15,30,306.84382302416043,270.61
2026-09-15,31,307.4044344277315,252.91
2026-09-15,32,301.5769069374245,243.22
2026-09-15,33,371.3784289296043,268.06
2026-09-15,34,344.64369153179166,241.51
2026-09-15,35,157.65626995450717,225.01
2026-09-15,36,249.64212139228084,197.87
2026-09-15,37,288.51426553627834,227.5
2026-09-15,38,295.2365003894124,212.6
2026-09-15,39,276.9980490852146,189.05
2026-09-15,40,202.0113532246957,156.43
2026-09-15,41,281.6411272861497,181.16
2026-09-15,42,226.9551276359456,162.59
2026-09-15,43,195.69507437356464,128.03
2026-09-15,44,156.0078664240553,112.06
2026-09-15,45,188.29491796875195,122.33
2026-09-15,46,171.32207709608875,88.74
2026-09-15,47,147.51498835693582,69.0
2026-09-15,48,148.79753081720003,35.41
2026-09-15,49,138.68635953055957,60.68
2026-09-15,50,118.65261085188416,43.42
2026-09-15,51,121.16090790196712,36.38
2026-09-15,52,111.13725289992811,37.39
2026-09-15,53,106.39041343707026,31.87
2026-09-15,54,105.50288241444788,30.18
2026-09-15,55,106.366871129639,29.56
2026-09-15,56,84.54637641565435,26.39
2026-09-15,57,54.11733940371606,32.36
2026-09-15,58,129.03959924196843,42.31
2026-09-15,59,84.97774282765172,50.08
2026-09-15,60,92.92748023818078,60.05
2026-09-15,61,153.16145149349103,61.65
2026-09-15,62,168.43549937848346,89.83
2026-09-15,63,195.65010886319587,121.19
2026-09-15,64,186.5397746879668,142.1
2026-09-15,65,98.00920376410504,104.05
2026-09-15,66,123.5615978869783,140.36
2026-09-15,67,225.50993484156533,169.79
2026-09-15,68,212.45120719570505,209.89
2026-09-15,69,142.50058689361234,165.79
2026-09-15,70,222.17955607779083,210.15
2026-09-15,71,246.935235862346,230.2
2026-09-15,72,251.05429892955945,247.72
2026-09-15,73,219.498932613607,217.83
2026-09-15,74,241.5923698633623,235.0
2026-09-15,75,246.7811397810584,258.69
2026-09-15,76,263.7670792479644,294.52
2026-09-15,77,266.41154747367847,293.68
2026-09-15,78,293.84889365635763,312.4
2026-09-15,79,315.5894029006485,307.35
2026-09-15,80,313.1946703664189,300.03
2026-09-15,81,304.1329840847326,279.77
2026-09-15,82,325.86742505168434,251.2
2026-09-15,83,293.1413613614108,245.93
2026-09-15,84,265.87232975039564,238.7
2026-09-15,85,257.2635936863381,231.3
2026-09-15,86,239.17579164735133,226.54
2026-09-15,87,223.84085571078128,223.45
2026-09-15,88,206.5471719758652,208.0
2026-09-15,89,210.8795310939859,212.98
2026-09-15,90,200.9858090406022,201.34
2026-09-15,91,213.62544108108284,198.01
2026-09-15,92,197.46685904533564,185.52
2026-09-15,93,196.55734169483253,193.54
2026-09-15,94,188.96227602768,186.6
2026-09-15,95,179.42504128366394,179.67
2026-09-15,96,159.5236433626848,171.04
2026-09-16,1,181.9748373496517,181.74
2026-09-16,2,173.90019010132752,178.97
2026-09-16,3,168.004329612218,174.59
2026-09-16,4,166.00550767138532,170.88
2026-09-16,5,167.70267677940063,173.18
2026-09-16,6,163.62690192674577,170.8
2026-09-16,7,161.05890787171913,170.88
2026-09-16,8,154.95541957174308,170.01
2026-09-16,9,155.57092072080874,167.58
2026-09-16,10,154.84785796225498,167.45
2026-09-16,11,153.5706444097518,170.04
2026-09-16,12,152.8224038106598,169.73
2026-09-16,13,151.4490734202013,169.85
2026-09-16,14,151.97193954562877,168.75
2026-09-16,15,151.3744185072265,167.24
2026-09-16,16,150.52591181895858,168.73
2026-09-16,17,150.62247676322443,170.19
2026-09-16,18,151.14437979257636,167.33
2026-09-16,19,151.76649115136962,169.26
2026-09-16,20,155.4642137260379,171.92
2026-09-16,21,157.96963811207863,168.04
2026-09-16,22,163.643045770082,178.58
2026-09-16,23,173.24924856199874,187.88
2026-09-16,24,189.3845931438489,225.99
2026-09-16,25,188.37392675252323,199.41
2026-09-16,26,203.80300483961213,218.75
2026-09-16,27,212.8829382154544,233.61
2026-09-16,28,244.32459012537265,243.3
2026-09-16,29,234.24550532861127,246.27
2026-09-16,30,228.01067668505485,240.21
2026-09-16,31,227.93296519523483,235.01
2026-09-16,32,219.03923740975503,230.79
2026-09-16,33,247.8677324138681,247.01
2026-09-16,34,248.2525157437542,237.79
2026-09-16,35,249.71368143452173,223.17
2026-09-16,36,228.7664014849602,192.0
2026-09-16,37,234.17414686822428,219.85
2026-09-16,38,235.35399341685343,200.32
2026-09-16,39,213.9799783274377,176.41
2026-09-16,40,158.9416185625201,169.81
2026-09-16,41,215.84001385870425,186.38
2026-09-16,42,189.97273985795653,174.6
2026-09-16,43,153.48457492599502,168.84
2026-09-16,44,98.6001023745727,161.8
2026-09-16,45,152.4719112364557,154.39
2026-09-16,46,93.85723496601832,149.03
2026-09-16,47,78.04044508167883,136.63
2026-09-16,48,60.02161746116741,128.76
2026-09-16,49,70.00217809609549,130.89
2026-09-16,50,75.80760281884636,113.0
2026-09-16,51,55.19923700448832,109.59
2026-09-16,52,61.5483680249929,100.58
2026-09-16,53,54.11891994364407,104.7
2026-09-16,54,61.48743402405921,98.37
2026-09-16,55,79.62832102183566,96.56
2026-09-16,56,71.97370521447898,90.4
2026-09-16,57,52.44399389594203,99.39
2026-09-16,58,53.47858799506018,101.24
2026-09-16,59,67.22475803463834,103.54
2026-09-16,60,61.76874759295506,105.6
2026-09-16,61,64.47628074255341,107.24
2026-09-16,62,94.26846419679288,117.19
2026-09-16,63,98.16740826294328,130.81
2026-09-16,64,102.71727098590142,132.92
2026-09-16,65,79.59728903051553,131.37
2026-09-16,66,110.95342498323468,143.56
2026-09-16,67,136.11521753442997,165.94
2026-09-16,68,145.49809506542195,193.23
2026-09-16,69,124.75904265007333,182.98
2026-09-16,70,150.97506943993648,204.21
2026-09-16,71,169.91222004850067,209.42
2026-09-16,72,189.39394860262337,222.95
2026-09-16,73,160.93924167893022,204.25
2026-09-16,74,194.8673808465704,221.72
2026-09-16,75,190.46823493444708,234.98
2026-09-16,76,212.1798310858682,263.37
2026-09-16,77,214.65762963952832,237.97
2026-09-16,78,227.0523234931163,248.0
2026-09-16,79,249.6032844400142,262.56
2026-09-16,80,263.5019757472947,269.18
2026-09-16,81,287.9180066635024,264.58
2026-09-16,82,233.4682627159118,248.79
2026-09-16,83,230.3557122193181,239.85
2026-09-16,84,235.61761020687103,234.43
2026-09-16,85,213.28251383577145,236.92
2026-09-16,86,207.0595363211877,229.49
2026-09-16,87,216.51428408472017,215.47
2026-09-16,88,204.75243397300085,199.18
2026-09-16,89,193.929273561915,213.99
2026-09-16,90,189.3543506700988,201.4
2026-09-16,91,187.63630125840643,196.77
2026-09-16,92,175.91578811172366,191.0
2026-09-16,93,178.579410062005,198.34
2026-09-16,94,178.54817656273613,189.98
2026-09-16,95,166.22242541219873,184.25
2026-09-16,96,154.71292807745573,168.21
2026-09-17,1,183.027265321515,199.33
2026-09-17,2,173.2203672769664,186.44
2026-09-17,3,166.58770650109722,176.97
2026-09-17,4,161.82487243732965,171.32
2026-09-17,5,169.62270474970384,175.44
2026-09-17,6,162.46504326411596,170.27
2026-09-17,7,160.59559944549426,166.6
2026-09-17,8,155.44491734181997,163.99
2026-09-17,9,155.85106818297805,166.77
2026-09-17,10,153.5648735793906,164.87
2026-09-17,11,150.95943144386072,164.94
2026-09-17,12,149.3703027254838,165.37
2026-09-17,13,150.1711334075644,165.29
2026-09-17,14,149.3273496405154,166.03
2026-09-17,15,148.38606307828434,165.3
2026-09-17,16,146.654221720596,165.63
2026-09-17,17,146.83152213110418,164.56
2026-09-17,18,146.2287851372345,165.29
2026-09-17,19,146.9824702891438,167.42
2026-09-17,20,148.59898456757017,165.3
2026-09-17,21,149.20112941532574,158.03
2026-09-17,22,152.96659174120015,159.86
2026-09-17,23,161.05685050699876,166.75
2026-09-17,24,175.37195403240403,175.4
2026-09-17,25,177.58447073262238,172.47
2026-09-17,26,203.30778469826777,194.74
2026-09-17,27,204.6742864139143,209.2
2026-09-17,28,219.9886880138488,219.99
2026-09-17,29,222.5217936311754,230.2
2026-09-17,30,235.95400002290253,221.02
2026-09-17,31,247.8755258770376,210.96
2026-09-17,32,280.58516366971463,203.59
2026-09-17,33,285.008150512793,215.92
2026-09-17,34,250.3661280994154,204.59
2026-09-17,35,249.89042176835807,195.46
2026-09-17,36,232.2573260103602,177.83
2026-09-17,37,240.12409117940925,200.0
2026-09-17,38,235.59387631133183,178.9
2026-09-17,39,196.1857912650785,150.24
2026-09-17,40,164.61482331995074,124.42
2026-09-17,41,206.14787290035324,145.92
2026-09-17,42,192.03816042718,125.69
2026-09-17,43,169.47117866778405,99.3
2026-09-17,44,152.04780410770445,74.45
2026-09-17,45,171.2158190855156,69.57
2026-09-17,46,159.36824497902532,43.17
2026-09-17,47,83.1442710399954,19.12
2026-09-17,48,63.83766874310642,7.2
2026-09-17,49,136.280688524067,17.53
2026-09-17,50,102.212692016841,10.1
2026-09-17,51,118.6872754653626,7.62
2026-09-17,52,70.82259047290259,7.43
2026-09-17,53,68.23435973960146,5.0
2026-09-17,54,53.51710259231756,2.12
2026-09-17,55,51.43211969617974,0.42
2026-09-17,56,60.82816258632016,0.1
2026-09-17,57,89.50229733449872,3.97
2026-09-17,58,80.18223499173956,6.04
2026-09-17,59,78.80536887739264,13.69
2026-09-17,60,85.69067157160852,25.2
2026-09-17,61,97.01115829842662,10.0
2026-09-17,62,97.58293988416229,23.24
2026-09-17,63,108.6139428825172,42.54
2026-09-17,64,112.6490316266843,49.01
2026-09-17,65,78.61688275647481,27.41
2026-09-17,66,91.40705239753557,51.65
2026-09-17,67,114.73515408339634,101.03
2026-09-17,68,134.06549949985578,117.35
2026-09-17,69,123.4505080219254,97.67
2026-09-17,70,160.1431283963711,135.5
2026-09-17,71,179.0533030547782,163.74
2026-09-17,72,211.779287056498,208.99
2026-09-17,73,160.7599297574756,181.97
2026-09-17,74,181.64025862411643,197.33
2026-09-17,75,194.4231240765376,205.66
2026-09-17,76,201.05747672930016,208.99
2026-09-17,77,203.30838569149049,210.17
2026-09-17,78,209.1046031104495,211.58
2026-09-17,79,318.1594898623262,213.42
2026-09-17,80,260.87141099294473,232.7
2026-09-17,81,215.54341316443697,216.09
2026-09-17,82,216.8888308550872,215.16
2026-09-17,83,206.8169559160877,216.64
2026-09-17,84,207.4732640640379,214.98
2026-09-17,85,207.29699857977252,219.05
2026-09-17,86,193.30728820014664,210.72
2026-09-17,87,189.86422726927532,204.19
2026-09-17,88,186.8198118526452,188.96
2026-09-17,89,196.3064926125038,199.0
2026-09-17,90,180.8316209438114,191.64
2026-09-17,91,180.79999531154533,194.99
2026-09-17,92,176.9853188347551,187.88
2026-09-17,93,168.72499800850494,186.23
2026-09-17,94,161.6527546794256,184.76
2026-09-17,95,162.45224518219652,179.29
2026-09-17,96,151.05454489274817,167.18
2026-09-18,1,170.52407647170557,148.62
2026-09-18,2,163.2835948829606,142.08
2026-09-18,3,158.17805639262303,134.81
2026-09-18,4,153.7150154426311,131.43
2026-09-18,5,161.2619960842861,135.96
2026-09-18,6,153.6891055051736,130.24
2026-09-18,7,151.31101281202635,127.5
2026-09-18,8,147.6882300161585,128.07
2026-09-18,9,148.93045366040528,126.68
2026-09-18,10,148.1401597964598,125.54
2026-09-18,11,146.68664639986662,132.78
2026-09-18,12,144.01378474353854,133.02
2026-09-18,13,146.48041040847522,128.71
2026-09-18,14,144.1583681882078,129.52
2026-09-18,15,144.3040731923117,129.9
2026-09-18,16,142.00532630572587,132.57
2026-09-18,17,142.06438001768717,128.05
2026-09-18,18,142.6200386543269,131.76
2026-09-18,19,145.14341939560688,130.27
2026-09-18,20,148.99030408847426,134.34
2026-09-18,21,146.45032701854257,138.82
2026-09-18,22,151.75621996387355,138.32
2026-09-18,23,160.14748920932587,148.74
2026-09-18,24,169.7990378380406,160.69
2026-09-18,25,170.85597971768755,173.0
2026-09-18,26,187.317727383224,181.67
2026-09-18,27,198.83356785118605,187.86
2026-09-18,28,212.32919804711003,201.49
2026-09-18,29,218.50795500443544,207.0
2026-09-18,30,212.3041612360314,217.56
2026-09-18,31,210.42210126366584,213.62
2026-09-18,32,198.85869456147145,207.24
2026-09-18,33,220.63046664080645,221.78
2026-09-18,34,205.68800157771724,207.62
2026-09-18,35,192.6046508878982,203.33
2026-09-18,36,172.52941070137263,187.27
2026-09-18,37,193.0748804615353,204.35
2026-09-18,38,174.79662604402438,181.26
2026-09-18,39,168.64599565446522,150.0
2026-09-18,40,165.7204245037022,114.83
2026-09-18,41,174.51898621447378,135.33
2026-09-18,42,179.84143319665782,110.0
2026-09-18,43,160.0667375833295,83.5
2026-09-18,44,91.9914789250722,55.06
2026-09-18,45,111.15524073185873,70.83
2026-09-18,46,82.09805084503813,48.15
2026-09-18,47,69.64673226178982,36.32
2026-09-18,48,60.27514338960852,14.31
2026-09-18,49,95.6633791021338,14.62
2026-09-18,50,81.40264108001638,5.82
2026-09-18,51,62.077520559900464,3.52
2026-09-18,52,51.25372364436902,1.08
2026-09-18,53,53.38668427998986,0.5
2026-09-18,54,41.731073147686295,0.04
2026-09-18,55,29.039664628461693,0.01
2026-09-18,56,34.81795508479013,0.0
2026-09-18,57,48.05641273278136,0.0
2026-09-18,58,74.94432923789861,0.0
2026-09-18,59,75.38459012151219,0.0
2026-09-18,60,53.0348433229715,0.01
2026-09-18,61,44.33651414377288,0.07
2026-09-18,62,54.318492855825,1.94
2026-09-18,63,68.15571916325939,4.15
2026-09-18,64,91.70075633069838,5.97
2026-09-18,65,66.755903678208,3.88
2026-09-18,66,114.17833993265714,9.28
2026-09-18,67,139.9584910443354,48.23
2026-09-18,68,158.47311552091156,61.63
2026-09-18,69,149.70221320448042,30.0
2026-09-18,70,166.70259435548408,67.3
2026-09-18,71,172.57175655766355,129.39
2026-09-18,72,189.42682591480948,164.97
2026-09-18,73,170.47831872113494,149.46
2026-09-18,74,210.41576077345744,172.5
2026-09-18,75,210.2701514880382,191.15
2026-09-18,76,229.26698074734648,207.29
2026-09-18,77,210.07843958773125,189.3
2026-09-18,78,223.7689669911871,186.45
2026-09-18,79,233.13702596377144,189.82
2026-09-18,80,238.557062168611,205.31
2026-09-18,81,253.26719001209904,200.57
2026-09-18,82,231.65189723693,198.19
2026-09-18,83,239.76771045731743,191.41
2026-09-18,84,228.0831488467216,189.78
2026-09-18,85,220.5855056963605,189.0
2026-09-18,86,213.1925199442604,184.75
2026-09-18,87,209.2064866942379,174.98
2026-09-18,88,201.0656363710066,164.99
2026-09-18,89,198.340288305037,172.86
2026-09-18,90,188.9080680560197,169.16
2026-09-18,91,190.3263842057808,164.99
2026-09-18,92,183.16109379202237,145.72
2026-09-18,93,187.0179506801596,157.35
2026-09-18,94,181.0139472825041,139.85
2026-09-18,95,178.67501073960338,130.39
2026-09-18,96,166.62439796927794,111.0
2026-09-19,1,144.34472169232183,
2026-09-19,2,137.4783080688131,
2026-09-19,3,131.60959513028934,
2026-09-19,4,129.08002469475343,
2026-09-19,5,137.90997780427531,
2026-09-19,6,129.2983778066658,
2026-09-19,7,132.6802507035586,
2026-09-19,8,131.40268839896837,
2026-09-19,9,133.19294338863594,
2026-09-19,10,128.67193114243128,
2026-09-19,11,128.79420819416697,
2026-09-19,12,130.84504030185465,
2026-09-19,13,124.80405022061184,
2026-09-19,14,129.837175657895,
2026-09-19,15,128.52004156556296,
2026-09-19,16,127.36050935015562,
2026-09-19,17,128.50097239086688,
2026-09-19,18,129.2174952862555,
2026-09-19,19,128.6460932099808,
2026-09-19,20,124.85959196185655,
2026-09-19,21,130.00221781780076,
2026-09-19,22,123.19283963015936,
2026-09-19,23,128.8919305938179,
2026-09-19,24,134.2984332010378,
2026-09-19,25,147.11887414493356,
2026-09-19,26,144.03343872111486,
2026-09-19,27,139.9061550995926,
2026-09-19,28,134.89444540995157,
2026-09-19,29,148.41105259083753,
2026-09-19,30,143.140107814038,
2026-09-19,31,135.86677707837066,
2026-09-19,32,123.96436361877304,
2026-09-19,33,143.81100131344388,
2026-09-19,34,126.9942662163254,
2026-09-19,35,114.17389464338166,
2026-09-19,36,80.552025263207,
2026-09-19,37,122.26367506266712,
2026-09-19,38,89.55241094589938,
2026-09-19,39,60.07637758561313,
2026-09-19,40,-115.43245661130007,
2026-09-19,41,-5.479057330092701,
2026-09-19,42,-107.85362353721733,
2026-09-19,43,3.648058003664403,
2026-09-19,44,24.997471148427813,
2026-09-19,45,26.695813440082134,
2026-09-19,46,-27.403783389886684,
2026-09-19,47,25.56261805242879,
2026-09-19,48,22.582381941692883,
2026-09-19,49,-4.5784846340769505,
2026-09-19,50,-45.081832832645546,
2026-09-19,51,-35.43802180277096,
2026-09-19,52,-22.253911066074917,
2026-09-19,53,-71.60837797831826,
2026-09-19,54,-27.287636618546685,
2026-09-19,55,-12.427567110564208,
2026-09-19,56,-10.626229083965226,
2026-09-19,57,-5.6641730237693695,
2026-09-19,58,6.358249199158316,
2026-09-19,59,13.034262526451492,
2026-09-19,60,16.35071838265263,
2026-09-19,61,14.467159533425248,
2026-09-19,62,21.848967786083367,
2026-09-19,63,20.83803645051883,
2026-09-19,64,14.036235754637154,
2026-09-19,65,20.582290060153227,
2026-09-19,66,10.251038188131986,
2026-09-19,67,28.164448244670055,
2026-09-19,68,63.08560455611083,
2026-09-19,69,37.97774044639999,
2026-09-19,70,66.43193475319426,
2026-09-19,71,107.31692499476642,
2026-09-19,72,147.8241812230637,
2026-09-19,73,112.07663240422559,
2026-09-19,74,148.1169552033814,
2026-09-19,75,168.65330232673494,
2026-09-19,76,177.26148088886868,
2026-09-19,77,168.9187033636143,
2026-09-19,78,172.388499261839,
2026-09-19,79,176.2520626397028,
2026-09-19,80,179.04420103938978,
2026-09-19,81,170.36144095293622,
2026-09-19,82,140.80423388144482,
2026-09-19,83,160.7566721963507,
2026-09-19,84,167.6942727339959,
2026-09-19,85,156.20530726915987,
2026-09-19,86,140.45554431764347,
2026-09-19,87,135.3627676599935,
2026-09-19,88,142.5832869304324,
2026-09-19,89,157.09048345337456,
2026-09-19,90,148.11752092929538,
2026-09-19,91,150.5880091447453,
2026-09-19,92,133.64325548140368,
2026-09-19,93,127.3676251251034,
2026-09-19,94,131.05884057090256,
2026-09-19,95,118.66592626614124,
2026-09-19,96,133.86521706281218,
