delivery_date,mtu,y_pred,y_true
2026-07-19,1,144.4392312423472,145.59
2026-07-19,2,137.33241267943475,142.6
2026-07-19,3,128.6179570545577,135.63
2026-07-19,4,125.67517838464478,130.97
2026-07-19,5,135.30764568334232,135.0
2026-07-19,6,123.80391516575578,132.23
2026-07-19,7,120.7842910539589,130.06
2026-07-19,8,117.66134589378774,125.68
2026-07-19,9,124.94331431149004,127.55
2026-07-19,10,122.0854442550806,122.31
2026-07-19,11,120.05635055321552,120.85
2026-07-19,12,117.1574695824077,116.89
2026-07-19,13,118.6131905826916,121.07
2026-07-19,14,116.72729849669555,120.09
2026-07-19,15,115.1117385215135,118.93
2026-07-19,16,113.15718899433055,115.5
2026-07-19,17,113.8940510605221,119.53
2026-07-19,18,113.4861321062818,116.11
2026-07-19,19,113.16014837173536,113.85
2026-07-19,20,112.69979871196162,111.61
2026-07-19,21,113.91508468133064,113.18
2026-07-19,22,112.16682500143074,110.1
2026-07-19,23,109.88916062460186,108.94
2026-07-19,24,105.61666228962368,105.45
2026-07-19,25,112.64661390907668,109.53
2026-07-19,26,106.34653550926856,103.79
2026-07-19,27,100.17669445108136,101.23
2026-07-19,28,82.39854656402028,92.84
2026-07-19,29,100.1274048171516,100.73
2026-07-19,30,84.51732393115103,92.07
2026-07-19,31,77.3523947515726,88.25
2026-07-19,32,64.34498420477314,72.79
2026-07-19,33,82.43748730881677,74.18
2026-07-19,34,64.46966000669173,57.66
2026-07-19,35,53.05801214921608,30.29
2026-07-19,36,45.796464052366645,10.5
2026-07-19,37,37.137379545700526,10.51
2026-07-19,38,34.435222244007704,4.43
2026-07-19,39,25.56992982407577,1.45
2026-07-19,40,18.79929471563572,0.27
2026-07-19,41,23.80582668361,0.06
2026-07-19,42,17.206926864272646,0.0
2026-07-19,43,12.30881395101884,0.0
2026-07-19,44,9.532062239892042,0.0
2026-07-19,45,12.490641027212398,-0.01
2026-07-19,46,11.557297095540594,-0.02
2026-07-19,47,9.471337801889128,-0.04
2026-07-19,48,8.089178211117918,-0.11
2026-07-19,49,8.785065578340841,-0.44
2026-07-19,50,6.683517441293502,-0.73
2026-07-19,51,5.71267008508013,-0.8
2026-07-19,52,4.168044857547687,-1.0
2026-07-19,53,2.9562940959168915,-1.19
2026-07-19,54,0.7007936925573639,-2.36
2026-07-19,55,-0.745045674453638,-3.09
2026-07-19,56,-1.97164986206152,-4.07
2026-07-19,57,-1.5399771168849807,-4.62
2026-07-19,58,-1.1208088268339291,-5.0
2026-07-19,59,-0.4004497930629962,-5.0
2026-07-19,60,-7.045601249650883,-5.37
2026-07-19,61,-1.5276346783646773,-5.69
2026-07-19,62,-0.2731206840810678,-5.29
2026-07-19,63,2.1712227374434896,-4.83
2026-07-19,64,1.092322961328783,-4.01
2026-07-19,65,-0.5162739530414662,-2.31
2026-07-19,66,3.770176719143016,-2.84
2026-07-19,67,8.942376404293618,-3.4
2026-07-19,68,23.212332636081285,-1.2
2026-07-19,69,9.900208133809675,-1.2
2026-07-19,70,28.84704319414553,-0.97
2026-07-19,71,48.78263956258918,-0.01
2026-07-19,72,69.05818832449967,0.6
2026-07-19,73,47.355117073919736,0.68
2026-07-19,74,69.77073577646243,29.42
2026-07-19,75,88.02720042976965,62.58
2026-07-19,76,104.7955837736877,98.69
2026-07-19,77,91.49098906362607,87.8
2026-07-19,78,104.83080495749006,109.62
2026-07-19,79,117.0898344235396,131.67
2026-07-19,80,113.58822658125966,139.55
2026-07-19,81,118.9160853154791,128.5
2026-07-19,82,125.31075367170058,140.1
2026-07-19,83,132.55211674174598,150.91
2026-07-19,84,145.54120088802142,156.98
2026-07-19,85,136.630779620041,152.54
2026-07-19,86,140.50282351809193,150.38
2026-07-19,87,144.2857721892738,149.65
2026-07-19,88,149.76459398764715,146.15
2026-07-19,89,151.10566254412407,159.18
2026-07-19,90,149.9808795284522,150.91
2026-07-19,91,150.23966268713292,148.2
2026-07-19,92,144.61904910752486,140.34
2026-07-19,93,148.600382641044,151.71
2026-07-19,94,145.16294664963536,137.02
2026-07-19,95,141.9865732835319,135.65
2026-07-19,96,141.4699126904623,128.43
2026-07-20,1,139.43449280329162,167.33
2026-07-20,2,131.4542294301059,150.11
2026-07-20,3,125.38556618864897,140.74
2026-07-20,4,121.8614133457502,131.63
2026-07-20,5,128.06737229613813,148.25
2026-07-20,6,121.7801679319266,140.01
2026-07-20,7,120.3935586575609,135.68
2026-07-20,8,117.6608236819748,129.99
2026-07-20,9,122.18010799378294,132.41
2026-07-20,10,120.49876862765666,128.37
2026-07-20,11,120.06951971344655,128.49
2026-07-20,12,118.95661384184586,126.15
2026-07-20,13,118.60244288483146,126.92
2026-07-20,14,118.41387132711226,122.69
2026-07-20,15,117.94369858128326,122.69
2026-07-20,16,117.12817862146376,121.82
2026-07-20,17,116.31054238827294,125.04
2026-07-20,18,117.7720125628702,130.26
2026-07-20,19,119.75388937894314,133.62
2026-07-20,20,122.20254152947976,136.16
2026-07-20,21,119.6040489609656,132.84
2026-07-20,22,122.23844960460744,138.22
2026-07-20,23,126.63055269750612,139.35
2026-07-20,24,130.45491746940044,144.75
2026-07-20,25,130.39624706499305,147.63
2026-07-20,26,136.2023999380513,150.01
2026-07-20,27,137.48365063815504,150.41
2026-07-20,28,135.8948396814738,149.19
2026-07-20,29,146.72007559472402,159.92
2026-07-20,30,139.28991883991625,152.96
2026-07-20,31,132.5084695047551,148.99
2026-07-20,32,120.86962088937672,140.24
2026-07-20,33,137.39683523130736,159.0
2026-07-20,34,128.59478851189988,140.0
2026-07-20,35,114.2854315332482,120.7
2026-07-20,36,100.0031199484138,104.29
2026-07-20,37,118.13899731129884,113.72
2026-07-20,38,103.27709813887202,102.0
2026-07-20,39,91.44366235366736,89.33
2026-07-20,40,76.94027293079398,65.82
2026-07-20,41,91.91178099052168,83.1
2026-07-20,42,76.14436641490828,73.36
2026-07-20,43,69.47686062941534,58.47
2026-07-20,44,62.720039326865326,26.16
2026-07-20,45,72.1195524374999,31.71
2026-07-20,46,67.04281186452594,19.47
2026-07-20,47,63.92603545306001,10.0
2026-07-20,48,54.09989535338931,1.97
2026-07-20,49,60.39501361176812,16.21
2026-07-20,50,58.20251130991775,4.12
2026-07-20,51,52.66257834560353,6.98
2026-07-20,52,46.8134693029588,3.34
2026-07-20,53,50.13096022646748,0.05
2026-07-20,54,46.31606951698285,0.01
2026-07-20,55,43.46558520460218,0.0
2026-07-20,56,38.57882920485251,0.0
2026-07-20,57,39.766883392638846,0.0
2026-07-20,58,42.72246408348441,0.0
2026-07-20,59,44.55216154528456,0.02
2026-07-20,60,46.81387287538529,0.01
2026-07-20,61,41.46381178974293,0.01
2026-07-20,62,48.30584472609664,0.03
2026-07-20,63,50.25494055544114,0.07
2026-07-20,64,54.4511162610856,3.72
2026-07-20,65,46.962370846834666,0.03
2026-07-20,66,55.91984577528856,0.09
2026-07-20,67,70.16011114850144,14.9
2026-07-20,68,92.363753776799,45.4
2026-07-20,69,67.3879248710584,23.43
2026-07-20,70,95.03121163058768,79.41
2026-07-20,71,109.12466120033235,90.1
2026-07-20,72,127.47028460100334,106.11
2026-07-20,73,107.3946505429794,95.51
2026-07-20,74,122.6507780902404,106.67
2026-07-20,75,136.8792720673931,127.06
2026-07-20,76,142.0633095279741,144.41
2026-07-20,77,132.37470776708366,142.32
2026-07-20,78,143.47632896489657,152.87
2026-07-20,79,152.54683546168775,161.99
2026-07-20,80,169.7128381651868,177.87
2026-07-20,81,157.20466313404276,165.17
2026-07-20,82,165.19637142944163,171.39
2026-07-20,83,170.8157118798237,181.65
2026-07-20,84,176.787798181486,194.77
2026-07-20,85,174.063001447006,180.53
2026-07-20,86,172.08970501271344,180.47
2026-07-20,87,167.3038576349881,179.92
2026-07-20,88,165.9415857412946,178.0
2026-07-20,89,175.35298654683942,186.34
2026-07-20,90,165.20120857726943,175.98
2026-07-20,91,162.25840559944936,171.94
2026-07-20,92,156.64752292528468,165.0
2026-07-20,93,160.33728934634638,168.33
2026-07-20,94,155.4950610268156,161.96
2026-07-20,95,150.7781116904726,158.28
2026-07-20,96,148.93644395274654,149.3
2026-07-21,1,169.60786879999725,153.81
2026-07-21,2,161.7934984802891,150.03
2026-07-21,3,155.3899532432445,146.26
2026-07-21,4,147.96411368623683,145.01
2026-07-21,5,155.73875986783582,151.84
2026-07-21,6,150.8383848522537,150.56
2026-07-21,7,149.0539362387913,149.25
2026-07-21,8,143.84247890526035,146.43
2026-07-21,9,147.8880021234283,146.63
2026-07-21,10,144.9638835589824,144.03
2026-07-21,11,144.9013508715998,142.98
2026-07-21,12,141.51905078985948,139.92
2026-07-21,13,141.2269152272425,140.27
2026-07-21,14,141.63362246927556,138.09
2026-07-21,15,142.75076512665112,138.18
2026-07-21,16,141.0903950153392,138.93
2026-07-21,17,140.69352402593756,135.03
2026-07-21,18,142.49118062216456,137.3
2026-07-21,19,144.4499780685477,140.95
2026-07-21,20,147.04692535249083,143.73
2026-07-21,21,145.40319997875608,140.34
2026-07-21,22,147.27405222551528,143.19
2026-07-21,23,151.9989551494552,146.91
2026-07-21,24,153.6242051708848,149.21
2026-07-21,25,155.61211532593626,155.0
2026-07-21,26,160.67371850108708,159.33
2026-07-21,27,161.97911733205206,159.79
2026-07-21,28,161.42027124995022,156.48
2026-07-21,29,172.40557410627898,167.0
2026-07-21,30,168.6024880391631,159.35
2026-07-21,31,160.4382110569308,155.01
2026-07-21,32,146.38391799336563,136.35
2026-07-21,33,184.3641745499166,164.78
2026-07-21,34,159.81711487336142,149.0
2026-07-21,35,140.68400419355976,142.16
2026-07-21,36,116.15713316091431,125.57
2026-07-21,37,143.87230940510148,153.01
2026-07-21,38,123.8544472038518,120.16
2026-07-21,39,107.8485616602498,107.37
2026-07-21,40,88.6930151228921,79.27
2026-07-21,41,106.0082775740708,103.18
2026-07-21,42,100.97514374600648,86.15
2026-07-21,43,80.10266024873759,79.37
2026-07-21,44,66.94809346822521,66.06
2026-07-21,45,79.07863632398524,66.11
2026-07-21,46,71.08700295678436,59.09
2026-07-21,47,59.62530220985546,36.89
2026-07-21,48,48.46641776915055,12.46
2026-07-21,49,51.5976402730544,16.31
2026-07-21,50,46.200281495360166,5.46
2026-07-21,51,41.14761109441551,3.85
2026-07-21,52,36.28925368342322,2.59
2026-07-21,53,40.52676460174192,2.52
2026-07-21,54,36.76991187672273,1.44
2026-07-21,55,32.14822880332275,0.08
2026-07-21,56,23.299748212968908,0.0
2026-07-21,57,32.31355157765998,0.04
2026-07-21,58,32.918378964366255,0.09
2026-07-21,59,25.509544940567142,0.1
2026-07-21,60,26.90686680427287,3.78
2026-07-21,61,28.70722577208871,3.3
2026-07-21,62,26.33030198436868,6.49
2026-07-21,63,31.54562618864579,11.51
2026-07-21,64,46.13256116668521,33.38
2026-07-21,65,28.01341921208437,30.47
2026-07-21,66,51.097217207469456,64.0
2026-07-21,67,75.79289770041062,71.46
2026-07-21,68,96.01285772962125,83.0
2026-07-21,69,76.30217159237364,77.06
2026-07-21,70,97.8464345301344,94.26
2026-07-21,71,110.43834699293284,112.0
2026-07-21,72,125.4905383673548,126.94
2026-07-21,73,110.62791865510803,113.81
2026-07-21,74,124.14283210202008,130.62
2026-07-21,75,137.1389264961357,142.99
2026-07-21,76,147.48308626269272,154.04
2026-07-21,77,136.31269225511312,140.91
2026-07-21,78,148.6378818916898,150.92
2026-07-21,79,156.42558357639976,158.07
2026-07-21,80,175.30195746039365,164.54
2026-07-21,81,163.68080777726357,166.51
2026-07-21,82,170.28614696343237,172.0
2026-07-21,83,174.4135866115927,174.59
2026-07-21,84,187.03297271291387,174.9
2026-07-21,85,192.1782417826155,177.29
2026-07-21,86,177.4868207395632,177.19
2026-07-21,87,173.7729182875448,174.6
2026-07-21,88,166.4781005069816,169.17
2026-07-21,89,177.3546753133697,175.9
2026-07-21,90,168.0398253023481,168.57
2026-07-21,91,164.67287689079723,170.06
2026-07-21,92,157.42313945356247,158.74
2026-07-21,93,155.641576308241,165.16
2026-07-21,94,155.72986719748027,156.09
2026-07-21,95,155.4730473530146,153.42
2026-07-21,96,147.7935409567843,146.08
2026-07-22,1,168.10463188860996,156.4
2026-07-22,2,161.7028223399966,155.25
2026-07-22,3,155.8516120011212,151.39
2026-07-22,4,146.62567332121174,145.72
2026-07-22,5,157.49578357869837,156.37
2026-07-22,6,149.45717990684224,148.57
2026-07-22,7,144.70288268969546,145.66
2026-07-22,8,139.61281914676837,142.55
2026-07-22,9,144.2513936584865,146.94
2026-07-22,10,140.19899009430614,144.88
2026-07-22,11,139.30420279107153,143.04
2026-07-22,12,135.12771827023704,138.07
2026-07-22,13,137.1878253591079,142.08
2026-07-22,14,135.9060784716029,134.75
2026-07-22,15,134.76625632895843,132.02
2026-07-22,16,133.36982390624232,130.8
2026-07-22,17,133.91840217714585,130.3
2026-07-22,18,134.1645468296035,129.8
2026-07-22,19,134.24611723818333,131.0
2026-07-22,20,134.20924823091832,131.56
2026-07-22,21,135.00214471986888,128.24
2026-07-22,22,134.1185986115708,132.75
2026-07-22,23,135.97378457204675,138.93
2026-07-22,24,141.08218491548712,143.91
2026-07-22,25,143.0743047961546,144.26
2026-07-22,26,147.94537986077418,150.01
2026-07-22,27,147.76367397715237,156.08
2026-07-22,28,146.62034044768214,147.29
2026-07-22,29,158.7455924127973,156.89
2026-07-22,30,153.89693142765725,150.03
2026-07-22,31,144.98635065769895,145.16
2026-07-22,32,128.1851807692849,129.3
2026-07-22,33,158.66521410060375,158.11
2026-07-22,34,141.4903464259455,141.28
2026-07-22,35,123.40470069711142,121.54
2026-07-22,36,107.27861158177772,107.0
2026-07-22,37,127.51235412136982,114.48
2026-07-22,38,108.48476253023628,102.42
2026-07-22,39,93.21298001671992,86.34
2026-07-22,40,75.59605383476212,60.53
2026-07-22,41,96.4015506088753,92.11
2026-07-22,42,79.07757811518546,68.71
2026-07-22,43,68.47424304884768,57.8
2026-07-22,44,53.54605359421832,45.99
2026-07-22,45,65.31871196358716,49.24
2026-07-22,46,52.55854007935348,37.27
2026-07-22,47,44.05215956496426,21.69
2026-07-22,48,26.70505120862817,15.54
2026-07-22,49,32.40421837458544,21.08
2026-07-22,50,20.86996843540204,9.99
2026-07-22,51,16.53129224738582,6.94
2026-07-22,52,10.368713392115255,3.53
2026-07-22,53,11.512298593070255,3.99
2026-07-22,54,8.0068825064698,0.99
2026-07-22,55,5.910621586828652,0.15
2026-07-22,56,6.949371947008312,0.03
2026-07-22,57,12.83757019456358,0.03
2026-07-22,58,11.145834992281744,0.08
2026-07-22,59,5.2847349767946765,0.03
2026-07-22,60,4.622627587122548,0.01
2026-07-22,61,10.611308449703342,0.05
2026-07-22,62,13.253120825720616,0.09
2026-07-22,63,10.996395526712693,0.77
2026-07-22,64,15.7138147708358,1.08
2026-07-22,65,11.878022400643976,1.9
2026-07-22,66,19.46881009472629,5.44
2026-07-22,67,27.13414151369443,6.89
2026-07-22,68,40.75754289857635,22.37
2026-07-22,69,30.150596303901835,24.99
2026-07-22,70,51.72699619384324,59.6
2026-07-22,71,69.58881566124741,68.63
2026-07-22,72,96.8072750123682,99.62
2026-07-22,73,72.59384610770104,82.67
2026-07-22,74,98.97517527912268,102.38
2026-07-22,75,115.34983598940669,114.93
2026-07-22,76,121.54562273884692,132.42
2026-07-22,77,114.65761241344192,122.97
2026-07-22,78,128.9029399900579,134.85
2026-07-22,79,137.89239450115434,144.48
2026-07-22,80,153.04121623514683,149.01
2026-07-22,81,143.1717211585151,151.37
2026-07-22,82,149.6767025238484,154.68
2026-07-22,83,148.96647702925384,158.27
2026-07-22,84,158.41628477890774,163.72
2026-07-22,85,157.29748010498426,166.36
2026-07-22,86,155.01087701664872,162.43
2026-07-22,87,157.13520030659328,161.95
2026-07-22,88,153.39259102259822,156.3
2026-07-22,89,161.27760678260734,167.24
2026-07-22,90,155.00949804781928,159.44
2026-07-22,91,152.14840637841837,155.94
2026-07-22,92,142.35265430796915,147.82
2026-07-22,93,146.45803633355283,153.17
2026-07-22,94,139.56777256597795,143.94
2026-07-22,95,138.27866307961477,140.56
2026-07-22,96,131.30716304166765,136.5
2026-07-23,1,151.8526392769898,153.4
2026-07-23,2,143.095400906239,147.31
2026-07-23,3,135.97120309139268,139.23
2026-07-23,4,130.63150119526267,131.08
2026-07-23,5,139.28373653687143,142.47
2026-07-23,6,133.87181938970446,137.83
2026-07-23,7,131.44262648509732,136.34
2026-07-23,8,128.63906781790806,132.74
2026-07-23,9,130.6632967862837,135.04
2026-07-23,10,128.9749118366778,133.28
2026-07-23,11,129.08035945029374,133.78
2026-07-23,12,127.00932282112451,132.54
2026-07-23,13,126.93228794597576,132.42
2026-07-23,14,126.02250588549262,134.73
2026-07-23,15,125.60074334910207,132.35
2026-07-23,16,125.5203426803024,132.36
2026-07-23,17,125.47973099122044,133.0
2026-07-23,18,126.59782449720036,133.54
2026-07-23,19,128.47425781211416,137.38
2026-07-23,20,131.5289805144823,141.04
2026-07-23,21,129.25979456388043,132.23
2026-07-23,22,131.6267942659261,138.07
2026-07-23,23,133.67747467176991,147.78
2026-07-23,24,143.009866973707,154.1
2026-07-23,25,141.71699526715707,148.92
2026-07-23,26,151.77197092801117,162.15
2026-07-23,27,154.89008475311937,161.64
2026-07-23,28,156.17460425662784,164.01
2026-07-23,29,164.8480775830649,172.95
2026-07-23,30,157.04100795612197,173.72
2026-07-23,31,152.09915530847474,163.82
2026-07-23,32,144.19600278839857,161.0
2026-07-23,33,162.42789948874142,174.01
2026-07-23,34,150.38585826216962,162.8
2026-07-23,35,140.66198870482944,159.96
2026-07-23,36,121.92002237823073,143.04
2026-07-23,37,142.52762058612078,162.67
2026-07-23,38,126.46682804276048,144.64
2026-07-23,39,110.8353773528725,119.0
2026-07-23,40,91.111457361338,111.0
2026-07-23,41,110.99432607662044,117.29
2026-07-23,42,94.7004491679125,107.38
2026-07-23,43,80.3660099125312,99.74
2026-07-23,44,62.6509153623056,83.51
2026-07-23,45,74.84895090243879,96.47
2026-07-23,46,67.06557942992222,84.74
2026-07-23,47,63.16945640810819,77.53
2026-07-23,48,47.58413920388257,59.42
2026-07-23,49,52.18853332969559,60.42
2026-07-23,50,40.210177461874565,35.99
2026-07-23,51,34.8108923001756,20.66
2026-07-23,52,25.783410520022272,7.3
2026-07-23,53,27.779324474215148,11.37
2026-07-23,54,23.06980240857522,4.84
2026-07-23,55,19.43550119134653,1.0
2026-07-23,56,17.424244446707203,0.0
2026-07-23,57,21.841206866904376,0.0
2026-07-23,58,19.967455617640727,0.0
2026-07-23,59,21.690888876894988,0.0
2026-07-23,60,23.95107852120602,0.0
2026-07-23,61,21.89408649256856,0.0
2026-07-23,62,27.216686525615536,0.0
2026-07-23,63,33.24789202042605,0.03
2026-07-23,64,44.06712358529501,0.09
2026-07-23,65,32.50780831447888,0.0
2026-07-23,66,50.40390051197912,3.11
2026-07-23,67,63.491768005667474,24.79
2026-07-23,68,82.89236612523142,60.09
2026-07-23,69,64.02694747690433,52.99
2026-07-23,70,92.95981770911912,94.82
2026-07-23,71,110.56506048424278,113.51
2026-07-23,72,131.98979102937702,125.5
2026-07-23,73,109.51277177266216,111.39
2026-07-23,74,127.90861991511956,139.21
2026-07-23,75,143.39232098255343,154.96
2026-07-23,76,164.61217876790425,165.0
2026-07-23,77,143.70328627106946,152.77
2026-07-23,78,155.03212736540672,164.67
2026-07-23,79,166.49076428946734,168.27
2026-07-23,80,190.52705234525428,178.69
2026-07-23,81,177.23223837621254,172.79
2026-07-23,82,182.37186083330576,184.29
2026-07-23,83,196.6658943685914,185.48
2026-07-23,84,202.35298213247168,197.5
2026-07-23,85,202.03332960350664,192.84
2026-07-23,86,185.84227995975485,191.79
2026-07-23,87,183.54119033862267,189.7
2026-07-23,88,175.3204927366525,185.67
2026-07-23,89,192.3582009005955,195.92
2026-07-23,90,177.39000402030103,188.96
2026-07-23,91,173.366911021548,184.29
2026-07-23,92,164.13582546684137,177.0
2026-07-23,93,172.97131245409366,181.68
2026-07-23,94,165.1481166483945,170.66
2026-07-23,95,160.6086103482687,166.94
2026-07-23,96,154.75400968926155,162.4
2026-07-24,1,173.386938543547,168.22
2026-07-24,2,166.43742102980508,163.65
2026-07-24,3,160.45605347593238,160.58
2026-07-24,4,153.40234710082896,151.56
2026-07-24,5,163.42904345733615,162.69
2026-07-24,6,157.85014487403885,158.03
2026-07-24,7,157.06096586170864,155.89
2026-07-24,8,155.16647600127496,151.94
2026-07-24,9,154.37678470283646,155.26
2026-07-24,10,152.797570385666,151.69
2026-07-24,11,152.5403339320039,150.67
2026-07-24,12,151.36565944571575,149.63
2026-07-24,13,151.31053468833795,156.19
2026-07-24,14,150.44660720791234,153.21
2026-07-24,15,150.51940857743602,151.78
2026-07-24,16,149.75843084830797,152.13
2026-07-24,17,150.613976680073,150.58
2026-07-24,18,155.23742946150188,152.91
2026-07-24,19,158.55912514163862,153.93
2026-07-24,20,160.14777746649895,165.22
2026-07-24,21,158.13897314765472,152.92
2026-07-24,22,162.16537710950746,158.44
2026-07-24,23,163.7170591012612,164.71
2026-07-24,24,166.1119752248885,168.6
2026-07-24,25,169.14603878349607,167.75
2026-07-24,26,171.94006400368608,176.4
2026-07-24,27,174.2134542343477,174.67
2026-07-24,28,171.89754841805905,171.34
2026-07-24,29,183.7988540146165,177.93
2026-07-24,30,178.38948858788757,172.09
2026-07-24,31,170.3644933728611,167.0
2026-07-24,32,156.5145778992233,152.53
2026-07-24,33,180.7404422102593,174.0
2026-07-24,34,164.4131546672473,166.76
2026-07-24,35,148.49673005305016,159.3
2026-07-24,36,137.98838956992816,139.93
2026-07-24,37,150.40754674893003,169.66
2026-07-24,38,136.90986164240934,133.6
2026-07-24,39,123.98454887525833,116.06
2026-07-24,40,108.36005296776418,111.09
2026-07-24,41,127.03892371567244,116.41
2026-07-24,42,114.1257844813201,106.02
2026-07-24,43,106.14250469592496,98.58
2026-07-24,44,91.6724338972387,88.25
2026-07-24,45,104.460468357596,86.08
2026-07-24,46,94.07664278070536,77.2
2026-07-24,47,96.18906407212852,74.12
2026-07-24,48,64.65854604922274,65.25
2026-07-24,49,70.80232898655102,65.15
2026-07-24,50,45.67606199083343,50.97
2026-07-24,51,37.93777048551066,37.8
2026-07-24,52,26.153957468217715,25.05
2026-07-24,53,27.48011499788114,36.1
2026-07-24,54,21.210300324446614,22.9
2026-07-24,55,17.241883692356367,16.89
2026-07-24,56,14.756050731993064,8.21
2026-07-24,57,16.402754960445627,6.01
2026-07-24,58,15.469543533249285,5.2
2026-07-24,59,14.149999598421426,5.85
2026-07-24,60,15.746751520817742,8.88
2026-07-24,61,16.222942386429278,3.23
2026-07-24,62,18.23090825332536,4.7
2026-07-24,63,26.8228831736236,17.13
2026-07-24,64,44.32861348323793,32.1
2026-07-24,65,33.92524651780225,32.07
2026-07-24,66,58.42385314586627,60.07
2026-07-24,67,75.09308898637124,81.52
2026-07-24,68,94.88475372743456,102.2
2026-07-24,69,78.67842496896213,77.07
2026-07-24,70,103.62553001687732,112.18
2026-07-24,71,121.9990035181788,125.2
2026-07-24,72,140.5327980571007,141.62
2026-07-24,73,122.81437248917086,127.09
2026-07-24,74,139.1840103161272,147.56
2026-07-24,75,153.2755662613247,163.05
2026-07-24,76,176.99946890990282,180.96
2026-07-24,77,154.58568476605052,149.16
2026-07-24,78,167.76972641709975,176.2
2026-07-24,79,182.94734114481096,190.23
2026-07-24,80,209.20254875407656,204.95
2026-07-24,81,201.0347699065337,188.24
2026-07-24,82,204.1423008097217,194.07
2026-07-24,83,210.89078699850705,205.89
2026-07-24,84,213.2744667056716,211.97
2026-07-24,85,220.48212455420727,209.26
2026-07-24,86,203.49179001245847,206.84
2026-07-24,87,198.0973381973788,201.25
2026-07-24,88,186.03853953823256,195.34
2026-07-24,89,197.7490781082472,207.44
2026-07-24,90,186.0878299180065,197.49
2026-07-24,91,182.01482071361303,188.64
2026-07-24,92,173.60790132930586,184.5
2026-07-24,93,176.32179793847365,185.48
2026-07-24,94,171.54551088201663,183.0
2026-07-24,95,165.83876340874457,181.31
2026-07-24,96,159.8065008164278,170.67
2026-07-25,1,179.45724751933386,175.92
2026-07-25,2,176.8024553150736,168.63
2026-07-25,3,172.9912040111853,165.98
2026-07-25,4,164.5083885612066,158.01
2026-07-25,5,173.9202115547971,170.01
2026-07-25,6,166.818846769598,156.79
2026-07-25,7,165.01434224877954,161.32
2026-07-25,8,159.2068298484432,158.32
2026-07-25,9,167.6524334644863,162.0
2026-07-25,10,163.2047165116772,158.72
2026-07-25,11,158.89461022146264,162.25
2026-07-25,12,152.22378322671514,158.74
2026-07-25,13,157.46875559143731,162.0
2026-07-25,14,153.05526337577334,161.32
2026-07-25,15,150.43629477921567,160.98
2026-07-25,16,143.52945617156072,155.11
2026-07-25,17,144.9907819620016,156.89
2026-07-25,18,149.67863381946273,151.99
2026-07-25,19,147.1908453648045,149.4
2026-07-25,20,145.26151529209335,149.77
2026-07-25,21,148.52039698132268,150.12
2026-07-25,22,144.3026852813056,147.0
2026-07-25,23,144.75986769028577,147.84
2026-07-25,24,139.9864910554727,140.05
2026-07-25,25,150.98312816265286,157.71
2026-07-25,26,141.27409930966675,136.12
2026-07-25,27,137.48364991105015,130.01
2026-07-25,28,129.5970790451684,117.68
2026-07-25,29,144.22232290385298,136.39
2026-07-25,30,130.3494251610841,119.99
2026-07-25,31,120.90976919771862,107.52
2026-07-25,32,96.28686007368732,97.32
2026-07-25,33,124.08102797908464,122.67
2026-07-25,34,107.33700389041854,102.71
2026-07-25,35,85.2962752864295,79.93
2026-07-25,36,60.49591427106881,28.73
2026-07-25,37,80.49109627179922,39.61
2026-07-25,38,58.5471282022168,5.05
2026-07-25,39,31.74260515852409,0.01
2026-07-25,40,12.045040105147898,0.0
2026-07-25,41,22.29831912537425,0.0
2026-07-25,42,7.582979394942527,-0.01
2026-07-25,43,1.9802752647876856,-0.07
2026-07-25,44,1.3440595268408124,-0.39
2026-07-25,45,-1.9950628133953217,-0.82
2026-07-25,46,-3.3978367225894104,-1.19
2026-07-25,47,-1.4387823253708838,-3.41
2026-07-25,48,-3.4836755216316657,-5.01
2026-07-25,49,-1.7159328155513691,-4.82
2026-07-25,50,-3.84420066885179,-5.0
2026-07-25,51,-5.441715628623757,-5.54
2026-07-25,52,-7.450166365848077,-8.46
2026-07-25,53,-8.327772508920404,-7.99
2026-07-25,54,-10.276615941444708,-9.98
2026-07-25,55,-12.063457893784763,-10.44
2026-07-25,56,-13.250736288622342,-11.38
2026-07-25,57,-11.07355185358888,-15.01
2026-07-25,58,-9.375204009949073,-14.31
2026-07-25,59,-6.859912579644905,-11.81
2026-07-25,60,-6.006077357960962,-7.99
2026-07-25,61,-5.846960146619381,-6.47
2026-07-25,62,-3.3447890423408184,-3.72
2026-07-25,63,-2.1878491392233865,-2.01
2026-07-25,64,-4.097206622523409,-1.21
2026-07-25,65,-4.665079466916097,-1.06
2026-07-25,66,-5.275374181731706,-0.12
2026-07-25,67,0.5522761796376159,-0.09
2026-07-25,68,6.865735025382648,-0.01
2026-07-25,69,2.8499070200162464,-0.01
2026-07-25,70,11.388289973142037,0.0
2026-07-25,71,22.803945952419312,2.59
2026-07-25,72,84.47815775682716,42.42
2026-07-25,73,51.101795278350814,21.95
2026-07-25,74,94.88137794151008,99.1
2026-07-25,75,117.6132068756844,119.75
2026-07-25,76,144.15876167400577,139.98
2026-07-25,77,114.33012022482484,138.92
2026-07-25,78,130.19851501376047,150.0
2026-07-25,79,141.62694290192948,163.89
2026-07-25,80,161.06307577717823,176.87
2026-07-25,81,146.90354525379774,163.01
2026-07-25,82,154.86369117058072,172.99
2026-07-25,83,164.83376682997516,173.49
2026-07-25,84,166.66828446520543,171.75
2026-07-25,85,167.96292610393692,174.48
2026-07-25,86,159.37837595555555,171.54
2026-07-25,87,162.80887528891097,165.5
2026-07-25,88,163.14233275012438,164.78
2026-07-25,89,169.6358345569972,173.22
2026-07-25,90,162.96756430697062,165.16
2026-07-25,91,162.85769201236462,164.99
2026-07-25,92,156.02261267119772,158.56
2026-07-25,93,160.44846270316515,166.84
2026-07-25,94,155.25884338130686,160.33
2026-07-25,95,150.95871835135884,160.64
2026-07-25,96,148.4184494915274,152.19
2026-07-26,1,155.10610507943798,148.59
2026-07-26,2,148.84478503076838,154.88
2026-07-26,3,144.17961397210976,154.92
2026-07-26,4,137.9571363205869,153.73
2026-07-26,5,144.30662327663546,150.01
2026-07-26,6,140.20757418060322,148.82
2026-07-26,7,138.76078012352068,143.68
2026-07-26,8,135.78831900982374,143.31
2026-07-26,9,140.3016372039895,145.58
2026-07-26,10,135.65821144414528,147.15
2026-07-26,11,135.37602720565482,148.84
2026-07-26,12,130.80922358234267,150.53
2026-07-26,13,134.06885101919926,149.01
2026-07-26,14,132.64142400296936,156.83
2026-07-26,15,131.24188072900583,155.54
2026-07-26,16,128.265006362098,152.99
2026-07-26,17,130.3736770910302,154.24
2026-07-26,18,131.7570559987506,146.32
2026-07-26,19,130.45039433897676,144.84
2026-07-26,20,129.85890909541428,142.92
2026-07-26,21,133.31303482222762,139.91
2026-07-26,22,129.23824063224728,139.83
2026-07-26,23,130.8260966853092,137.98
2026-07-26,24,127.1142347018126,134.25
2026-07-26,25,133.57966733032023,134.87
2026-07-26,26,128.56220955583666,127.87
2026-07-26,27,123.43872447688906,122.77
2026-07-26,28,114.18120382316604,113.94
2026-07-26,29,130.50739920847548,120.34
2026-07-26,30,118.18338037950944,114.25
2026-07-26,31,107.66975563708468,107.52
2026-07-26,32,91.5185638376561,98.6
2026-07-26,33,117.42460941446522,111.17
2026-07-26,34,103.27791138252245,102.28
2026-07-26,35,83.62802485972196,89.05
2026-07-26,36,66.4143962724318,72.54
2026-07-26,37,78.72000770707776,95.05
2026-07-26,38,67.20815888021966,71.77
2026-07-26,39,52.94892383059279,43.87
2026-07-26,40,30.88029748721562,10.04
2026-07-26,41,44.83973466520443,22.85
2026-07-26,42,26.60655097058362,5.64
2026-07-26,43,16.82995286532715,0.07
2026-07-26,44,13.888655593089506,0.0
2026-07-26,45,14.938349335290358,0.0
2026-07-26,46,12.414459277172623,0.0
2026-07-26,47,8.278065388506032,-0.01
2026-07-26,48,2.024837230359058,-0.01
2026-07-26,49,3.639229737051611,-0.05
2026-07-26,50,1.3103750725566758,-0.06
2026-07-26,51,0.4226627234034126,-0.08
2026-07-26,52,-0.6011898930378936,-0.11
2026-07-26,53,-0.9529348358047548,-0.12
2026-07-26,54,-2.424709036065632,-0.12
2026-07-26,55,-3.6926964556740858,-0.12
2026-07-26,56,-5.08113546691574,-0.71
2026-07-26,57,-4.319309837494376,-0.7
2026-07-26,58,-3.5079912250429395,-0.66
2026-07-26,59,-2.1286073914724866,-0.66
2026-07-26,60,-0.8205146514254316,-0.66
2026-07-26,61,1.6542706907123748,-0.82
2026-07-26,62,2.184661510369066,-0.85
2026-07-26,63,5.343435911288371,-0.89
2026-07-26,64,5.988696726665879,-0.88
2026-07-26,65,2.647632195987267,-0.07
2026-07-26,66,6.161802387714864,-0.01
2026-07-26,67,21.133763277064247,0.0
2026-07-26,68,39.64625371993853,3.53
2026-07-26,69,23.47066536909416,5.25
2026-07-26,70,52.30216182089525,35.76
2026-07-26,71,73.53333072953123,62.92
2026-07-26,72,110.91916355047036,103.36
2026-07-26,73,85.81882286037857,79.45
2026-07-26,74,111.01432675314182,110.7
2026-07-26,75,128.35985189296076,119.87
2026-07-26,76,141.0525673159014,126.98
2026-07-26,77,124.20043037662646,130.39
2026-07-26,78,134.57525888124738,138.36
2026-07-26,79,144.3946384604663,141.97
2026-07-26,80,158.56395392844058,146.44
2026-07-26,81,147.24281024912003,144.94
2026-07-26,82,153.96191085690072,152.74
2026-07-26,83,160.97458952377306,152.82
2026-07-26,84,161.16758307793526,156.23
2026-07-26,85,160.8846159135593,156.05
2026-07-26,86,157.7670504777369,152.17
2026-07-26,87,160.3545268065514,148.6
2026-07-26,88,158.4109803000157,146.95
2026-07-26,89,163.8752579663373,154.96
2026-07-26,90,158.79004132163573,149.21
2026-07-26,91,155.09602291078042,147.98
2026-07-26,92,150.04371611506926,139.84
2026-07-26,93,155.7768460946362,145.35
2026-07-26,94,147.2475679071986,138.09
2026-07-26,95,146.56143221547077,136.73
2026-07-26,96,139.74508912343197,127.01
2026-07-27,1,149.24945448371406,84.26
2026-07-27,2,142.94474924785055,88.77
2026-07-27,3,137.35081929407704,86.68
2026-07-27,4,130.2840412172596,84.46
2026-07-27,5,139.91575726140914,82.4
2026-07-27,6,134.2235734435046,75.45
2026-07-27,7,130.64319734202743,68.95
2026-07-27,8,127.48017112818933,55.83
2026-07-27,9,129.96545834225552,60.82
2026-07-27,10,126.93961068028456,50.8
2026-07-27,11,126.64049757523792,72.21
2026-07-27,12,124.92407474460477,62.97
2026-07-27,13,124.9916478436812,69.26
2026-07-27,14,123.40873332227932,60.42
2026-07-27,15,123.78320933411896,59.72
2026-07-27,16,123.86739934748114,61.15
2026-07-27,17,123.01482365691582,66.38
2026-07-27,18,125.12106894526084,66.52
2026-07-27,19,127.91583649320688,66.8
2026-07-27,20,131.00071931043146,85.0
2026-07-27,21,128.06685254968798,60.43
2026-07-27,22,131.41861154045534,86.66
2026-07-27,23,134.89104394997358,100.99
2026-07-27,24,141.57578734702133,116.0
2026-07-27,25,142.9224821611872,102.69
2026-07-27,26,151.99675055004997,116.63
2026-07-27,27,152.7193989559555,121.24
2026-07-27,28,151.9515891687823,129.67
2026-07-27,29,161.49127196421773,133.85
2026-07-27,30,156.98427934615984,132.87
2026-07-27,31,152.2869729655335,125.74
2026-07-27,32,141.43921353882752,123.44
2026-07-27,33,165.74829751339763,141.48
2026-07-27,34,152.94528019356625,130.69
2026-07-27,35,141.02889580523387,111.85
2026-07-27,36,117.85882625279278,91.88
2026-07-27,37,145.89220686667738,107.83
2026-07-27,38,122.56809753000206,87.45
2026-07-27,39,103.55017599099855,72.2
2026-07-27,40,83.85578886898054,32.26
2026-07-27,41,102.02677885165812,55.3
2026-07-27,42,85.46669619729,19.75
2026-07-27,43,70.55880379586637,15.16
2026-07-27,44,55.32283952700036,4.94
2026-07-27,45,63.41497525272946,3.45
2026-07-27,46,52.22638654504797,0.45
2026-07-27,47,38.88503181620207,0.02
2026-07-27,48,31.80733372778373,0.0
2026-07-27,49,35.111605223405206,0.0
2026-07-27,50,24.0334012489376,-0.01
2026-07-27,51,20.04693016956995,-0.01
2026-07-27,52,13.38729529247139,-0.02
2026-07-27,53,14.402808596216174,-0.01
2026-07-27,54,10.957363937401906,-0.03
2026-07-27,55,7.916128084233088,-0.07
2026-07-27,56,3.858104443100394,-0.48
2026-07-27,57,12.770303248112022,-0.87
2026-07-27,58,11.647713411857724,-1.0
2026-07-27,59,7.059641733236188,-0.7
2026-07-27,60,8.96794296779976,-0.25
2026-07-27,61,7.837456346491648,-0.12
2026-07-27,62,11.16211679778181,-0.09
2026-07-27,63,18.17183396865193,-0.05
2026-07-27,64,33.563537636014374,-0.06
2026-07-27,65,22.12925064113272,-0.04
2026-07-27,66,39.51276737243526,-0.01
2026-07-27,67,58.53962982230466,-0.01
2026-07-27,68,79.75462356467517,0.01
2026-07-27,69,57.51274167419426,0.01
2026-07-27,70,82.08498610548483,2.88
2026-07-27,71,96.56417986770744,10.1
2026-07-27,72,123.50938994243327,44.62
2026-07-27,73,98.90387829771464,50.37
2026-07-27,74,119.83175680676617,91.19
2026-07-27,75,134.92650208823207,113.61
2026-07-27,76,150.3666194709986,133.99
2026-07-27,77,136.98766745154748,120.01
2026-07-27,78,147.74698839168528,147.93
2026-07-27,79,157.45474386127756,154.58
2026-07-27,80,174.31317284015472,174.0
2026-07-27,81,167.02633888664172,155.6
2026-07-27,82,170.5259864843351,172.2
2026-07-27,83,183.0332339607205,180.04
2026-07-27,84,189.7235086514352,187.05
2026-07-27,85,191.95888736924968,183.1
2026-07-27,86,185.21588767371009,181.08
2026-07-27,87,181.5042786808781,178.93
2026-07-27,88,175.26115714331914,172.87
2026-07-27,89,187.5091729442705,180.23
2026-07-27,90,175.2021906516581,173.14
2026-07-27,91,171.95876456989896,174.5
2026-07-27,92,161.78829013066616,156.56
2026-07-27,93,166.33828539922715,161.31
2026-07-27,94,158.25353318722918,161.03
2026-07-27,95,154.5637814386123,160.83
2026-07-27,96,149.52132287793071,148.78
2026-07-28,1,156.23931242019728,178.01
2026-07-28,2,151.41059118488735,169.91
2026-07-28,3,145.2366363938143,152.34
2026-07-28,4,137.80713026476334,143.75
2026-07-28,5,143.84306945088127,154.96
2026-07-28,6,140.06256292941956,149.56
2026-07-28,7,135.81520367707404,145.28
2026-07-28,8,135.2523743735028,143.43
2026-07-28,9,136.45414402269097,147.09
2026-07-28,10,134.19003588891485,141.52
2026-07-28,11,134.7151250903794,138.91
2026-07-28,12,132.11468567085734,137.8
2026-07-28,13,132.12104244368405,136.5
2026-07-28,14,131.97049745045305,136.25
2026-07-28,15,132.8569540302096,135.16
2026-07-28,16,135.6941790106405,135.57
2026-07-28,17,130.92543578530123,133.25
2026-07-28,18,132.4790758108335,135.87
2026-07-28,19,138.12396752665651,141.35
2026-07-28,20,140.75874253093977,149.27
2026-07-28,21,134.15355448296293,140.53
2026-07-28,22,139.1382073872503,143.75
2026-07-28,23,141.91839768198636,154.19
2026-07-28,24,148.5627235371083,160.5
2026-07-28,25,151.22926953742217,165.45
2026-07-28,26,157.15014624463166,174.29
2026-07-28,27,160.48665012349778,170.33
2026-07-28,28,159.52681077316376,160.15
2026-07-28,29,172.12907489921963,177.04
2026-07-28,30,162.4996603717103,167.39
2026-07-28,31,154.5695045209208,156.72
2026-07-28,32,139.26662489203773,147.95
2026-07-28,33,167.6002197662422,165.67
2026-07-28,34,151.7333053712766,152.28
2026-07-28,35,134.85010126692077,143.43
2026-07-28,36,107.88634183960949,115.26
2026-07-28,37,139.43392751671462,160.11
2026-07-28,38,112.06146168182916,115.62
2026-07-28,39,86.68393819267216,94.8
2026-07-28,40,55.55296884534445,65.56
2026-07-28,41,79.36380324697865,85.32
2026-07-28,42,51.27815575643917,41.74
2026-07-28,43,31.543184220646804,15.06
2026-07-28,44,15.096498837168172,4.95
2026-07-28,45,21.11615196510908,7.61
2026-07-28,46,18.545939847604323,4.45
2026-07-28,47,12.803986396257292,1.66
2026-07-28,48,7.851950956623015,0.0
2026-07-28,49,9.322733638601571,0.0
2026-07-28,50,5.479701044960979,-0.01
2026-07-28,51,5.021800972123798,-0.01
2026-07-28,52,3.5547252027796823,-0.03
2026-07-28,53,3.360519262776297,-0.01
2026-07-28,54,2.5531112626301087,-0.05
2026-07-28,55,0.5561660243373432,-0.1
2026-07-28,56,-0.780526051568418,-0.19
2026-07-28,57,0.0035617016430543,-0.09
2026-07-28,58,1.2385596397582157,-0.03
2026-07-28,59,2.4383183815317166,0.0
2026-07-28,60,4.05973462040264,0.0
2026-07-28,61,3.324215042492569,0.0
2026-07-28,62,5.376638772353621,0.91
2026-07-28,63,10.701016659332437,2.66
2026-07-28,64,15.181115596788818,10.04
2026-07-28,65,13.386466007460438,4.26
2026-07-28,66,25.50567445557751,15.48
2026-07-28,67,61.47604406832101,61.68
2026-07-28,68,86.75718425493258,97.54
2026-07-28,69,59.61717997347632,60.03
2026-07-28,70,95.30804994919164,101.86
2026-07-28,71,110.90724083204806,120.25
2026-07-28,72,141.8588231376659,148.37
2026-07-28,73,109.71282879145292,125.01
2026-07-28,74,131.5952102624832,156.96
2026-07-28,75,156.9047286101074,167.25
2026-07-28,76,175.6883962215464,178.67
2026-07-28,77,161.28776428279218,174.9
2026-07-28,78,178.93792971085128,187.15
2026-07-28,79,208.29493000967665,202.71
2026-07-28,80,259.9341602366929,230.67
2026-07-28,81,234.00087316217216,200.87
2026-07-28,82,244.68881072071576,208.01
2026-07-28,83,249.2706583426068,219.85
2026-07-28,84,249.7707932333716,238.29
2026-07-28,85,257.32947158998365,219.99
2026-07-28,86,231.63479341645984,213.91
2026-07-28,87,219.3371131180491,205.71
2026-07-28,88,198.93950978333032,200.1
2026-07-28,89,215.82571380613896,210.79
2026-07-28,90,195.7869928316913,197.06
2026-07-28,91,183.7814067587481,187.55
2026-07-28,92,173.2487202389174,180.43
2026-07-28,93,180.12524677791802,188.33
2026-07-28,94,173.00258611931858,173.99
2026-07-28,95,167.4089766162616,165.95
2026-07-28,96,159.76233269348464,160.78
2026-07-29,1,165.6746931755194,170.39
2026-07-29,2,157.4529927361396,158.08
2026-07-29,3,151.04261090809655,154.26
2026-07-29,4,145.44370198312254,144.3
2026-07-29,5,150.45156293333986,155.48
2026-07-29,6,146.6004311936409,150.5
2026-07-29,7,143.24480192927516,146.95
2026-07-29,8,141.54775633560735,140.87
2026-07-29,9,144.32569079209932,140.9
2026-07-29,10,141.94750552847495,138.32
2026-07-29,11,139.62751240870074,135.71
2026-07-29,12,138.32239648309329,133.9
2026-07-29,13,137.439649371102,135.01
2026-07-29,14,138.82651787921154,135.15
2026-07-29,15,140.59330935783117,135.03
2026-07-29,16,141.34749820086896,134.82
2026-07-29,17,136.71344130047723,134.22
2026-07-29,18,138.5326234884939,138.11
2026-07-29,19,143.1216230910051,141.35
2026-07-29,20,147.15221901645114,147.63
2026-07-29,21,139.19760599912507,137.93
2026-07-29,22,144.29144677324987,142.48
2026-07-29,23,149.4980022148291,151.3
2026-07-29,24,153.82019298935302,162.33
2026-07-29,25,161.17532999204053,160.56
2026-07-29,26,164.28569467343945,171.28
2026-07-29,27,163.24621187149762,171.75
2026-07-29,28,159.59782394429865,170.7
2026-07-29,29,170.96279476968272,172.87
2026-07-29,30,162.39275778598952,170.7
2026-07-29,31,154.48710204517346,158.97
2026-07-29,32,141.69098316221093,141.84
2026-07-29,33,165.82601810432195,166.9
2026-07-29,34,153.61010517198002,151.19
2026-07-29,35,141.59726975966342,143.42
2026-07-29,36,115.42429410264626,123.18
2026-07-29,37,143.6597579927032,153.33
2026-07-29,38,119.50604456234352,124.78
2026-07-29,39,104.05868692385933,109.69
2026-07-29,40,79.13419213810259,100.64
2026-07-29,41,104.12149838746592,109.94
2026-07-29,42,75.2299713623376,101.6
2026-07-29,43,54.1867642188004,79.51
2026-07-29,44,37.20350917616858,50.1
2026-07-29,45,45.36821154848126,62.23
2026-07-29,46,34.49158858707348,32.8
2026-07-29,47,24.40568853269536,12.68
2026-07-29,48,14.180370617843932,8.43
2026-07-29,49,17.076827355149383,5.02
2026-07-29,50,10.057146942595097,0.0
2026-07-29,51,9.549240189682848,-0.01
2026-07-29,52,6.442078209685709,-0.06
2026-07-29,53,9.734319808951872,-0.01
2026-07-29,54,8.87651948972385,-0.01
2026-07-29,55,7.562528494342113,-0.05
2026-07-29,56,5.6039130118943214,-0.1
2026-07-29,57,5.249624862672365,-0.04
2026-07-29,58,5.905807143810394,-0.04
2026-07-29,59,7.508013975847804,-0.01
2026-07-29,60,9.42874452110918,0.0
2026-07-29,61,8.095830132339348,0.0
2026-07-29,62,12.987180521499951,0.74
2026-07-29,63,21.448784753039384,6.01
2026-07-29,64,38.5523627097929,22.75
2026-07-29,65,22.608496365144767,24.99
2026-07-29,66,50.35759469488488,73.59
2026-07-29,67,81.82115082568248,97.26
2026-07-29,68,102.32771826509546,109.56
2026-07-29,69,81.14497659479395,100.3
2026-07-29,70,102.3682956349488,115.38
2026-07-29,71,114.47728537889864,134.72
2026-07-29,72,135.53727426044804,150.97
2026-07-29,73,115.94548726207005,127.72
2026-07-29,74,139.25058030593132,148.84
2026-07-29,75,161.88637428688605,170.2
2026-07-29,76,182.74165224235296,202.5
2026-07-29,77,165.94215651036447,172.69
2026-07-29,78,185.3038185355265,204.82
2026-07-29,79,210.0171458852,247.71
2026-07-29,80,238.28279599438537,352.36
2026-07-29,81,222.9227106951012,251.36
2026-07-29,82,235.8352491994769,265.97
2026-07-29,83,236.48716522411823,275.9
2026-07-29,84,242.44815899893985,261.36
2026-07-29,85,257.9558851689753,254.43
2026-07-29,86,224.9582914478056,225.09
2026-07-29,87,210.90301724605456,217.3
2026-07-29,88,193.04407276929925,202.0
2026-07-29,89,210.6515045679245,206.99
2026-07-29,90,190.5259550696553,198.3
2026-07-29,91,180.18651390111643,190.39
2026-07-29,92,171.56063649405868,176.02
2026-07-29,93,178.28776543847036,179.05
2026-07-29,94,170.22639503609574,173.72
2026-07-29,95,164.42650929503287,170.38
2026-07-29,96,156.5184860540711,146.1
2026-07-30,1,164.65732078053165,162.16
2026-07-30,2,156.8680138820045,152.0
2026-07-30,3,151.1351886963531,142.66
2026-07-30,4,145.6838060480954,142.2
2026-07-30,5,151.75785611584303,144.05
2026-07-30,6,146.31505451842295,141.88
2026-07-30,7,143.03200782076595,145.61
2026-07-30,8,141.0589031467023,138.0
2026-07-30,9,143.48202255788087,143.0
2026-07-30,10,141.30592514353702,142.63
2026-07-30,11,138.43107987385858,137.99
2026-07-30,12,138.31674332179844,136.37
2026-07-30,13,135.72101305513553,135.94
2026-07-30,14,136.17688323617745,135.0
2026-07-30,15,138.41738526052887,134.66
2026-07-30,16,139.33331500183422,136.52
2026-07-30,17,132.50710914330162,132.03
2026-07-30,18,136.0047243661275,132.36
2026-07-30,19,141.56514551345558,132.96
2026-07-30,20,144.28333108637273,133.54
2026-07-30,21,142.14315164138463,133.51
2026-07-30,22,141.71422892949704,133.85
2026-07-30,23,148.41607590146825,139.53
2026-07-30,24,152.48446469997842,143.54
2026-07-30,25,158.7263106967896,143.34
2026-07-30,26,160.14623698642654,151.75
2026-07-30,27,159.32774226759165,150.6
2026-07-30,28,155.81945332751116,148.15
2026-07-30,29,167.81386250151985,166.47
2026-07-30,30,159.01536416541578,153.95
2026-07-30,31,150.2290076265931,142.6
2026-07-30,32,134.83603498448616,127.96
2026-07-30,33,158.6457002344819,163.38
2026-07-30,34,143.5202653857724,146.05
2026-07-30,35,133.54621038136233,131.04
2026-07-30,36,115.90645368206056,115.71
2026-07-30,37,137.01992642033352,139.67
2026-07-30,38,119.5373361431132,122.81
2026-07-30,39,106.98343957410576,110.54
2026-07-30,40,84.10259450094935,99.44
2026-07-30,41,105.66809826293878,109.01
2026-07-30,42,77.353288912882,94.27
2026-07-30,43,57.95673138751367,80.88
2026-07-30,44,41.67738088414028,55.84
2026-07-30,45,48.30056042921974,70.3
2026-07-30,46,37.724206456910885,35.96
2026-07-30,47,27.403475146018828,19.81
2026-07-30,48,16.923847113492712,12.33
2026-07-30,49,21.513240457966774,8.97
2026-07-30,50,18.487590417198486,8.0
2026-07-30,51,17.907999390412357,4.5
2026-07-30,52,17.947502775661178,3.94
2026-07-30,53,19.049308904571987,4.56
2026-07-30,54,19.059894556975348,2.31
2026-07-30,55,17.82276114442468,1.38
2026-07-30,56,16.74660376140363,2.43
2026-07-30,57,17.96227244389931,4.18
2026-07-30,58,21.707862819426204,6.19
2026-07-30,59,28.56214946244582,16.36
2026-07-30,60,35.870826884597115,32.96
2026-07-30,61,30.86293780549419,40.04
2026-07-30,62,47.00649647963067,57.45
2026-07-30,63,60.84750379049805,69.11
2026-07-30,64,75.00115823296298,83.13
2026-07-30,65,57.47427578159633,73.54
2026-07-30,66,77.25507806494772,87.66
2026-07-30,67,100.48780936328714,106.5
2026-07-30,68,116.71365671715112,124.91
2026-07-30,69,99.66062289327854,105.84
2026-07-30,70,115.23497938145222,115.01
2026-07-30,71,126.77214325598008,131.76
2026-07-30,72,155.80327070179143,154.6
2026-07-30,73,125.40296723135276,130.34
2026-07-30,74,140.87936481674058,145.71
2026-07-30,75,158.4215403010729,160.56
2026-07-30,76,175.84300269181418,160.5
2026-07-30,77,161.02655484236385,149.9
2026-07-30,78,176.15735742217072,172.61
2026-07-30,79,198.1211166962224,181.2
2026-07-30,80,230.5057768986252,191.37
2026-07-30,81,205.8458646966139,183.7
2026-07-30,82,221.94067330552343,188.39
2026-07-30,83,233.95362309520817,199.44
2026-07-30,84,225.01265789979152,221.71
2026-07-30,85,222.0049174113335,218.14
2026-07-30,86,210.8835535550085,212.28
2026-07-30,87,202.4684167882723,203.9
2026-07-30,88,187.5624092474877,193.8
2026-07-30,89,203.6400186329981,201.3
2026-07-30,90,188.8073113104085,194.09
2026-07-30,91,177.57238467697474,187.25
2026-07-30,92,169.66441209543808,178.55
2026-07-30,93,176.64091525702037,181.29
2026-07-30,94,168.4755571903635,172.65
2026-07-30,95,163.2820567176624,169.78
2026-07-30,96,154.6596908356404,159.6
2026-07-31,1,175.78215596532382,177.28
2026-07-31,2,167.808073937923,170.09
2026-07-31,3,163.17423460467631,164.6
2026-07-31,4,158.90694165900888,160.87
2026-07-31,5,163.66630359701463,172.99
2026-07-31,6,160.00150921788745,167.17
2026-07-31,7,160.0661486463528,157.61
2026-07-31,8,154.43037648197043,154.04
2026-07-31,9,159.6437446057785,157.15
2026-07-31,10,157.23038791031698,154.5
2026-07-31,11,157.19312315853608,154.05
2026-07-31,12,157.04610614169007,154.94
2026-07-31,13,155.76036120206402,153.96
2026-07-31,14,155.48601647731869,154.65
2026-07-31,15,151.30015013367284,154.01
2026-07-31,16,153.4738178382682,154.07
2026-07-31,17,157.28755048854663,154.91
2026-07-31,18,158.20206347035978,152.67
2026-07-31,19,158.89862303236208,156.78
2026-07-31,20,163.06678150782545,165.0
2026-07-31,21,160.83528176261785,154.3
2026-07-31,22,166.47254183721412,159.22
2026-07-31,23,172.251117680544,173.89
2026-07-31,24,175.0187342686815,174.64
2026-07-31,25,179.04477482221537,172.04
2026-07-31,26,179.20218872614896,182.29
2026-07-31,27,180.02557952218942,183.6
2026-07-31,28,178.04765346464248,178.42
2026-07-31,29,188.09703698226585,187.3
2026-07-31,30,181.2288523383064,180.0
2026-07-31,31,174.68125409266295,172.61
2026-07-31,32,163.37874990507936,150.2
2026-07-31,33,186.8232499996239,182.6
2026-07-31,34,175.38881394031452,170.72
2026-07-31,35,162.5449480025737,153.29
2026-07-31,36,137.31093900620738,129.7
2026-07-31,37,163.4839493751939,159.97
2026-07-31,38,142.06107170368074,144.3
2026-07-31,39,130.16365051548942,129.15
2026-07-31,40,118.08802892977737,124.13
2026-07-31,41,131.51340349406834,135.42
2026-07-31,42,116.34274895770749,128.59
2026-07-31,43,107.39463247904553,112.6
2026-07-31,44,93.26626755585468,101.81
2026-07-31,45,105.90661970479051,113.8
2026-07-31,46,95.6954751224699,99.94
2026-07-31,47,85.66224796559976,98.75
2026-07-31,48,76.86677896537569,92.19
2026-07-31,49,83.62018133657261,97.71
2026-07-31,50,80.55976797021462,95.74
2026-07-31,51,78.08109029091635,96.03
2026-07-31,52,75.85525821931704,86.99
2026-07-31,53,80.7949788790269,85.01
2026-07-31,54,78.08641570012394,84.46
2026-07-31,55,74.68135391781418,82.25
2026-07-31,56,74.92034825086132,81.35
2026-07-31,57,75.72591558697634,80.4
2026-07-31,58,88.14608300142424,81.99
2026-07-31,59,96.8178209457062,87.81
2026-07-31,60,102.20417536152712,94.94
2026-07-31,61,93.30293573587734,90.11
2026-07-31,62,96.00693819330571,98.77
2026-07-31,63,101.7469882386745,104.72
2026-07-31,64,109.28696242962955,118.94
2026-07-31,65,95.4022997254433,110.0
2026-07-31,66,110.17234600217476,113.67
2026-07-31,67,119.92515751991492,123.8
2026-07-31,68,130.66519510834053,135.99
2026-07-31,69,121.33456745220984,123.97
2026-07-31,70,129.35070107389967,135.07
2026-07-31,71,146.26721903347217,164.01
2026-07-31,72,168.895650438408,166.92
2026-07-31,73,148.51169639927545,140.45
2026-07-31,74,166.8028568476701,160.29
2026-07-31,75,174.7613715507846,168.14
2026-07-31,76,187.050056164564,180.35
2026-07-31,77,179.9948368615036,165.01
2026-07-31,78,189.5387575246956,177.8
2026-07-31,79,197.8125574689933,192.93
2026-07-31,80,224.32958621912016,203.8
2026-07-31,81,206.3964743617485,184.96
2026-07-31,82,217.8572786467372,190.66
2026-07-31,83,223.27495729386928,196.27
2026-07-31,84,226.06978702110325,199.07
2026-07-31,85,229.0624030274172,192.09
2026-07-31,86,213.6451702960269,193.75
2026-07-31,87,204.0287101378644,197.33
2026-07-31,88,194.39228358205577,199.39
2026-07-31,89,208.53102640872248,204.05
2026-07-31,90,193.69605200179925,201.34
2026-07-31,91,187.236428158476,184.12
2026-07-31,92,176.80519839940288,175.01
2026-07-31,93,182.9526234247816,178.22
2026-07-31,94,176.1079989652281,169.88
2026-07-31,95,169.94684936417968,167.36
2026-07-31,96,159.64855436266026,165.13
2026-08-01,1,165.6695287147201,183.75
2026-08-01,2,160.04235497990032,173.56
2026-08-01,3,154.18774577866463,164.44
2026-08-01,4,148.8664989959285,156.0
2026-08-01,5,155.37762904818078,169.43
2026-08-01,6,151.68142272743327,166.63
2026-08-01,7,149.6906752493145,157.66
2026-08-01,8,145.72066789163586,156.91
2026-08-01,9,148.76952249958686,160.91
2026-08-01,10,145.7735671498204,159.09
2026-08-01,11,144.5310621139232,155.88
2026-08-01,12,143.05025992986228,152.1
2026-08-01,13,142.27517481321303,157.01
2026-08-01,14,141.7111532093474,153.37
2026-08-01,15,142.27897615654408,155.0
2026-08-01,16,142.95321935184913,153.05
2026-08-01,17,141.55511560264,154.91
2026-08-01,18,141.41816401821427,158.34
2026-08-01,19,143.49977045277438,153.54
2026-08-01,20,145.7036016319557,151.3
2026-08-01,21,142.92545276433384,152.78
2026-08-01,22,144.26623017109787,157.0
2026-08-01,23,149.19433794490325,155.47
2026-08-01,24,150.47871997978964,156.82
2026-08-01,25,153.55619515112156,160.52
2026-08-01,26,153.1730971282691,156.94
2026-08-01,27,150.4152124447467,151.9
2026-08-01,28,145.12921774654768,149.8
2026-08-01,29,157.1724363240981,162.96
2026-08-01,30,147.85663124302997,147.0
2026-08-01,31,139.83327175339875,141.73
2026-08-01,32,133.93249553893222,134.0
2026-08-01,33,149.83729644207617,160.86
2026-08-01,34,141.01322129172047,143.7
2026-08-01,35,126.86602365256404,133.18
2026-08-01,36,109.48836232781947,123.89
2026-08-01,37,130.169566588505,145.41
2026-08-01,38,113.24767053613914,122.44
2026-08-01,39,101.40077429474808,117.65
2026-08-01,40,85.94180056066975,107.59
2026-08-01,41,102.68447840595744,116.41
2026-08-01,42,86.46106402300316,104.39
2026-08-01,43,72.336740738043,101.6
2026-08-01,44,51.479618832752095,81.29
2026-08-01,45,60.78260381947883,83.0
2026-08-01,46,46.7385822610507,67.98
2026-08-01,47,33.53878512578838,51.16
2026-08-01,48,23.331940040441005,26.47
2026-08-01,49,26.49506189559296,31.63
2026-08-01,50,15.000323933629696,19.62
2026-08-01,51,9.779526514552714,11.7
2026-08-01,52,2.435001099395599,3.91
2026-08-01,53,2.72181409452815,1.63
2026-08-01,54,0.2399893015160912,0.0
2026-08-01,55,-2.017819834761537,0.0
2026-08-01,56,-3.870323833000172,0.0
2026-08-01,57,-3.142902143852304,0.0
2026-08-01,58,-3.229238740367731,0.0
2026-08-01,59,-2.943700646338046,0.0
2026-08-01,60,-0.6833355634717018,0.0
2026-08-01,61,-1.331557218136076,0.02
2026-08-01,62,2.925098767193715,0.29
2026-08-01,63,8.599737324192297,2.8
2026-08-01,64,22.8430336844023,9.2
2026-08-01,65,15.584101849946578,6.5
2026-08-01,66,38.99041752567436,24.13
2026-08-01,67,58.79020219389856,64.03
2026-08-01,68,76.36638145649502,87.41
2026-08-01,69,61.37502292766386,87.12
2026-08-01,70,81.90142042475591,101.14
2026-08-01,71,100.76936162889594,119.08
2026-08-01,72,123.83066504759684,122.92
2026-08-01,73,107.86894532615406,119.38
2026-08-01,74,128.8764152000818,133.0
2026-08-01,75,142.26359027642212,160.82
2026-08-01,76,159.5882556066488,167.34
2026-08-01,77,142.7231744388022,150.92
2026-08-01,78,156.13986492547647,160.26
2026-08-01,79,169.15216323881785,175.47
2026-08-01,80,191.64923135601003,187.49
2026-08-01,81,176.67958586047212,174.17
2026-08-01,82,181.3076021844826,180.23
2026-08-01,83,185.6140826866805,183.4
2026-08-01,84,183.69026246942133,186.05
2026-08-01,85,189.2643712781401,184.85
2026-08-01,86,175.13205511189395,181.6
2026-08-01,87,170.54889202567435,182.41
2026-08-01,88,168.2141195677974,173.85
2026-08-01,89,178.14606628986857,190.2
2026-08-01,90,170.14780883338415,179.69
2026-08-01,91,168.49329568319783,175.2
2026-08-01,92,163.46853267360862,169.1
2026-08-01,93,167.25334622232543,172.11
2026-08-01,94,161.81706819144148,171.94
2026-08-01,95,158.63006312521932,171.23
2026-08-01,96,151.5030661949957,164.72
2026-08-02,1,172.8298200877874,188.4
2026-08-02,2,165.42344347076482,170.98
2026-08-02,3,157.74684142827516,161.1
2026-08-02,4,151.97114485481006,158.02
2026-08-02,5,159.75334217951365,160.86
2026-08-02,6,155.93936207298088,156.81
2026-08-02,7,153.19172017163712,162.01
2026-08-02,8,148.45124472853237,159.98
2026-08-02,9,155.37752590970743,158.74
2026-08-02,10,151.66350795211744,156.5
2026-08-02,11,150.97826609903612,157.31
2026-08-02,12,149.8395448226404,154.8
2026-08-02,13,149.45194571641807,155.36
2026-08-02,14,144.24294813358614,153.75
2026-08-02,15,142.6853194741709,153.88
2026-08-02,16,141.91941662310853,154.78
2026-08-02,17,151.23138035222084,155.01
2026-08-02,18,148.57942317679507,153.16
2026-08-02,19,144.71061670963545,152.94
2026-08-02,20,143.85598183732188,153.26
2026-08-02,21,145.14081252402403,159.03
2026-08-02,22,146.47506377038923,160.83
2026-08-02,23,147.01790310767666,159.73
2026-08-02,24,144.31497355821236,157.72
2026-08-02,25,148.0624852456324,161.13
2026-08-02,26,146.5969357721727,153.7
2026-08-02,27,140.77319051822386,151.62
2026-08-02,28,135.74037762136024,139.14
2026-08-02,29,148.0358939254259,153.77
2026-08-02,30,137.31710018937358,142.6
2026-08-02,31,126.89040090108428,136.11
2026-08-02,32,107.01768650523375,122.32
2026-08-02,33,139.10579895541824,152.74
2026-08-02,34,118.33818531571993,130.33
2026-08-02,35,98.2117037172325,112.43
2026-08-02,36,71.08634171649156,93.22
2026-08-02,37,95.96187775716383,104.46
2026-08-02,38,69.35419192235246,84.19
2026-08-02,39,53.38016166894175,51.64
2026-08-02,40,33.10054796853718,10.45
2026-08-02,41,37.31851415501825,10.21
2026-08-02,42,18.614591644160186,2.47
2026-08-02,43,9.365103612509174,-0.01
2026-08-02,44,5.731040276379538,-0.05
2026-08-02,45,5.78937103518448,-0.09
2026-08-02,46,4.514263457609829,-0.13
2026-08-02,47,6.675817461927171,-0.34
2026-08-02,48,3.4261767522598454,-0.48
2026-08-02,49,4.876460575662483,-0.71
2026-08-02,50,1.6180461777240789,-1.08
2026-08-02,51,0.5082459276482236,-1.44
2026-08-02,52,-1.1641127136099805,-1.87
2026-08-02,53,-1.5038500432733004,-2.77
2026-08-02,54,-2.685839603956273,-3.1
2026-08-02,55,-4.256824824500585,-4.28
2026-08-02,56,-5.164887113893609,-4.77
2026-08-02,57,-4.21264632239578,-2.42
2026-08-02,58,-3.74855662344139,-1.99
2026-08-02,59,-2.717984145567921,-1.64
2026-08-02,60,-1.0851362635168575,-1.09
2026-08-02,61,-1.5855291065421366,-1.29
2026-08-02,62,0.953085889202947,-1.25
2026-08-02,63,5.709081510572453,-1.19
2026-08-02,64,11.798460335977468,-0.98
2026-08-02,65,2.7802211770557346,-1.01
2026-08-02,66,9.725586499997188,-0.04
2026-08-02,67,38.18532403998111,0.0
2026-08-02,68,63.33973957775535,12.71
2026-08-02,69,37.54784344318343,41.97
2026-08-02,70,81.95206133655309,92.84
2026-08-02,71,108.21633663162756,116.55
2026-08-02,72,140.55925358577508,130.29
2026-08-02,73,113.10541873656614,123.89
2026-08-02,74,132.3051354078079,138.13
2026-08-02,75,146.90875679912426,157.0
2026-08-02,76,163.013189980287,173.61
2026-08-02,77,144.01348630990913,160.15
2026-08-02,78,156.3859995673505,170.59
2026-08-02,79,166.43957437277555,183.9
2026-08-02,80,189.59663705281264,192.93
2026-08-02,81,170.61668431640055,182.99
2026-08-02,82,178.2119901890684,181.78
2026-08-02,83,184.71285668163503,185.66
2026-08-02,84,184.2186461186364,192.32
2026-08-02,85,185.34904013579504,190.7
2026-08-02,86,175.1082740708756,181.18
2026-08-02,87,172.78438307955955,174.37
2026-08-02,88,169.87446695549392,164.51
2026-08-02,89,180.5118455452797,181.59
2026-08-02,90,172.10999562893926,167.84
2026-08-02,91,166.55542402856133,163.65
2026-08-02,92,162.14645708108188,157.83
2026-08-02,93,166.37729982303892,160.11
2026-08-02,94,160.9719428235498,155.09
2026-08-02,95,157.240233890094,152.96
2026-08-02,96,150.04846973260513,143.17
2026-08-03,1,157.65153219408944,146.32
2026-08-03,2,150.87796998469923,141.85
2026-08-03,3,146.23332852405898,136.95
2026-08-03,4,140.34493583118444,134.05
2026-08-03,5,147.34645980783068,137.95
2026-08-03,6,142.4881150752687,134.42
2026-08-03,7,140.23326380563796,135.44
2026-08-03,8,136.56732706911416,132.63
2026-08-03,9,139.8327327211712,133.59
2026-08-03,10,137.83295720413636,131.84
2026-08-03,11,136.3131130787693,131.4
2026-08-03,12,135.31616101399754,130.93
2026-08-03,13,134.3666648079935,129.25
2026-08-03,14,134.3368166894054,128.84
2026-08-03,15,134.54560791598382,129.5
2026-08-03,16,134.75042203955266,131.56
2026-08-03,17,132.43596063845845,128.7
2026-08-03,18,134.36992988826958,131.24
2026-08-03,19,137.1250567096997,133.6
2026-08-03,20,140.6314696430449,137.41
2026-08-03,21,136.27822575309224,139.13
2026-08-03,22,141.17459548825593,141.73
2026-08-03,23,147.1759716925924,144.67
2026-08-03,24,153.2116382123601,151.67
2026-08-03,25,155.6904540498484,164.9
2026-08-03,26,161.2299278769246,171.38
2026-08-03,27,160.94040982497737,173.41
2026-08-03,28,159.9512031129046,167.21
2026-08-03,29,169.64811139750023,173.56
2026-08-03,30,162.25455494535734,166.94
2026-08-03,31,154.79026037670593,161.83
2026-08-03,32,143.53198124159252,155.63
2026-08-03,33,168.25531579891154,167.27
2026-08-03,34,153.967150851946,156.95
2026-08-03,35,142.46672188730082,150.23
2026-08-03,36,125.0774669249509,125.55
2026-08-03,37,145.5166464699013,163.11
2026-08-03,38,129.90184037441645,134.68
2026-08-03,39,116.6497887649676,124.22
2026-08-03,40,99.24276602361144,118.48
2026-08-03,41,115.1847604440614,127.99
2026-08-03,42,96.66848175496946,117.09
2026-08-03,43,84.49264923080877,109.3
2026-08-03,44,68.64274012950052,88.76
2026-08-03,45,79.96997361022545,90.05
2026-08-03,46,67.80441626763766,74.45
2026-08-03,47,56.95978582572792,62.48
2026-08-03,48,46.04668705205543,51.73
2026-08-03,49,51.963587688490826,42.44
2026-08-03,50,45.678540554859225,25.1
2026-08-03,51,41.56582038956662,21.36
2026-08-03,52,36.13805365500286,15.22
2026-08-03,53,38.87782258064558,23.27
2026-08-03,54,34.32265212401166,20.1
2026-08-03,55,31.499899452166567,11.28
2026-08-03,56,28.92734841897416,10.9
2026-08-03,57,29.893034479778564,10.09
2026-08-03,58,32.60785269169156,13.36
2026-08-03,59,37.59661848277091,26.04
2026-08-03,60,44.28707455616232,40.73
2026-08-03,61,40.42233631524834,41.35
2026-08-03,62,49.85034013184198,58.8
2026-08-03,63,59.288475155960896,68.01
2026-08-03,64,73.8191636512613,75.09
2026-08-03,65,57.562565994588034,88.22
2026-08-03,66,75.22583410878372,96.18
2026-08-03,67,95.5669916608613,106.57
2026-08-03,68,111.10754258039316,120.26
2026-08-03,69,94.07572865608516,117.1
2026-08-03,70,113.5371247171059,123.8
2026-08-03,71,127.37574573552624,145.59
2026-08-03,72,145.5522030295097,172.71
2026-08-03,73,128.9016191574916,155.17
2026-08-03,74,142.54852535282296,162.78
2026-08-03,75,153.1672852527425,170.7
2026-08-03,76,162.38822305194478,187.46
2026-08-03,77,154.5642681211099,177.61
2026-08-03,78,166.98537488523002,189.78
2026-08-03,79,177.68399222739734,208.69
2026-08-03,80,192.95470931750208,246.99
2026-08-03,81,183.1588838413808,207.26
2026-08-03,82,191.7602065134145,201.41
2026-08-03,83,199.98297119150368,194.5
2026-08-03,84,200.6262761561884,199.53
2026-08-03,85,200.9242985606685,196.48
2026-08-03,86,190.59279179011853,188.91
2026-08-03,87,185.0671279921669,184.83
2026-08-03,88,173.54686062637043,173.01
2026-08-03,89,189.49848783712773,184.05
2026-08-03,90,179.15933297172,175.64
2026-08-03,91,173.0927121801863,173.01
2026-08-03,92,166.1313797964387,165.02
2026-08-03,93,171.43931923181765,166.58
2026-08-03,94,164.23210326973813,160.0
2026-08-03,95,159.98350663707024,155.7
2026-08-03,96,151.99034189837005,146.27
2026-08-04,1,162.82929063459275,168.81
2026-08-04,2,155.43471333368572,152.23
2026-08-04,3,151.10278255063423,151.15
2026-08-04,4,146.59027611551866,143.81
2026-08-04,5,151.7169242671953,151.26
2026-08-04,6,147.79045089225977,144.52
2026-08-04,7,147.2705041384796,143.87
2026-08-04,8,145.16251698419458,139.22
2026-08-04,9,145.87153631801016,140.8
2026-08-04,10,145.06555165754915,140.25
2026-08-04,11,143.52862669043105,139.17
2026-08-04,12,144.61037119118149,135.76
2026-08-04,13,141.27194128796262,134.42
2026-08-04,14,140.63954654157655,136.01
2026-08-04,15,141.0759544877887,138.33
2026-08-04,16,142.35876939911648,139.66
2026-08-04,17,142.82261317307723,139.17
2026-08-04,18,144.29111216852226,139.73
2026-08-04,19,147.04186503475162,142.47
2026-08-04,20,150.56496710274985,151.29
2026-08-04,21,148.13857715155407,151.75
2026-08-04,22,151.8699875635715,152.65
2026-08-04,23,155.90677937237962,156.0
2026-08-04,24,157.9645006526629,167.41
2026-08-04,25,162.72830123725882,166.64
2026-08-04,26,166.40988474144174,174.41
2026-08-04,27,166.50539868475175,170.78
2026-08-04,28,166.5211911326944,171.9
2026-08-04,29,175.44353412327197,178.09
2026-08-04,30,168.74626510258992,172.31
2026-08-04,31,164.2217627706579,171.95
2026-08-04,32,155.75052351434314,154.78
2026-08-04,33,172.70532648020048,177.98
2026-08-04,34,167.06647168771946,168.1
2026-08-04,35,153.78297798145078,157.05
2026-08-04,36,138.0632752884513,142.83
2026-08-04,37,158.0490317341651,174.24
2026-08-04,38,144.37625626871704,156.6
2026-08-04,39,136.84635615155946,134.08
2026-08-04,40,124.744175003018,121.23
2026-08-04,41,137.9464499788803,143.5
2026-08-04,42,125.81409962725286,122.39
2026-08-04,43,116.49533158200636,117.57
2026-08-04,44,103.0795757733428,114.58
2026-08-04,45,116.99483143161862,113.9
2026-08-04,46,106.86222961817468,106.83
2026-08-04,47,96.9159966937424,98.05
2026-08-04,48,85.1450026286341,96.17
2026-08-04,49,92.54628102638875,94.99
2026-08-04,50,85.3480536583336,85.7
2026-08-04,51,80.64641153854525,85.01
2026-08-04,52,75.58384154541692,83.55
2026-08-04,53,81.96600903714555,81.95
2026-08-04,54,78.61320851557312,80.59
2026-08-04,55,75.36002207104718,72.34
2026-08-04,56,71.45133807057694,70.98
2026-08-04,57,70.27309235763072,81.65
2026-08-04,58,73.11109140516204,84.32
2026-08-04,59,79.5594249685391,85.01
2026-08-04,60,88.79316969303558,85.27
2026-08-04,61,79.19259045002173,96.37
2026-08-04,62,91.4125675712904,101.61
2026-08-04,63,104.42907643736685,117.07
2026-08-04,64,116.5216798602144,122.78
2026-08-04,65,107.31823896806442,119.5
2026-08-04,66,116.83627458506568,123.46
2026-08-04,67,127.4011783153297,124.08
2026-08-04,68,140.66439218542945,142.71
2026-08-04,69,125.71603230851198,137.21
2026-08-04,70,140.4254930383888,149.41
2026-08-04,71,155.84790473021653,165.9
2026-08-04,72,163.9875384176965,167.33
2026-08-04,73,159.41561819289433,155.95
2026-08-04,74,167.03909317270555,156.4
2026-08-04,75,176.05565773808726,176.28
2026-08-04,76,192.987784510516,213.56
2026-08-04,77,177.4243538774895,170.39
2026-08-04,78,194.6187212312592,201.19
2026-08-04,79,215.2586082774685,236.85
2026-08-04,80,245.46532123604504,303.57
2026-08-04,81,220.65132831879447,240.01
2026-08-04,82,231.8871225270172,248.74
2026-08-04,83,235.69134889663263,241.06
2026-08-04,84,231.7051259033244,230.21
2026-08-04,85,235.05551820782463,239.71
2026-08-04,86,214.27409082796527,214.07
2026-08-04,87,199.60726642225595,203.55
2026-08-04,88,186.80297155588283,190.85
2026-08-04,89,198.36486842165988,198.68
2026-08-04,90,185.17318007943663,181.42
2026-08-04,91,178.11666388984085,184.89
2026-08-04,92,168.51093008102822,175.52
2026-08-04,93,174.34400267982411,170.88
2026-08-04,94,165.92179529848215,166.5
2026-08-04,95,160.6218091974282,163.1
2026-08-04,96,151.50415755881355,151.78
2026-08-05,1,162.96258253306146,162.65
2026-08-05,2,156.03620429024804,156.5
2026-08-05,3,148.69319487721845,151.55
2026-08-05,4,142.37380939081356,150.07
2026-08-05,5,152.09398894214274,152.76
2026-08-05,6,146.5875519904332,148.53
2026-08-05,7,142.76160411001936,148.29
2026-08-05,8,138.52301009087836,147.81
2026-08-05,9,142.02051359212766,152.68
2026-08-05,10,138.16611869966144,147.52
2026-08-05,11,137.81602567212752,146.1
2026-08-05,12,135.15796774902546,145.9
2026-08-05,13,135.63489850466564,147.72
2026-08-05,14,134.91335169343154,147.4
2026-08-05,15,136.1909221043049,142.75
2026-08-05,16,136.6319755459913,139.15
2026-08-05,17,133.33819247912888,139.61
2026-08-05,18,135.09939724444226,138.16
2026-08-05,19,138.1684920501473,140.61
2026-08-05,20,142.47820059802137,139.0
2026-08-05,21,138.5197632464938,135.8
2026-08-05,22,141.12254709656585,140.47
2026-08-05,23,145.5102720495475,146.29
2026-08-05,24,151.51075504904713,154.45
2026-08-05,25,154.67165800143417,154.81
2026-08-05,26,159.92187590138067,156.68
2026-08-05,27,161.40069678305233,160.23
2026-08-05,28,158.62598472429067,157.0
2026-08-05,29,166.5363442582231,166.09
2026-08-05,30,158.43797446739276,162.24
2026-08-05,31,149.60744555758694,154.41
2026-08-05,32,136.2495508396285,136.0
2026-08-05,33,160.53807908481315,162.64
2026-08-05,34,147.7391493151578,147.91
2026-08-05,35,134.8863002055762,131.74
2026-08-05,36,115.7506789931671,116.9
2026-08-05,37,144.40769989841365,145.09
2026-08-05,38,119.79544280486644,120.15
2026-08-05,39,99.73802213015335,104.5
2026-08-05,40,73.80987809760545,78.41
2026-08-05,41,91.06720096565004,100.0
2026-08-05,42,68.13753315677874,85.71
2026-08-05,43,55.94196524119204,54.6
2026-08-05,44,37.989723713952486,17.49
2026-08-05,45,44.814871131913705,24.88
2026-08-05,46,31.31948000662652,8.35
2026-08-05,47,21.298225247642,0.1
2026-08-05,48,11.309124307571905,0.0
2026-08-05,49,12.341496241107423,0.0
2026-08-05,50,6.831021720538715,-0.01
2026-08-05,51,5.018646858588905,-0.04
2026-08-05,52,1.795044502915753,-0.1
2026-08-05,53,1.7508744390206106,-0.17
2026-08-05,54,0.1338235843029102,-0.34
2026-08-05,55,-1.4120627830986068,-0.91
2026-08-05,56,-1.9224680363714777,-0.75
2026-08-05,57,-0.8140588476512552,-0.19
2026-08-05,58,-0.1143192480624172,-0.14
2026-08-05,59,1.0212531641179887,-0.13
2026-08-05,60,2.675261809554388,-0.1
2026-08-05,61,2.0301412416568803,-0.06
2026-08-05,62,4.490625760384341,-0.01
2026-08-05,63,7.2683955176682495,0.0
2026-08-05,64,9.617980463352511,0.0
2026-08-05,65,7.439225599852835,0.0
2026-08-05,66,10.427421641376965,0.07
2026-08-05,67,26.74498387373585,2.25
2026-08-05,68,49.64737499044912,24.99
2026-08-05,69,29.886082835828773,15.65
2026-08-05,70,69.55045240034451,60.05
2026-08-05,71,90.48715191828096,87.47
2026-08-05,72,118.47635702062468,126.17
2026-08-05,73,91.6551564482658,94.66
2026-08-05,74,121.33940814903238,126.61
2026-08-05,75,140.17091467229187,152.98
2026-08-05,76,156.0996716142686,166.07
2026-08-05,77,141.19459067172525,155.06
2026-08-05,78,158.52751935360513,158.78
2026-08-05,79,170.32900169219386,172.39
2026-08-05,80,198.3635578655508,209.36
2026-08-05,81,178.65564465207976,177.77
2026-08-05,82,188.69984163798063,186.45
2026-08-05,83,195.21475624419324,190.63
2026-08-05,84,198.23271216651963,195.0
2026-08-05,85,197.6010415151601,193.32
2026-08-05,86,192.4262598517004,199.52
2026-08-05,87,188.8165186957477,217.11
2026-08-05,88,185.9928628364128,205.0
2026-08-05,89,191.7448860942409,225.86
2026-08-05,90,180.8600480694554,187.9
2026-08-05,91,179.16178402825457,178.54
2026-08-05,92,164.7526462130791,170.95
2026-08-05,93,169.3332321960244,175.43
2026-08-05,94,163.59221337055934,167.09
2026-08-05,95,159.04320461607116,164.92
2026-08-05,96,152.1042606119428,156.98
2026-08-06,1,160.3586023335913,171.83
2026-08-06,2,154.0031281637128,162.64
2026-08-06,3,148.38529987008295,160.0
2026-08-06,4,142.7507380722755,155.58
2026-08-06,5,150.22177596567414,166.55
2026-08-06,6,144.8624866810685,160.0
2026-08-06,7,141.12151080881185,151.66
2026-08-06,8,138.88307612480082,142.6
2026-08-06,9,141.9099438972632,158.43
2026-08-06,10,137.00324379675178,150.54
2026-08-06,11,136.52595719110823,140.25
2026-08-06,12,133.5023298584584,137.57
2026-08-06,13,134.75607751414464,144.69
2026-08-06,14,133.915003761234,137.55
2026-08-06,15,133.666864679799,136.15
2026-08-06,16,133.76156902799207,132.93
2026-08-06,17,131.7179291003448,133.62
2026-08-06,18,132.46296284077602,133.75
2026-08-06,19,134.04104664308687,134.05
2026-08-06,20,136.47950068047837,134.82
2026-08-06,21,134.51779974374705,132.59
2026-08-06,22,136.43886459691194,133.09
2026-08-06,23,140.61135647096478,136.23
2026-08-06,24,147.94675312067335,141.1
2026-08-06,25,147.18409398881863,149.96
2026-08-06,26,155.54095727877495,160.25
2026-08-06,27,157.8825707278185,160.9
2026-08-06,28,158.64349133799905,153.08
2026-08-06,29,164.2801292174498,161.04
2026-08-06,30,159.44516589808566,152.72
2026-08-06,31,149.57829229588384,152.05
2026-08-06,32,136.43691492798862,131.51
2026-08-06,33,167.44627136084435,170.27
2026-08-06,34,149.87866586662528,145.0
2026-08-06,35,136.5227484620951,130.85
2026-08-06,36,112.38779656464884,110.77
2026-08-06,37,145.88391585968083,135.38
2026-08-06,38,115.48293019325742,109.16
2026-08-06,39,94.71743503186126,89.63
2026-08-06,40,63.04537044415511,48.11
2026-08-06,41,83.11360351145927,66.54
2026-08-06,42,56.08881467392502,27.88
2026-08-06,43,38.28851237127026,5.52
2026-08-06,44,19.38332611236076,0.4
2026-08-06,45,25.451255384352194,0.7
2026-08-06,46,14.67621045795319,0.0
2026-08-06,47,8.821057511439767,-0.01
2026-08-06,48,1.364232183799757,-0.11
2026-08-06,49,2.151299943251366,-0.01
2026-08-06,50,-0.4966201901725657,-0.08
2026-08-06,51,-1.1548749313627873,-0.09
2026-08-06,52,-1.896244295728331,-0.16
2026-08-06,53,-2.6960762171762687,-1.01
2026-08-06,54,-2.721750287826034,-1.11
2026-08-06,55,-3.686112637687317,-1.47
2026-08-06,56,-4.227056940704571,-1.84
2026-08-06,57,-3.489165345346052,-1.49
2026-08-06,58,-2.958697218524416,-1.57
2026-08-06,59,-2.597346784153353,-1.09
2026-08-06,60,-2.046346908998786,-1.01
2026-08-06,61,-1.886380207090108,-1.0
2026-08-06,62,-1.2885269859346955,-0.19
2026-08-06,63,-0.7569247312973513,-0.11
2026-08-06,64,-0.9995323068639016,-0.04
2026-08-06,65,-1.8984982654076656,-0.04
2026-08-06,66,-1.7389493575804025,-0.01
2026-08-06,67,8.44326889680437,0.0
2026-08-06,68,30.85576604727062,0.08
2026-08-06,69,12.904249944142578,2.49
2026-08-06,70,52.93282219402415,24.4
2026-08-06,71,73.5623380979658,50.0
2026-08-06,72,104.18252245699772,76.81
2026-08-06,73,80.15365558197715,74.76
2026-08-06,74,108.9394401313156,96.82
2026-08-06,75,128.77875206826434,127.0
2026-08-06,76,141.00046783596974,159.34
2026-08-06,77,128.99032402843451,129.83
2026-08-06,78,145.54696651542966,137.63
2026-08-06,79,153.01399446022214,150.54
2026-08-06,80,171.9873825675295,154.71
2026-08-06,81,158.76213619000967,152.09
2026-08-06,82,167.57434257144425,159.99
2026-08-06,83,173.2474433974966,166.47
2026-08-06,84,177.31274667752362,172.22
2026-08-06,85,176.0580569069503,167.0
2026-08-06,86,170.92110197746334,168.3
2026-08-06,87,175.44114743973526,168.25
2026-08-06,88,173.98368692765413,165.01
2026-08-06,89,178.84627128080373,172.05
2026-08-06,90,173.9607567631785,170.85
2026-08-06,91,176.28515913537325,171.35
2026-08-06,92,163.82111497045415,163.57
2026-08-06,93,167.08401225556247,165.21
2026-08-06,94,161.0475846514682,158.55
2026-08-06,95,158.2779117105158,157.53
2026-08-06,96,150.0438095652093,152.5
2026-08-07,1,160.7801197396424,152.93
2026-08-07,2,152.50406720041283,148.16
2026-08-07,3,145.3398471565021,144.02
2026-08-07,4,139.98546613077255,135.18
2026-08-07,5,146.86206130793872,142.0
2026-08-07,6,140.60665812619854,138.02
2026-08-07,7,139.25360730307364,138.61
2026-08-07,8,134.43199650982808,135.99
2026-08-07,9,137.10676164107844,137.76
2026-08-07,10,134.371197060153,130.76
2026-08-07,11,133.57720460496145,127.59
2026-08-07,12,132.99101524209686,128.37
2026-08-07,13,132.98520358153357,128.84
2026-08-07,14,132.14463765525284,128.62
2026-08-07,15,131.95259275635416,128.83
2026-08-07,16,132.14633715667077,129.98
2026-08-07,17,131.03382074068386,127.31
2026-08-07,18,132.70103161925323,129.76
2026-08-07,19,134.7436956961789,133.39
2026-08-07,20,138.0802899577242,135.84
2026-08-07,21,134.95960517486137,129.25
2026-08-07,22,138.50270924358966,136.82
2026-08-07,23,143.9863069667468,149.04
2026-08-07,24,149.40624537258435,150.22
2026-08-07,25,152.94670401278503,150.57
2026-08-07,26,157.68298837073414,154.25
2026-08-07,27,158.57872107021228,159.33
2026-08-07,28,158.19512782189497,160.52
2026-08-07,29,169.12702894090722,168.32
2026-08-07,30,160.88343719255178,163.09
2026-08-07,31,154.46814476876506,153.18
2026-08-07,32,143.06787550161243,135.3
2026-08-07,33,169.4229722887113,165.72
2026-08-07,34,155.1631268475826,151.27
2026-08-07,35,140.62959168906616,144.03
2026-08-07,36,121.42659596492672,121.29
2026-08-07,37,145.9795622454444,150.42
2026-08-07,38,125.59181505664452,130.12
2026-08-07,39,114.50803966430576,114.18
2026-08-07,40,98.61043736944131,109.75
2026-08-07,41,114.2487393359938,109.69
2026-08-07,42,96.03711804642016,103.26
2026-08-07,43,84.48359092232421,100.0
2026-08-07,44,68.44537719705815,95.7
2026-08-07,45,79.36568438330531,85.37
2026-08-07,46,67.91235876236945,75.07
2026-08-07,47,57.80883380113993,61.68
2026-08-07,48,49.03687942005402,43.93
2026-08-07,49,54.269832294185576,39.99
2026-08-07,50,43.13514530894552,27.61
2026-08-07,51,38.73751965237557,24.91
2026-08-07,52,33.72883532056193,20.09
2026-08-07,53,37.01884729564674,22.46
2026-08-07,54,31.71301205547156,12.18
2026-08-07,55,29.140421924748964,9.75
2026-08-07,56,26.165518723760247,7.68
2026-08-07,57,26.45146266125963,10.04
2026-08-07,58,29.341055439261908,15.25
2026-08-07,59,35.17663660140207,20.18
2026-08-07,60,40.92611416586342,29.44
2026-08-07,61,36.78565629853634,24.26
2026-08-07,62,46.05374685825294,33.85
2026-08-07,63,55.14451450008397,50.49
2026-08-07,64,68.1818096451612,68.76
2026-08-07,65,53.403108702415416,66.76
2026-08-07,66,75.3224358449813,83.2
2026-08-07,67,93.75087876503258,91.69
2026-08-07,68,109.73489803903465,107.71
2026-08-07,69,93.335337908738,104.25
2026-08-07,70,109.14980751002132,111.54
2026-08-07,71,126.21065209980743,123.95
2026-08-07,72,142.92378956834418,134.93
2026-08-07,73,125.16227961047694,125.82
2026-08-07,74,140.47044521104198,142.24
2026-08-07,75,155.05248918867602,147.9
2026-08-07,76,172.48315923476872,162.88
2026-08-07,77,156.1167722711991,150.64
2026-08-07,78,173.89235749316396,170.99
2026-08-07,79,186.0520101101673,175.18
2026-08-07,80,206.7001434217548,193.6
2026-08-07,81,191.46048458742143,181.0
2026-08-07,82,197.14967455758529,194.38
2026-08-07,83,207.08357878671808,203.06
2026-08-07,84,208.7156902325144,202.05
2026-08-07,85,209.64521367261696,211.2
2026-08-07,86,193.0140928878828,197.84
2026-08-07,87,184.543942315994,188.78
2026-08-07,88,178.92038327785895,180.78
2026-08-07,89,191.58672388539924,189.17
2026-08-07,90,181.05650617700783,177.42
2026-08-07,91,179.26079428185398,175.05
2026-08-07,92,170.3906778811557,170.71
2026-08-07,93,175.36594228787217,172.02
2026-08-07,94,167.89644785287146,167.05
2026-08-07,95,165.2012735993251,164.05
2026-08-07,96,156.56992588488038,161.26
2026-08-08,1,164.88939180255494,163.38
2026-08-08,2,157.69093740595403,157.14
2026-08-08,3,152.09687049335622,155.24
2026-08-08,4,146.66418167587852,147.2
2026-08-08,5,153.85700795801043,155.2
2026-08-08,6,148.7052980103458,150.66
2026-08-08,7,146.3065001762491,147.14
2026-08-08,8,143.29873727776382,143.0
2026-08-08,9,146.09989450736302,148.61
2026-08-08,10,144.08960934301408,145.34
2026-08-08,11,142.82334933167948,144.62
2026-08-08,12,143.61362068220146,142.38
2026-08-08,13,144.62834453301437,146.92
2026-08-08,14,143.3906350011464,146.23
2026-08-08,15,142.07926993633006,146.11
2026-08-08,16,141.42363295273952,144.42
2026-08-08,17,145.25867521564015,141.96
2026-08-08,18,145.08325960801338,144.47
2026-08-08,19,141.79486871341942,144.76
2026-08-08,20,143.1767140258496,144.27
2026-08-08,21,142.67150927796226,139.91
2026-08-08,22,142.55147958189826,141.33
2026-08-08,23,148.74871791260864,147.81
2026-08-08,24,145.96871941541548,153.73
2026-08-08,25,150.85620090871646,155.08
2026-08-08,26,150.39983336151653,148.32
2026-08-08,27,148.30432446861386,143.93
2026-08-08,28,140.70463313411383,137.72
2026-08-08,29,152.3456074662993,155.0
2026-08-08,30,141.40655464371974,142.87
2026-08-08,31,131.64393147115004,134.9
2026-08-08,32,116.31705698019708,118.02
2026-08-08,33,143.4661297077494,145.88
2026-08-08,34,128.69980369097175,124.56
2026-08-08,35,110.5679586371162,106.7
2026-08-08,36,87.35264841707028,82.99
2026-08-08,37,113.8370279036414,107.54
2026-08-08,38,87.24905280231692,87.67
2026-08-08,39,62.32372354851984,44.94
2026-08-08,40,29.28158872373565,10.03
2026-08-08,41,41.46866057904988,12.32
2026-08-08,42,13.598243564568165,3.21
2026-08-08,43,2.6797357661600287,0.0
2026-08-08,44,2.6049899590451915,-0.09
2026-08-08,45,2.5956662735368,-1.14
2026-08-08,46,5.707309606378278,-1.21
2026-08-08,47,4.116507591049835,-1.71
2026-08-08,48,0.5575354662244525,-2.01
2026-08-08,49,1.3370065471612076,-3.83
2026-08-08,50,-0.5086250606191962,-5.01
2026-08-08,51,-0.8433000023917323,-6.81
2026-08-08,52,-1.795577644093465,-8.3
2026-08-08,53,-2.309277389244749,-8.77
2026-08-08,54,-2.335119245931314,-10.06
2026-08-08,55,-3.837692668793237,-12.29
2026-08-08,56,-4.789366319284819,-12.87
2026-08-08,57,-4.692838776046897,-18.49
2026-08-08,58,-4.360378561646104,-12.99
2026-08-08,59,-3.8937634766134046,-10.0
2026-08-08,60,-3.4525582793767327,-7.13
2026-08-08,61,-3.5666386816519338,-6.97
2026-08-08,62,-1.6266692226785229,-8.85
2026-08-08,63,-1.2331796509699997,-5.48
2026-08-08,64,1.421261059101763,-6.75
2026-08-08,65,-1.2717457570371629,-1.44
2026-08-08,66,5.375943059881994,-0.54
2026-08-08,67,27.52834974306761,-0.28
2026-08-08,68,59.86130532414808,0.01
2026-08-08,69,32.77284179701613,1.93
2026-08-08,70,76.63366566522497,34.8
2026-08-08,71,98.05073501612264,106.04
2026-08-08,72,124.85812988179504,129.89
2026-08-08,73,102.59639735410008,106.31
2026-08-08,74,128.26374678271438,133.37
2026-08-08,75,145.4935930420012,157.0
2026-08-08,76,160.7943237485433,163.32
2026-08-08,77,144.24921059672084,148.76
2026-08-08,78,154.9787537494035,160.26
2026-08-08,79,167.02769973034685,170.72
2026-08-08,80,190.18595285420804,191.72
2026-08-08,81,175.0072298481438,185.76
2026-08-08,82,181.49866920211127,186.37
2026-08-08,83,185.70409798481327,183.16
2026-08-08,84,182.58760543271376,183.34
2026-08-08,85,188.8367203058565,186.66
2026-08-08,86,173.2153010694885,187.16
2026-08-08,87,170.2113695980784,178.53
2026-08-08,88,164.38102104965503,165.64
2026-08-08,89,173.44472205183294,185.18
2026-08-08,90,163.58948011977995,170.48
2026-08-08,91,160.61082141099348,167.9
2026-08-08,92,155.58999907065578,159.84
2026-08-08,93,159.94201737702616,161.96
2026-08-08,94,154.5578368381107,155.9
2026-08-08,95,151.3631344741309,155.25
2026-08-08,96,144.59231292821397,144.57
2026-08-09,1,159.7414707677193,155.2
2026-08-09,2,148.92767393394868,147.95
2026-08-09,3,142.52560070001715,143.81
2026-08-09,4,136.3735864034556,134.14
2026-08-09,5,143.7945187199447,139.99
2026-08-09,6,138.2777534059312,140.12
2026-08-09,7,135.9041158579833,141.23
2026-08-09,8,132.7648998881379,136.04
2026-08-09,9,135.48338502694403,141.06
2026-08-09,10,132.92258997872057,136.28
2026-08-09,11,131.83181491553844,135.19
2026-08-09,12,133.7649904058098,133.24
2026-08-09,13,135.2688540366383,135.01
2026-08-09,14,133.4630288563545,134.87
2026-08-09,15,132.07235633488992,133.57
2026-08-09,16,131.32583274086477,132.35
2026-08-09,17,135.657004131665,133.52
2026-08-09,18,134.51262410182824,134.92
2026-08-09,19,130.5681253308477,133.86
2026-08-09,20,131.4707683600906,133.81
2026-08-09,21,131.87272269045275,136.99
2026-08-09,22,130.49490299239372,134.99
2026-08-09,23,133.87914625294994,135.7
2026-08-09,24,131.97043829761927,132.32
2026-08-09,25,135.7852739705158,143.37
2026-08-09,26,131.4533970010384,134.18
2026-08-09,27,127.64621754176044,128.88
2026-08-09,28,121.42531638788071,120.76
2026-08-09,29,133.7362901676834,133.27
2026-08-09,30,123.24748682357207,123.65
2026-08-09,31,114.6931404102704,113.87
2026-08-09,32,97.51941231963303,101.96
2026-08-09,33,126.0597078841086,115.96
2026-08-09,34,108.47032926905584,106.41
2026-08-09,35,86.08754167005733,83.71
2026-08-09,36,58.91048314487169,60.43
2026-08-09,37,80.16516716446287,73.51
2026-08-09,38,54.8032402150378,30.79
2026-08-09,39,31.260437058831016,4.99
2026-08-09,40,15.08419916842395,0.67
2026-08-09,41,14.65125982876549,1.12
2026-08-09,42,4.2569929922863565,0.12
2026-08-09,43,3.132130309571089,-0.01
2026-08-09,44,0.5873304811719393,-0.02
2026-08-09,45,0.9026504526577384,-0.01
2026-08-09,46,3.781917981235093,-0.03
2026-08-09,47,3.2473180665285337,-0.04
2026-08-09,48,0.9258860440551562,-0.11
2026-08-09,49,1.858529375033236,-1.0
2026-08-09,50,-0.4302451500379582,-1.62
2026-08-09,51,-0.5955552092948362,-2.99
2026-08-09,52,-1.9984966086730367,-4.99
2026-08-09,53,-2.483602801667575,-4.99
2026-08-09,54,-2.488795847472103,-5.3
2026-08-09,55,-3.700469830109191,-5.01
2026-08-09,56,-4.195455735504477,-5.02
2026-08-09,57,-3.910248712654232,-4.9
2026-08-09,58,-3.474625163516902,-2.15
2026-08-09,59,-2.8188521299398426,-1.01
2026-08-09,60,-1.90016558437146,-0.19
2026-08-09,61,-1.6580984317399363,-0.1
2026-08-09,62,0.2402511133761944,-0.01
2026-08-09,63,0.7258536155451631,-0.01
2026-08-09,64,2.286593350448751,-0.01
2026-08-09,65,0.2863114735518728,-0.01
2026-08-09,66,3.444848103802677,-0.01
2026-08-09,67,19.974161413967003,0.62
2026-08-09,68,51.06287538009856,14.52
2026-08-09,69,24.18619894188357,6.83
2026-08-09,70,73.91579388081769,72.1
2026-08-09,71,98.86388954094453,106.28
2026-08-09,72,127.19288276660312,144.59
2026-08-09,73,103.54549206966038,121.9
2026-08-09,74,128.28542205527432,151.0
2026-08-09,75,145.70350998855852,160.95
2026-08-09,76,165.00125189398074,170.9
2026-08-09,77,144.44365068039653,154.94
2026-08-09,78,165.1839531827197,161.51
2026-08-09,79,165.6196896608876,172.0
2026-08-09,80,185.64182525804264,187.66
2026-08-09,81,169.4365072480603,171.97
2026-08-09,82,175.5931471288041,176.85
2026-08-09,83,181.65380277485832,178.54
2026-08-09,84,182.9509983103653,177.0
2026-08-09,85,184.65083046350628,175.23
2026-08-09,86,175.95062987705202,175.73
2026-08-09,87,176.05789954851105,175.31
2026-08-09,88,173.51322337136438,170.26
2026-08-09,89,182.067662966604,174.05
2026-08-09,90,172.18668491730944,171.1
2026-08-09,91,170.0026456963437,170.89
2026-08-09,92,165.09875564426,163.96
2026-08-09,93,167.99802411114575,163.89
2026-08-09,94,161.3729024472288,158.12
2026-08-09,95,159.42513685370542,157.94
2026-08-09,96,153.7650556640229,148.65
2026-08-10,1,164.37304905153132,154.12
2026-08-10,2,158.55744550500506,151.91
2026-08-10,3,152.99452751230368,144.02
2026-08-10,4,147.41739850433584,135.84
2026-08-10,5,154.98093334074315,146.04
2026-08-10,6,149.14111447981196,139.45
2026-08-10,7,146.84306580990145,136.45
2026-08-10,8,143.54538483518192,130.12
2026-08-10,9,146.0653643401766,135.72
2026-08-10,10,144.05003832860805,133.08
2026-08-10,11,141.6377895121135,130.08
2026-08-10,12,139.04899093732314,127.1
2026-08-10,13,140.79507283201843,126.17
2026-08-10,14,139.30139022270333,127.64
2026-08-10,15,138.48474241802592,126.8
2026-08-10,16,138.20237122815772,127.09
2026-08-10,17,138.49681147023702,125.18
2026-08-10,18,139.75737986993016,127.14
2026-08-10,19,143.228710340159,127.23
2026-08-10,20,146.20575875254627,130.35
2026-08-10,21,142.56239391784484,131.62
2026-08-10,22,146.950391129111,139.38
2026-08-10,23,152.67140304579954,148.31
2026-08-10,24,159.43993139176325,152.99
2026-08-10,25,161.22375381081486,157.75
2026-08-10,26,167.10866754802933,165.0
2026-08-10,27,172.4935407462013,165.12
2026-08-10,28,170.26741901575576,165.1
2026-08-10,29,181.9132290250273,170.0
2026-08-10,30,172.76356435799178,170.0
2026-08-10,31,165.63327434862524,162.88
2026-08-10,32,154.33577821977943,155.95
2026-08-10,33,181.9447791657996,179.91
2026-08-10,34,168.16962159600342,165.0
2026-08-10,35,153.30770308913458,155.08
2026-08-10,36,135.837588709673,143.55
2026-08-10,37,166.5524125089082,163.56
2026-08-10,38,143.37326447838709,151.97
2026-08-10,39,129.80816821705412,125.53
2026-08-10,40,112.61020989368402,114.47
2026-08-10,41,128.60739172887617,133.73
2026-08-10,42,116.14593913238724,115.0
2026-08-10,43,106.54123445240204,105.17
2026-08-10,44,86.57452277318723,92.53
2026-08-10,45,97.30072102983696,98.77
2026-08-10,46,82.79240372665419,87.13
2026-08-10,47,66.88620493584762,71.14
2026-08-10,48,55.26892186308304,59.51
2026-08-10,49,61.06414942225829,59.99
2026-08-10,50,45.06285696417019,40.55
2026-08-10,51,35.21843072993295,29.99
2026-08-10,52,25.43570230001219,16.61
2026-08-10,53,28.921641871325324,15.0
2026-08-10,54,20.70583241130813,10.04
2026-08-10,55,17.00291526580724,7.54
2026-08-10,56,13.700972788958111,3.99
2026-08-10,57,14.115511057014844,4.2
2026-08-10,58,14.827485165549756,3.66
2026-08-10,59,15.87700999218325,4.5
2026-08-10,60,17.006272142483283,4.99
2026-08-10,61,13.501335493003037,4.56
2026-08-10,62,15.43496734743792,9.0
2026-08-10,63,21.93115422698991,10.03
2026-08-10,64,34.39631001883132,16.41
2026-08-10,65,26.031858426430503,14.89
2026-08-10,66,46.83904302034399,37.71
2026-08-10,67,64.54267115729269,58.48
2026-08-10,68,81.79271156309267,84.71
2026-08-10,69,68.25071853341848,69.62
2026-08-10,70,93.10166579601147,104.76
2026-08-10,71,111.7093150519178,112.45
2026-08-10,72,130.03114906458512,137.8
2026-08-10,73,115.78533871855966,118.64
2026-08-10,74,130.52219053665596,127.76
2026-08-10,75,144.5266734433671,144.79
2026-08-10,76,155.11473179133486,159.61
2026-08-10,77,146.7325903378042,148.7
2026-08-10,78,153.59137699582027,157.0
2026-08-10,79,163.3008053486503,166.74
2026-08-10,80,177.27224829089735,190.39
2026-08-10,81,164.45980634324488,167.0
2026-08-10,82,172.10374886231736,169.6
2026-08-10,83,179.79317327548273,180.85
2026-08-10,84,183.3969166066375,190.36
2026-08-10,85,182.7015389909843,199.51
2026-08-10,86,179.1871245971583,186.73
2026-08-10,87,179.18217588538985,176.59
2026-08-10,88,173.71810981004643,163.3
2026-08-10,89,183.0112196670904,181.61
2026-08-10,90,175.5830225314654,167.57
2026-08-10,91,174.0052181370479,168.04
2026-08-10,92,165.46385554789055,159.52
2026-08-10,93,168.7144313737899,157.67
2026-08-10,94,162.68218084784954,154.93
2026-08-10,95,159.77423062745186,152.51
2026-08-10,96,151.9954273338844,140.65
2026-08-11,1,152.06772409292395,147.37
2026-08-11,2,144.0504174297227,145.77
2026-08-11,3,136.30227655890647,138.77
2026-08-11,4,129.42782585349076,124.88
2026-08-11,5,139.99409995101198,142.14
2026-08-11,6,134.00968786308056,138.91
2026-08-11,7,130.77651188886017,144.85
2026-08-11,8,127.11472633158922,138.05
2026-08-11,9,130.4724468563415,143.8
2026-08-11,10,127.91178110983265,135.94
2026-08-11,11,126.65808011822791,133.72
2026-08-11,12,124.5291936262925,131.33
2026-08-11,13,124.87232731227226,129.89
2026-08-11,14,124.25555809299416,129.58
2026-08-11,15,123.79940020704964,128.38
2026-08-11,16,123.61957241583026,127.08
2026-08-11,17,121.50328563085908,126.65
2026-08-11,18,123.84816144051987,127.87
2026-08-11,19,126.46469613421156,130.43
2026-08-11,20,129.7025117979654,134.74
2026-08-11,21,126.4127727458644,128.4
2026-08-11,22,127.69556017522224,134.53
2026-08-11,23,135.19558600108303,143.45
2026-08-11,24,143.62255776447716,153.78
2026-08-11,25,147.68077907052373,154.98
2026-08-11,26,153.6040029643503,157.0
2026-08-11,27,151.9307059967491,157.82
2026-08-11,28,152.57691170521383,157.37
2026-08-11,29,163.76275959456387,166.72
2026-08-11,30,156.21405102894477,161.5
2026-08-11,31,146.3087384980136,155.58
2026-08-11,32,134.50698930742834,147.64
2026-08-11,33,160.6642785739055,163.26
2026-08-11,34,146.0225656103222,152.18
2026-08-11,35,134.57766364149302,141.17
2026-08-11,36,112.80902303388416,118.54
2026-08-11,37,140.82501118791828,141.8
2026-08-11,38,116.71675000326212,116.85
2026-08-11,39,99.86856876269655,104.57
2026-08-11,40,82.01817947401422,80.08
2026-08-11,41,98.3553816019774,97.18
2026-08-11,42,83.19428316653602,73.27
2026-08-11,43,62.44615402163883,38.65
2026-08-11,44,39.85724379916584,22.29
2026-08-11,45,47.561865206278064,25.41
2026-08-11,46,31.40991082515248,9.87
2026-08-11,47,21.839340947065715,2.66
2026-08-11,48,14.672705012140293,0.19
2026-08-11,49,16.329437872149082,0.08
2026-08-11,50,10.700567242192996,0.0
2026-08-11,51,8.088826799712177,0.0
2026-08-11,52,4.407750861976542,-0.01
2026-08-11,53,5.03731525322211,-0.01
2026-08-11,54,2.876536912689681,-0.08
2026-08-11,55,1.146924280801593,-0.15
2026-08-11,56,0.1944063235600362,-0.17
2026-08-11,57,0.6880468568201724,-0.18
2026-08-11,58,1.7011707501646498,-0.16
2026-08-11,59,3.44497609182564,-0.01
2026-08-11,60,5.838829036567733,-0.01
2026-08-11,61,4.980011622546166,0.0
2026-08-11,62,8.617390808548514,0.07
2026-08-11,63,14.591419708545793,2.47
2026-08-11,64,28.81217383390035,10.01
2026-08-11,65,19.148332826920395,7.93
2026-08-11,66,45.59870831951056,22.39
2026-08-11,67,72.13761689884542,60.43
2026-08-11,68,93.21465107885662,87.18
2026-08-11,69,78.2714557018648,77.75
2026-08-11,70,100.30729292625128,103.57
2026-08-11,71,121.690914312055,119.29
2026-08-11,72,143.0149304694871,138.89
2026-08-11,73,122.98230491497635,118.57
2026-08-11,74,142.19370250473702,143.69
2026-08-11,75,158.4787191681115,156.74
2026-08-11,76,174.1952928776116,166.99
2026-08-11,77,155.82691621370537,157.94
2026-08-11,78,173.7322701576208,168.74
2026-08-11,79,181.48670167652384,181.52
2026-08-11,80,208.1345317744812,204.96
2026-08-11,81,187.89353946494413,194.69
2026-08-11,82,196.6046671512244,200.09
2026-08-11,83,204.71812551255283,201.18
2026-08-11,84,203.6829774677313,199.95
2026-08-11,85,207.63287226936853,203.65
2026-08-11,86,190.32943863815964,192.27
2026-08-11,87,181.8735314399713,188.11
2026-08-11,88,170.5078986107444,173.33
2026-08-11,89,185.7859813533292,180.34
2026-08-11,90,172.4048672739904,172.95
2026-08-11,91,167.826713934463,171.78
2026-08-11,92,161.61021765272335,166.61
2026-08-11,93,166.30278511452948,163.01
2026-08-11,94,159.58864479020744,153.52
2026-08-11,95,156.75749832356772,152.08
2026-08-11,96,148.5070196462334,147.79
2026-08-12,1,166.7528964848658,163.11
2026-08-12,2,159.52892843148337,159.03
2026-08-12,3,153.65668273833336,153.99
2026-08-12,4,147.72141576052968,145.0
2026-08-12,5,155.35057859272132,154.42
2026-08-12,6,149.71482293528555,149.9
2026-08-12,7,148.21605483596807,147.87
2026-08-12,8,145.151023078087,145.83
2026-08-12,9,147.74721845013826,145.09
2026-08-12,10,144.85127351279252,142.39
2026-08-12,11,143.80525683096852,142.86
2026-08-12,12,143.60185831191654,142.86
2026-08-12,13,140.58558639337704,139.14
2026-08-12,14,140.83111357244218,139.19
2026-08-12,15,141.62623941649957,139.99
2026-08-12,16,142.8285036407515,140.69
2026-08-12,17,140.80434450900063,137.05
2026-08-12,18,143.28916147965904,139.11
2026-08-12,19,146.15922875551522,139.15
2026-08-12,20,150.14106219803026,144.29
2026-08-12,21,144.90978431453365,144.62
2026-08-12,22,151.2095380724854,149.01
2026-08-12,23,158.05981857151755,158.36
2026-08-12,24,163.65391392782357,162.01
2026-08-12,25,171.82317949911123,171.5
2026-08-12,26,174.1195581187536,175.0
2026-08-12,27,171.2480711191909,172.64
2026-08-12,28,171.66222514157852,171.16
2026-08-12,29,179.68106054977218,181.5
2026-08-12,30,176.69265877310664,171.5
2026-08-12,31,164.34564193004104,165.85
2026-08-12,32,149.50476352664592,151.32
2026-08-12,33,182.3894629941026,175.49
2026-08-12,34,161.226110560011,160.13
2026-08-12,35,148.89537873984332,146.22
2026-08-12,36,128.92822185507907,139.01
2026-08-12,37,154.2882534660525,162.2
2026-08-12,38,133.89381575945075,136.18
2026-08-12,39,119.76956780784344,116.45
2026-08-12,40,103.50051893695166,100.08
2026-08-12,41,118.82690933921464,118.22
2026-08-12,42,105.37011371017796,98.67
2026-08-12,43,86.49433970656739,81.58
2026-08-12,44,65.11714482419933,51.87
2026-08-12,45,71.00886250650122,64.13
2026-08-12,46,51.554652239893386,42.0
2026-08-12,47,39.176087749700926,36.2
2026-08-12,48,30.52649892153269,19.04
2026-08-12,49,33.79874273862972,26.26
2026-08-12,50,26.137022670915453,16.21
2026-08-12,51,21.69655718745172,10.03
2026-08-12,52,16.993150113242475,6.5
2026-08-12,53,18.560878282271435,9.26
2026-08-12,54,14.93698716787311,4.93
2026-08-12,55,11.912416860291936,0.01
2026-08-12,56,10.141767235401892,0.0
2026-08-12,57,11.77508880301792,12.0
2026-08-12,58,13.201175585475172,15.47
2026-08-12,59,17.52294431415593,15.48
2026-08-12,60,23.043574895065568,16.93
2026-08-12,61,20.03857371921993,17.05
2026-08-12,62,27.70316056231613,27.47
2026-08-12,63,39.17641032848895,44.35
2026-08-12,64,63.2373677858832,74.08
2026-08-12,65,49.9194432106004,67.43
2026-08-12,66,83.55106545756539,93.15
2026-08-12,67,105.52121667987402,110.71
2026-08-12,68,126.55561611963546,119.54
2026-08-12,69,106.50604072410262,110.2
2026-08-12,70,125.8784870036812,131.49
2026-08-12,71,144.1910914842191,147.14
2026-08-12,72,173.226668797667,173.52
2026-08-12,73,146.4006662294894,155.8
2026-08-12,74,172.455961183042,173.62
2026-08-12,75,191.4719485481325,185.4
2026-08-12,76,226.82321855063708,219.27
2026-08-12,77,189.67199390553856,210.0
2026-08-12,78,213.94686491423087,241.53
2026-08-12,79,250.38180373720465,287.3
2026-08-12,80,318.1984544206631,461.17
2026-08-12,81,255.1872355899665,402.5
2026-08-12,82,266.01753075987114,314.82
2026-08-12,83,270.7094416336051,251.34
2026-08-12,84,260.0807448873194,232.17
2026-08-12,85,267.1275633283828,253.0
2026-08-12,86,224.1561546628664,243.12
2026-08-12,87,203.8997188759213,223.39
2026-08-12,88,185.7847792745916,198.97
2026-08-12,89,202.2486754998052,205.64
2026-08-12,90,186.01950626457648,193.4
2026-08-12,91,179.7277001959173,188.49
2026-08-12,92,175.1654134985448,175.12
2026-08-12,93,177.7250527573398,180.29
2026-08-12,94,171.98944472376692,174.1
2026-08-12,95,169.24216531081882,173.91
2026-08-12,96,157.64336320153038,160.1
2026-08-13,1,166.86327740236987,164.47
2026-08-13,2,159.9030942179694,156.56
2026-08-13,3,154.80912530694098,152.26
2026-08-13,4,149.54204294026084,143.12
2026-08-13,5,156.6294774730793,153.0
2026-08-13,6,151.7133155926128,148.01
2026-08-13,7,150.13613890359846,147.29
2026-08-13,8,147.43549813330597,142.07
2026-08-13,9,149.77571597745612,143.58
2026-08-13,10,147.44192400154776,143.17
2026-08-13,11,146.37488781472285,144.38
2026-08-13,12,145.08806629658278,142.56
2026-08-13,13,141.45838981344698,140.87
2026-08-13,14,141.53778808084,141.82
2026-08-13,15,143.02142658738308,143.76
2026-08-13,16,144.75045935162856,144.44
2026-08-13,17,142.2222666986405,140.99
2026-08-13,18,145.57015974237652,143.06
2026-08-13,19,148.32635920329736,146.55
2026-08-13,20,152.15814456865195,149.08
2026-08-13,21,147.28427449475222,149.15
2026-08-13,22,152.94531382941304,154.5
2026-08-13,23,159.60882689333255,159.68
2026-08-13,24,166.78452474416537,166.26
2026-08-13,25,173.07229965256818,170.61
2026-08-13,26,175.43905153168865,174.09
2026-08-13,27,172.64471246698102,177.24
2026-08-13,28,174.94623793188336,174.99
2026-08-13,29,180.24035038920584,182.47
2026-08-13,30,173.1194553456208,174.91
2026-08-13,31,166.1273419771698,169.99
2026-08-13,32,149.74105121817308,157.02
2026-08-13,33,178.81276472637606,172.99
2026-08-13,34,162.55318440838593,162.7
2026-08-13,35,150.02961903262627,153.31
2026-08-13,36,131.5837516581676,138.2
2026-08-13,37,159.20910690792877,158.82
2026-08-13,38,136.3601607062312,143.73
2026-08-13,39,122.03336540734632,124.51
2026-08-13,40,106.05407984699256,115.54
2026-08-13,41,121.66907928901108,134.95
2026-08-13,42,101.97476370286334,122.58
2026-08-13,43,86.10133379441586,101.19
2026-08-13,44,64.35022444687863,79.66
2026-08-13,45,71.68514453135333,99.52
2026-08-13,46,56.10497902104494,68.04
2026-08-13,47,42.53505169761189,39.29
2026-08-13,48,33.47518865784689,0.06
2026-08-13,49,37.42258743697082,10.06
2026-08-13,50,27.23357704342602,1.16
2026-08-13,51,23.84820202118357,0.0
2026-08-13,52,19.98094055533959,0.0
2026-08-13,53,22.13973558212444,0.0
2026-08-13,54,18.73140479647244,0.0
2026-08-13,55,14.773458166876363,0.0
2026-08-13,56,12.592460849203198,0.0
2026-08-13,57,15.812065859092248,-0.01
2026-08-13,58,18.363760328630843,0.0
2026-08-13,59,24.56971958838829,0.0
2026-08-13,60,31.47683956753036,10.09
2026-08-13,61,29.05367780781548,10.06
2026-08-13,62,37.633201460218565,35.47
2026-08-13,63,44.75383581742479,57.62
2026-08-13,64,70.0338691907138,74.61
2026-08-13,65,55.97801867487829,78.4
2026-08-13,66,85.16121075718758,112.09
2026-08-13,67,107.43612848124548,123.55
2026-08-13,68,127.57895840074946,131.87
2026-08-13,69,109.57587821647692,125.07
2026-08-13,70,129.47019429664994,135.9
2026-08-13,71,148.30351820283633,160.03
2026-08-13,72,172.84437674972926,179.03
2026-08-13,73,152.04644241949438,165.0
2026-08-13,74,175.63036127264976,188.0
2026-08-13,75,196.5845104345673,209.06
2026-08-13,76,216.37991988426504,253.93
2026-08-13,77,195.6581635663553,229.16
2026-08-13,78,217.0825185899029,262.69
2026-08-13,79,253.8999210028224,327.17
2026-08-13,80,325.220288978556,487.38
2026-08-13,81,289.29752480293064,414.96
2026-08-13,82,284.56314987168327,371.94
2026-08-13,83,277.76720660929595,300.14
2026-08-13,84,265.6216728846065,268.41
2026-08-13,85,276.1240543275937,353.92
2026-08-13,86,241.1916366365417,268.97
2026-08-13,87,220.65191976746388,240.0
2026-08-13,88,200.7483609021268,217.15
2026-08-13,89,215.1794010003904,233.38
2026-08-13,90,197.74874808072184,215.51
2026-08-13,91,185.5491632120998,212.01
2026-08-13,92,174.69487675864792,193.03
2026-08-13,93,180.31392235235813,190.84
2026-08-13,94,172.89442071590554,179.71
2026-08-13,95,167.69678849654565,172.93
2026-08-13,96,156.38851097723642,161.21
2026-08-14,1,167.81252539180542,168.41
2026-08-14,2,159.34465792562526,159.2
2026-08-14,3,153.161544390221,156.53
2026-08-14,4,145.97307064543537,151.33
2026-08-14,5,155.81684184866324,159.66
2026-08-14,6,150.49091219378585,152.81
2026-08-14,7,148.29001337304183,148.62
2026-08-14,8,144.80075062934597,146.35
2026-08-14,9,147.7759801952336,147.4
2026-08-14,10,144.6765321601622,146.34
2026-08-14,11,143.39846684438285,146.31
2026-08-14,12,141.76243580281078,142.87
2026-08-14,13,140.8628644387249,143.09
2026-08-14,14,140.05847677322242,141.62
2026-08-14,15,141.33386790712473,141.68
2026-08-14,16,142.73661354604832,141.81
2026-08-14,17,139.5619627522941,140.0
2026-08-14,18,142.0325015175644,142.55
2026-08-14,19,143.96510090482946,145.65
2026-08-14,20,147.1506142288941,147.43
2026-08-14,21,143.7351151835807,145.86
2026-08-14,22,148.5732632701684,152.23
2026-08-14,23,157.1448339784276,157.69
2026-08-14,24,165.0344275018971,163.01
2026-08-14,25,168.65961569591687,168.9
2026-08-14,26,172.52759852570978,172.48
2026-08-14,27,176.21537711749744,173.14
2026-08-14,28,175.62992528218874,173.32
2026-08-14,29,179.7081977787353,178.27
2026-08-14,30,172.93011233580614,175.01
2026-08-14,31,165.7814334503591,168.05
2026-08-14,32,151.94026583900455,159.0
2026-08-14,33,175.10113536938775,173.0
2026-08-14,34,164.2495803989599,161.61
2026-08-14,35,151.51373332751342,145.6
2026-08-14,36,132.94722920174414,127.13
2026-08-14,37,160.21733260530925,156.43
2026-08-14,38,138.19033314040672,138.08
2026-08-14,39,124.55448736086684,125.0
2026-08-14,40,111.39374519703028,121.29
2026-08-14,41,127.91148639500054,124.62
2026-08-14,42,113.2727079009593,112.1
2026-08-14,43,100.01454295704876,100.35
2026-08-14,44,79.57524907905619,80.78
2026-08-14,45,89.73059128670408,97.42
2026-08-14,46,72.6434594690553,70.02
2026-08-14,47,54.28849093521578,56.96
2026-08-14,48,38.10908709346174,30.06
2026-08-14,49,43.24756607083795,44.72
2026-08-14,50,30.979119152259187,26.99
2026-08-14,51,27.779844592234824,18.28
2026-08-14,52,22.52347161786841,10.01
2026-08-14,53,24.96828640391788,10.02
2026-08-14,54,19.83317499093156,11.06
2026-08-14,55,15.49638573412848,10.07
2026-08-14,56,13.071133290563084,0.86
2026-08-14,57,16.350068062088045,0.01
2026-08-14,58,19.460831376066498,7.41
2026-08-14,59,25.040051162945023,17.81
2026-08-14,60,33.89350337188118,43.99
2026-08-14,61,30.24442077572187,25.09
2026-08-14,62,45.12187288683599,56.56
2026-08-14,63,57.14791172280306,80.0
2026-08-14,64,75.36351542574123,101.51
2026-08-14,65,64.37792262670698,87.0
2026-08-14,66,91.7303918961478,108.58
2026-08-14,67,112.0015804116068,124.96
2026-08-14,68,128.1757327815822,144.74
2026-08-14,69,112.14535251540045,124.21
2026-08-14,70,129.33722193721323,136.78
2026-08-14,71,146.66205580114058,147.72
2026-08-14,72,168.41808909504783,165.91
2026-08-14,73,147.61366341496574,149.99
2026-08-14,74,168.15597872785045,172.96
2026-08-14,75,187.79266003797247,186.1
2026-08-14,76,225.07079117041192,210.91
2026-08-14,77,190.4962323093536,199.1
2026-08-14,78,220.2159995173759,225.19
2026-08-14,79,276.7054883682104,259.46
2026-08-14,80,388.768773250646,303.49
2026-08-14,81,322.6011619576426,273.8
2026-08-14,82,320.3939068036713,271.98
2026-08-14,83,288.6013120045994,259.13
2026-08-14,84,268.872497532194,249.99
2026-08-14,85,297.8708819335656,252.5
2026-08-14,86,246.88065373457192,234.83
2026-08-14,87,225.4873001876116,229.0
2026-08-14,88,209.020354998982,209.95
2026-08-14,89,219.98837380627816,212.33
2026-08-14,90,203.96083316206523,198.29
2026-08-14,91,194.3546009223406,194.0
2026-08-14,92,181.0374835854433,187.38
2026-08-14,93,186.79668577653263,186.06
2026-08-14,94,178.8417631415094,182.02
2026-08-14,95,173.46405820028218,175.0
2026-08-14,96,162.72342052178104,166.99
2026-08-15,1,175.54511798776522,177.73
2026-08-15,2,167.65319260289087,170.01
2026-08-15,3,161.2331330949978,168.58
2026-08-15,4,154.9856767519779,161.47
2026-08-15,5,163.70758240416927,170.01
2026-08-15,6,158.727908860641,161.32
2026-08-15,7,155.9434897868364,161.49
2026-08-15,8,152.96009165050094,156.77
2026-08-15,9,155.16571914581672,158.96
2026-08-15,10,152.11881185276164,157.64
2026-08-15,11,150.36795185481782,156.73
2026-08-15,12,148.75864537133475,154.28
2026-08-15,13,152.2331353875646,156.79
2026-08-15,14,152.2989278187435,157.63
2026-08-15,15,152.17875795374877,156.77
2026-08-15,16,151.94702286286167,156.56
2026-08-15,17,151.15499411039286,155.37
2026-08-15,18,146.4812658847625,154.18
2026-08-15,19,145.9287640652465,154.37
2026-08-15,20,147.37390772969394,154.14
2026-08-15,21,146.9073766876817,149.49
2026-08-15,22,147.90002480866826,150.4
2026-08-15,23,154.92165332752649,155.12
2026-08-15,24,156.00891370477763,160.36
2026-08-15,25,158.41665815058397,164.51
2026-08-15,26,155.65940562937402,162.85
2026-08-15,27,152.72729480009235,155.59
2026-08-15,28,147.8819690017239,144.98
2026-08-15,29,159.35566089328188,170.91
2026-08-15,30,149.07655920845852,161.14
2026-08-15,31,142.98270299166782,147.83
2026-08-15,32,130.0863101921204,127.86
2026-08-15,33,149.5309621749256,163.9
2026-08-15,34,141.38971335874004,150.75
2026-08-15,35,128.28717070983885,125.09
2026-08-15,36,105.95529022469768,109.39
2026-08-15,37,129.52380951944582,138.87
2026-08-15,38,104.7102217009286,112.64
2026-08-15,39,85.34476080748283,97.65
2026-08-15,40,62.15290233627482,89.54
2026-08-15,41,75.4021390175431,99.64
2026-08-15,42,53.87270669357175,69.72
2026-08-15,43,40.2703164465706,44.52
2026-08-15,44,26.86026318838953,30.1
2026-08-15,45,29.835206213880408,33.63
2026-08-15,46,18.52567613309726,25.75
2026-08-15,47,15.546528586209703,15.47
2026-08-15,48,10.107301027304455,10.01
2026-08-15,49,11.39856913699375,5.83
2026-08-15,50,7.5311779916877715,4.37
2026-08-15,51,6.091516149908186,3.76
2026-08-15,52,4.352628659331328,3.51
2026-08-15,53,4.160425175632208,0.97
2026-08-15,54,2.635465341529025,0.58
2026-08-15,55,1.364037873526439,1.31
2026-08-15,56,1.3690965829791677,1.17
2026-08-15,57,1.978271738839048,0.6
2026-08-15,58,3.034205733003951,3.7
2026-08-15,59,4.109730843028571,5.02
2026-08-15,60,6.886557679336315,7.96
2026-08-15,61,6.170583962168361,7.66
2026-08-15,62,9.853772135608237,9.97
2026-08-15,63,16.908720177799644,16.08
2026-08-15,64,28.640581003644783,26.68
2026-08-15,65,21.492197602264497,22.35
2026-08-15,66,43.7222065987221,40.78
2026-08-15,67,68.54626644506216,92.29
2026-08-15,68,92.52593867845889,118.93
2026-08-15,69,74.55159091008352,94.58
2026-08-15,70,104.54807615629336,113.44
2026-08-15,71,131.6657452415108,146.31
2026-08-15,72,157.23597422756856,167.52
2026-08-15,73,136.11444905323015,149.7
2026-08-15,74,150.82525243997378,160.17
2026-08-15,75,161.94417434250158,174.54
2026-08-15,76,176.53563653005017,173.64
2026-08-15,77,162.6311969207236,163.07
2026-08-15,78,177.13833883286506,172.0
2026-08-15,79,187.26571200596223,185.69
2026-08-15,80,207.3236513942319,199.1
2026-08-15,81,200.07770294750205,173.38
2026-08-15,82,205.91709726655805,182.92
2026-08-15,83,204.3486361327435,189.49
2026-08-15,84,196.745172227726,194.17
2026-08-15,85,206.2797561915896,190.79
2026-08-15,86,189.10716069837653,186.25
2026-08-15,87,187.36822121217435,179.59
2026-08-15,88,179.4154712217458,176.74
2026-08-15,89,191.55758386901545,189.45
2026-08-15,90,181.35639219735103,179.87
2026-08-15,91,176.8840845867875,178.01
2026-08-15,92,171.5922231933549,171.04
2026-08-15,93,174.40282262694237,186.99
2026-08-15,94,168.3096931945409,170.41
2026-08-15,95,166.08259092847055,173.52
2026-08-15,96,155.1514209921124,165.04
2026-08-16,1,167.0432387428668,188.25
2026-08-16,2,159.2422429068326,175.26
2026-08-16,3,154.2227016547816,168.8
2026-08-16,4,148.94052247158277,164.94
2026-08-16,5,156.00703711385944,180.07
2026-08-16,6,151.0448047646122,172.2
2026-08-16,7,149.46484455506533,164.94
2026-08-16,8,146.6803390432027,157.14
2026-08-16,9,148.64594099503051,163.0
2026-08-16,10,146.4282267222032,172.43
2026-08-16,11,145.20617611874417,167.97
2026-08-16,12,143.63059646188103,157.92
2026-08-16,13,143.31081410986093,160.34
2026-08-16,14,142.59725097259843,157.45
2026-08-16,15,140.77417519516507,156.85
2026-08-16,16,141.08684385966288,155.5
2026-08-16,17,140.49767929014922,158.41
2026-08-16,18,142.8740178428144,155.77
2026-08-16,19,142.64900051891476,156.45
2026-08-16,20,144.51313612909237,156.97
2026-08-16,21,144.05093240311828,151.91
2026-08-16,22,144.7743621331643,154.76
2026-08-16,23,149.37667998985074,160.0
2026-08-16,24,151.03113452661614,161.11
2026-08-16,25,154.2449882600179,161.2
2026-08-16,26,151.76214596955123,160.0
2026-08-16,27,149.27236404458225,153.58
2026-08-16,28,143.99184376825815,151.62
2026-08-16,29,156.05710031606887,160.0
2026-08-16,30,148.48690753631905,154.6
2026-08-16,31,144.34124016025442,147.33
2026-08-16,32,133.74212952538366,139.55
2026-08-16,33,151.81447067922915,170.45
2026-08-16,34,141.25231281255572,154.5
2026-08-16,35,129.24359406845429,137.97
2026-08-16,36,110.8631259701084,120.41
2026-08-16,37,129.94720355484944,148.0
2026-08-16,38,112.1899620374754,126.04
2026-08-16,39,98.2111366665078,115.38
2026-08-16,40,83.52272159009513,108.04
2026-08-16,41,96.51409718960755,115.16
2026-08-16,42,79.4114728347424,107.57
2026-08-16,43,64.47149936049229,83.87
2026-08-16,44,60.76207985513878,81.0
2026-08-16,45,59.570867973390726,74.9
2026-08-16,46,52.23058813417617,58.79
2026-08-16,47,42.64004488944347,59.32
2026-08-16,48,31.66118777805394,51.91
2026-08-16,49,37.2839718954986,56.02
2026-08-16,50,24.49480680555323,55.22
2026-08-16,51,20.789407074957147,39.99
2026-08-16,52,16.82952848096473,22.89
2026-08-16,53,19.06714679272765,31.04
2026-08-16,54,16.30711824497639,23.05
2026-08-16,55,12.603231285501664,25.02
2026-08-16,56,10.723976295282537,30.24
2026-08-16,57,11.839842220980575,25.29
2026-08-16,58,13.909878106788176,29.99
2026-08-16,59,21.357978063223868,39.9
2026-08-16,60,28.690042501806225,51.05
2026-08-16,61,30.27533059634688,48.3
2026-08-16,62,40.15476115659108,63.63
2026-08-16,63,46.48444619560931,77.98
2026-08-16,64,69.04816928217568,80.9
2026-08-16,65,54.54490954018297,89.9
2026-08-16,66,81.8153260307108,110.4
2026-08-16,67,104.37158875962118,117.97
2026-08-16,68,118.1979679461656,146.27
2026-08-16,69,105.18127493072116,118.12
2026-08-16,70,118.2242685851856,133.05
2026-08-16,71,140.07178774039025,155.13
2026-08-16,72,161.59963905866462,175.0
2026-08-16,73,145.42849745870666,155.0
2026-08-16,74,158.1187161392039,161.42
2026-08-16,75,167.94383074293552,175.09
2026-08-16,76,176.84438931481367,186.24
2026-08-16,77,166.6973629243778,172.2
2026-08-16,78,177.42635417796515,181.6
2026-08-16,79,187.68899625971247,194.17
2026-08-16,80,200.64367926418555,203.91
2026-08-16,81,188.7511205298727,188.0
2026-08-16,82,194.11641898414177,197.99
2026-08-16,83,199.6572081505392,202.8
2026-08-16,84,201.3750803199631,211.28
2026-08-16,85,203.92351639255992,212.4
2026-08-16,86,194.8214753427672,208.21
2026-08-16,87,190.43927409397293,202.99
2026-08-16,88,186.8632184390996,199.1
2026-08-16,89,200.233926422688,215.04
2026-08-16,90,188.52327558516623,210.95
2026-08-16,91,185.2929928874112,202.8
2026-08-16,92,177.54152642332224,197.35
2026-08-16,93,181.430574324759,203.55
2026-08-16,94,173.49530160085246,194.0
2026-08-16,95,171.79326689529674,188.27
2026-08-16,96,160.3111423073051,184.77
2026-08-17,1,175.41480741833757,205.0
2026-08-17,2,166.93978776346938,196.0
2026-08-17,3,162.4549759953727,188.7
2026-08-17,4,157.32836371786877,178.81
2026-08-17,5,164.37804905948732,187.15
2026-08-17,6,158.63820342639085,181.54
2026-08-17,7,156.03007312521575,178.54
2026-08-17,8,153.0023534611845,168.01
2026-08-17,9,155.19926468774116,172.39
2026-08-17,10,153.2446567310147,164.41
2026-08-17,11,152.18054703106574,160.15
2026-08-17,12,150.3301941610041,158.65
2026-08-17,13,150.36888482559485,162.09
2026-08-17,14,150.26764128414436,160.72
2026-08-17,15,150.27948940367594,158.25
2026-08-17,16,150.84185685070142,160.06
2026-08-17,17,151.46446060582,157.74
2026-08-17,18,151.4692259183584,155.25
2026-08-17,19,152.03321912105037,159.29
2026-08-17,20,155.666467027433,164.0
2026-08-17,21,154.26715880640472,162.9
2026-08-17,22,157.69436018111048,169.13
2026-08-17,23,168.7624352154877,177.7
2026-08-17,24,175.70869074289286,190.14
2026-08-17,25,172.44123651507743,192.62
2026-08-17,26,179.07866708626966,197.5
2026-08-17,27,179.9336227159631,198.5
2026-08-17,28,179.13443430415325,200.98
2026-08-17,29,186.5423359523481,207.0
2026-08-17,30,184.1999113140423,208.9
2026-08-17,31,182.868751733682,205.0
2026-08-17,32,182.64797913031416,199.7
2026-08-17,33,194.666737993184,212.08
2026-08-17,34,192.39988029578384,208.46
2026-08-17,35,182.8019139502952,213.01
2026-08-17,36,157.32095748194166,200.9
2026-08-17,37,184.88569235374604,212.49
2026-08-17,38,170.54146776134505,204.32
2026-08-17,39,154.4968598051812,195.99
2026-08-17,40,145.65468383103416,182.36
2026-08-17,41,161.6548070928143,190.2
2026-08-17,42,149.10030242428212,180.0
2026-08-17,43,140.10293964845835,169.15
2026-08-17,44,139.8542983851121,162.6
2026-08-17,45,146.80759496370996,176.67
2026-08-17,46,148.03609444839822,173.36
2026-08-17,47,147.16221783951144,161.29
2026-08-17,48,132.7491969876147,156.57
2026-08-17,49,138.514810032908,158.83
2026-08-17,50,133.39729000232688,156.07
2026-08-17,51,119.50856624015212,155.82
2026-08-17,52,92.71918607391676,146.42
2026-08-17,53,94.95775010077894,158.36
2026-08-17,54,91.97919171662316,158.21
2026-08-17,55,92.83374286561892,147.39
2026-08-17,56,86.10596712553158,136.81
2026-08-17,57,85.25436961339331,142.54
2026-08-17,58,93.17181348724615,136.92
2026-08-17,59,92.69438806000235,142.17
2026-08-17,60,94.08051889837544,143.56
2026-08-17,61,89.89096366966908,142.67
2026-08-17,62,89.28467502920631,137.86
2026-08-17,63,96.7016052309161,138.17
2026-08-17,64,96.92146570715404,140.84
2026-08-17,65,94.15817517401987,135.4
2026-08-17,66,100.51675404713497,139.78
2026-08-17,67,111.56725122364196,142.37
2026-08-17,68,124.82980574648973,142.79
2026-08-17,69,113.73102119395838,136.66
2026-08-17,70,132.01320364765124,147.49
2026-08-17,71,143.32751591588416,154.57
2026-08-17,72,152.56202530079418,169.37
2026-08-17,73,145.69729543533418,157.75
2026-08-17,74,157.19585298841605,170.46
2026-08-17,75,168.29719286792005,185.71
2026-08-17,76,183.27606630165272,194.48
2026-08-17,77,175.930657427472,184.66
2026-08-17,78,185.1421268427761,200.57
2026-08-17,79,202.03372049828968,212.04
2026-08-17,80,219.8391193351752,219.14
2026-08-17,81,203.1086128665311,206.58
2026-08-17,82,214.4667633179196,213.69
2026-08-17,83,222.7409571391452,216.04
2026-08-17,84,227.94217252517976,217.29
2026-08-17,85,228.68921909058923,219.05
2026-08-17,86,217.515696797528,213.86
2026-08-17,87,208.35236628667707,210.0
2026-08-17,88,195.5214005912449,197.1
2026-08-17,89,209.92272400578204,205.4
2026-08-17,90,195.9545915567482,199.19
2026-08-17,91,193.86132839965688,199.24
2026-08-17,92,182.0707818755448,186.99
2026-08-17,93,185.3476100083951,192.75
2026-08-17,94,177.2121628373199,184.4
2026-08-17,95,173.15116190610874,176.53
2026-08-17,96,161.8001086775846,166.0
2026-08-18,1,183.28362521434624,187.93
2026-08-18,2,174.42576284375048,179.97
2026-08-18,3,169.44034761539808,167.81
2026-08-18,4,163.37584949546846,158.56
2026-08-18,5,171.24712460623616,167.15
2026-08-18,6,163.9016130240284,161.93
2026-08-18,7,161.36709614447216,160.0
2026-08-18,8,158.60414556313535,150.07
2026-08-18,9,160.7538624369687,152.55
2026-08-18,10,157.45576456485074,150.08
2026-08-18,11,155.85990255067847,149.66
2026-08-18,12,153.70296296000402,150.93
2026-08-18,13,156.95027048627335,148.34
2026-08-18,14,156.3823701153242,146.98
2026-08-18,15,154.8214165948084,148.18
2026-08-18,16,155.8787150139623,150.07
2026-08-18,17,157.22584227715365,148.4
2026-08-18,18,155.13009162372808,147.05
2026-08-18,19,154.8655334569518,149.3
2026-08-18,20,157.9762863652619,152.13
2026-08-18,21,159.08149120660727,147.12
2026-08-18,22,161.29035875623072,155.99
2026-08-18,23,174.58227133401175,159.44
2026-08-18,24,182.20827597543777,173.57
2026-08-18,25,175.65295329367572,172.39
2026-08-18,26,182.2809573066662,190.44
2026-08-18,27,183.75231919187576,192.51
2026-08-18,28,189.0636610399997,195.78
2026-08-18,29,190.5023424038414,199.7
2026-08-18,30,189.70102243055968,193.79
2026-08-18,31,190.0154817367853,188.86
2026-08-18,32,188.83907704608583,187.94
2026-08-18,33,201.96960640718223,201.38
2026-08-18,34,202.1571066774813,196.16
2026-08-18,35,186.2119405644652,180.0
2026-08-18,36,164.64873801322472,163.34
2026-08-18,37,191.1394415823155,174.56
2026-08-18,38,177.45750559074617,167.97
2026-08-18,39,162.06994335434797,156.37
2026-08-18,40,153.8666541715105,146.82
2026-08-18,41,173.7047782656584,160.98
2026-08-18,42,159.1409298753932,155.17
2026-08-18,43,153.809028317515,147.9
2026-08-18,44,151.78117500837345,145.48
2026-08-18,45,159.7705692251668,148.95
2026-08-18,46,158.10118892161043,144.56
2026-08-18,47,153.17846354631664,141.93
2026-08-18,48,154.494417647,147.13
2026-08-18,49,156.67398860682542,137.31
2026-08-18,50,155.49100776438632,137.16
2026-08-18,51,152.42263514663708,136.41
2026-08-18,52,131.71871470333312,135.42
2026-08-18,53,131.9726287047844,133.77
2026-08-18,54,128.4283580689107,133.15
2026-08-18,55,137.44924229432948,131.76
2026-08-18,56,129.8635338641759,128.73
2026-08-18,57,123.76791915431102,129.85
2026-08-18,58,133.01177221117257,130.24
2026-08-18,59,144.7911221559527,131.96
2026-08-18,60,142.35755679747274,130.1
2026-08-18,61,146.26550469739036,131.79
2026-08-18,62,147.00387513062017,130.35
2026-08-18,63,155.85127428490938,131.72
2026-08-18,64,152.93669153658237,135.91
2026-08-18,65,166.07374346295995,132.03
2026-08-18,66,145.05880003512198,134.74
2026-08-18,67,147.67270796403216,139.72
2026-08-18,68,155.8184047124669,149.3
2026-08-18,69,143.0718803320737,138.26
2026-08-18,70,157.07896505524772,150.66
2026-08-18,71,168.65681462384993,160.5
2026-08-18,72,176.12321865395955,167.19
2026-08-18,73,174.42035195251918,159.01
2026-08-18,74,175.79124882642395,174.44
2026-08-18,75,181.8575872191328,187.57
2026-08-18,76,191.8731843646144,193.2
2026-08-18,77,192.6865591090572,192.0
2026-08-18,78,198.7820917643641,195.01
2026-08-18,79,208.18668784943264,200.16
2026-08-18,80,214.90648146152512,203.56
2026-08-18,81,202.12296010649345,198.56
2026-08-18,82,213.1170981077571,202.56
2026-08-18,83,217.22797197463385,202.0
2026-08-18,84,216.6648034654092,198.46
2026-08-18,85,221.6568699653137,203.6
2026-08-18,86,208.3948478933171,208.53
2026-08-18,87,204.94324711754285,196.03
2026-08-18,88,197.06638112868035,187.02
2026-08-18,89,208.3709150180208,200.23
2026-08-18,90,198.2571114700411,195.0
2026-08-18,91,199.37376019026885,188.25
2026-08-18,92,189.552005766078,182.06
2026-08-18,93,191.25436535944127,191.52
2026-08-18,94,182.7220804638951,177.9
2026-08-18,95,179.65329141348056,174.25
2026-08-18,96,168.61079573624124,164.9
2026-08-19,1,178.6205911971679,192.0
2026-08-19,2,169.46903718674014,179.12
2026-08-19,3,162.57991898965173,174.36
2026-08-19,4,155.3777415028958,160.92
2026-08-19,5,164.38603765203328,163.46
2026-08-19,6,157.02796919974645,157.81
2026-08-19,7,153.94439629065306,156.13
2026-08-19,8,149.32395032106413,153.0
2026-08-19,9,153.2084302705109,156.88
2026-08-19,10,149.5470002889427,151.89
2026-08-19,11,148.7904433910793,150.39
2026-08-19,12,146.3389328539784,146.49
2026-08-19,13,147.8461266331849,147.52
2026-08-19,14,146.3240533091948,147.94
2026-08-19,15,145.88721133978655,146.48
2026-08-19,16,146.2860336998483,147.26
2026-08-19,17,146.27227864098546,148.07
2026-08-19,18,146.6428630724466,148.82
2026-08-19,19,148.94343773642225,150.0
2026-08-19,20,151.12520106515268,149.09
2026-08-19,21,148.60480646793008,155.03
2026-08-19,22,154.96431892993155,155.34
2026-08-19,23,161.94361549088788,161.45
2026-08-19,24,171.1854023034888,174.84
2026-08-19,25,169.1534201792208,173.09
2026-08-19,26,174.85254395705215,184.71
2026-08-19,27,181.00704479988343,188.92
2026-08-19,28,182.3121219812813,192.23
2026-08-19,29,188.06481860678707,197.0
2026-08-19,30,186.87828264543128,192.85
2026-08-19,31,183.37919728958707,191.72
2026-08-19,32,178.64177883259345,188.95
2026-08-19,33,197.16861707214505,202.0
2026-08-19,34,189.8693619831597,194.13
2026-08-19,35,177.29739805858088,186.99
2026-08-19,36,161.54520774382848,180.34
2026-08-19,37,182.803677128262,200.0
2026-08-19,38,168.9971123548274,179.92
2026-08-19,39,154.60668605547335,155.0
2026-08-19,40,142.8515332660024,143.78
2026-08-19,41,160.00007607937837,163.0
2026-08-19,42,143.98980134350165,154.9
2026-08-19,43,133.69668546801904,146.43
2026-08-19,44,133.35988206899597,146.34
2026-08-19,45,140.89275035834544,145.69
2026-08-19,46,134.29042844530397,146.02
2026-08-19,47,130.6085057167079,142.13
2026-08-19,48,129.24424635877392,138.0
2026-08-19,49,128.15911562515038,143.44
2026-08-19,50,118.18833743970052,135.42
2026-08-19,51,111.41708503403596,134.6
2026-08-19,52,104.65819090045213,130.87
2026-08-19,53,105.14234550638506,133.2
2026-08-19,54,100.83212364080416,129.43
2026-08-19,55,101.26487840817288,126.39
2026-08-19,56,94.47965650605556,123.8
2026-08-19,57,92.5247036322601,128.08
2026-08-19,58,92.7717710630206,129.28
2026-08-19,59,102.56355562503651,126.8
2026-08-19,60,104.25012909770878,126.93
2026-08-19,61,99.63853347349192,125.48
2026-08-19,62,103.88107842970236,129.36
2026-08-19,63,110.73367702353264,132.95
2026-08-19,64,117.83986419152916,136.24
2026-08-19,65,115.45759178955588,130.0
2026-08-19,66,118.80401308238449,135.0
2026-08-19,67,132.72110043386488,140.56
2026-08-19,68,143.89391315565945,147.71
2026-08-19,69,132.2596989399451,138.08
2026-08-19,70,147.02910022994246,146.02
2026-08-19,71,160.35412999927513,156.97
2026-08-19,72,167.16469933572574,173.5
2026-08-19,73,161.867424074073,164.67
2026-08-19,74,167.40242430823662,180.0
2026-08-19,75,173.92046513695578,192.0
2026-08-19,76,188.664893244283,198.27
2026-08-19,77,182.60168514712805,187.42
2026-08-19,78,193.4883435941251,205.02
2026-08-19,79,208.9609386329673,215.99
2026-08-19,80,220.3987918155251,221.78
2026-08-19,81,211.56434728652,199.57
2026-08-19,82,216.55415359481583,208.87
2026-08-19,83,220.1158749099777,212.6
2026-08-19,84,220.752387788158,216.74
2026-08-19,85,225.5974798990312,212.86
2026-08-19,86,211.64494096597576,211.1
2026-08-19,87,206.34042995198112,203.54
2026-08-19,88,199.7636484171635,196.99
2026-08-19,89,208.60060422889967,206.89
2026-08-19,90,198.9102506268621,201.18
2026-08-19,91,200.5164574627666,198.0
2026-08-19,92,189.4317467065769,190.32
2026-08-19,93,191.24162357452985,196.0
2026-08-19,94,182.04267632980864,190.1
2026-08-19,95,179.06410009677214,185.0
2026-08-19,96,169.1893038834938,175.09
2026-08-20,1,189.32043908101912,185.0
2026-08-20,2,180.73562073084105,178.23
2026-08-20,3,172.36711660683153,168.62
2026-08-20,4,164.7321821583613,159.0
2026-08-20,5,173.65528054255475,166.11
2026-08-20,6,165.4172536044905,162.91
2026-08-20,7,162.42649606584826,162.11
2026-08-20,8,157.08534405979228,158.27
2026-08-20,9,163.15251707640965,158.91
2026-08-20,10,157.29969694814463,154.99
2026-08-20,11,155.73092622095385,151.5
2026-08-20,12,154.51689558298276,149.53
2026-08-20,13,155.18622617564344,149.15
2026-08-20,14,153.6673887766287,146.95
2026-08-20,15,152.7460401260732,148.89
2026-08-20,16,152.80389000640932,146.97
2026-08-20,17,152.78256422585997,145.9
2026-08-20,18,153.56936778433194,146.91
2026-08-20,19,155.8261650635708,149.56
2026-08-20,20,158.75817304904723,151.6
2026-08-20,21,156.86948526397654,148.71
2026-08-20,22,163.1178136505361,154.65
2026-08-20,23,169.3653177869348,162.13
2026-08-20,24,177.99993291619003,172.71
2026-08-20,25,178.3112630083591,171.64
2026-08-20,26,183.92135388653645,183.99
2026-08-20,27,189.02081685524143,188.22
2026-08-20,28,189.50668496916785,187.35
2026-08-20,29,196.0568993365917,195.14
2026-08-20,30,192.33471980719835,188.66
2026-08-20,31,186.58612012873903,185.68
2026-08-20,32,176.55676175794244,176.25
2026-08-20,33,199.8346352238396,188.96
2026-08-20,34,191.05669400414348,177.63
2026-08-20,35,176.49502347433975,165.0
2026-08-20,36,158.96662933680577,155.4
2026-08-20,37,185.67957404587048,170.0
2026-08-20,38,166.88322891258454,165.11
2026-08-20,39,151.2970595538959,147.12
2026-08-20,40,137.63624953558724,135.79
2026-08-20,41,153.39934837598113,154.89
2026-08-20,42,136.55885856275327,137.18
2026-08-20,43,126.01161415210836,133.0
2026-08-20,44,123.1623890786285,117.89
2026-08-20,45,129.70930423153146,132.96
2026-08-20,46,118.55062600511935,112.6
2026-08-20,47,111.95237143358014,103.04
2026-08-20,48,98.01508065339304,89.22
2026-08-20,49,99.39463924231592,99.77
2026-08-20,50,87.87483138728476,83.69
2026-08-20,51,80.07013426434796,78.09
2026-08-20,52,66.38604806514832,72.97
2026-08-20,53,70.08472124896844,73.47
2026-08-20,54,67.59537505645895,68.25
2026-08-20,55,64.92579957134255,60.42
2026-08-20,56,59.60287197987027,52.69
2026-08-20,57,59.59336869752852,66.88
2026-08-20,58,59.081217617656016,65.18
2026-08-20,59,63.86234656393335,72.77
2026-08-20,60,68.85777038810662,72.93
2026-08-20,61,64.17826773017525,78.7
2026-08-20,62,81.95168075612793,85.36
2026-08-20,63,93.42729352597988,97.36
2026-08-20,64,105.59391493594752,103.41
2026-08-20,65,96.72273373683134,73.87
2026-08-20,66,111.32904325546929,99.0
2026-08-20,67,126.5155700374003,119.24
2026-08-20,68,138.82482634947803,131.91
2026-08-20,69,128.77124763369827,128.09
2026-08-20,70,141.27523635189368,135.63
2026-08-20,71,153.4339216710662,151.07
2026-08-20,72,162.87267160298342,162.01
2026-08-20,73,158.3317882545299,140.81
2026-08-20,74,168.77288344689364,156.73
2026-08-20,75,176.73095019804498,177.35
2026-08-20,76,188.27410958434288,182.09
2026-08-20,77,183.43784160341136,180.59
2026-08-20,78,197.21888281718137,189.29
2026-08-20,79,205.47548753764696,196.2
2026-08-20,80,221.17828842358784,202.81
2026-08-20,81,210.85535227162973,198.85
2026-08-20,82,217.85632111407028,199.99
2026-08-20,83,220.8687787695564,201.56
2026-08-20,84,222.7199493204588,202.0
2026-08-20,85,226.3866010397422,200.64
2026-08-20,86,212.89785144513047,197.67
2026-08-20,87,205.99044779871247,195.01
2026-08-20,88,196.31931560590905,189.15
2026-08-20,89,207.0679372514618,193.65
2026-08-20,90,197.4209730473213,190.0
2026-08-20,91,195.7229615981636,187.99
2026-08-20,92,186.9960141199628,180.07
2026-08-20,93,189.154794788816,180.09
2026-08-20,94,181.3461648359296,176.0
2026-08-20,95,178.17095595272423,170.93
2026-08-20,96,168.05432785196973,165.04
2026-08-21,1,188.1657550794097,183.05
2026-08-21,2,177.1123565048096,175.0
2026-08-21,3,168.38104140350427,166.45
2026-08-21,4,160.1466601130333,156.9
2026-08-21,5,168.3634715121581,165.55
2026-08-21,6,160.06846094599962,162.28
2026-08-21,7,155.10186922421943,159.74
2026-08-21,8,149.28756882234683,154.39
2026-08-21,9,155.82325487390784,154.94
2026-08-21,10,149.26644186323065,152.71
2026-08-21,11,147.2278480504871,151.0
2026-08-21,12,149.33723207702303,151.3
2026-08-21,13,150.56320536909024,152.65
2026-08-21,14,147.8348536008272,151.11
2026-08-21,15,146.823459304684,151.53
2026-08-21,16,145.41007166046705,150.61
2026-08-21,17,147.46143975915442,150.88
2026-08-21,18,147.28462871486096,151.49
2026-08-21,19,149.0594099221869,152.57
2026-08-21,20,151.80909836651722,157.9
2026-08-21,21,149.98649471853207,152.1
2026-08-21,22,156.90687292931392,157.08
2026-08-21,23,164.06864331534058,169.32
2026-08-21,24,176.11186803835514,185.0
2026-08-21,25,173.86098229003338,181.71
2026-08-21,26,183.05466828560927,189.94
2026-08-21,27,187.9653522594107,189.93
2026-08-21,28,191.07618924361523,195.26
2026-08-21,29,196.7606813426639,193.58
2026-08-21,30,193.82433107101684,194.66
2026-08-21,31,188.0433192049361,195.32
2026-08-21,32,182.73445199521387,192.0
2026-08-21,33,200.41206274569527,211.88
2026-08-21,34,194.68095562360523,204.71
2026-08-21,35,180.85290562912624,188.2
2026-08-21,36,163.82557619280902,165.55
2026-08-21,37,190.5002148411384,193.04
2026-08-21,38,174.85994739926264,175.59
2026-08-21,39,162.3025967659871,158.24
2026-08-21,40,153.42179474691028,144.45
2026-08-21,41,169.03129641100895,166.0
2026-08-21,42,164.09992845078972,154.69
2026-08-21,43,153.21262953844973,142.59
2026-08-21,44,148.90444699979298,132.72
2026-08-21,45,155.32237483722344,139.8
2026-08-21,46,144.1133974632997,142.14
2026-08-21,47,149.12757933721642,137.0
2026-08-21,48,148.91220676699072,136.59
2026-08-21,49,149.27465786783222,134.38
2026-08-21,50,149.3703193649473,134.62
2026-08-21,51,144.58237115516692,134.77
2026-08-21,52,145.41959736792228,137.07
2026-08-21,53,134.8603951629292,140.65
2026-08-21,54,139.27335181442484,138.01
2026-08-21,55,139.0866341311628,142.81
2026-08-21,56,138.80063370211266,140.51
2026-08-21,57,127.98309110951942,134.35
2026-08-21,58,131.3415203492872,142.05
2026-08-21,59,142.13135605080484,144.34
2026-08-21,60,141.87868837324118,143.95
2026-08-21,61,157.557899378989,144.78
2026-08-21,62,153.0004829237093,145.0
2026-08-21,63,156.72275774370675,144.12
2026-08-21,64,158.6323404145662,165.09
2026-08-21,65,157.76694305983162,148.6
2026-08-21,66,144.1000767893596,157.97
2026-08-21,67,153.84683881107304,167.88
2026-08-21,68,163.2054454616084,191.51
2026-08-21,69,156.3301934665338,160.6
2026-08-21,70,162.23741171736333,180.84
2026-08-21,71,173.55661872656572,196.0
2026-08-21,72,174.95131971488806,207.39
2026-08-21,73,172.89888838555086,193.49
2026-08-21,74,181.7492179673988,199.99
2026-08-21,75,183.97136533564324,196.37
2026-08-21,76,195.3402388695316,198.11
2026-08-21,77,192.37520520374795,205.0
2026-08-21,78,205.48772908123203,204.34
2026-08-21,79,208.4980619930632,199.99
2026-08-21,80,211.7699729241856,208.33
2026-08-21,81,209.08411654072108,206.99
2026-08-21,82,211.76886465306475,199.56
2026-08-21,83,210.3022928902793,200.76
2026-08-21,84,208.4722047528073,208.31
2026-08-21,85,213.0139826711601,205.32
2026-08-21,86,201.16980224936344,204.01
2026-08-21,87,194.64501439910688,195.96
2026-08-21,88,187.42433637744804,189.57
2026-08-21,89,197.26194441572065,192.71
2026-08-21,90,189.303273994412,188.27
2026-08-21,91,190.3128713559837,189.26
2026-08-21,92,183.93552489113856,179.19
2026-08-21,93,184.8687921430389,182.37
2026-08-21,94,176.473019304387,175.8
2026-08-21,95,173.81868160951845,171.92
2026-08-21,96,164.19029582323128,163.91
2026-08-22,1,174.2783976481416,176.56
2026-08-22,2,168.6163455110376,171.6
2026-08-22,3,164.19532553871647,166.27
2026-08-22,4,161.66710048216186,157.6
2026-08-22,5,162.249247033098,164.97
2026-08-22,6,155.97911322591386,161.34
2026-08-22,7,154.33414855357518,160.01
2026-08-22,8,149.6144169547556,159.82
2026-08-22,9,154.70670256676277,159.97
2026-08-22,10,150.4071502301087,156.91
2026-08-22,11,148.25640114155422,159.9
2026-08-22,12,148.09945810923512,158.07
2026-08-22,13,152.94260986438866,160.23
2026-08-22,14,149.91014409129764,155.99
2026-08-22,15,148.39705317859395,153.7
2026-08-22,16,146.97856580267333,147.64
2026-08-22,17,147.51143940861493,154.29
2026-08-22,18,146.0354374143039,149.62
2026-08-22,19,144.33029457058785,145.26
2026-08-22,20,144.12740610189897,144.83
2026-08-22,21,146.31049664385108,147.67
2026-08-22,22,143.68181394714597,143.8
2026-08-22,23,144.22567427279782,144.19
2026-08-22,24,142.25891749521583,146.37
2026-08-22,25,152.04755556116058,153.82
2026-08-22,26,149.32505203564568,156.7
2026-08-22,27,148.88731588614618,155.67
2026-08-22,28,143.03527825878768,149.37
2026-08-22,29,154.44441002545858,159.74
2026-08-22,30,144.47928625419036,146.89
2026-08-22,31,137.62359725257514,139.3
2026-08-22,32,120.90950697439844,130.09
2026-08-22,33,147.58344826340385,147.32
2026-08-22,34,128.01525531233898,138.0
2026-08-22,35,113.98486831665888,124.51
2026-08-22,36,104.70941199701616,102.69
2026-08-22,37,116.50416622409624,110.75
2026-08-22,38,105.77064967029764,98.63
2026-08-22,39,89.99968035061731,85.01
2026-08-22,40,73.64536798599713,66.68
2026-08-22,41,84.64981258162308,78.38
2026-08-22,42,65.7853529205172,64.13
2026-08-22,43,58.11986198539053,38.57
2026-08-22,44,39.66392350248444,20.1
2026-08-22,45,42.59948447752245,41.97
2026-08-22,46,29.35181080237935,20.59
2026-08-22,47,22.64465664380533,10.22
2026-08-22,48,18.571176799577334,6.47
2026-08-22,49,19.20788065818389,3.02
2026-08-22,50,13.937811048609897,0.96
2026-08-22,51,11.445486797443165,0.01
2026-08-22,52,8.668204612490923,0.0
2026-08-22,53,9.027363883971235,0.0
2026-08-22,54,6.922127597884809,0.0
2026-08-22,55,5.3504362487862,-0.01
2026-08-22,56,4.846164532466784,-0.01
2026-08-22,57,6.048317845713463,-0.01
2026-08-22,58,3.2885678015235005,-0.01
2026-08-22,59,3.922794848900801,-0.01
2026-08-22,60,7.559387719628396,-0.01
2026-08-22,61,4.584573102920173,-0.06
2026-08-22,62,9.450737817244743,-0.14
2026-08-22,63,8.833055646271294,-0.1
2026-08-22,64,11.44154779479479,-0.09
2026-08-22,65,9.003557654249777,-0.01
2026-08-22,66,13.132691678700198,0.0
2026-08-22,67,17.614901456047264,0.0
2026-08-22,68,20.24686356709925,0.0
2026-08-22,69,19.94206805446614,0.01
2026-08-22,70,39.51314373994157,2.05
2026-08-22,71,57.83500279395209,39.51
2026-08-22,72,79.68787196036463,71.99
2026-08-22,73,67.32020703652285,76.32
2026-08-22,74,97.56743081478255,95.15
2026-08-22,75,121.06925905659229,113.99
2026-08-22,76,145.2978540754569,134.83
2026-08-22,77,123.18618729825606,132.5
2026-08-22,78,145.81600922281086,141.86
2026-08-22,79,159.19259467610212,157.56
2026-08-22,80,176.14692400088822,164.68
2026-08-22,81,158.15463930590215,146.99
2026-08-22,82,161.06408228218467,156.78
2026-08-22,83,162.4518858844704,169.75
2026-08-22,84,161.45038432030762,183.13
2026-08-22,85,164.9251054085328,172.56
2026-08-22,86,156.62892093292095,170.74
2026-08-22,87,152.7472108809619,165.85
2026-08-22,88,147.38867584016486,163.66
2026-08-22,89,157.39404829114315,166.18
2026-08-22,90,150.006553537879,158.41
2026-08-22,91,148.47801019730778,152.26
2026-08-22,92,139.2969923075989,145.98
2026-08-22,93,143.6189731609582,146.75
2026-08-22,94,139.35246017098044,142.34
2026-08-22,95,135.45036969962266,139.28
2026-08-22,96,128.66490081307768,136.11
2026-08-23,1,136.8904939264209,140.99
2026-08-23,2,128.40118762549122,133.96
2026-08-23,3,120.12047904859958,129.02
2026-08-23,4,115.3811000133974,126.72
2026-08-23,5,122.29731256675936,131.2
2026-08-23,6,116.738478764276,126.69
2026-08-23,7,114.18458217648802,124.79
2026-08-23,8,110.21035468605749,120.6
2026-08-23,9,114.4313436023758,126.28
2026-08-23,10,110.61883106298218,119.75
2026-08-23,11,110.67802836411846,117.56
2026-08-23,12,113.50501697402868,113.87
2026-08-23,13,116.78949107513226,117.57
2026-08-23,14,114.132985529398,116.43
2026-08-23,15,113.28034995491733,115.74
2026-08-23,16,110.57410457610332,115.1
2026-08-23,17,113.43077103558636,117.63
2026-08-23,18,111.79164229865364,113.72
2026-08-23,19,112.66287313170012,113.64
2026-08-23,20,112.04207297753814,113.98
2026-08-23,21,109.8870458632809,116.5
2026-08-23,22,111.06146745170544,115.39
2026-08-23,23,114.80257938883967,117.78
2026-08-23,24,112.95687719886676,117.27
2026-08-23,25,115.69442336117896,119.5
2026-08-23,26,113.43195141644438,117.25
2026-08-23,27,112.53403531942472,116.62
2026-08-23,28,110.53716486888422,113.46
2026-08-23,29,124.43047322149836,115.99
2026-08-23,30,110.53028363290925,111.99
2026-08-23,31,101.2843441380016,100.0
2026-08-23,32,85.23379774958143,80.39
2026-08-23,33,111.20775196236336,95.58
2026-08-23,34,89.43819815786813,72.0
2026-08-23,35,63.403381829831424,25.56
2026-08-23,36,41.92159427874186,6.18
2026-08-23,37,50.4450019051403,4.48
2026-08-23,38,31.74766238145986,0.05
2026-08-23,39,14.050682420215196,-0.13
2026-08-23,40,7.69859008234171,-0.38
2026-08-23,41,12.81957759225277,-0.19
2026-08-23,42,8.191462671469992,-0.44
2026-08-23,43,4.154645275269672,-0.64
2026-08-23,44,3.437874979194625,-1.01
2026-08-23,45,5.537566745622954,-1.0
2026-08-23,46,7.738971882733175,-1.62
2026-08-23,47,6.923741866533451,-2.03
2026-08-23,48,5.394332426998652,-2.67
2026-08-23,49,4.107533803377915,-2.99
2026-08-23,50,2.1763020809949065,-3.17
2026-08-23,51,1.2716679755979283,-2.99
2026-08-23,52,-1.215489051743356,-2.99
2026-08-23,53,-2.736146419335748,-3.52
2026-08-23,54,-4.652094755783017,-4.99
2026-08-23,55,-6.504669228077553,-5.44
2026-08-23,56,-7.57629649015901,-6.04
2026-08-23,57,-7.370427444443556,-6.21
2026-08-23,58,-7.538317355700684,-5.07
2026-08-23,59,-5.864246609800927,-3.04
2026-08-23,60,-4.715213924046379,-2.61
2026-08-23,61,-5.546407741684366,-2.01
2026-08-23,62,-3.611345701164805,-1.73
2026-08-23,63,1.147652809733259,-1.0
2026-08-23,64,2.9663181437658537,-1.17
2026-08-23,65,4.50706469966153,-1.03
2026-08-23,66,6.162165972210971,-1.0
2026-08-23,67,17.11779313797284,-0.1
2026-08-23,68,30.39197005352216,0.0
2026-08-23,69,16.8405677444726,0.07
2026-08-23,70,42.80492485185286,10.71
2026-08-23,71,61.97691737749603,70.68
2026-08-23,72,96.19196009771892,112.04
2026-08-23,73,64.86563271558157,104.2
2026-08-23,74,101.71950498057882,129.33
2026-08-23,75,125.13366015794657,161.71
2026-08-23,76,159.77598444527436,182.45
2026-08-23,77,130.27392085917,165.07
2026-08-23,78,160.8389923109046,177.63
2026-08-23,79,172.1001055658466,189.05
2026-08-23,80,185.4648226974381,189.05
2026-08-23,81,168.86944959394518,188.4
2026-08-23,82,176.1152435140494,187.17
2026-08-23,83,181.00832276757845,185.37
2026-08-23,84,185.65788874796723,182.62
2026-08-23,85,184.46967082944752,179.93
2026-08-23,86,177.4082636939954,179.07
2026-08-23,87,177.46709963812577,176.95
2026-08-23,88,174.24166074332925,176.25
2026-08-23,89,184.0062232023787,174.86
2026-08-23,90,175.35871888688527,173.54
2026-08-23,91,173.78358650954024,172.48
2026-08-23,92,165.30388034004562,169.83
2026-08-23,93,170.00183451987715,168.91
2026-08-23,94,159.80354531448302,166.69
2026-08-23,95,159.26916141472196,166.12
2026-08-23,96,153.3787444904159,160.08
2026-08-24,1,161.5241557970093,164.69
2026-08-24,2,153.90525107545972,162.16
2026-08-24,3,150.3310302883824,161.58
2026-08-24,4,144.83215088998173,155.29
2026-08-24,5,150.58423049916797,160.04
2026-08-24,6,146.6467267702629,154.13
2026-08-24,7,146.46930381352118,149.59
2026-08-24,8,142.88801463192482,146.73
2026-08-24,9,144.48167752295444,148.2
2026-08-24,10,143.42681443825722,147.5
2026-08-24,11,143.88816619224934,147.83
2026-08-24,12,142.1207935787777,148.0
2026-08-24,13,141.03762313915195,149.54
2026-08-24,14,141.3956700376549,149.94
2026-08-24,15,141.58602442814603,148.36
2026-08-24,16,143.3830467386729,147.1
2026-08-24,17,142.88792914015522,147.16
2026-08-24,18,144.6511373563657,149.0
2026-08-24,19,147.36935800193265,151.54
2026-08-24,20,152.07958532433952,157.49
2026-08-24,21,147.37292295423913,152.5
2026-08-24,22,152.0119865413377,166.85
2026-08-24,23,158.97379536057204,179.34
2026-08-24,24,168.47698164227063,191.99
2026-08-24,25,166.14875626749264,180.77
2026-08-24,26,176.8099493017673,196.38
2026-08-24,27,180.7072373409506,222.35
2026-08-24,28,183.9570512904182,223.18
2026-08-24,29,188.8555517449008,233.26
2026-08-24,30,186.4906216128094,220.85
2026-08-24,31,182.8176597176553,192.17
2026-08-24,32,172.2894102886215,179.32
2026-08-24,33,195.4527977674195,204.1
2026-08-24,34,182.9953815069317,180.13
2026-08-24,35,165.4511118139693,170.39
2026-08-24,36,144.36493375264533,152.5
2026-08-24,37,177.38443130142605,175.0
2026-08-24,38,153.57929798388278,150.19
2026-08-24,39,136.10799743909695,126.7
2026-08-24,40,120.42370832902222,113.49
2026-08-24,41,136.03760245657196,136.35
2026-08-24,42,121.23862005604548,119.76
2026-08-24,43,108.52366042233008,110.24
2026-08-24,44,100.82469342889226,83.94
2026-08-24,45,106.9427035865214,104.54
2026-08-24,46,99.73644091213382,82.3
2026-08-24,47,90.33505942773223,74.15
2026-08-24,48,83.40851220852258,60.05
2026-08-24,49,83.32076497218709,62.04
2026-08-24,50,72.64447798962388,52.84
2026-08-24,51,68.33168779601058,57.68
2026-08-24,52,65.3461118307098,49.97
2026-08-24,53,70.31168700392735,48.81
2026-08-24,54,68.85302321040318,40.64
2026-08-24,55,67.26555150783967,27.0
2026-08-24,56,67.17114085457645,20.13
2026-08-24,57,67.56318798113045,31.67
2026-08-24,58,66.98090119037937,39.89
2026-08-24,59,74.72225655728342,33.63
2026-08-24,60,79.04211669936058,37.44
2026-08-24,61,79.44844853982178,50.24
2026-08-24,62,85.72429289748735,59.01
2026-08-24,63,94.64157059200114,84.32
2026-08-24,64,105.60105237766592,96.42
2026-08-24,65,93.81017517479384,71.89
2026-08-24,66,107.7026654507993,99.39
2026-08-24,67,120.75832740489946,110.25
2026-08-24,68,136.6230009164392,126.82
2026-08-24,69,123.29048382686769,112.65
2026-08-24,70,136.16397857627769,130.4
2026-08-24,71,162.44474435579014,156.43
2026-08-24,72,185.09361390417067,174.36
2026-08-24,73,163.9762271363922,155.96
2026-08-24,74,175.36621060482696,173.53
2026-08-24,75,186.1917945389288,184.38
2026-08-24,76,203.4833181096636,215.47
2026-08-24,77,184.446159145164,188.3
2026-08-24,78,195.38120594217057,209.39
2026-08-24,79,208.6853143171669,229.87
2026-08-24,80,238.26073034294137,249.92
2026-08-24,81,216.15357799299937,239.9
2026-08-24,82,217.75372934068488,224.86
2026-08-24,83,213.7484301664309,216.36
2026-08-24,84,211.98736941498345,196.99
2026-08-24,85,216.24774746960065,199.0
2026-08-24,86,203.64355065668647,193.23
2026-08-24,87,193.13803124120983,183.05
2026-08-24,88,181.9082264703423,176.83
2026-08-24,89,194.75709357917628,176.54
2026-08-24,90,181.22338472217083,173.52
2026-08-24,91,173.91670630795636,169.99
2026-08-24,92,164.6346041356663,167.05
2026-08-24,93,169.8856287273998,163.19
2026-08-24,94,162.42975470113996,157.08
2026-08-24,95,157.00427140364218,154.12
2026-08-24,96,149.0324486779303,144.51
2026-08-25,1,164.95498912842453,155.82
2026-08-25,2,156.9300775780494,154.66
2026-08-25,3,152.15251795497994,151.45
2026-08-25,4,144.60256226844166,147.43
2026-08-25,5,153.22194547454174,152.74
2026-08-25,6,147.4910064321837,145.42
2026-08-25,7,145.4712050351402,144.74
2026-08-25,8,141.50718260162847,144.4
2026-08-25,9,143.8209464135216,144.01
2026-08-25,10,140.8656058990973,141.92
2026-08-25,11,140.28581002406978,142.19
2026-08-25,12,139.0387310392636,141.54
2026-08-25,13,140.26945454346597,139.87
2026-08-25,14,140.0614548562112,139.8
2026-08-25,15,139.506516140971,139.86
2026-08-25,16,140.04445296097254,140.49
2026-08-25,17,138.31379428976803,139.94
2026-08-25,18,139.1197699728126,141.0
2026-08-25,19,141.31434556715217,141.55
2026-08-25,20,144.67124215232874,143.99
2026-08-25,21,141.39674773194346,144.99
2026-08-25,22,146.28536453986123,145.66
2026-08-25,23,155.21230224504535,150.6
2026-08-25,24,166.6100688323054,157.07
2026-08-25,25,162.65758551980338,164.7
2026-08-25,26,171.90339300049516,170.99
2026-08-25,27,173.6138380887489,173.37
2026-08-25,28,176.123993092963,176.6
2026-08-25,29,182.0017380846711,184.84
2026-08-25,30,179.86630171946223,185.05
2026-08-25,31,174.71324960762496,181.76
2026-08-25,32,166.90540639484018,170.99
2026-08-25,33,186.53391989199483,187.63
2026-08-25,34,177.57211177347267,173.97
2026-08-25,35,162.79286804177002,166.16
2026-08-25,36,145.29408442727626,157.86
2026-08-25,37,176.59927612674824,165.47
2026-08-25,38,151.3851704757738,152.68
2026-08-25,39,134.76597745147643,135.91
2026-08-25,40,120.51998756843528,127.69
2026-08-25,41,135.80503234381803,140.49
2026-08-25,42,122.4432205825008,122.67
2026-08-25,43,109.99594026957608,113.0
2026-08-25,44,99.2751191998405,93.68
2026-08-25,45,108.10322613503077,108.4
2026-08-25,46,96.67805150884196,92.72
2026-08-25,47,87.48507578980448,72.98
2026-08-25,48,72.808883320335,58.48
2026-08-25,49,78.82342374994761,79.08
2026-08-25,50,66.65514815373679,62.6
2026-08-25,51,62.04372280345319,67.03
2026-08-25,52,56.131163385256215,59.92
2026-08-25,53,59.37177132562736,69.99
2026-08-25,54,54.16993172686372,62.38
2026-08-25,55,49.86309769017596,58.53
2026-08-25,56,48.29632316287356,57.93
2026-08-25,57,51.396654957763374,56.63
2026-08-25,58,55.141716435068936,60.02
2026-08-25,59,60.946857075114856,73.79
2026-08-25,60,69.92952684145685,83.41
2026-08-25,61,68.1960004867753,67.26
2026-08-25,62,77.26014345681438,78.57
2026-08-25,63,88.38452946104613,92.24
2026-08-25,64,97.53840479987277,101.92
2026-08-25,65,87.22663311156217,91.07
2026-08-25,66,103.66244062010404,111.5
2026-08-25,67,117.17554899170352,118.01
2026-08-25,68,131.5074203886249,137.03
2026-08-25,69,117.8987956864447,118.68
2026-08-25,70,133.5202543657433,138.7
2026-08-25,71,148.24471377247647,159.85
2026-08-25,72,164.50532360337297,170.98
2026-08-25,73,155.23796020422853,154.99
2026-08-25,74,167.3037514807579,172.0
2026-08-25,75,177.4096734908352,186.91
2026-08-25,76,187.2984057178176,201.23
2026-08-25,77,176.4914354914009,193.07
2026-08-25,78,185.2296711028632,205.65
2026-08-25,79,193.55513846135173,219.86
2026-08-25,80,209.85875528471803,218.65
2026-08-25,81,195.4387253824895,200.32
2026-08-25,82,193.9228845808653,212.58
2026-08-25,83,191.04337030266504,211.73
2026-08-25,84,188.2546948533188,195.94
2026-08-25,85,193.3326184904952,192.1
2026-08-25,86,185.25275709494,186.95
2026-08-25,87,179.31517315320897,178.93
2026-08-25,88,172.05582748926173,171.99
2026-08-25,89,179.82334200334805,175.87
2026-08-25,90,174.05549264359294,172.57
2026-08-25,91,167.9900545746656,176.25
2026-08-25,92,160.95435269547343,164.38
2026-08-25,93,164.36220269554192,167.84
2026-08-25,94,157.95865314788492,161.33
2026-08-25,95,153.7847437295686,161.29
2026-08-25,96,146.14009016570472,148.18
2026-08-26,1,175.00404140308095,180.19
2026-08-26,2,168.31485520257127,165.74
2026-08-26,3,164.7819124743716,157.29
2026-08-26,4,157.168168864722,152.89
2026-08-26,5,163.49469998093736,161.06
2026-08-26,6,159.00234272414326,156.44
2026-08-26,7,157.12344808381107,156.64
2026-08-26,8,154.09787839657278,154.09
2026-08-26,9,155.2676052697089,152.29
2026-08-26,10,152.60221696213748,151.95
2026-08-26,11,152.25044703897254,151.23
2026-08-26,12,150.9119835349612,151.1
2026-08-26,13,149.93511104338566,149.78
2026-08-26,14,150.47646509781782,148.95
2026-08-26,15,150.03758902222805,150.01
2026-08-26,16,150.7557605198512,149.66
2026-08-26,17,149.26334362204338,149.86
2026-08-26,18,150.50065881606062,150.39
2026-08-26,19,151.66737301208872,151.95
2026-08-26,20,155.98302707553376,154.83
2026-08-26,21,153.3205998181144,150.58
2026-08-26,22,158.97813098075153,156.97
2026-08-26,23,167.28898715531287,163.26
2026-08-26,24,179.7383158842152,171.05
2026-08-26,25,176.46946761893963,173.79
2026-08-26,26,188.1363015826081,185.5
2026-08-26,27,191.83590227866048,190.07
2026-08-26,28,193.6421983877592,191.16
2026-08-26,29,198.18331039281392,199.35
2026-08-26,30,199.83014313184688,198.92
2026-08-26,31,196.5319882369348,194.48
2026-08-26,32,188.4530704820611,189.4
2026-08-26,33,209.8624913375869,212.12
2026-08-26,34,199.19798253013627,204.49
2026-08-26,35,186.7392010348446,186.55
2026-08-26,36,173.22294262102383,170.92
2026-08-26,37,202.9344749805914,191.26
2026-08-26,38,173.03184540611227,173.42
2026-08-26,39,159.2655248505864,157.54
2026-08-26,40,144.10453647784337,144.27
2026-08-26,41,162.30882519912328,165.21
2026-08-26,42,146.04103053585447,135.93
2026-08-26,43,131.88570530457986,128.23
2026-08-26,44,117.7844713644268,120.55
2026-08-26,45,127.93345316479608,132.06
2026-08-26,46,112.61264697205915,125.1
2026-08-26,47,102.38402511840644,119.8
2026-08-26,48,86.24830202522271,105.68
2026-08-26,49,93.4892055984254,112.77
2026-08-26,50,80.05768091142936,94.25
2026-08-26,51,73.82823566290492,97.47
2026-08-26,52,65.90581527206314,89.93
2026-08-26,53,69.6951900882286,101.01
2026-08-26,54,65.11284867020333,91.06
2026-08-26,55,58.83032591853231,85.01
2026-08-26,56,54.45979187825272,81.08
2026-08-26,57,57.41500074686018,90.48
2026-08-26,58,62.65076137272455,90.76
2026-08-26,59,68.68955242746569,91.87
2026-08-26,60,79.58030003780246,94.77
2026-08-26,61,79.69581430343256,93.62
2026-08-26,62,91.02403528513548,100.66
2026-08-26,63,100.59136523905713,104.3
2026-08-26,64,112.66991153562807,111.63
2026-08-26,65,99.0263728298178,108.35
2026-08-26,66,116.29263464946337,117.55
2026-08-26,67,133.3318198125515,122.93
2026-08-26,68,139.3108763480717,141.2
2026-08-26,69,136.3483188551449,125.31
2026-08-26,70,146.3788270044157,149.7
2026-08-26,71,166.22904860456993,173.0
2026-08-26,72,179.352110951611,179.87
2026-08-26,73,176.73474068427305,160.51
2026-08-26,74,183.5956199134083,173.58
2026-08-26,75,189.8239443047723,191.78
2026-08-26,76,201.2866574065989,216.63
2026-08-26,77,190.8741948126256,193.34
2026-08-26,78,203.5276066413673,206.64
2026-08-26,79,212.36835939885017,218.91
2026-08-26,80,226.601425233116,226.09
2026-08-26,81,212.466307314278,218.8
2026-08-26,82,206.19931228073253,206.45
2026-08-26,83,199.37541173623765,195.66
2026-08-26,84,195.3958497564669,186.2
2026-08-26,85,201.18941212779552,188.82
2026-08-26,86,189.2447249910888,180.72
2026-08-26,87,180.3479448190023,177.31
2026-08-26,88,172.25659142690725,167.92
2026-08-26,89,179.44982562654536,172.29
2026-08-26,90,172.37117810826598,165.95
2026-08-26,91,168.33061588355508,164.16
2026-08-26,92,160.48650688210603,151.95
2026-08-26,93,163.0707904420196,161.94
2026-08-26,94,157.31172637190318,152.79
2026-08-26,95,153.32789114533753,150.0
2026-08-26,96,146.48576666492556,139.72
2026-08-27,1,159.23912038959418,155.22
2026-08-27,2,152.73430192380138,149.8
2026-08-27,3,145.65803018846086,147.17
2026-08-27,4,137.66890449243206,142.03
2026-08-27,5,148.63712164792665,149.56
2026-08-27,6,142.81944698319828,142.95
2026-08-27,7,140.43222585897246,141.73
2026-08-27,8,137.80912418513736,134.46
2026-08-27,9,140.67191287850227,138.69
2026-08-27,10,138.26808716783327,134.86
2026-08-27,11,137.21866989884722,134.18
2026-08-27,12,136.3745287765678,132.95
2026-08-27,13,133.71170724301226,135.43
2026-08-27,14,134.64300463113207,134.02
2026-08-27,15,134.81117426859933,134.31
2026-08-27,16,135.24887098758052,133.93
2026-08-27,17,132.864642785019,133.7
2026-08-27,18,134.5818945487363,134.13
2026-08-27,19,136.7035214627974,136.66
2026-08-27,20,139.93037592766424,140.27
2026-08-27,21,136.31472374735748,139.14
2026-08-27,22,141.56527767804047,139.4
2026-08-27,23,148.0838655882897,147.27
2026-08-27,24,159.44084087161846,160.43
2026-08-27,25,158.16575201067835,160.45
2026-08-27,26,167.12366555940508,169.22
2026-08-27,27,169.2394579456788,170.35
2026-08-27,28,169.54081732137817,170.31
2026-08-27,29,177.56160323663778,176.04
2026-08-27,30,175.81305253177476,176.34
2026-08-27,31,168.75648680216042,174.79
2026-08-27,32,158.33335372398852,169.41
2026-08-27,33,185.6640267719181,176.02
2026-08-27,34,170.65809261554102,170.22
2026-08-27,35,155.61691070561275,157.54
2026-08-27,36,132.55686143910162,137.77
2026-08-27,37,173.6615680199911,151.28
2026-08-27,38,137.01476611174655,132.34
2026-08-27,39,122.11930295973796,116.91
2026-08-27,40,106.79794176337872,98.08
2026-08-27,41,120.50605168308851,126.98
2026-08-27,42,104.14496303664517,116.1
2026-08-27,43,88.80751451738146,94.98
2026-08-27,44,70.82059697528878,78.35
2026-08-27,45,80.15059626195507,105.06
2026-08-27,46,64.45091312683644,71.31
2026-08-27,47,49.98790350308769,40.0
2026-08-27,48,36.0662860079739,13.94
2026-08-27,49,41.47027676922281,31.59
2026-08-27,50,30.07027140819716,23.84
2026-08-27,51,23.181902073060304,20.09
2026-08-27,52,15.893213333828005,11.21
2026-08-27,53,19.107498733032266,10.02
2026-08-27,54,13.141169750094626,10.05
2026-08-27,55,9.269901443413868,6.16
2026-08-27,56,5.879109050718096,0.06
2026-08-27,57,8.128154454644584,0.09
2026-08-27,58,10.579446184314309,10.03
2026-08-27,59,16.53348473822112,20.05
2026-08-27,60,25.66022690186624,26.6
2026-08-27,61,26.724169258200945,22.36
2026-08-27,62,45.83604514223083,30.01
2026-08-27,63,59.05732616396891,54.58
2026-08-27,64,75.40007854348767,74.58
2026-08-27,65,62.81707767996759,51.04
2026-08-27,66,87.37697001094656,93.31
2026-08-27,67,107.16482150148674,112.93
2026-08-27,68,122.58225953266545,127.32
2026-08-27,69,111.48016272080407,115.08
2026-08-27,70,129.55023814465883,128.97
2026-08-27,71,155.75446002534554,154.02
2026-08-27,72,170.76415159273466,168.73
2026-08-27,73,158.89449706455082,151.75
2026-08-27,74,175.85734351623577,169.48
2026-08-27,75,196.0066780850929,177.02
2026-08-27,76,209.8949250411232,197.0
2026-08-27,77,190.44177015505025,184.45
2026-08-27,78,202.660719648961,194.52
2026-08-27,79,206.91471807621804,205.99
2026-08-27,80,226.8303508812457,212.09
2026-08-27,81,211.9026062451401,205.74
2026-08-27,82,205.3467004275957,192.87
2026-08-27,83,195.5847920165669,187.8
2026-08-27,84,190.61335735229065,179.54
2026-08-27,85,196.1830180432388,192.13
2026-08-27,86,184.81703654154168,180.12
2026-08-27,87,175.7887978116034,171.99
2026-08-27,88,165.78207041424432,159.44
2026-08-27,89,176.24370380148503,175.56
2026-08-27,90,167.13495900616,170.0
2026-08-27,91,164.81518286073944,159.68
2026-08-27,92,156.73266613171666,154.44
2026-08-27,93,160.99559983709528,159.9
2026-08-27,94,155.22147906683833,153.16
2026-08-27,95,151.36652973295898,149.08
2026-08-27,96,143.9133124679864,139.42
2026-08-28,1,152.85711042718378,141.01
2026-08-28,2,146.72030305073812,141.92
2026-08-28,3,143.43118407387223,139.0
2026-08-28,4,140.01895438488256,136.16
2026-08-28,5,144.28295543097448,141.81
2026-08-28,6,139.44733203065567,138.66
2026-08-28,7,138.97422885935703,138.02
2026-08-28,8,136.6539281882091,138.66
2026-08-28,9,137.97723761702866,137.18
2026-08-28,10,136.7685405463785,138.68
2026-08-28,11,136.68867405461438,140.51
2026-08-28,12,135.82000036738285,136.6
2026-08-28,13,134.45939532742466,140.89
2026-08-28,14,135.74470244137063,139.62
2026-08-28,15,136.62873274782018,138.26
2026-08-28,16,137.4565979850572,136.43
2026-08-28,17,134.90192622663747,137.11
2026-08-28,18,136.72628113945538,139.44
2026-08-28,19,139.49716400655473,139.96
2026-08-28,20,143.74003546144775,139.85
2026-08-28,21,140.583797379397,137.37
2026-08-28,22,145.1214392605037,141.3
2026-08-28,23,152.06007085852863,148.48
2026-08-28,24,161.7817037969455,159.92
2026-08-28,25,157.6389914762259,164.48
2026-08-28,26,169.32580730004082,172.23
2026-08-28,27,175.73365529703392,174.29
2026-08-28,28,177.38328376176008,173.03
2026-08-28,29,180.93734849898985,179.81
2026-08-28,30,183.8342328844345,180.26
2026-08-28,31,183.9658055348287,177.41
2026-08-28,32,181.87206148140223,174.44
2026-08-28,33,196.14454319923848,187.4
2026-08-28,34,192.8532707095012,172.74
2026-08-28,35,176.30620076666622,162.59
2026-08-28,36,165.00595802789604,155.15
2026-08-28,37,191.60782767076,161.87
2026-08-28,38,165.86626265874747,161.77
2026-08-28,39,155.57132187899114,151.21
2026-08-28,40,139.9288255360359,145.76
2026-08-28,41,159.5217449627574,155.0
2026-08-28,42,144.68713792468122,142.59
2026-08-28,43,140.8940833632468,130.66
2026-08-28,44,127.8950198246216,122.31
2026-08-28,45,137.06063487344636,129.06
2026-08-28,46,129.17629985420783,122.65
2026-08-28,47,128.89829273065652,117.81
2026-08-28,48,122.6093852056882,116.81
2026-08-28,49,130.89721919222754,112.08
2026-08-28,50,122.97439254246196,108.98
2026-08-28,51,129.76971372645176,112.94
2026-08-28,52,123.65124245046236,109.56
2026-08-28,53,124.65557992731048,98.45
2026-08-28,54,120.67741192861077,93.85
2026-08-28,55,128.89636942875532,100.58
2026-08-28,56,95.27548591267724,92.07
2026-08-28,57,98.7703922764935,102.01
2026-08-28,58,117.94237623277336,100.0
2026-08-28,59,119.45697670451302,106.26
2026-08-28,60,117.02800380310322,107.73
2026-08-28,61,122.06728770046313,109.55
2026-08-28,62,121.75906423839156,112.23
2026-08-28,63,123.82917816695334,116.41
2026-08-28,64,134.92064952778773,119.29
2026-08-28,65,116.00661340362107,111.35
2026-08-28,66,122.95307543297906,118.32
2026-08-28,67,135.89599733887036,122.23
2026-08-28,68,150.62016604030524,126.34
2026-08-28,69,136.26624092137118,116.99
2026-08-28,70,146.79464481327986,135.97
2026-08-28,71,166.16265490565172,156.76
2026-08-28,72,165.2758544311339,163.09
2026-08-28,73,162.90731992000104,144.39
2026-08-28,74,166.92711325203047,160.89
2026-08-28,75,172.42680170774764,167.3
2026-08-28,76,185.1657078891272,169.34
2026-08-28,77,169.9897792914109,154.89
2026-08-28,78,178.64154096765122,165.82
2026-08-28,79,185.9724553656665,175.5
2026-08-28,80,194.9931638333658,193.95
2026-08-28,81,185.09863733031537,174.88
2026-08-28,82,181.5035932063024,177.73
2026-08-28,83,177.0097231154675,180.83
2026-08-28,84,174.36063472418675,173.64
2026-08-28,85,178.63445630495755,176.3
2026-08-28,86,169.19055116530598,168.12
2026-08-28,87,163.99453887277667,166.01
2026-08-28,88,155.82642236234776,154.01
2026-08-28,89,164.60060163510371,171.44
2026-08-28,90,159.6099449269231,162.3
2026-08-28,91,156.02772770960672,161.4
2026-08-28,92,148.84921037216435,150.64
2026-08-28,93,152.8730841147712,157.08
2026-08-28,94,146.8033030874002,150.8
2026-08-28,95,142.46679857314282,141.55
2026-08-28,96,135.55472009257247,131.1
2026-08-29,1,147.5759761735389,141.58
2026-08-29,2,136.71904567851425,135.4
2026-08-29,3,127.58947086776894,127.97
2026-08-29,4,119.10395933791798,117.12
2026-08-29,5,130.0390098366895,117.5
2026-08-29,6,122.57601990636716,114.51
2026-08-29,7,117.21739252433484,110.37
2026-08-29,8,111.60594785174696,107.04
2026-08-29,9,118.20282608504452,107.51
2026-08-29,10,111.94013027722316,101.93
2026-08-29,11,111.3383724479239,100.07
2026-08-29,12,110.66974655802338,91.68
2026-08-29,13,115.1829702932181,97.47
2026-08-29,14,114.79396626198168,91.82
2026-08-29,15,113.17518595920572,91.19
2026-08-29,16,110.95083448638071,92.52
2026-08-29,17,111.6022538600508,96.99
2026-08-29,18,109.18182354757664,93.91
2026-08-29,19,109.85129095692405,91.6
2026-08-29,20,108.5484289263766,89.52
2026-08-29,21,108.0183710504868,99.26
2026-08-29,22,107.5437899738626,95.12
2026-08-29,23,109.14662919985584,95.23
2026-08-29,24,111.29969944947884,96.71
2026-08-29,25,116.29790496347528,97.2
2026-08-29,26,114.16531039682135,97.47
2026-08-29,27,108.79669984168672,97.19
2026-08-29,28,103.7327104945773,96.68
2026-08-29,29,118.9912779089976,107.2
2026-08-29,30,109.04818912026876,103.88
2026-08-29,31,97.31175559650173,100.79
2026-08-29,32,82.59708912377496,93.09
2026-08-29,33,105.85804927175307,106.11
2026-08-29,34,86.15049084638152,83.69
2026-08-29,35,60.463349812047696,41.79
2026-08-29,36,24.31990684033819,10.09
2026-08-29,37,52.47786732630307,18.4
2026-08-29,38,25.34936330926673,0.06
2026-08-29,39,5.470709049885826,-0.01
2026-08-29,40,1.483207739174034,-0.15
2026-08-29,41,-2.881506478183937,-0.01
2026-08-29,42,-4.372726313803838,-0.1
2026-08-29,43,-5.907880483787594,-0.51
2026-08-29,44,-4.646997884911485,-0.75
2026-08-29,45,-4.107448869347081,-1.1
2026-08-29,46,-1.711299552695159,-1.35
2026-08-29,47,-1.9813082391230523,-1.39
2026-08-29,48,-3.3510557146443745,-1.58
2026-08-29,49,-0.8862835103961828,-1.57
2026-08-29,50,-1.1062697126537415,-1.78
2026-08-29,51,-0.5522957291441521,-1.88
2026-08-29,52,-1.008346141738075,-2.02
2026-08-29,53,-1.7528692661256802,-1.91
2026-08-29,54,-2.837421296862079,-1.89
2026-08-29,55,-2.888639329216324,-1.69
2026-08-29,56,-2.555395188922387,-1.56
2026-08-29,57,-2.5976323773633885,-1.53
2026-08-29,58,-2.341799807509996,-1.29
2026-08-29,59,-1.2693526884424715,-1.0
2026-08-29,60,0.5815189242952865,-0.88
2026-08-29,61,-0.95752601973592,-0.08
2026-08-29,62,-1.0264937731570658,-0.01
2026-08-29,63,1.7061883663915616,0.0
2026-08-29,64,7.597452106509831,0.0
2026-08-29,65,5.3232638702856505,0.0
2026-08-29,66,12.31258383251918,1.66
2026-08-29,67,20.751782625291995,30.88
2026-08-29,68,31.96351738404445,65.78
2026-08-29,69,27.54252101855966,51.44
2026-08-29,70,68.47349983024539,100.78
2026-08-29,71,104.6136052687768,131.42
2026-08-29,72,141.00485609911118,168.33
2026-08-29,73,115.51713700637916,146.48
2026-08-29,74,145.47481645411654,152.72
2026-08-29,75,170.40354166109103,185.46
2026-08-29,76,194.80820901010293,201.35
2026-08-29,77,159.20346617927115,183.9
2026-08-29,78,177.0516553435839,191.92
2026-08-29,79,187.8477085722049,205.57
2026-08-29,80,193.4671704114335,214.47
2026-08-29,81,186.4418669619781,217.5
2026-08-29,82,181.4495414775618,198.94
2026-08-29,83,178.32641891944166,181.76
2026-08-29,84,182.6862383429347,180.92
2026-08-29,85,180.1497393816379,205.71
2026-08-29,86,174.78367057572316,179.29
2026-08-29,87,168.0895941844274,166.74
2026-08-29,88,160.98697880906096,158.33
2026-08-29,89,163.99647651603593,181.9
2026-08-29,90,159.31741509167963,162.32
2026-08-29,91,157.64039592062267,158.1
2026-08-29,92,150.4567790385494,151.65
2026-08-29,93,153.6269804207318,150.77
2026-08-29,94,147.7234518690846,146.47
2026-08-29,95,144.7023831144523,145.54
2026-08-29,96,138.31123661669062,139.68
2026-08-30,1,140.3841922920735,135.07
2026-08-30,2,129.6919837031999,124.31
2026-08-30,3,117.8692174792094,110.72
2026-08-30,4,105.7144012752952,99.62
2026-08-30,5,117.42079753051776,108.66
2026-08-30,6,109.11660953633236,103.92
2026-08-30,7,101.30566852422942,101.17
2026-08-30,8,93.07828337639654,96.6
2026-08-30,9,101.43045038894924,98.6
2026-08-30,10,92.67255968934634,88.17
2026-08-30,11,87.5263069619469,80.99
2026-08-30,12,85.5164582644362,76.38
2026-08-30,13,91.89517703785197,89.37
2026-08-30,14,81.7239062730593,79.85
2026-08-30,15,78.37050420704372,75.68
2026-08-30,16,74.27913426542744,66.85
2026-08-30,17,86.16380186696529,71.26
2026-08-30,18,79.13107957817023,67.43
2026-08-30,19,77.39891317770244,68.94
2026-08-30,20,75.43606041648704,69.88
2026-08-30,21,80.24499587249089,74.01
2026-08-30,22,75.84033412169418,71.36
2026-08-30,23,73.71805226121974,72.66
2026-08-30,24,79.39926979693229,73.82
2026-08-30,25,86.83259887151365,67.01
2026-08-30,26,84.1287994135194,70.42
2026-08-30,27,74.75689133493628,72.91
2026-08-30,28,76.98805598724275,73.24
2026-08-30,29,84.9928132237377,75.74
2026-08-30,30,79.32393427343011,62.34
2026-08-30,31,71.26551717345866,55.88
2026-08-30,32,63.08887103033128,42.22
2026-08-30,33,79.88495415994099,35.0
2026-08-30,34,56.91059452615757,20.02
2026-08-30,35,40.34688307734632,8.83
2026-08-30,36,19.767574520543604,0.09
2026-08-30,37,32.132436049251424,0.85
2026-08-30,38,14.65183689544952,0.0
2026-08-30,39,4.689850994432291,-0.08
2026-08-30,40,4.342899131080074,-0.82
2026-08-30,41,4.254772340246845,-0.08
2026-08-30,42,3.2975035451641617,-0.09
2026-08-30,43,2.929936364417898,-0.12
2026-08-30,44,0.4943199271960097,-0.12
2026-08-30,45,0.3191610234866289,-0.15
2026-08-30,46,0.8897092861952487,-0.14
2026-08-30,47,0.674803864851377,-0.15
2026-08-30,48,-1.7381474584909924,-0.17
2026-08-30,49,-0.8223134571697592,-0.99
2026-08-30,50,-2.075666470621602,-1.0
2026-08-30,51,-3.5912421107745907,-1.0
2026-08-30,52,-2.1508617521845235,-1.09
2026-08-30,53,-3.258637279326857,-1.02
2026-08-30,54,-4.985845318712485,-1.04
2026-08-30,55,-5.900887193049962,-1.06
2026-08-30,56,-3.795278615631039,-1.09
2026-08-30,57,-4.786190969127434,-1.19
2026-08-30,58,-5.60988904282755,-1.03
2026-08-30,59,-7.053199807493113,-1.0
2026-08-30,60,-6.836175151904543,-1.0
2026-08-30,61,-4.6792811951751645,-0.14
2026-08-30,62,-7.811329267618998,-0.12
2026-08-30,63,-4.422831703000544,-0.12
2026-08-30,64,-1.899458637127729,-0.11
2026-08-30,65,0.7400641350064845,-0.45
2026-08-30,66,-2.3219748524259174,-0.1
2026-08-30,67,18.73274402028443,-0.01
2026-08-30,68,39.24787713039727,0.52
2026-08-30,69,16.423155881085364,4.15
2026-08-30,70,53.29570650209017,33.64
2026-08-30,71,90.29897733196084,74.59
2026-08-30,72,123.86689983876698,137.41
2026-08-30,73,99.3334380821742,110.7
2026-08-30,74,126.7131244081028,161.07
2026-08-30,75,160.646910749431,181.26
2026-08-30,76,184.80747357564343,200.54
2026-08-30,77,156.09266272449736,169.46
2026-08-30,78,176.02091282266397,180.69
2026-08-30,79,183.46603259552904,187.98
2026-08-30,80,192.9248001919826,198.53
2026-08-30,81,185.7163642307428,174.45
2026-08-30,82,183.8550780494876,184.63
2026-08-30,83,181.83299432807328,201.43
2026-08-30,84,188.2406705567253,212.27
2026-08-30,85,186.0541555357232,203.93
2026-08-30,86,184.88927076912083,200.01
2026-08-30,87,178.96215132623834,187.92
2026-08-30,88,177.82270517538512,179.83
2026-08-30,89,182.6577539489365,189.32
2026-08-30,90,176.0030701616305,180.06
2026-08-30,91,174.8441919905761,181.03
2026-08-30,92,167.69085893820892,175.34
2026-08-30,93,168.97310980890498,178.71
2026-08-30,94,161.03124679973405,167.37
2026-08-30,95,161.2092960594826,166.57
2026-08-30,96,153.9182084182577,162.5
2026-08-31,1,168.81557283202682,188.79
2026-08-31,2,160.43422506295266,174.97
2026-08-31,3,152.19348658906608,170.0
2026-08-31,4,144.0178552817552,166.15
2026-08-31,5,152.8680072211764,168.52
2026-08-31,6,145.56576563377024,165.32
2026-08-31,7,142.913480583702,159.92
2026-08-31,8,137.75523678538096,158.69
2026-08-31,9,141.01168863859553,164.22
2026-08-31,10,136.82609832147253,153.74
2026-08-31,11,134.8132007580147,148.26
2026-08-31,12,132.00780954460595,146.74
2026-08-31,13,134.81490158119163,152.12
2026-08-31,14,130.97654286585643,149.14
2026-08-31,15,129.17794262243535,146.18
2026-08-31,16,127.23494679192753,143.75
2026-08-31,17,128.8789237159751,143.1
2026-08-31,18,129.5330132509754,141.57
2026-08-31,19,130.0086857992743,141.91
2026-08-31,20,131.15027434931943,143.06
2026-08-31,21,130.81974330327895,142.29
2026-08-31,22,132.61708491758196,141.18
2026-08-31,23,138.5276115700509,143.09
2026-08-31,24,143.66033497763715,150.27
2026-08-31,25,149.7856115599578,150.71
2026-08-31,26,154.96057883070804,154.47
2026-08-31,27,155.81873632662985,157.17
2026-08-31,28,154.17855582772216,158.65
2026-08-31,29,166.12824628254086,164.35
2026-08-31,30,159.4525878192033,165.12
2026-08-31,31,153.65739642825054,165.69
2026-08-31,32,142.3228589065815,164.69
2026-08-31,33,165.24822670770422,184.41
2026-08-31,34,153.85614458602197,174.58
2026-08-31,35,137.7711856213027,160.51
2026-08-31,36,114.23764286878216,130.0
2026-08-31,37,141.19610286741965,174.51
2026-08-31,38,116.35531601297365,136.66
2026-08-31,39,90.46388569719294,108.97
2026-08-31,40,60.711070818666485,85.99
2026-08-31,41,74.83635192455112,91.0
2026-08-31,42,48.11408219661195,47.39
2026-08-31,43,32.93662959706226,15.0
2026-08-31,44,23.369003995476483,0.01
2026-08-31,45,31.34699552325894,0.08
2026-08-31,46,23.159768130277577,0.0
2026-08-31,47,16.47716659089792,0.0
2026-08-31,48,11.8012842274636,0.0
2026-08-31,49,13.12226338698319,-0.01
2026-08-31,50,9.330619500665508,-0.04
2026-08-31,51,9.38911123424339,-0.08
2026-08-31,52,6.817131223500256,-0.1
2026-08-31,53,7.564522269870288,-0.76
2026-08-31,54,5.932307248664165,-1.0
2026-08-31,55,3.930097925474267,-1.01
2026-08-31,56,4.068809575520116,-1.01
2026-08-31,57,3.826104972657571,-1.09
2026-08-31,58,3.7300149123911366,-1.01
2026-08-31,59,5.843049883917052,-1.01
2026-08-31,60,5.37919113432631,-1.0
2026-08-31,61,7.479336180827269,-0.18
2026-08-31,62,6.177877948733983,-0.1
2026-08-31,63,8.569674885242717,-0.04
2026-08-31,64,14.865218671773818,-0.01
2026-08-31,65,11.24291840715776,-0.02
2026-08-31,66,16.643428780545925,-0.01
2026-08-31,67,28.131486400388543,0.0
2026-08-31,68,47.67552937487413,4.03
2026-08-31,69,39.64038389904502,6.56
2026-08-31,70,76.22373543565294,60.42
2026-08-31,71,101.64543230597992,105.82
2026-08-31,72,130.45567315305755,119.28
2026-08-31,73,110.85066795291816,122.86
2026-08-31,74,131.693238665108,142.02
2026-08-31,75,150.70991392574214,166.99
2026-08-31,76,164.2672986282125,199.84
2026-08-31,77,152.77325547041815,166.99
2026-08-31,78,169.68356251505813,177.6
2026-08-31,79,185.0759714403178,180.34
2026-08-31,80,203.2495788042704,207.51
2026-08-31,81,184.8755369213303,177.57
2026-08-31,82,190.93878475952744,190.95
2026-08-31,83,191.71611858629427,197.6
2026-08-31,84,195.4513922317352,190.48
2026-08-31,85,193.9232099675696,207.61
2026-08-31,86,189.73722159070715,181.8
2026-08-31,87,183.98368481739783,175.94
2026-08-31,88,169.92331206730574,163.8
2026-08-31,89,183.97002214537585,176.2
2026-08-31,90,169.68981902880626,170.0
2026-08-31,91,164.218052325725,172.94
2026-08-31,92,155.54628831765663,167.06
2026-08-31,93,160.21286527897786,163.85
2026-08-31,94,153.8828164734337,156.54
2026-08-31,95,150.01510159417572,154.05
2026-08-31,96,141.63709458814137,146.69
2026-09-01,1,162.87966828785892,163.91
2026-09-01,2,154.58062493277043,157.62
2026-09-01,3,149.4572142114887,149.56
2026-09-01,4,141.3120167608358,147.26
2026-09-01,5,150.8490410766383,149.84
2026-09-01,6,144.84878528152151,146.05
2026-09-01,7,143.6272121154319,146.19
2026-09-01,8,139.8157672043782,144.35
2026-09-01,9,142.16201583252382,141.7
2026-09-01,10,139.8450922963923,145.1
2026-09-01,11,139.26177264194595,139.15
2026-09-01,12,136.43162315456766,139.53
2026-09-01,13,136.21245623534926,140.14
2026-09-01,14,135.32385809965595,142.21
2026-09-01,15,137.26346181965198,143.87
2026-09-01,16,135.45701066709327,142.99
2026-09-01,17,133.785678343068,146.9
2026-09-01,18,136.3956797975681,144.61
2026-09-01,19,139.93603117978844,145.1
2026-09-01,20,144.46684815347308,146.99
2026-09-01,21,140.85475098265917,146.84
2026-09-01,22,146.9545021348337,150.59
2026-09-01,23,156.0288037948489,161.45
2026-09-01,24,169.37927096325774,167.83
2026-09-01,25,167.42614613449203,177.72
2026-09-01,26,180.93520793989657,188.86
2026-09-01,27,185.7997592125712,191.95
2026-09-01,28,189.59938475011288,195.3
2026-09-01,29,195.3256784934065,206.59
2026-09-01,30,195.2859014875416,210.78
2026-09-01,31,189.9293342669081,206.63
2026-09-01,32,182.5070063691936,196.6
2026-09-01,33,202.9618850754732,215.93
2026-09-01,34,193.40592950375688,202.0
2026-09-01,35,177.351281573076,187.5
2026-09-01,36,152.55817092405897,165.55
2026-09-01,37,187.7313418788493,185.44
2026-09-01,38,155.85148376675073,162.85
2026-09-01,39,136.42814344961147,135.55
2026-09-01,40,121.9822964509148,113.99
2026-09-01,41,138.38241199769783,134.9
2026-09-01,42,118.13358078718964,121.51
2026-09-01,43,105.1615316508442,116.87
2026-09-01,44,84.24866602896789,105.77
2026-09-01,45,94.506133928815,111.31
2026-09-01,46,81.40384249308423,96.33
2026-09-01,47,70.82865251848602,81.06
2026-09-01,48,52.20359135825705,71.29
2026-09-01,49,61.172507464366376,65.06
2026-09-01,50,50.46949652394321,52.58
2026-09-01,51,44.73111043727207,45.97
2026-09-01,52,35.61483764040382,40.0
2026-09-01,53,38.91602197859119,36.88
2026-09-01,54,33.04127589361264,31.73
2026-09-01,55,26.94404676378484,25.81
2026-09-01,56,23.34328204451093,22.07
2026-09-01,57,24.78705369107524,27.77
2026-09-01,58,27.54543093021583,34.71
2026-09-01,59,34.21437072624485,29.82
2026-09-01,60,39.95420514765932,40.09
2026-09-01,61,37.291873897498405,36.54
2026-09-01,62,46.2144840362617,40.78
2026-09-01,63,59.07240943615464,59.05
2026-09-01,64,75.2852362499298,68.37
2026-09-01,65,66.77024285369465,60.01
2026-09-01,66,89.0717691896746,83.65
2026-09-01,67,111.61500375369472,110.45
2026-09-01,68,136.53157324286005,122.16
2026-09-01,69,119.58427904581104,111.16
2026-09-01,70,143.19175442288076,126.97
2026-09-01,71,167.12275945193417,151.65
2026-09-01,72,184.5662793836174,170.25
2026-09-01,73,168.9688776337323,140.7
2026-09-01,74,184.40348069613893,173.85
2026-09-01,75,204.0792265009535,191.08
2026-09-01,76,219.0798476273188,203.4
2026-09-01,77,207.8464461848156,197.88
2026-09-01,78,222.8484804269566,204.88
2026-09-01,79,228.33272771920068,221.05
2026-09-01,80,252.9894053364404,233.13
2026-09-01,81,231.1659940250416,223.64
2026-09-01,82,231.6398403207817,231.81
2026-09-01,83,231.42430515606475,236.92
2026-09-01,84,227.98427853567537,234.03
2026-09-01,85,231.8551586127637,228.5
2026-09-01,86,220.57279305810027,220.07
2026-09-01,87,209.235894528512,217.07
2026-09-01,88,199.01131898891705,206.0
2026-09-01,89,210.88000967800667,212.26
2026-09-01,90,201.18005743633609,199.62
2026-09-01,91,200.07196758427065,195.1
2026-09-01,92,190.38123517769608,190.9
2026-09-01,93,192.3372184805784,188.9
2026-09-01,94,183.3855049799632,179.81
2026-09-01,95,181.7291459650264,176.62
2026-09-01,96,172.30174027824583,172.04
2026-09-02,1,188.458632468738,189.59
2026-09-02,2,177.04837402257792,177.14
2026-09-02,3,173.27223301798307,165.59
2026-09-02,4,166.5773823248939,150.54
2026-09-02,5,173.39250634701247,166.28
2026-09-02,6,167.1069279625951,163.47
2026-09-02,7,165.4800499303312,161.85
2026-09-02,8,161.55644913405973,157.08
2026-09-02,9,163.8315900222809,159.21
2026-09-02,10,161.54566593124505,151.86
2026-09-02,11,159.58129130593343,150.78
2026-09-02,12,157.46274414402615,150.25
2026-09-02,13,158.12509301599044,148.22
2026-09-02,14,157.4468652417134,149.2
2026-09-02,15,157.34790119536422,149.27
2026-09-02,16,158.8256569559554,147.73
2026-09-02,17,159.44299326841923,149.39
2026-09-02,18,158.00862066066887,149.4
2026-09-02,19,160.81046079845564,148.29
2026-09-02,20,165.20913910611011,149.84
2026-09-02,21,161.50558146773415,153.93
2026-09-02,22,167.39918229490465,161.71
2026-09-02,23,177.85160783568932,166.45
2026-09-02,24,195.0209079466096,180.18
2026-09-02,25,193.42360162173333,183.91
2026-09-02,26,205.4274975154579,192.12
2026-09-02,27,214.13215374778173,196.96
2026-09-02,28,217.1588886453464,204.95
2026-09-02,29,219.9187653676876,209.43
2026-09-02,30,219.1458958222971,208.63
2026-09-02,31,214.58735114681943,205.46
2026-09-02,32,202.6188501787328,201.03
2026-09-02,33,225.64099812457044,216.25
2026-09-02,34,213.87594009864432,205.93
2026-09-02,35,194.84544531463783,194.87
2026-09-02,36,174.60192849340348,174.99
2026-09-02,37,206.29426924766176,192.02
2026-09-02,38,180.576373051264,176.87
2026-09-02,39,160.369190232008,164.87
2026-09-02,40,148.21780909693825,142.62
2026-09-02,41,166.11834481006434,148.96
2026-09-02,42,152.01750685336128,138.36
2026-09-02,43,134.90804940811574,134.9
2026-09-02,44,123.97073520706653,122.28
2026-09-02,45,135.2592131586643,126.15
2026-09-02,46,120.45516071985617,118.1
2026-09-02,47,110.40667239300346,111.85
2026-09-02,48,100.5559173669815,104.11
2026-09-02,49,103.6497511231482,107.42
2026-09-02,50,92.70421827984596,104.82
2026-09-02,51,86.81250676604981,102.3
2026-09-02,52,81.34967496792417,102.77
2026-09-02,53,84.62722422775798,97.46
2026-09-02,54,81.8200877083669,91.75
2026-09-02,55,81.91289300859195,90.85
2026-09-02,56,74.73441032249406,86.61
2026-09-02,57,79.77770359222927,97.59
2026-09-02,58,85.3096754421954,97.0
2026-09-02,59,88.0193408561032,98.61
2026-09-02,60,100.85484835031907,103.25
2026-09-02,61,93.55872029192793,101.81
2026-09-02,62,111.0304968359756,109.48
2026-09-02,63,123.79752360820586,115.71
2026-09-02,64,122.33268517396772,114.58
2026-09-02,65,125.76292503868,116.27
2026-09-02,66,121.58530007904984,127.12
2026-09-02,67,135.925501821942,139.95
2026-09-02,68,153.31890160731206,154.41
2026-09-02,69,142.23685218139042,142.03
2026-09-02,70,157.35560033103394,161.22
2026-09-02,71,186.83011994370293,179.59
2026-09-02,72,202.245010949964,190.91
2026-09-02,73,186.5467801952284,175.3
2026-09-02,74,201.6004221183128,193.75
2026-09-02,75,221.71655742685027,202.58
2026-09-02,76,247.78376315202763,216.13
2026-09-02,77,225.2917113774868,220.7
2026-09-02,78,253.0567782991071,235.18
2026-09-02,79,242.5828344588134,248.22
2026-09-02,80,274.9281352057387,251.31
2026-09-02,81,246.7238322684096,251.02
2026-09-02,82,246.6019395072011,237.2
2026-09-02,83,246.2615953390685,240.61
2026-09-02,84,240.8468299315797,243.96
2026-09-02,85,245.67925428870817,232.27
2026-09-02,86,229.91680279378213,215.08
2026-09-02,87,215.2555428898752,210.74
2026-09-02,88,197.32468205551515,197.39
2026-09-02,89,212.7541805459778,200.09
2026-09-02,90,199.38478867391115,194.28
2026-09-02,91,193.16119324963623,198.39
2026-09-02,92,184.5724156245958,187.0
2026-09-02,93,186.6737011785678,177.97
2026-09-02,94,179.10376315086555,167.14
2026-09-02,95,174.6451238857081,163.31
2026-09-02,96,163.67833234459994,152.43
2026-09-03,1,181.4251096956728,201.22
2026-09-03,2,170.58736027708375,179.41
2026-09-03,3,162.78177680955756,170.26
2026-09-03,4,153.5086698442064,163.65
2026-09-03,5,163.50127799166975,180.35
2026-09-03,6,156.03103468907344,168.09
2026-09-03,7,151.36014659389582,169.83
2026-09-03,8,146.30050543063572,163.22
2026-09-03,9,150.79838349819835,171.82
2026-09-03,10,145.2547467006417,155.96
2026-09-03,11,141.44423612487847,148.68
2026-09-03,12,139.22777200554543,145.64
2026-09-03,13,142.34062518406822,146.54
2026-09-03,14,140.13074249074228,147.68
2026-09-03,15,139.35530602238376,146.55
2026-09-03,16,133.52368285761548,143.24
2026-09-03,17,133.10290095224548,146.48
2026-09-03,18,137.77067323217688,144.7
2026-09-03,19,137.98138226367575,143.28
2026-09-03,20,140.24921711497188,138.12
2026-09-03,21,138.6914294138561,145.41
2026-09-03,22,141.08632793242666,142.19
2026-09-03,23,144.27070587932866,145.74
2026-09-03,24,152.59952183067378,155.37
2026-09-03,25,158.7293600164918,160.33
2026-09-03,26,167.8344894525701,176.02
2026-09-03,27,167.34161312872297,181.05
2026-09-03,28,167.51943427462066,180.36
2026-09-03,29,178.47315245335977,194.95
2026-09-03,30,174.98264395438997,193.67
2026-09-03,31,172.55039883252732,187.37
2026-09-03,32,168.60330160891533,180.81
2026-09-03,33,186.15977872056555,206.0
2026-09-03,34,180.71667408885733,187.2
2026-09-03,35,164.63299349944668,176.99
2026-09-03,36,142.70631011259553,150.0
2026-09-03,37,174.27480328025092,185.21
2026-09-03,38,146.35883436819307,156.62
2026-09-03,39,126.31188368632552,135.0
2026-09-03,40,108.09757250866872,121.5
2026-09-03,41,124.28314145529647,132.3
2026-09-03,42,107.09573566304138,120.01
2026-09-03,43,89.78301948929915,115.29
2026-09-03,44,77.73600256670431,103.05
2026-09-03,45,84.74801308699274,110.02
2026-09-03,46,72.86170806233054,99.72
2026-09-03,47,61.62279199294264,72.44
2026-09-03,48,49.988142268702205,60.42
2026-09-03,49,51.675993538884526,81.72
2026-09-03,50,41.29260365768826,50.67
2026-09-03,51,33.202508662339014,38.99
2026-09-03,52,23.942200066146626,29.71
2026-09-03,53,27.658794989636387,33.98
2026-09-03,54,23.529310566388403,28.98
2026-09-03,55,16.469094454264,22.59
2026-09-03,56,12.737977503987825,14.45
2026-09-03,57,14.895342351087404,25.45
2026-09-03,58,15.23168530672388,16.82
2026-09-03,59,16.593373035360436,20.8
2026-09-03,60,18.97508619381872,20.49
2026-09-03,61,13.839594876031796,20.82
2026-09-03,62,19.66604537331376,22.38
2026-09-03,63,27.241383229179963,29.35
2026-09-03,64,38.08467116747576,24.93
2026-09-03,65,30.65554303443468,40.03
2026-09-03,66,53.67096516377077,46.66
2026-09-03,67,68.20417904861695,71.87
2026-09-03,68,96.08353626608395,86.99
2026-09-03,69,73.43413353421889,78.72
2026-09-03,70,104.03889902709312,106.62
2026-09-03,71,126.76705373506417,135.3
2026-09-03,72,143.4603381026638,148.36
2026-09-03,73,129.50267869503915,134.9
2026-09-03,74,145.18840821354013,153.65
2026-09-03,75,159.90074546448454,164.29
2026-09-03,76,178.8285450875789,167.75
2026-09-03,77,162.08885175913866,170.59
2026-09-03,78,174.56674907515531,179.1
2026-09-03,79,186.90626229706933,185.85
2026-09-03,80,204.03872961629264,188.77
2026-09-03,81,189.65996108990984,186.5
2026-09-03,82,189.9263190270565,205.99
2026-09-03,83,187.1020143066784,217.56
2026-09-03,84,188.0328724504559,207.54
2026-09-03,85,189.9806060929567,213.57
2026-09-03,86,182.95337382448704,194.13
2026-09-03,87,177.15285522724264,187.28
2026-09-03,88,166.27227586668667,175.23
2026-09-03,89,179.15921189985164,184.77
2026-09-03,90,169.2794045369857,167.81
2026-09-03,91,164.4057384769587,173.84
2026-09-03,92,155.2854637105073,173.12
2026-09-03,93,158.70165626285618,164.64
2026-09-03,94,152.59559483735515,161.32
2026-09-03,95,148.22462501500874,170.71
2026-09-03,96,140.38326361298326,152.16
2026-09-04,1,152.41615740662112,147.64
2026-09-04,2,144.42450157924566,138.83
2026-09-04,3,136.9804254546487,131.96
2026-09-04,4,128.1926980549371,124.53
2026-09-04,5,138.57581854240024,132.68
2026-09-04,6,130.59811952141283,125.01
2026-09-04,7,126.68913756781976,123.28
2026-09-04,8,122.40371025629896,118.36
2026-09-04,9,126.72520451376502,119.56
2026-09-04,10,122.41943698987455,117.12
2026-09-04,11,121.56174735925012,118.05
2026-09-04,12,118.93005852185468,115.78
2026-09-04,13,122.14535360794244,118.86
2026-09-04,14,119.28319258875534,118.51
2026-09-04,15,118.4512325246302,116.34
2026-09-04,16,115.57135204437812,118.18
2026-09-04,17,115.87089930668152,115.09
2026-09-04,18,116.68825186360505,115.4
2026-09-04,19,117.12820234534811,115.57
2026-09-04,20,119.1826041485176,116.03
2026-09-04,21,117.56453801404578,119.95
2026-09-04,22,118.92442295263712,122.88
2026-09-04,23,122.14235461382783,121.01
2026-09-04,24,132.39712511431628,128.89
2026-09-04,25,136.7573065891525,137.42
2026-09-04,26,149.59796205891365,156.0
2026-09-04,27,152.87989444368696,158.85
2026-09-04,28,152.50825281222197,158.05
2026-09-04,29,165.6906205551098,173.2
2026-09-04,30,161.0299089131506,166.48
2026-09-04,31,157.35427200032316,165.15
2026-09-04,32,151.53368107662834,160.43
2026-09-04,33,169.25111257141828,166.07
2026-09-04,34,159.97574925477124,163.93
2026-09-04,35,147.0956765460514,156.48
2026-09-04,36,123.98961598023688,147.0
2026-09-04,37,158.76805214737988,147.7
2026-09-04,38,125.6888825307558,131.6
2026-09-04,39,104.67054320778507,98.6
2026-09-04,40,78.89365662517014,39.04
2026-09-04,41,95.84269021449391,102.11
2026-09-04,42,71.93811428081796,82.64
2026-09-04,43,57.046635198591765,40.71
2026-09-04,44,41.211823385232464,5.92
2026-09-04,45,51.02526095273405,34.99
2026-09-04,46,39.41159978616838,8.77
2026-09-04,47,31.31926973701768,0.04
2026-09-04,48,19.17820951731793,0.0
2026-09-04,49,23.269604107916827,0.0
2026-09-04,50,15.369739796608089,0.0
2026-09-04,51,11.756322774364463,0.0
2026-09-04,52,8.082474286973552,-0.01
2026-09-04,53,9.158797764444468,-0.02
2026-09-04,54,6.248630416206542,-0.04
2026-09-04,55,2.949379213713949,-0.07
2026-09-04,56,1.1654363595424604,-0.09
2026-09-04,57,1.811145368819829,-0.13
2026-09-04,58,3.2395373489470414,-0.14
2026-09-04,59,2.4545374338308625,-0.15
2026-09-04,60,1.0749834601713602,-0.14
2026-09-04,61,0.7240829436505827,-0.15
2026-09-04,62,-0.8717157854384769,-0.12
2026-09-04,63,-1.1161841548338494,-0.07
2026-09-04,64,-0.7160379138450708,-0.07
2026-09-04,65,-3.607789202287957,-0.05
2026-09-04,66,3.6633191964554825,-0.01
2026-09-04,67,18.862675952372584,0.0
2026-09-04,68,17.812718200692842,0.0
2026-09-04,69,17.413907116762218,0.0
2026-09-04,70,52.91237937045182,4.51
2026-09-04,71,70.59036052589428,50.0
2026-09-04,72,97.36375158722537,93.14
2026-09-04,73,81.56352843191705,73.16
2026-09-04,74,103.9192059499565,106.16
2026-09-04,75,119.22191321954853,124.28
2026-09-04,76,145.23514962114413,127.82
2026-09-04,77,124.81931550004586,131.86
2026-09-04,78,136.42275760932816,134.37
2026-09-04,79,150.17663572743422,135.27
2026-09-04,80,160.0464383186935,138.89
2026-09-04,81,152.34033482187525,136.29
2026-09-04,82,156.16228567493974,135.83
2026-09-04,83,152.13140854034938,136.32
2026-09-04,84,156.62822106285097,136.39
2026-09-04,85,160.69827512797795,136.04
2026-09-04,86,148.0092601252261,130.85
2026-09-04,87,144.70689617562843,126.25
2026-09-04,88,126.51219921563174,120.51
2026-09-04,89,141.65409416156487,122.86
2026-09-04,90,130.23780921017115,119.12
2026-09-04,91,127.89093523252284,112.15
2026-09-04,92,123.27699914633878,102.64
2026-09-04,93,121.37861423917172,102.65
2026-09-04,94,115.98922832777812,94.78
2026-09-04,95,114.96679815212534,89.03
2026-09-04,96,110.41195970539916,78.95
2026-09-05,1,89.9200276551415,65.01
2026-09-05,2,85.16043844917641,65.12
2026-09-05,3,79.01849748826197,60.01
2026-09-05,4,77.45505094594694,56.4
2026-09-05,5,79.71349192867072,60.42
2026-09-05,6,75.97356992147948,60.0
2026-09-05,7,70.85981911500195,60.49
2026-09-05,8,68.15046722848007,60.03
2026-09-05,9,73.5828053254254,61.14
2026-09-05,10,71.34563862050021,60.06
2026-09-05,11,72.04334003364235,59.0
2026-09-05,12,68.21849382735724,60.09
2026-09-05,13,74.08747342922925,56.78
2026-09-05,14,69.90013582932067,56.16
2026-09-05,15,67.30046768426658,53.76
2026-09-05,16,65.2445946546865,55.33
2026-09-05,17,73.40995211428657,51.45
2026-09-05,18,66.2968792759475,52.42
2026-09-05,19,64.32311369900714,51.31
2026-09-05,20,67.30540982626498,50.01
2026-09-05,21,65.51665139222187,52.69
2026-09-05,22,65.47024608457995,52.39
2026-09-05,23,62.9857778813809,54.89
2026-09-05,24,72.29486228104538,56.19
2026-09-05,25,67.50896667975883,60.06
2026-09-05,26,72.73514375945088,57.4
2026-09-05,27,70.41754571747471,55.01
2026-09-05,28,72.69054359226438,54.82
2026-09-05,29,79.71330287725546,65.76
2026-09-05,30,74.3463902156467,66.73
2026-09-05,31,69.6745300234224,60.05
2026-09-05,32,67.15440853948837,52.51
2026-09-05,33,73.75334803660833,61.77
2026-09-05,34,65.26432855657595,50.01
2026-09-05,35,48.57265690389106,30.0
2026-09-05,36,22.580791787795548,7.76
2026-09-05,37,35.46888407446809,4.16
2026-09-05,38,13.098427452384357,0.0
2026-09-05,39,-6.099560874283995,-0.01
2026-09-05,40,-14.744628193709543,-0.11
2026-09-05,41,-9.518797458662746,-0.04
2026-09-05,42,-15.464231553242795,-0.13
2026-09-05,43,-16.358252694046612,-1.0
2026-09-05,44,-15.76970154903252,-2.02
2026-09-05,45,-12.770661240074162,-3.02
2026-09-05,46,-12.117345329196809,-4.92
2026-09-05,47,-6.597599213236762,-4.99
2026-09-05,48,-4.70715601218701,-6.81
2026-09-05,49,-4.345051692730344,-6.74
2026-09-05,50,-4.57842760702076,-7.99
2026-09-05,51,-4.361448846359302,-8.94
2026-09-05,52,-5.070109752914918,-12.18
2026-09-05,53,-5.903799159558519,-15.0
2026-09-05,54,-6.87008231600633,-16.61
2026-09-05,55,-6.614500466830955,-19.0
2026-09-05,56,-7.385666051473245,-19.0
2026-09-05,57,-7.733789127977333,-19.0
2026-09-05,58,-7.69097375307164,-19.0
2026-09-05,59,-8.482116605652907,-19.0
2026-09-05,60,-9.6402031230473,-18.98
2026-09-05,61,-9.252655027924355,-15.0
2026-09-05,62,-10.247508703721124,-10.0
2026-09-05,63,-10.048224748096526,-8.0
2026-09-05,64,-10.388528558176738,-7.0
2026-09-05,65,-14.195712320809784,-5.66
2026-09-05,66,-18.193879655609067,-4.74
2026-09-05,67,-14.162302128499377,-2.02
2026-09-05,68,-32.605487712204024,-1.0
2026-09-05,69,-15.369698128003463,-0.13
2026-09-05,70,-10.239646596344414,-0.01
2026-09-05,71,-10.426078108802642,0.0
2026-09-05,72,43.03615500934663,0.01
2026-09-05,73,17.7044325347766,0.06
2026-09-05,74,52.02448780316584,33.44
2026-09-05,75,88.59966560008388,46.19
2026-09-05,76,115.81848350003318,76.83
2026-09-05,77,88.66992221655838,87.2
2026-09-05,78,112.90524852839616,103.34
2026-09-05,79,130.56677313162095,105.51
2026-09-05,80,129.8263009616643,114.91
2026-09-05,81,123.67720439586022,115.25
2026-09-05,82,127.70388906348752,115.66
2026-09-05,83,131.47878711477344,118.15
2026-09-05,84,139.0651662753143,114.91
2026-09-05,85,136.61562790062607,115.31
2026-09-05,86,133.97225229125104,111.71
2026-09-05,87,131.50032676375037,107.78
2026-09-05,88,127.76913727183704,104.81
2026-09-05,89,134.45821892204935,110.79
2026-09-05,90,128.03262286443226,109.21
2026-09-05,91,125.93936766081174,106.69
2026-09-05,92,117.80665177099831,104.72
2026-09-05,93,124.4732660323501,101.63
2026-09-05,94,115.60011556928674,99.61
2026-09-05,95,115.94325379106,102.84
2026-09-05,96,112.6661165472565,99.75
2026-09-06,1,128.1397676251784,137.91
2026-09-06,2,124.28101841821152,134.93
2026-09-06,3,119.372008231395,128.97
2026-09-06,4,115.68908905321928,111.09
2026-09-06,5,119.6229349496588,129.99
2026-09-06,6,118.26724665793246,121.01
2026-09-06,7,115.68952514985898,124.7
2026-09-06,8,114.26809362970012,129.67
2026-09-06,9,116.51733979191688,136.79
2026-09-06,10,115.359359641383,137.11
2026-09-06,11,116.00522326719934,135.83
2026-09-06,12,114.93923083903476,132.01
2026-09-06,13,114.32416789058476,136.89
2026-09-06,14,113.83020837079424,135.24
2026-09-06,15,113.61806611052836,134.78
2026-09-06,16,114.12779107169546,134.99
2026-09-06,17,114.21885059271273,138.84
2026-09-06,18,114.6013840505684,140.0
2026-09-06,19,116.7678253448149,142.26
2026-09-06,20,120.39003892862144,145.0
2026-09-06,21,117.27002410297698,140.0
2026-09-06,22,120.3323202664576,140.97
2026-09-06,23,130.23302154395128,145.39
2026-09-06,24,132.9410601012609,143.77
2026-09-06,25,130.64321046749336,142.19
2026-09-06,26,132.72031792048804,144.27
2026-09-06,27,132.4545197884795,144.73
2026-09-06,28,133.41577723017028,141.77
2026-09-06,29,139.19673051215293,144.18
2026-09-06,30,134.6172696940046,138.41
2026-09-06,31,123.69634754021207,129.9
2026-09-06,32,118.82461715610891,119.91
2026-09-06,33,132.71810247391994,137.76
2026-09-06,34,112.72655439774948,123.48
2026-09-06,35,94.75379361549426,97.95
2026-09-06,36,67.05178803612088,79.12
2026-09-06,37,89.6962746725813,77.82
2026-09-06,38,64.54801970790805,53.4
2026-09-06,39,45.75126177003676,10.29
2026-09-06,40,31.68984773964645,5.74
2026-09-06,41,35.2029432650199,1.74
2026-09-06,42,16.86544492640816,0.28
2026-09-06,43,10.671982911651128,0.01
2026-09-06,44,9.70983327260609,0.0
2026-09-06,45,1.8826161873435725,0.0
2026-09-06,46,0.527271280810524,0.0
2026-09-06,47,2.998857270919892,-0.01
2026-09-06,48,1.930479424114324,-0.13
2026-09-06,49,-3.211612046808256,-0.49
2026-09-06,50,-0.4594648695497287,-1.19
2026-09-06,51,-1.0340585771785484,-1.3
2026-09-06,52,-1.869825845295722,-1.48
2026-09-06,53,-2.273773255984329,-1.63
2026-09-06,54,-3.005644015042426,-1.81
2026-09-06,55,-1.5391903599668064,-1.74
2026-09-06,56,-2.764559728603638,-1.35
2026-09-06,57,-2.320618645424481,-1.46
2026-09-06,58,-0.5766598912495211,-1.0
2026-09-06,59,-1.507044362809105,-0.1
2026-09-06,60,-0.5673606770427853,-0.06
2026-09-06,61,-0.8793385680560135,-0.02
2026-09-06,62,-0.161498331986361,-0.01
2026-09-06,63,4.543994111705651,0.0
2026-09-06,64,14.060680993651784,0.01
2026-09-06,65,10.053745852869609,0.01
2026-09-06,66,24.319899075725075,1.94
2026-09-06,67,60.86502685622608,20.0
2026-09-06,68,86.32990532925785,57.83
2026-09-06,69,70.17884896216731,57.23
2026-09-06,70,109.92905323914918,92.4
2026-09-06,71,148.0396189541704,150.74
2026-09-06,72,175.70285782114,192.31
2026-09-06,73,156.75877672860398,154.52
2026-09-06,74,181.32554711331625,181.83
2026-09-06,75,228.9832433129588,205.87
2026-09-06,76,248.04533038025016,234.2
2026-09-06,77,231.43947288793987,199.96
2026-09-06,78,244.74816339521743,221.99
2026-09-06,79,251.23535525488188,225.53
2026-09-06,80,252.68171559739065,240.47
2026-09-06,81,227.8046425893233,224.99
2026-09-06,82,231.9870704777096,228.57
2026-09-06,83,233.9653878146044,235.06
2026-09-06,84,233.89192341969127,222.0
2026-09-06,85,231.38050256148048,230.95
2026-09-06,86,220.6427881522144,207.44
2026-09-06,87,203.4805085707449,200.0
2026-09-06,88,191.42013474754344,186.23
2026-09-06,89,206.154597820152,203.97
2026-09-06,90,191.4089912793535,191.26
2026-09-06,91,184.7452204151884,185.8
2026-09-06,92,176.10062252971363,176.51
2026-09-06,93,182.9456555142117,182.34
2026-09-06,94,172.74921670522576,171.84
2026-09-06,95,169.90309505598634,170.43
2026-09-06,96,162.41916968470923,153.72
2026-09-07,1,174.43460109180546,169.99
2026-09-07,2,164.1624316486416,156.71
2026-09-07,3,158.42853036840458,149.59
2026-09-07,4,151.91750560935046,145.72
2026-09-07,5,159.77082833745686,157.22
2026-09-07,6,153.08554995817502,150.11
2026-09-07,7,150.9833214208815,149.43
2026-09-07,8,146.67339316858954,146.67
2026-09-07,9,149.41525873661172,149.07
2026-09-07,10,146.37516654743897,149.01
2026-09-07,11,145.66325450736537,148.34
2026-09-07,12,144.06195246688844,146.85
2026-09-07,13,145.70900851622235,150.43
2026-09-07,14,144.79388679867316,147.39
2026-09-07,15,144.1104202825727,147.36
2026-09-07,16,144.10141361551763,147.67
2026-09-07,17,143.538013989306,147.59
2026-09-07,18,144.5590419357939,149.44
2026-09-07,19,146.59942629540163,150.73
2026-09-07,20,149.92066428192004,159.61
2026-09-07,21,147.23728080714184,154.8
2026-09-07,22,153.31338107997237,165.06
2026-09-07,23,161.00309340504626,178.47
2026-09-07,24,174.8508611780001,193.15
2026-09-07,25,174.33917097702647,194.31
2026-09-07,26,188.1300570462709,205.99
2026-09-07,27,192.39704773258228,211.67
2026-09-07,28,200.18240271203888,217.93
2026-09-07,29,202.73437863858345,220.52
2026-09-07,30,205.07285819060712,224.05
2026-09-07,31,203.48139817218893,222.12
2026-09-07,32,199.39974821666613,214.76
2026-09-07,33,214.1373311446852,230.04
2026-09-07,34,207.2096554319972,219.95
2026-09-07,35,192.32344770039725,206.24
2026-09-07,36,179.18753477532584,193.0
2026-09-07,37,206.48824928980463,208.65
2026-09-07,38,179.34543720270923,198.7
2026-09-07,39,157.3067579352519,164.63
2026-09-07,40,140.77687727958332,149.2
2026-09-07,41,159.92645205862908,161.55
2026-09-07,42,141.2942123783561,152.78
2026-09-07,43,127.8964136842786,141.4
2026-09-07,44,112.54095934090614,124.35
2026-09-07,45,122.72172229224304,144.03
2026-09-07,46,108.13570815094424,125.66
2026-09-07,47,95.83312124883378,109.08
2026-09-07,48,80.24234151797356,101.34
2026-09-07,49,88.34515568143661,107.13
2026-09-07,50,76.92794567030984,93.86
2026-09-07,51,69.69052607412166,67.51
2026-09-07,52,64.83272552768877,50.01
2026-09-07,53,67.93104662732358,60.42
2026-09-07,54,63.456039769240746,44.21
2026-09-07,55,53.60530033968264,37.27
2026-09-07,56,50.60621613868165,24.63
2026-09-07,57,54.41796621644006,30.59
2026-09-07,58,53.85116712026438,30.73
2026-09-07,59,61.319725065305306,30.75
2026-09-07,60,65.28114640203134,34.44
2026-09-07,61,61.41381720266635,38.93
2026-09-07,62,66.01269885555945,54.02
2026-09-07,63,75.17417316645137,75.15
2026-09-07,64,85.91801337689367,84.5
2026-09-07,65,74.99607501647904,58.54
2026-09-07,66,94.47461007527544,91.77
2026-09-07,67,115.28021924081015,126.18
2026-09-07,68,130.80802341628373,155.9
2026-09-07,69,118.11969772431485,115.17
2026-09-07,70,137.78779567253852,148.22
2026-09-07,71,162.95205721162242,171.0
2026-09-07,72,173.21982668159887,211.79
2026-09-07,73,166.1400160245094,174.05
2026-09-07,74,179.3743515682134,192.26
2026-09-07,75,194.7177770193149,206.0
2026-09-07,76,209.87477104111343,252.97
2026-09-07,77,200.89476653593,221.99
2026-09-07,78,209.2884608048421,236.38
2026-09-07,79,217.2134136902568,253.66
2026-09-07,80,234.11774943783703,248.16
2026-09-07,81,218.2263909553294,229.04
2026-09-07,82,215.8143344787972,235.0
2026-09-07,83,213.67878904113465,240.58
2026-09-07,84,210.4673787212393,227.45
2026-09-07,85,214.97889823153423,234.07
2026-09-07,86,203.2910153378808,207.99
2026-09-07,87,193.8287312610336,198.52
2026-09-07,88,181.8210185905395,180.07
2026-09-07,89,194.45222612616345,194.52
2026-09-07,90,184.0004776697936,188.36
2026-09-07,91,181.1758699317801,185.58
2026-09-07,92,172.19680452230304,180.0
2026-09-07,93,173.9847948530455,179.98
2026-09-07,94,166.42139836876714,171.79
2026-09-07,95,163.04756982531646,169.45
2026-09-07,96,152.8435463967167,161.59
2026-09-08,1,175.28406604247195,205.99
2026-09-08,2,168.63061418389486,176.28
2026-09-08,3,162.69011984385844,167.94
2026-09-08,4,155.54650458261193,164.51
2026-09-08,5,164.21100699193698,175.18
2026-09-08,6,159.45445175283356,168.04
2026-09-08,7,156.82638506169496,166.24
2026-09-08,8,153.49052265039583,160.31
2026-09-08,9,155.89902190422447,157.19
2026-09-08,10,153.19483142330222,154.88
2026-09-08,11,151.82586194748683,155.48
2026-09-08,12,150.16618921490658,155.34
2026-09-08,13,151.30983216766086,151.3
2026-09-08,14,150.3349114180094,153.05
2026-09-08,15,150.39250233469195,152.59
2026-09-08,16,148.75643600699277,152.77
2026-09-08,17,146.8838589405793,151.47
2026-09-08,18,151.39376656907254,152.27
2026-09-08,19,153.47097955230694,153.16
2026-09-08,20,156.49709289254855,151.0
2026-09-08,21,154.2269894272695,154.02
2026-09-08,22,157.84675882706205,158.86
2026-09-08,23,168.4658895445742,168.81
2026-09-08,24,179.2462323702689,187.82
2026-09-08,25,183.73096470621263,186.85
2026-09-08,26,197.68236049845407,202.8
2026-09-08,27,201.3510459094649,210.0
2026-09-08,28,206.95995534671084,212.51
2026-09-08,29,215.31815339416588,244.43
2026-09-08,30,214.2597780029418,228.33
2026-09-08,31,210.0371233763681,216.47
2026-09-08,32,198.3742518945228,212.47
2026-09-08,33,223.0637029094509,230.01
2026-09-08,34,206.9267988438292,215.61
2026-09-08,35,190.31560533754885,199.98
2026-09-08,36,171.67016814435553,157.34
2026-09-08,37,202.7324783994723,199.88
2026-09-08,38,168.62362353928702,167.36
2026-09-08,39,145.76960066614845,138.54
2026-09-08,40,128.89220210339272,105.14
2026-09-08,41,147.65764422979893,149.48
2026-09-08,42,129.67855122459602,129.98
2026-09-08,43,121.07594946323584,99.48
2026-09-08,44,113.2135033855902,50.0
2026-09-08,45,117.75137918884226,95.44
2026-09-08,46,106.8080049925835,67.56
2026-09-08,47,83.98451547861038,44.59
2026-09-08,48,57.36040020936744,21.36
2026-09-08,49,69.20682676002332,30.0
2026-09-08,50,48.19942591361848,23.19
2026-09-08,51,36.27582322299654,10.06
2026-09-08,52,25.9309986322869,3.95
2026-09-08,53,28.884545249411985,7.82
2026-09-08,54,21.982225824355773,0.09
2026-09-08,55,17.302504934563217,0.02
2026-09-08,56,11.675186658669649,0.01
2026-09-08,57,13.075204628810736,0.01
2026-09-08,58,16.062291211684254,0.01
2026-09-08,59,21.76021687588913,0.03
2026-09-08,60,26.77057965474859,6.53
2026-09-08,61,20.670401034948267,14.97
2026-09-08,62,31.10483142538369,32.28
2026-09-08,63,42.305922104077936,66.02
2026-09-08,64,57.5859517280945,81.26
2026-09-08,65,45.59145247519831,15.43
2026-09-08,66,75.19894226018276,50.0
2026-09-08,67,99.84133024793226,109.27
2026-09-08,68,122.6976850665896,139.8
2026-09-08,69,110.5808996674394,110.2
2026-09-08,70,134.09630446229585,144.49
2026-09-08,71,175.19955190944108,171.67
2026-09-08,72,187.5700300971613,210.11
2026-09-08,73,175.35249068805328,157.42
2026-09-08,74,199.1596002936654,199.94
2026-09-08,75,229.9924146650144,209.0
2026-09-08,76,248.44761319800924,235.96
2026-09-08,77,231.21357827011065,213.0
2026-09-08,78,247.37247300848648,229.32
2026-09-08,79,249.89618186348616,254.26
2026-09-08,80,277.95450016774925,266.45
2026-09-08,81,258.89237209796306,271.63
2026-09-08,82,258.5602340863562,266.83
2026-09-08,83,254.14722313832235,255.57
2026-09-08,84,240.0120262960995,235.31
2026-09-08,85,242.19380212872505,245.31
2026-09-08,86,223.1196835416158,221.84
2026-09-08,87,209.03490901218504,211.61
2026-09-08,88,190.57878935118103,197.0
2026-09-08,89,208.78865266999475,206.91
2026-09-08,90,191.89949952593787,197.09
2026-09-08,91,188.8634350438186,194.25
2026-09-08,92,177.6574660214066,185.77
2026-09-08,93,178.62081426894105,191.0
2026-09-08,94,172.32256863997267,180.44
2026-09-08,95,169.26320771823694,177.02
2026-09-08,96,158.95989506929476,161.33
2026-09-09,1,163.97781852561667,150.34
2026-09-09,2,154.45533428319152,151.09
2026-09-09,3,148.72253790588132,150.92
2026-09-09,4,142.6450620727221,147.48
2026-09-09,5,150.22158002890706,152.62
2026-09-09,6,143.89351332244686,146.63
2026-09-09,7,141.9939842215022,143.25
2026-09-09,8,137.43487446025924,140.79
2026-09-09,9,140.16015110475684,146.76
2026-09-09,10,137.662062602151,145.21
2026-09-09,11,136.32113869029266,142.41
2026-09-09,12,134.74394477697874,138.97
2026-09-09,13,135.10067547948557,144.03
2026-09-09,14,134.61179034785448,138.76
2026-09-09,15,134.8680182875302,138.11
2026-09-09,16,135.0908330147868,137.01
2026-09-09,17,134.15200382726047,138.46
2026-09-09,18,134.31790881912738,137.92
2026-09-09,19,135.96288857766822,137.41
2026-09-09,20,141.16801824061366,137.65
2026-09-09,21,137.04357611976246,136.91
2026-09-09,22,143.826262840361,138.57
2026-09-09,23,151.6028730129254,144.07
2026-09-09,24,164.44281153190448,149.94
2026-09-09,25,164.18438268776356,154.12
2026-09-09,26,180.01322762228023,174.92
2026-09-09,27,185.4043541462869,178.94
2026-09-09,28,192.5871643601685,188.04
2026-09-09,29,197.6586572171789,201.75
2026-09-09,30,201.05251279198387,200.21
2026-09-09,31,199.09889488469764,199.92
2026-09-09,32,204.9641134621072,197.18
2026-09-09,33,209.21855950295344,220.07
2026-09-09,34,203.0941457284032,202.0
2026-09-09,35,187.9792497138345,196.01
2026-09-09,36,169.27773540456212,173.85
2026-09-09,37,198.45342282003023,195.0
2026-09-09,38,169.39929008323338,163.76
2026-09-09,39,147.72609808114316,148.21
2026-09-09,40,135.34079182459752,135.06
2026-09-09,41,152.09215924589083,137.55
2026-09-09,42,135.5493186644511,132.12
2026-09-09,43,124.35429476464604,123.27
2026-09-09,44,106.30617899168506,100.61
2026-09-09,45,116.16145900565604,123.16
2026-09-09,46,100.32856905287312,108.99
2026-09-09,47,85.96491913020684,92.16
2026-09-09,48,72.8818605297542,79.98
2026-09-09,49,89.4663099454792,108.56
2026-09-09,50,65.69139495912103,87.89
2026-09-09,51,61.200775232052806,83.47
2026-09-09,52,60.5580688912485,72.24
2026-09-09,53,64.0801729913238,79.59
2026-09-09,54,58.00673104593355,70.35
2026-09-09,55,55.47612205157272,62.04
2026-09-09,56,53.393341838533054,56.34
2026-09-09,57,56.16218353505547,60.85
2026-09-09,58,51.40148069894461,62.65
2026-09-09,59,51.6777337546753,60.45
2026-09-09,60,54.10887235599555,62.33
2026-09-09,61,52.76215813215617,60.42
2026-09-09,62,58.46768011384839,69.59
2026-09-09,63,69.3784000213455,78.26
2026-09-09,64,79.20499180782997,83.48
2026-09-09,65,59.963014426448005,64.69
2026-09-09,66,82.24416183295388,82.99
2026-09-09,67,114.88959452175224,111.51
2026-09-09,68,119.63130666391078,123.21
2026-09-09,69,123.63105061965254,106.31
2026-09-09,70,146.2647597385716,129.12
2026-09-09,71,177.22927876639423,140.54
2026-09-09,72,186.19211300049355,152.26
2026-09-09,73,170.49460779267645,138.21
2026-09-09,74,185.84609226308768,167.25
2026-09-09,75,197.3020913280148,187.65
2026-09-09,76,208.9439153437185,201.63
2026-09-09,77,201.7330997449218,197.52
2026-09-09,78,213.81859611139112,202.25
2026-09-09,79,209.81082173626265,202.08
2026-09-09,80,221.49619195276733,206.29
2026-09-09,81,208.4356983377128,202.57
2026-09-09,82,205.78035417056464,200.8
2026-09-09,83,209.32241743362124,202.26
2026-09-09,84,205.9127870412545,203.8
2026-09-09,85,210.1406496422629,204.92
2026-09-09,86,201.01668168228807,198.0
2026-09-09,87,193.16273489131552,195.76
2026-09-09,88,183.97290892119523,187.37
2026-09-09,89,194.10349058437168,190.05
2026-09-09,90,187.1973339576689,175.81
2026-09-09,91,183.9666650461292,171.66
2026-09-09,92,176.18783136534,162.42
2026-09-09,93,177.73592651291338,168.0
2026-09-09,94,169.59292682620512,155.4
2026-09-09,95,166.9104466077871,148.76
2026-09-09,96,157.78730720612296,140.85
2026-09-10,1,180.7417547209699,172.77
2026-09-10,2,167.02247138893364,160.0
2026-09-10,3,165.86850117508922,154.33
2026-09-10,4,160.43746154589195,153.62
2026-09-10,5,165.9781149786287,154.46
2026-09-10,6,159.82786971698155,159.26
2026-09-10,7,158.00919074272088,158.09
2026-09-10,8,157.7912326978751,157.58
2026-09-10,9,156.27906824811072,157.27
2026-09-10,10,156.91770632765133,156.21
2026-09-10,11,159.01075748670195,162.08
2026-09-10,12,159.2248722085074,162.37
2026-09-10,13,158.4001980218618,162.09
2026-09-10,14,162.65365053280726,163.29
2026-09-10,15,163.49577332153592,160.84
2026-09-10,16,166.01930337979888,163.3
2026-09-10,17,163.3076973249197,163.29
2026-09-10,18,157.9599368661278,165.99
2026-09-10,19,162.18647697855283,171.36
2026-09-10,20,173.06404763073334,177.96
2026-09-10,21,162.82910535149276,170.24
2026-09-10,22,180.2555761894451,177.14
2026-09-10,23,196.26604280637352,187.35
2026-09-10,24,206.91552241477007,200.93
2026-09-10,25,203.9896485186638,192.14
2026-09-10,26,219.3459153895153,206.18
2026-09-10,27,235.61968736619627,218.27
2026-09-10,28,238.55381040095992,226.77
2026-09-10,29,238.2036512167097,226.79
2026-09-10,30,242.9153211813721,234.0
2026-09-10,31,244.96940983592583,236.99
2026-09-10,32,217.8742591494276,229.94
2026-09-10,33,245.86995379764195,248.93
2026-09-10,34,230.1266565292433,227.5
2026-09-10,35,211.58190821219165,216.08
2026-09-10,36,184.527536729845,195.67
2026-09-10,37,223.13298819730213,215.99
2026-09-10,38,189.1897363751856,195.01
2026-09-10,39,165.25265080387638,173.82
2026-09-10,40,151.40327899276707,155.09
2026-09-10,41,169.68786838237662,174.91
2026-09-10,42,152.77911099417958,151.1
2026-09-10,43,136.58908446825575,137.25
2026-09-10,44,115.6319101300188,122.2
2026-09-10,45,134.56701680305474,131.54
2026-09-10,46,118.85671364160032,117.81
2026-09-10,47,110.52748406353062,99.16
2026-09-10,48,80.94504737285523,73.77
2026-09-10,49,94.94476125345044,90.0
2026-09-10,50,77.46740338937343,75.98
2026-09-10,51,67.29200694220279,74.57
2026-09-10,52,65.63815104402575,66.02
2026-09-10,53,71.70356036661977,69.38
2026-09-10,54,66.41419512553205,62.38
2026-09-10,55,72.30556939468909,63.46
2026-09-10,56,73.9789935761673,69.34
2026-09-10,57,78.39925519296303,77.66
2026-09-10,58,71.92193811961985,89.36
2026-09-10,59,72.3242836326232,96.26
2026-09-10,60,89.49296634298159,103.76
2026-09-10,61,93.7145267261807,101.36
2026-09-10,62,115.19392360762184,112.92
2026-09-10,63,131.38661748978805,123.88
2026-09-10,64,142.95637418621527,132.54
2026-09-10,65,124.8571686959914,111.19
2026-09-10,66,137.23519514680902,143.2
2026-09-10,67,157.21587799563048,162.02
2026-09-10,68,190.31000634673592,181.78
2026-09-10,69,157.29691062583623,154.76
2026-09-10,70,182.8070822769532,184.41
2026-09-10,71,205.8143650609084,196.8
2026-09-10,72,244.6738990790652,215.62
2026-09-10,73,214.7743263263628,204.41
2026-09-10,74,241.4591622359493,238.38
2026-09-10,75,283.67106913163593,255.2
2026-09-10,76,389.0684024158278,302.01
2026-09-10,77,364.8654724951897,354.24
2026-09-10,78,443.4853966562898,401.56
2026-09-10,79,499.4792245400487,502.54
2026-09-10,80,528.4739743048318,585.1
2026-09-10,81,482.62832431234006,578.76
2026-09-10,82,504.5705227347709,471.93
2026-09-10,83,456.8067324791545,366.57
2026-09-10,84,378.1273819253249,300.06
2026-09-10,85,445.109368026966,271.39
2026-09-10,86,331.9895142960314,268.06
2026-09-10,87,273.3572799417891,241.43
2026-09-10,88,228.63551257211768,238.01
2026-09-10,89,244.1584817047068,239.7
2026-09-10,90,223.55890662439924,226.41
2026-09-10,91,217.60140384321687,222.95
2026-09-10,92,201.2611789417699,211.3
2026-09-10,93,203.5906984669603,218.15
2026-09-10,94,194.159198752702,210.54
2026-09-10,95,188.2334275978125,197.59
2026-09-10,96,177.81200920971648,171.33
2026-09-11,1,199.8542661557516,183.77
2026-09-11,2,187.0811940577259,186.09
2026-09-11,3,182.4244255649789,186.74
2026-09-11,4,177.43938672871008,180.73
2026-09-11,5,183.48024388870067,196.82
2026-09-11,6,178.92982719789268,178.05
2026-09-11,7,177.6435569712041,175.47
2026-09-11,8,173.30891734018078,172.53
2026-09-11,9,171.9501743493434,175.09
2026-09-11,10,169.50932927926513,172.37
2026-09-11,11,166.32636466695212,169.84
2026-09-11,12,164.04954854265327,168.31
2026-09-11,13,168.07419184437097,165.95
2026-09-11,14,166.69159249144508,163.53
2026-09-11,15,166.7619009005191,165.3
2026-09-11,16,166.78194902757633,163.75
2026-09-11,17,166.438309878479,165.79
2026-09-11,18,165.1138979869592,167.12
2026-09-11,19,167.6079901067201,167.32
2026-09-11,20,172.16261314650575,168.53
2026-09-11,21,168.42516344843048,170.47
2026-09-11,22,177.7780384704182,173.85
2026-09-11,23,187.4438385768605,176.44
2026-09-11,24,206.8445678693924,183.4
2026-09-11,25,205.77504718356136,190.83
2026-09-11,26,222.172828432863,200.27
2026-09-11,27,233.40829568727003,206.46
2026-09-11,28,240.51688582360683,213.49
2026-09-11,29,240.79417001863385,221.67
2026-09-11,30,250.2220853486352,223.94
2026-09-11,31,244.7392533981115,224.34
2026-09-11,32,231.7344562172815,222.52
2026-09-11,33,252.13254678014536,233.43
2026-09-11,34,241.8584079759828,223.82
2026-09-11,35,222.2366623850453,213.25
2026-09-11,36,200.6551904205716,186.31
2026-09-11,37,235.49502462733207,204.75
2026-09-11,38,211.5447949455855,200.49
2026-09-11,39,187.4080319903732,191.95
2026-09-11,40,177.8821508152131,180.75
2026-09-11,41,195.49944706155264,204.6
2026-09-11,42,180.00206373753468,175.08
2026-09-11,43,163.78969968277795,169.13
2026-09-11,44,143.8926880903687,164.05
2026-09-11,45,158.89232121838808,157.73
2026-09-11,46,140.66285826015348,151.08
2026-09-11,47,129.65125781347908,143.84
2026-09-11,48,113.84531916377924,136.81
2026-09-11,49,125.94978069842102,137.2
2026-09-11,50,114.1105907190358,124.01
2026-09-11,51,111.82338769053338,130.17
2026-09-11,52,107.1229814062059,137.2
2026-09-11,53,109.90287239228272,121.92
2026-09-11,54,106.69767278217014,129.24
2026-09-11,55,104.36136283783485,135.0
2026-09-11,56,103.67269040693316,139.88
2026-09-11,57,102.35117634840034,138.18
2026-09-11,58,108.39876945853544,145.02
2026-09-11,59,113.73235719156295,149.1
2026-09-11,60,126.35375217013724,153.55
2026-09-11,61,141.2497833750515,150.0
2026-09-11,62,146.13352313654065,153.59
2026-09-11,63,157.25517259122523,158.37
2026-09-11,64,157.27200993752157,172.6
2026-09-11,65,151.36665252631258,157.43
2026-09-11,66,151.003787045502,175.28
2026-09-11,67,170.99620742955824,192.0
2026-09-11,68,193.72404747943816,201.9
2026-09-11,69,170.9626634860031,181.52
2026-09-11,70,190.9247167350439,205.93
2026-09-11,71,210.83055677462613,216.99
2026-09-11,72,235.1697514188764,233.01
2026-09-11,73,212.485658934821,216.99
2026-09-11,74,246.96240205247503,238.03
2026-09-11,75,259.6550377848381,260.78
2026-09-11,76,281.936079426179,278.16
2026-09-11,77,274.42427056079146,288.88
2026-09-11,78,304.6572975749442,299.67
2026-09-11,79,322.74944702910915,321.55
2026-09-11,80,340.5100048017158,326.46
2026-09-11,81,320.9336163121065,315.61
2026-09-11,82,305.98955674500667,294.94
2026-09-11,83,294.52300058380683,277.21
2026-09-11,84,280.49127205755093,267.9
2026-09-11,85,288.7270610163272,270.29
2026-09-11,86,266.2200239312697,245.22
2026-09-11,87,250.93759662638888,236.0
2026-09-11,88,234.38320897471576,228.79
2026-09-11,89,238.18694580978632,234.01
2026-09-11,90,232.55990748343865,225.01
2026-09-11,91,228.94413492256177,222.31
2026-09-11,92,216.36539393730573,218.53
2026-09-11,93,216.8192165899744,217.0
2026-09-11,94,207.3436801049201,207.0
2026-09-11,95,200.7578837643859,202.41
2026-09-11,96,186.14006271698543,192.02
2026-09-12,1,207.5439701167209,212.04
2026-09-12,2,196.07763293489523,206.52
2026-09-12,3,190.74720631142213,203.68
2026-09-12,4,185.12571131079864,198.88
2026-09-12,5,197.49478303131104,205.88
2026-09-12,6,190.653600110833,199.05
2026-09-12,7,191.2739884422428,197.21
2026-09-12,8,187.4614560727928,194.0
2026-09-12,9,184.0792851368409,197.97
2026-09-12,10,183.32764554355944,198.57
2026-09-12,11,178.89175703106667,195.0
2026-09-12,12,177.52000020039662,194.0
2026-09-12,13,182.1878677101292,190.18
2026-09-12,14,185.16319216893257,189.82
2026-09-12,15,185.58111346429988,188.6
2026-09-12,16,180.1858050042744,188.6
2026-09-12,17,178.28954587448976,184.5
2026-09-12,18,177.50379075892783,182.43
2026-09-12,19,178.07926985748907,185.0
2026-09-12,20,178.17518188264015,185.0
2026-09-12,21,178.16410558760418,184.5
2026-09-12,22,179.61366433455487,185.2
2026-09-12,23,185.5257192703193,186.37
2026-09-12,24,191.6968544721961,190.73
2026-09-12,25,193.5718949617553,190.15
2026-09-12,26,196.7416838451605,192.74
2026-09-12,27,197.68503329329613,196.8
2026-09-12,28,194.3786136742513,193.07
2026-09-12,29,202.77545332701203,199.88
2026-09-12,30,200.0116358629788,196.7
2026-09-12,31,194.6037596003724,191.12
2026-09-12,32,180.58653460260783,186.8
2026-09-12,33,210.23687482022257,200.75
2026-09-12,34,195.0316771911816,188.62
2026-09-12,35,175.03876284212805,161.01
2026-09-12,36,167.73798448176166,144.94
2026-09-12,37,189.55284288641425,182.81
2026-09-12,38,162.17674756247652,150.39
2026-09-12,39,141.5531454857407,131.71
2026-09-12,40,124.7586248788023,108.19
2026-09-12,41,141.61233415696813,122.71
2026-09-12,42,118.21999279611106,105.77
2026-09-12,43,97.26823291400596,85.0
2026-09-12,44,74.21728998682092,43.36
2026-09-12,45,87.79070093211133,65.89
2026-09-12,46,69.02690653974621,42.8
2026-09-12,47,50.48202500066039,16.84
2026-09-12,48,31.421165769782043,5.86
2026-09-12,49,37.73138394503101,4.04
2026-09-12,50,24.89980668579182,0.0
2026-09-12,51,16.693919528611417,-0.01
2026-09-12,52,9.49012051919391,-0.02
2026-09-12,53,11.567059426421546,-0.01
2026-09-12,54,7.378936189312746,-0.05
2026-09-12,55,5.014214071901933,-0.05
2026-09-12,56,3.539914439925811,-0.09
2026-09-12,57,4.64438448640007,-0.48
2026-09-12,58,6.693321245758251,-0.19
2026-09-12,59,6.4603835803140015,-0.13
2026-09-12,60,10.36281825689299,-0.17
2026-09-12,61,10.252901789605431,-0.01
2026-09-12,62,16.149139977973473,0.0
2026-09-12,63,25.980746739723315,0.0
2026-09-12,64,37.96411173932076,2.91
2026-09-12,65,30.54344744373675,0.01
2026-09-12,66,56.66949885834733,7.17
2026-09-12,67,80.25271166630506,43.29
2026-09-12,68,107.55295078398994,87.29
2026-09-12,69,87.42798585471628,83.4
2026-09-12,70,113.94285427909806,114.22
2026-09-12,71,150.3024310839907,126.78
2026-09-12,72,165.30878536939372,150.4
2026-09-12,73,153.08733194710857,145.35
2026-09-12,74,174.74404023633602,180.12
2026-09-12,75,188.3826272121674,191.46
2026-09-12,76,204.7105258301769,194.83
2026-09-12,77,182.40694962870973,194.44
2026-09-12,78,191.9736107786824,204.81
2026-09-12,79,209.8379671627968,204.46
2026-09-12,80,238.6382806279916,210.24
2026-09-12,81,213.7021460554355,210.99
2026-09-12,82,219.2429593711273,211.17
2026-09-12,83,214.78306899544503,210.92
2026-09-12,84,212.24782722763769,207.69
2026-09-12,85,215.6330189127492,210.75
2026-09-12,86,202.2536233207749,204.94
2026-09-12,87,200.4576381615768,201.06
2026-09-12,88,190.1436991446039,191.74
2026-09-12,89,201.1627802933184,199.35
2026-09-12,90,191.0114227349152,191.77
2026-09-12,91,190.1145182659766,189.05
2026-09-12,92,183.09962617212108,183.73
2026-09-12,93,183.8252327745316,191.46
2026-09-12,94,177.88520746647603,186.02
2026-09-12,95,175.05192056618992,182.21
2026-09-12,96,164.63372450026208,179.55
2026-09-13,1,179.20730122383077,177.83
2026-09-13,2,167.93097207636853,177.83
2026-09-13,3,162.59454200122133,177.83
2026-09-13,4,157.31649757076931,177.83
2026-09-13,5,164.85755422223508,167.6
2026-09-13,6,159.16505391380758,167.6
2026-09-13,7,156.6495016954842,167.6
2026-09-13,8,153.07707992556945,167.6
2026-09-13,9,155.63580384040878,163.03
2026-09-13,10,152.88637265612385,163.03
2026-09-13,11,151.06503016548027,163.03
2026-09-13,12,149.23211186239757,163.03
2026-09-13,13,150.33844544822003,161.73
2026-09-13,14,149.3643382746751,161.73
2026-09-13,15,148.99619244130636,161.73
2026-09-13,16,150.81915547942748,161.73
2026-09-13,17,152.51689092184057,164.06
2026-09-13,18,148.44348105965562,164.06
2026-09-13,19,149.22469895236836,164.06
2026-09-13,20,151.99596330611217,164.06
2026-09-13,21,150.18283483079733,168.03
2026-09-13,22,154.25277350443912,168.03
2026-09-13,23,157.60095791637883,168.03
2026-09-13,24,159.8827101280419,168.03
2026-09-13,25,162.12165784134004,175.27
2026-09-13,26,163.25961686503396,175.27
2026-09-13,27,163.06276683883598,175.27
2026-09-13,28,160.86795689574848,175.27
2026-09-13,29,166.7705164889516,178.93
2026-09-13,30,160.48374636693322,178.93
2026-09-13,31,156.07926340474677,178.93
2026-09-13,32,147.36417353637137,178.93
2026-09-13,33,169.5184492861693,167.88
2026-09-13,34,155.6448500654409,167.88
2026-09-13,35,140.37939183988573,167.88
2026-09-13,36,121.9319024468954,167.88
2026-09-13,37,143.54529853627903,144.24
2026-09-13,38,126.1343881717128,144.24
2026-09-13,39,114.61037234050902,144.24
2026-09-13,40,111.49723637977922,144.24
2026-09-13,41,117.26233969692224,120.0
2026-09-13,42,113.6055961484671,120.0
2026-09-13,43,106.97262105052876,120.0
2026-09-13,44,100.7423339239854,120.0
2026-09-13,45,103.0761036691464,105.31
2026-09-13,46,96.23621840665731,105.31
2026-09-13,47,86.8591993154104,105.31
2026-09-13,48,77.99482151142482,105.31
2026-09-13,49,80.56460539218607,100.83
2026-09-13,50,73.7268356531163,100.83
2026-09-13,51,71.70256534332464,100.83
2026-09-13,52,68.83065213299952,100.83
2026-09-13,53,71.16691223681823,97.11
2026-09-13,54,69.50745425695182,97.11
2026-09-13,55,63.53365978466954,97.11
2026-09-13,56,61.199053279990416,97.11
2026-09-13,57,63.18650277250524,97.1
2026-09-13,58,63.39379256844131,97.1
2026-09-13,59,85.04083842320328,97.1
2026-09-13,60,90.53893149008036,97.1
2026-09-13,61,80.05643160928545,113.17
2026-09-13,62,96.83253871330184,113.17
2026-09-13,63,107.10924200542082,113.17
2026-09-13,64,114.96216464930876,113.17
2026-09-13,65,106.87135680999666,150.98
2026-09-13,66,117.2749682772712,150.98
2026-09-13,67,134.65843384932236,150.98
2026-09-13,68,149.11286896482966,150.98
2026-09-13,69,133.94311333461914,189.14
2026-09-13,70,155.42910038142773,189.14
2026-09-13,71,181.06857493770588,189.14
2026-09-13,72,190.51859687157423,189.14
2026-09-13,73,186.8824161669904,210.0
2026-09-13,74,189.5304018024919,210.0
2026-09-13,75,203.1858087067901,210.0
2026-09-13,76,213.34434626295385,210.0
2026-09-13,77,200.7447341668666,230.01
2026-09-13,78,212.6978717724604,230.01
2026-09-13,79,226.7317832008477,230.01
2026-09-13,80,244.83452264717167,230.01
2026-09-13,81,219.17830517944395,233.83
2026-09-13,82,223.1013083671397,233.83
2026-09-13,83,221.93394716223423,233.83
2026-09-13,84,223.9893092441885,233.83
2026-09-13,85,230.01312033028216,232.37
2026-09-13,86,214.65250354779383,232.37
2026-09-13,87,208.65937114967616,232.37
2026-09-13,88,204.85332229075112,232.37
2026-09-13,89,209.7215628270672,227.46
2026-09-13,90,204.8971824180338,227.46
2026-09-13,91,202.7422413792,227.46
2026-09-13,92,197.22869666596776,227.46
2026-09-13,93,199.1493988757929,210.59
2026-09-13,94,189.95686820399936,210.59
2026-09-13,95,186.34687283623143,210.59
2026-09-13,96,174.78188186103574,210.59
2026-09-14,1,207.3003650124668,218.18
2026-09-14,2,192.5669526698215,205.79
2026-09-14,3,187.68293574590007,196.0
2026-09-14,4,187.5484443183146,186.85
2026-09-14,5,191.86724434632256,192.1
2026-09-14,6,186.81187581900065,187.5
2026-09-14,7,187.614732078082,189.38
2026-09-14,8,181.33100025613845,182.59
2026-09-14,9,180.4330854909633,185.42
2026-09-14,10,178.5569060536825,185.05
2026-09-14,11,173.7468144723976,183.47
2026-09-14,12,177.39584830757667,182.75
2026-09-14,13,176.52755240968935,183.46
2026-09-14,14,178.79795012074857,184.16
2026-09-14,15,178.90867582177796,183.8
2026-09-14,16,178.24562892585533,184.05
2026-09-14,17,180.7336126282686,180.24
2026-09-14,18,178.46332091563949,181.2
2026-09-14,19,181.9721710563718,183.46
2026-09-14,20,187.95465412281,190.12
2026-09-14,21,184.9588064362445,184.46
2026-09-14,22,195.02906059198537,194.47
2026-09-14,23,203.9224240726796,208.57
2026-09-14,24,220.9557260536703,221.0
2026-09-14,25,222.1769555803423,217.24
2026-09-14,26,240.26973365140464,250.88
2026-09-14,27,255.2442404283703,273.4
2026-09-14,28,265.2340688965143,277.25
2026-09-14,29,264.3983212407493,300.1
2026-09-14,30,267.9157282220889,321.56
2026-09-14,31,268.43175165430483,323.39
2026-09-14,32,264.2454415011528,322.58
2026-09-14,33,283.51933516446366,348.3
2026-09-14,34,265.0612415725717,300.05
2026-09-14,35,255.3336184980696,281.75
2026-09-14,36,232.46790641833897,268.3
2026-09-14,37,267.57408107375795,280.22
2026-09-14,38,245.12631435766667,266.7
2026-09-14,39,223.0520547459653,240.05
2026-09-14,40,196.5767016495306,216.56
2026-09-14,41,229.91820090167903,242.08
2026-09-14,42,205.33961125662125,219.99
2026-09-14,43,193.73554286897075,201.59
2026-09-14,44,172.14979102014166,183.66
2026-09-14,45,189.5827360368832,212.14
2026-09-14,46,170.7270413943709,193.79
2026-09-14,47,169.44813997694106,196.8
2026-09-14,48,166.0821395143888,184.47
2026-09-14,49,164.87012863726227,195.54
2026-09-14,50,150.2416502597547,181.43
2026-09-14,51,156.78961563082228,176.87
2026-09-14,52,157.34759367287194,168.87
2026-09-14,53,153.4770553298848,175.15
2026-09-14,54,134.9308010867994,168.46
2026-09-14,55,144.08751779278768,165.82
2026-09-14,56,151.6568116371415,155.59
2026-09-14,57,146.5856488658046,159.82
2026-09-14,58,144.05538830334456,161.77
2026-09-14,59,146.8336072195177,158.11
2026-09-14,60,158.1141222984668,166.0
2026-09-14,61,172.9931084827501,152.91
2026-09-14,62,171.6399415516614,155.59
2026-09-14,63,176.46794783158316,169.1
2026-09-14,64,176.04213271073516,182.0
2026-09-14,65,172.21332487800683,152.0
2026-09-14,66,165.11681092047093,170.08
2026-09-14,67,189.35906311217136,190.0
2026-09-14,68,193.4450222241321,210.51
2026-09-14,69,182.7892990070379,179.23
2026-09-14,70,191.35765578899105,214.0
2026-09-14,71,202.29992300028093,253.13
2026-09-14,72,267.4915535365077,288.31
2026-09-14,73,232.18355967848336,259.12
2026-09-14,74,268.5757948813274,306.36
2026-09-14,75,280.368316458006,450.0
2026-09-14,76,327.1266313010317,584.88
2026-09-14,77,317.5843081130307,649.11
2026-09-14,78,363.2094306490311,700.07
2026-09-14,79,380.38868993062215,700.04
2026-09-14,80,404.05334260707696,740.01
2026-09-14,81,403.6554122302464,704.41
2026-09-14,82,378.5329428359497,585.23
2026-09-14,83,346.88532553864826,447.3
2026-09-14,84,318.8897003353417,367.47
2026-09-14,85,323.3590590433238,373.3
2026-09-14,86,293.54435387142223,309.41
2026-09-14,87,271.462813400068,270.06
2026-09-14,88,249.8474916972215,248.81
2026-09-14,89,259.08292354806787,267.01
2026-09-14,90,244.3919999317692,252.15
2026-09-14,91,242.2552631226752,242.77
2026-09-14,92,228.28132715652367,225.08
2026-09-14,93,228.04044046964304,241.7
2026-09-14,94,217.76406251470056,227.75
2026-09-14,95,210.6575720437329,221.53
2026-09-14,96,196.70748620556623,207.57
2026-09-15,1,224.3082734093345,219.74
2026-09-15,2,199.8447797133187,217.76
2026-09-15,3,193.71628445873068,205.88
2026-09-15,4,191.8889216095926,192.17
2026-09-15,5,200.18912080386087,211.24
2026-09-15,6,190.75413956750884,198.43
2026-09-15,7,188.32960827329407,194.29
2026-09-15,8,181.9019585253581,188.1
2026-09-15,9,180.6880522631776,189.9
2026-09-15,10,181.58877987146508,187.25
2026-09-15,11,178.47301918177172,188.45
2026-09-15,12,176.82432287820774,187.81
2026-09-15,13,178.70020163487993,185.3
2026-09-15,14,175.11759777840084,185.99
2026-09-15,15,176.7813541381002,187.33
2026-09-15,16,174.02211811707923,184.0
2026-09-15,17,174.29258097080856,184.06
2026-09-15,18,179.68522726346634,184.3
2026-09-15,19,173.0965091238009,184.53
2026-09-15,20,174.66240420667555,181.31
2026-09-15,21,177.90539955739806,184.37
2026-09-15,22,179.9902725405829,187.0
2026-09-15,23,191.5021855145476,199.59
2026-09-15,24,211.84632958158568,216.07
2026-09-15,25,211.5660422800018,222.91
2026-09-15,26,233.02118266628847,238.0
2026-09-15,27,241.00156748218552,239.38
2026-09-15,28,242.36923762406352,249.41
2026-09-15,29,261.6351820690526,281.57
2026-09-15,30,258.3938502669278,270.61
2026-09-15,31,243.88938646468705,252.91
2026-09-15,32,226.05656343829344,243.22
2026-09-15,33,262.0685539542037,268.06
2026-09-15,34,241.38824649633472,241.51
2026-09-15,35,230.7613510801756,225.01
2026-09-15,36,189.0203751588943,197.87
2026-09-15,37,236.2875880989964,227.5
2026-09-15,38,199.7280335870812,212.6
2026-09-15,39,171.86199899677246,189.05
2026-09-15,40,134.14972627036428,156.43
2026-09-15,41,172.09837432071208,181.16
2026-09-15,42,150.53339318346377,162.59
2026-09-15,43,130.0860431027484,128.03
2026-09-15,44,102.1328427745488,112.06
2026-09-15,45,118.50396198092147,122.33
2026-09-15,46,92.27380407865164,88.74
2026-09-15,47,70.40541654776644,69.0
2026-09-15,48,42.97679347478977,35.41
2026-09-15,49,53.01552055764996,60.68
2026-09-15,50,40.21737955935009,43.42
2026-09-15,51,30.69005164897204,36.38
2026-09-15,52,24.73981955322668,37.39
2026-09-15,53,29.489503888834943,31.87
2026-09-15,54,25.31195072070188,30.18
2026-09-15,55,24.085599862550296,29.56
2026-09-15,56,23.992520832369884,26.39
2026-09-15,57,29.601420168094137,32.36
2026-09-15,58,35.798550937423336,42.31
2026-09-15,59,43.41354368540704,50.08
2026-09-15,60,59.92192377711279,60.05
2026-09-15,61,63.1658596990451,61.65
2026-09-15,62,87.84068080735604,89.83
2026-09-15,63,109.5942818451413,121.19
2026-09-15,64,125.2480349585808,142.1
2026-09-15,65,96.10245940490414,104.05
2026-09-15,66,130.47708314216445,140.36
2026-09-15,67,156.45737721170428,169.79
2026-09-15,68,190.65247663222087,209.89
2026-09-15,69,158.2857347710563,165.79
2026-09-15,70,179.62841158429217,210.15
2026-09-15,71,204.9746246450995,230.2
2026-09-15,72,240.55306059431825,247.72
2026-09-15,73,207.0818913943098,217.83
2026-09-15,74,262.7467818187642,235.0
2026-09-15,75,271.41301231274537,258.69
2026-09-15,76,278.5544670196692,294.52
2026-09-15,77,282.9471193077571,293.68
2026-09-15,78,301.4248444066277,312.4
2026-09-15,79,293.1313299937918,307.35
2026-09-15,80,327.1609339464203,300.03
2026-09-15,81,302.04384111863783,279.77
2026-09-15,82,289.2136940475576,251.2
2026-09-15,83,255.92535277092173,245.93
2026-09-15,84,244.4541361544489,238.7
2026-09-15,85,255.42857468826367,231.3
2026-09-15,86,235.4095505447277,226.54
2026-09-15,87,220.4044550819302,223.45
2026-09-15,88,205.55784218069,208.0
2026-09-15,89,218.67985296137567,212.98
2026-09-15,90,207.77016248172976,201.34
2026-09-15,91,203.3148869868039,198.01
2026-09-15,92,196.05288798076035,185.52
2026-09-15,93,195.49127714132348,193.54
2026-09-15,94,187.88608451847847,186.6
2026-09-15,95,183.2567254251445,179.67
2026-09-15,96,171.12195650815755,171.04
2026-09-16,1,192.2956773550985,181.74
2026-09-16,2,182.56871105537184,178.97
2026-09-16,3,178.32686310168685,174.59
2026-09-16,4,172.8859390555201,170.88
2026-09-16,5,180.04007573471245,173.18
2026-09-16,6,174.6723376226098,170.8
2026-09-16,7,172.45639015338867,170.88
2026-09-16,8,168.26506715188776,170.01
2026-09-16,9,170.29029428611173,167.58
2026-09-16,10,167.53678404157324,167.45
2026-09-16,11,166.64192679824356,170.04
2026-09-16,12,165.6365607323119,169.73
2026-09-16,13,164.9376572848792,169.85
2026-09-16,14,163.75891280984658,168.75
2026-09-16,15,164.90896062518215,167.24
2026-09-16,16,165.14602112954017,168.73
2026-09-16,17,163.9909134275827,170.19
2026-09-16,18,165.83804869295955,167.33
2026-09-16,19,168.09726067231617,169.26
2026-09-16,20,173.8713855951142,171.92
2026-09-16,21,169.95455328041515,168.04
2026-09-16,22,178.4450321990279,178.58
2026-09-16,23,191.5748292737381,187.88
2026-09-16,24,209.0516906095475,225.99
2026-09-16,25,205.4996954341111,199.41
2026-09-16,26,227.98363119944472,218.75
2026-09-16,27,237.9852767912145,233.61
2026-09-16,28,246.0423813361691,243.3
2026-09-16,29,255.9246753573023,246.27
2026-09-16,30,256.6564084127307,240.21
2026-09-16,31,247.2067485927103,235.01
2026-09-16,32,241.64868937015416,230.79
2026-09-16,33,260.78460269608274,247.01
2026-09-16,34,246.33426971965565,237.79
2026-09-16,35,227.5335289368636,223.17
2026-09-16,36,203.9084604320796,192.0
2026-09-16,37,240.5508258944689,219.85
2026-09-16,38,217.4068911358725,200.32
2026-09-16,39,197.2118085973273,176.41
2026-09-16,40,179.01689681165243,169.81
2026-09-16,41,205.4721732259233,186.38
2026-09-16,42,183.58049818259173,174.6
2026-09-16,43,168.51486707453606,168.84
2026-09-16,44,148.04028251998142,161.8
2026-09-16,45,160.27198619603445,154.39
2026-09-16,46,141.06135975347212,149.03
2026-09-16,47,127.43304301314312,136.63
2026-09-16,48,118.65977729228908,128.76
2026-09-16,49,118.67921969633998,130.89
2026-09-16,50,107.07995437876824,113.0
2026-09-16,51,102.71410375513264,109.59
2026-09-16,52,99.92503138131464,100.58
2026-09-16,53,102.0069784207823,104.7
2026-09-16,54,95.62556393368295,98.37
2026-09-16,55,96.10402254210838,96.56
2026-09-16,56,92.85525876926044,90.4
2026-09-16,57,92.60443794645792,99.39
2026-09-16,58,100.19300801652145,101.24
2026-09-16,59,103.73325276158486,103.54
2026-09-16,60,109.62618016196852,105.6
2026-09-16,61,110.86900720422706,107.24
2026-09-16,62,115.97504190610864,117.19
2026-09-16,63,131.74299420734718,130.81
2026-09-16,64,143.27978553390602,132.92
2026-09-16,65,122.68645507489752,131.37
2026-09-16,66,144.4837263234524,143.56
2026-09-16,67,166.68828390227748,165.94
2026-09-16,68,191.6151090007621,193.23
2026-09-16,69,166.81057476643318,182.98
2026-09-16,70,189.2004640394668,204.21
2026-09-16,71,213.5272032920929,209.42
2026-09-16,72,229.49295003131715,222.95
2026-09-16,73,210.8288055701336,204.25
2026-09-16,74,228.07937818712287,221.72
2026-09-16,75,239.4748754827028,234.98
2026-09-16,76,258.85000149934297,263.37
2026-09-16,77,255.1735541043805,237.97
2026-09-16,78,269.4536729100404,248.0
2026-09-16,79,271.2772825748069,262.56
2026-09-16,80,288.2156312660087,269.18
2026-09-16,81,271.4844883068989,264.58
2026-09-16,82,262.9861894253384,248.79
2026-09-16,83,255.66807308553643,239.85
2026-09-16,84,244.6156577510256,234.43
2026-09-16,85,248.5255464426344,236.92
2026-09-16,86,233.3198375956221,229.49
2026-09-16,87,221.8930725723945,215.47
2026-09-16,88,209.1060294874184,199.18
2026-09-16,89,220.13472602058687,213.99
2026-09-16,90,211.2450395206364,201.4
2026-09-16,91,205.92500064150028,196.77
2026-09-16,92,197.3919888394731,191.0
2026-09-16,93,199.1514348781364,198.34
2026-09-16,94,190.7860978035862,189.98
2026-09-16,95,186.3080840647461,184.25
2026-09-16,96,173.779657158568,168.21
2026-09-17,1,199.72095599913385,199.33
2026-09-17,2,185.2462934189813,186.44
2026-09-17,3,171.81491430219523,176.97
2026-09-17,4,167.0589676184166,171.32
2026-09-17,5,179.2905761396928,175.44
2026-09-17,6,169.70928556249302,170.27
2026-09-17,7,165.71905487966583,166.6
2026-09-17,8,160.0685692304666,163.99
2026-09-17,9,162.86041121549962,166.77
2026-09-17,10,158.29426287213704,164.87
2026-09-17,11,155.23183500572924,164.94
2026-09-17,12,152.91174636443475,165.37
2026-09-17,13,155.13276948000097,165.29
2026-09-17,14,152.8467182245645,166.03
2026-09-17,15,152.00744923595315,165.3
2026-09-17,16,151.28073228210656,165.63
2026-09-17,17,150.33165155359228,164.56
2026-09-17,18,150.93815892605062,165.29
2026-09-17,19,151.05044987284086,167.42
2026-09-17,20,152.53994984771282,165.3
2026-09-17,21,151.11966399460445,158.03
2026-09-17,22,154.79622723420732,159.86
2026-09-17,23,163.7295455683676,166.75
2026-09-17,24,178.85423478058783,175.4
2026-09-17,25,180.97493706050167,172.47
2026-09-17,26,196.15310309494507,194.74
2026-09-17,27,199.9233964480363,209.2
2026-09-17,28,205.3214412559724,219.99
2026-09-17,29,220.44590505172715,230.2
2026-09-17,30,217.9294928476872,221.02
2026-09-17,31,213.8116492106823,210.96
2026-09-17,32,207.741472440578,203.59
2026-09-17,33,226.4655549347368,215.92
2026-09-17,34,217.6806682692428,204.59
2026-09-17,35,202.44064998061864,195.46
2026-09-17,36,182.81138221819884,177.83
2026-09-17,37,206.55916239262768,200.0
2026-09-17,38,176.6472938154397,178.9
2026-09-17,39,149.4833653889596,150.24
2026-09-17,40,124.97172644831588,124.42
2026-09-17,41,145.43208057592028,145.92
2026-09-17,42,121.41046142514315,125.69
2026-09-17,43,97.41916011218326,99.3
2026-09-17,44,67.65228850197542,74.45
2026-09-17,45,80.98872289496856,69.57
2026-09-17,46,51.85747775909425,43.17
2026-09-17,47,30.509833427156583,19.12
2026-09-17,48,14.611390785346805,7.2
2026-09-17,49,15.550659882244158,17.53
2026-09-17,50,5.911835111095829,10.1
2026-09-17,51,2.4432504601304146,7.62
2026-09-17,52,1.2661803153650126,7.43
2026-09-17,53,2.6707823485522706,5.0
2026-09-17,54,0.5343153757551296,2.12
2026-09-17,55,0.0693124914207636,0.42
2026-09-17,56,-1.0118933506788994,0.1
2026-09-17,57,-0.3611161128810982,3.97
2026-09-17,58,1.4804001255981554,6.04
2026-09-17,59,2.2362957828000942,13.69
2026-09-17,60,5.029790597386376,25.2
2026-09-17,61,6.283075027855247,10.0
2026-09-17,62,13.17745860976457,23.24
2026-09-17,63,15.966585554273436,42.54
2026-09-17,64,28.832210574920403,49.01
2026-09-17,65,22.48200182744661,27.41
2026-09-17,66,56.96166698602186,51.65
2026-09-17,67,94.3437107480918,101.03
2026-09-17,68,121.76344680844734,117.35
2026-09-17,69,110.0796012160154,97.67
2026-09-17,70,142.18454797304676,135.5
2026-09-17,71,174.77655265888325,163.74
2026-09-17,72,202.43411695801257,208.99
2026-09-17,73,178.1671666903101,181.97
2026-09-17,74,200.1025373368533,197.33
2026-09-17,75,212.281018833128,205.66
2026-09-17,76,210.8371617251968,208.99
2026-09-17,77,206.2114362429636,210.17
2026-09-17,78,206.50117325755963,211.58
2026-09-17,79,220.9444337040867,213.42
2026-09-17,80,240.2219944552436,232.7
2026-09-17,81,225.07408289881684,216.09
2026-09-17,82,218.6266226285725,215.16
2026-09-17,83,212.38193726122103,216.64
2026-09-17,84,210.57475805092835,214.98
2026-09-17,85,214.1807698893153,219.05
2026-09-17,86,204.17336709329933,210.72
2026-09-17,87,200.20958477955745,204.19
2026-09-17,88,191.10965650975675,188.96
2026-09-17,89,198.1642676361938,199.0
2026-09-17,90,192.06663270292927,191.64
2026-09-17,91,189.35365097420672,194.99
2026-09-17,92,182.4116887415263,187.88
2026-09-17,93,184.9299378924425,186.23
2026-09-17,94,177.13765661399106,184.76
2026-09-17,95,174.581845049085,179.29
2026-09-17,96,162.47554639645475,167.18
2026-09-18,1,161.3758408098412,148.62
2026-09-18,2,151.61123836072173,142.08
2026-09-18,3,145.97785063986862,134.81
2026-09-18,4,140.31425163593264,131.43
2026-09-18,5,148.20980290628,135.96
2026-09-18,6,141.76059278288682,130.24
2026-09-18,7,139.92348497506435,127.5
2026-09-18,8,136.27248688945684,128.07
2026-09-18,9,138.75233362929458,126.68
2026-09-18,10,136.32107805165975,125.54
2026-09-18,11,135.57095475936245,132.78
2026-09-18,12,134.51102327153242,133.02
2026-09-18,13,135.37776480799056,128.71
2026-09-18,14,134.70940196298648,129.52
2026-09-18,15,134.49460684921348,129.9
2026-09-18,16,134.6364284249839,132.57
2026-09-18,17,134.6906446986097,128.05
2026-09-18,18,136.38012952709852,131.76
2026-09-18,19,138.4313253541645,130.27
2026-09-18,20,139.31631595067108,134.34
2026-09-18,21,139.20201150740183,138.82
2026-09-18,22,142.21601905102312,138.32
2026-09-18,23,150.713555130048,148.74
2026-09-18,24,164.13615690314555,160.69
2026-09-18,25,163.8511688117304,173.0
2026-09-18,26,183.65037678832536,181.67
2026-09-18,27,192.4133467233904,187.86
2026-09-18,28,199.1697877166804,201.49
2026-09-18,29,208.819074244414,207.0
2026-09-18,30,210.39179449648884,217.56
2026-09-18,31,205.787259470116,213.62
2026-09-18,32,207.7214036050424,207.24
2026-09-18,33,213.1156114077852,221.78
2026-09-18,34,205.5355708070628,207.62
2026-09-18,35,199.15881546880053,203.33
2026-09-18,36,190.6991411617565,187.27
2026-09-18,37,199.58191073691737,204.35
2026-09-18,38,175.05338863128222,181.26
2026-09-18,39,152.30931180083155,150.0
2026-09-18,40,129.41924470948868,114.83
2026-09-18,41,151.9149452329716,135.33
2026-09-18,42,130.04139105056396,110.0
2026-09-18,43,109.1136412330604,83.5
2026-09-18,44,78.44089127665242,55.06
2026-09-18,45,95.47912765741216,70.83
2026-09-18,46,68.7811142731589,48.15
2026-09-18,47,46.1724815446572,36.32
2026-09-18,48,24.14900371927587,14.31
2026-09-18,49,33.726556968267715,14.62
2026-09-18,50,20.435062227944528,5.82
2026-09-18,51,14.354636865898415,3.52
2026-09-18,52,9.19252455430647,1.08
2026-09-18,53,10.105396885480545,0.5
2026-09-18,54,6.6206829839239205,0.04
2026-09-18,55,3.834265189781089,0.01
2026-09-18,56,0.7452729730763539,0.0
2026-09-18,57,2.814149521084921,0.0
2026-09-18,58,3.6391132338901255,0.0
2026-09-18,59,5.479993362148868,0.0
2026-09-18,60,8.508920084742275,0.01
2026-09-18,61,6.73688022406458,0.07
2026-09-18,62,16.69658526296066,1.94
2026-09-18,63,29.867448990204387,4.15
2026-09-18,64,38.91920385414221,5.97
2026-09-18,65,16.816318742471555,3.88
2026-09-18,66,41.13296484203237,9.28
2026-09-18,67,78.84732500386635,48.23
2026-09-18,68,103.18468926449702,61.63
2026-09-18,69,86.44271991142665,30.0
2026-09-18,70,114.05261601970015,67.3
2026-09-18,71,140.5728200301346,129.39
2026-09-18,72,172.1105655448321,164.97
2026-09-18,73,147.25186917230897,149.46
2026-09-18,74,178.43955014590503,172.5
2026-09-18,75,194.15065112296884,191.15
2026-09-18,76,204.7761619020324,207.29
2026-09-18,77,200.1036905072725,189.3
2026-09-18,78,200.54239783942955,186.45
2026-09-18,79,207.01879923446737,189.82
2026-09-18,80,224.54737380540865,205.31
2026-09-18,81,211.8537800841836,200.57
2026-09-18,82,207.41719907870325,198.19
2026-09-18,83,202.1364797415281,191.41
2026-09-18,84,195.38826288916184,189.78
2026-09-18,85,199.10965483300288,189.0
2026-09-18,86,188.1466336629759,184.75
2026-09-18,87,184.7471314995058,174.98
2026-09-18,88,171.51518915252183,164.99
2026-09-18,89,180.44638833104932,172.86
2026-09-18,90,172.1313849789427,169.16
2026-09-18,91,168.83095662238864,164.99
2026-09-18,92,159.454835329596,145.72
2026-09-18,93,162.0872535273729,157.35
2026-09-18,94,154.81385064716747,139.85
2026-09-18,95,151.2222945160398,130.39
2026-09-18,96,141.86397632640168,111.0
2026-09-19,1,126.70618695971132,132.52
2026-09-19,2,115.866338293567,117.76
2026-09-19,3,106.784033901536,97.43
2026-09-19,4,96.60365061280974,65.83
2026-09-19,5,107.72732732582269,96.05
2026-09-19,6,97.28591961907736,82.44
2026-09-19,7,87.5276341966071,79.18
2026-09-19,8,83.67007714316446,60.43
2026-09-19,9,90.26796123406876,73.77
2026-09-19,10,79.10853498907011,62.38
2026-09-19,11,74.36871743518992,52.75
2026-09-19,12,69.07568680337893,48.02
2026-09-19,13,76.6506247243681,45.15
2026-09-19,14,69.7365801289082,32.75
2026-09-19,15,65.63027151786407,26.48
2026-09-19,16,62.38805272118229,23.16
2026-09-19,17,64.94955916948967,33.57
2026-09-19,18,64.22262916626728,36.04
2026-09-19,19,63.26724860916072,36.9
2026-09-19,20,49.5273310516902,36.66
2026-09-19,21,66.17213652878631,34.79
2026-09-19,22,47.34674209633589,34.41
2026-09-19,23,46.73941830589844,34.03
2026-09-19,24,49.71994064520737,39.94
2026-09-19,25,65.45472753755314,40.74
2026-09-19,26,55.24489858993016,46.66
2026-09-19,27,52.24971590692567,40.08
2026-09-19,28,39.82099295313768,43.47
2026-09-19,29,60.30912936347623,41.38
2026-09-19,30,50.6025698669544,41.99
2026-09-19,31,43.891483801445446,45.07
2026-09-19,32,32.74167232237306,40.1
2026-09-19,33,29.1510626785464,47.71
2026-09-19,34,24.64796401918754,36.53
2026-09-19,35,14.66093839661815,27.96
2026-09-19,36,0.8052429078967833,11.8
2026-09-19,37,7.235490316580666,16.9
2026-09-19,38,-10.916699638982578,6.55
2026-09-19,39,-20.85171790815299,2.74
2026-09-19,40,-18.931540691661997,0.01
2026-09-19,41,-7.375833272543829,0.1
2026-09-19,42,-14.080269878463582,0.0
2026-09-19,43,-12.60493750436487,-0.03
2026-09-19,44,-21.846747495241612,-0.09
2026-09-19,45,-12.43869747246744,-0.13
2026-09-19,46,-12.443003768161605,-0.16
2026-09-19,47,-13.74633277150008,-0.21
2026-09-19,48,-19.656222136763603,-0.74
2026-09-19,49,-15.400992552335424,-0.78
2026-09-19,50,-17.362477203728112,-0.65
2026-09-19,51,-15.69154100465741,-0.71
2026-09-19,52,-11.140267148445911,-0.86
2026-09-19,53,-13.313029010885076,-1.01
2026-09-19,54,-13.333491858062663,-1.06
2026-09-19,55,-13.383856633907683,-1.34
2026-09-19,56,-12.30709663653037,-1.62
2026-09-19,57,-13.54632558656279,-1.27
2026-09-19,58,-13.045304904448797,-1.26
2026-09-19,59,-16.19331610768173,-1.21
2026-09-19,60,-14.754470890972904,-1.46
2026-09-19,61,-17.303697159739805,-1.85
2026-09-19,62,-19.82195183596819,-1.5
2026-09-19,63,-12.864137376254511,-1.43
2026-09-19,64,-13.261760472188053,-1.94
2026-09-19,65,-22.10767551709081,-0.1
2026-09-19,66,-26.10814272692249,-0.07
2026-09-19,67,-22.75242156057752,-0.01
2026-09-19,68,-16.99344659613797,0.0
2026-09-19,69,-15.420368878424668,0.0
2026-09-19,70,-12.207280177547744,0.0
2026-09-19,71,18.686705782228017,8.2
2026-09-19,72,54.42359875503925,25.0
2026-09-19,73,40.1722078163027,30.0
2026-09-19,74,73.7095441085942,51.74
2026-09-19,75,101.77836556895848,79.66
2026-09-19,76,131.1313313274355,100.43
2026-09-19,77,108.75420432082264,99.98
2026-09-19,78,127.9066523726087,119.52
2026-09-19,79,137.970745135762,129.37
2026-09-19,80,150.953918798607,134.25
2026-09-19,81,143.1733849489761,133.07
2026-09-19,82,131.8437555923399,119.19
2026-09-19,83,116.18397652989198,107.0
2026-09-19,84,115.80210909654048,99.94
2026-09-19,85,115.29645534192736,101.57
2026-09-19,86,100.35047451400683,99.95
2026-09-19,87,95.59305074548983,91.05
2026-09-19,88,85.09086200457565,67.32
2026-09-19,89,95.49694442873384,88.87
2026-09-19,90,90.24814873790793,86.21
2026-09-19,91,80.38663669503609,83.64
2026-09-19,92,74.77837617428024,75.7
2026-09-19,93,86.86644685600312,85.0
2026-09-19,94,75.69189169666801,80.0
2026-09-19,95,78.76448962213419,77.65
2026-09-19,96,76.5073758596783,70.82
2026-09-20,1,94.48445902614034,
2026-09-20,2,86.76262799182103,
2026-09-20,3,81.76811087524997,
2026-09-20,4,68.8626433911075,
2026-09-20,5,80.74458676823332,
2026-09-20,6,73.44315841435488,
2026-09-20,7,67.95266477577941,
2026-09-20,8,62.24114144343545,
2026-09-20,9,70.56698250659514,
2026-09-20,10,62.9318947063512,
2026-09-20,11,60.94443510577027,
2026-09-20,12,56.453839065847475,
2026-09-20,13,61.2528393614061,
2026-09-20,14,56.282610420636985,
2026-09-20,15,53.30491032147073,
2026-09-20,16,51.80548712617474,
2026-09-20,17,56.19030813271256,
2026-09-20,18,56.79018607375981,
2026-09-20,19,56.955551936187234,
2026-09-20,20,58.13432667619935,
2026-09-20,21,56.89355475543198,
2026-09-20,22,58.24194369931787,
2026-09-20,23,56.08730189239391,
2026-09-20,24,54.30496196653853,
2026-09-20,25,55.91942133234953,
2026-09-20,26,54.76651779979474,
2026-09-20,27,54.12698466922882,
2026-09-20,28,55.52929102674322,
2026-09-20,29,53.32702745636092,
2026-09-20,30,57.75794902318579,
2026-09-20,31,56.10843285059241,
2026-09-20,32,55.66974244136354,
2026-09-20,33,60.83305149492075,
2026-09-20,34,46.918349321386216,
2026-09-20,35,34.695191513672924,
2026-09-20,36,27.557311114165444,
2026-09-20,37,21.505598050076372,
2026-09-20,38,19.546722361292098,
2026-09-20,39,8.09608537852614,
2026-09-20,40,-0.6275949293867313,
2026-09-20,41,0.761824326133322,
2026-09-20,42,-5.6207066869232705,
2026-09-20,43,-6.961059021381459,
2026-09-20,44,-3.5675468600458515,
2026-09-20,45,-4.932507149718944,
2026-09-20,46,-2.652629776636786,
2026-09-20,47,1.6968277241946197,
2026-09-20,48,3.4858145736602957,
2026-09-20,49,2.2255848883184655,
2026-09-20,50,2.194075249870963,
2026-09-20,51,2.749800397255111,
2026-09-20,52,0.8417966807633803,
2026-09-20,53,1.0022526888584444,
2026-09-20,54,0.26300362617488915,
2026-09-20,55,-1.5778585312824607,
2026-09-20,56,-2.01017186970639,
2026-09-20,57,-2.878095167832468,
2026-09-20,58,1.203078236970084,
2026-09-20,59,3.0700743407267286,
2026-09-20,60,1.2599401832013157,
2026-09-20,61,2.8359817009210104,
2026-09-20,62,-5.56489595796673,
2026-09-20,63,1.0155971827289818,
2026-09-20,64,-2.071886411867119,
2026-09-20,65,0.4584172614516575,
2026-09-20,66,-5.196815519830508,
2026-09-20,67,-7.193682597135094,
2026-09-20,68,-8.55002803651037,
2026-09-20,69,-2.5318124913934383,
2026-09-20,70,1.3895290188822997,
2026-09-20,71,30.06395591155072,
2026-09-20,72,47.93320145572048,
2026-09-20,73,44.83544562618074,
2026-09-20,74,64.61550155097119,
2026-09-20,75,81.69211780226695,
2026-09-20,76,107.56310262641122,
2026-09-20,77,89.01057775281694,
2026-09-20,78,103.56194242776661,
2026-09-20,79,101.48418171458138,
2026-09-20,80,92.457972043868,
2026-09-20,81,97.42073914950295,
2026-09-20,82,97.8854144991619,
2026-09-20,83,94.88357319316471,
2026-09-20,84,93.00512613382692,
2026-09-20,85,93.78051201668617,
2026-09-20,86,95.56095276749511,
2026-09-20,87,92.06871038150996,
2026-09-20,88,95.61257027942847,
2026-09-20,89,103.87034987678653,
2026-09-20,90,104.8930516499582,
2026-09-20,91,102.69962522289622,
2026-09-20,92,97.24154208290426,
2026-09-20,93,106.64035759541757,
2026-09-20,94,96.60815323743962,
2026-09-20,95,98.84638172176582,
2026-09-20,96,92.86162363352258,
