delivery_date,mtu,y_pred,y_true
2026-07-19,1,143.66143458086597,145.59
2026-07-19,2,135.92470340791812,142.6
2026-07-19,3,130.27855179696454,135.63
2026-07-19,4,123.28603208207876,130.97
2026-07-19,5,130.66340121244062,135.0
2026-07-19,6,124.95740250799206,132.23
2026-07-19,7,121.61972634626238,130.06
2026-07-19,8,118.8395896722058,125.68
2026-07-19,9,121.91124650538192,127.55
2026-07-19,10,118.80246773960656,122.31
2026-07-19,11,117.38146676631835,120.85
2026-07-19,12,114.8944888980704,116.89
2026-07-19,13,118.1059469760678,121.07
2026-07-19,14,115.6939543083938,120.09
2026-07-19,15,114.86918643342476,118.93
2026-07-19,16,113.73077669741568,115.5
2026-07-19,17,112.3557152770038,119.53
2026-07-19,18,112.61411439362088,116.11
2026-07-19,19,112.81153039597612,113.85
2026-07-19,20,113.02293220114412,111.61
2026-07-19,21,114.04303359932818,113.18
2026-07-19,22,112.99512921906148,110.1
2026-07-19,23,110.24631656477756,108.94
2026-07-19,24,104.58093184260692,105.45
2026-07-19,25,111.36905863808248,109.53
2026-07-19,26,104.29475818204531,103.79
2026-07-19,27,100.20468619264516,101.23
2026-07-19,28,90.13078489482892,92.84
2026-07-19,29,106.13538973589534,100.73
2026-07-19,30,93.20968787515608,92.07
2026-07-19,31,78.517372288335,88.25
2026-07-19,32,62.054777621606185,72.79
2026-07-19,33,83.17345698131872,74.18
2026-07-19,34,64.02329016722403,57.66
2026-07-19,35,51.79554253521693,30.29
2026-07-19,36,29.83774567205505,10.5
2026-07-19,37,46.36996899032556,10.51
2026-07-19,38,27.228176517176465,4.43
2026-07-19,39,18.45197566911601,1.45
2026-07-19,40,14.551327617990196,0.27
2026-07-19,41,21.95347967760641,0.06
2026-07-19,42,16.77842041355032,0.0
2026-07-19,43,8.76815559735158,0.0
2026-07-19,44,3.3389573209918524,0.0
2026-07-19,45,4.778536641646255,-0.01
2026-07-19,46,4.466146633546416,-0.02
2026-07-19,47,1.987804628289858,-0.04
2026-07-19,48,0.9901958678725222,-0.11
2026-07-19,49,-0.7919962219881143,-0.44
2026-07-19,50,-1.8248027074565911,-0.73
2026-07-19,51,-1.8409307435335016,-0.8
2026-07-19,52,1.0212025785806969,-1.0
2026-07-19,53,-1.705822699790943,-1.19
2026-07-19,54,-2.104885104979129,-2.36
2026-07-19,55,-3.36047688583907,-3.09
2026-07-19,56,-3.668470283210436,-4.07
2026-07-19,57,-5.142047262285471,-4.62
2026-07-19,58,-3.686335259301721,-5.0
2026-07-19,59,-3.909102090737164,-5.0
2026-07-19,60,-4.265799693883794,-5.37
2026-07-19,61,-3.816629781268759,-5.69
2026-07-19,62,-4.094593080895324,-5.29
2026-07-19,63,-1.337149651407973,-4.83
2026-07-19,64,-2.367318114836408,-4.01
2026-07-19,65,3.183703237578148,-2.31
2026-07-19,66,6.28028067459416,-2.84
2026-07-19,67,6.265832139980091,-3.4
2026-07-19,68,18.836284267145487,-1.2
2026-07-19,69,8.503851163133099,-1.2
2026-07-19,70,27.801433358303207,-0.97
2026-07-19,71,33.14966515930807,-0.01
2026-07-19,72,49.67745954110468,0.6
2026-07-19,73,39.034414803591446,0.68
2026-07-19,74,63.3823043309216,29.42
2026-07-19,75,89.07290619461288,62.58
2026-07-19,76,110.10343844556331,98.69
2026-07-19,77,93.62414093813192,87.8
2026-07-19,78,109.20070219827942,109.62
2026-07-19,79,124.06130708760212,131.67
2026-07-19,80,136.27785359864544,139.55
2026-07-19,81,123.32047964700584,128.5
2026-07-19,82,132.690210483177,140.1
2026-07-19,83,138.64793341416836,150.91
2026-07-19,84,142.95427970002595,156.98
2026-07-19,85,134.7189873371949,152.54
2026-07-19,86,133.49606328192544,150.38
2026-07-19,87,140.18168165777644,149.65
2026-07-19,88,147.692252062958,146.15
2026-07-19,89,151.7061955993637,159.18
2026-07-19,90,148.7370400557061,150.91
2026-07-19,91,150.1558681553973,148.2
2026-07-19,92,145.96919315251742,140.34
2026-07-19,93,150.19750408547344,151.71
2026-07-19,94,142.55207129102575,137.02
2026-07-19,95,141.53286783736007,135.65
2026-07-19,96,135.40285704395913,128.43
2026-07-20,1,138.02811020459183,167.33
2026-07-20,2,131.1259248985546,150.11
2026-07-20,3,127.15373220703948,140.74
2026-07-20,4,122.03428481617068,131.63
2026-07-20,5,128.45678427589624,148.25
2026-07-20,6,122.36779955605368,140.01
2026-07-20,7,121.41742080250675,135.68
2026-07-20,8,118.4500557244161,129.99
2026-07-20,9,120.0052825764464,132.41
2026-07-20,10,117.62722626807334,128.37
2026-07-20,11,116.60649283600084,128.49
2026-07-20,12,115.13436790018426,126.15
2026-07-20,13,116.42409104024986,126.92
2026-07-20,14,117.71978959257372,122.69
2026-07-20,15,115.43647605819277,122.69
2026-07-20,16,116.58433176605396,121.82
2026-07-20,17,113.99505625063148,125.04
2026-07-20,18,114.93894518852508,130.26
2026-07-20,19,117.53634478337467,133.62
2026-07-20,20,120.83882037586471,136.16
2026-07-20,21,118.16629303026876,132.84
2026-07-20,22,122.0913348514037,138.22
2026-07-20,23,125.09785923911734,139.35
2026-07-20,24,130.71129771868016,144.75
2026-07-20,25,133.3185608780789,147.63
2026-07-20,26,138.2293685661005,150.01
2026-07-20,27,137.38852667606943,150.41
2026-07-20,28,134.6527124441672,149.19
2026-07-20,29,143.6401851913894,159.92
2026-07-20,30,137.2000578125452,152.96
2026-07-20,31,128.96361895343037,148.99
2026-07-20,32,119.70160645110812,140.24
2026-07-20,33,136.5412563855465,159.0
2026-07-20,34,123.80224211853542,140.0
2026-07-20,35,114.33722775312869,120.7
2026-07-20,36,105.0795022475574,104.29
2026-07-20,37,116.89304487442442,113.72
2026-07-20,38,104.64662004735652,102.0
2026-07-20,39,91.94503354280664,89.33
2026-07-20,40,76.26282982071196,65.82
2026-07-20,41,89.47663895026355,83.1
2026-07-20,42,78.04707018838742,73.36
2026-07-20,43,67.94109518119427,58.47
2026-07-20,44,65.39268049234083,26.16
2026-07-20,45,74.67318346970649,31.71
2026-07-20,46,68.86563544924942,19.47
2026-07-20,47,60.92512941728967,10.0
2026-07-20,48,50.90756436143529,1.97
2026-07-20,49,56.12742014142341,16.21
2026-07-20,50,48.98659789622138,4.12
2026-07-20,51,44.28314430701073,6.98
2026-07-20,52,40.55099490450516,3.34
2026-07-20,53,43.4886144341156,0.05
2026-07-20,54,39.77719823630025,0.01
2026-07-20,55,35.634813262285434,0.0
2026-07-20,56,33.07359519546336,0.0
2026-07-20,57,33.50992312862952,0.0
2026-07-20,58,34.49054467955969,0.0
2026-07-20,59,36.75543994655577,0.02
2026-07-20,60,38.4789721440528,0.01
2026-07-20,61,33.00673898274299,0.01
2026-07-20,62,37.19417876891416,0.03
2026-07-20,63,41.2060262172482,0.07
2026-07-20,64,44.85790724033606,3.72
2026-07-20,65,36.394618157811166,0.03
2026-07-20,66,48.255395219786806,0.09
2026-07-20,67,69.06998634348354,14.9
2026-07-20,68,93.25768670877856,45.4
2026-07-20,69,70.48438560383421,23.43
2026-07-20,70,92.29213796953591,79.41
2026-07-20,71,102.66054002344138,90.1
2026-07-20,72,121.49849897087714,106.11
2026-07-20,73,102.62476834791818,95.51
2026-07-20,74,115.55209723860474,106.67
2026-07-20,75,131.8950460002792,127.06
2026-07-20,76,144.41361891628264,144.41
2026-07-20,77,131.15617267416908,142.32
2026-07-20,78,143.0805219087337,152.87
2026-07-20,79,153.97753830649768,161.99
2026-07-20,80,173.3180002113711,177.87
2026-07-20,81,158.35795120676966,165.17
2026-07-20,82,167.29433165694897,171.39
2026-07-20,83,170.51815007588084,181.65
2026-07-20,84,172.21784492284615,194.77
2026-07-20,85,169.6102330946277,180.53
2026-07-20,86,165.01095596470893,180.47
2026-07-20,87,164.58509563754774,179.92
2026-07-20,88,163.07145226286983,178.0
2026-07-20,89,169.4352066459807,186.34
2026-07-20,90,163.9627270911987,175.98
2026-07-20,91,161.67904355265236,171.94
2026-07-20,92,156.24584820088967,165.0
2026-07-20,93,160.74184914557333,168.33
2026-07-20,94,150.70945925808215,161.96
2026-07-20,95,148.88837850879625,158.28
2026-07-20,96,143.59471917926388,149.3
2026-07-21,1,169.58355493704792,153.81
2026-07-21,2,159.49690771071496,150.03
2026-07-21,3,159.65330034067688,146.26
2026-07-21,4,148.09555135133488,145.01
2026-07-21,5,155.61035207457718,151.84
2026-07-21,6,149.75712038946173,150.56
2026-07-21,7,146.52781622222443,149.25
2026-07-21,8,144.5504195759763,146.43
2026-07-21,9,146.7625280899621,146.63
2026-07-21,10,144.39401319958594,144.03
2026-07-21,11,143.07843569815003,142.98
2026-07-21,12,142.26147777196252,139.92
2026-07-21,13,143.29163735791354,140.27
2026-07-21,14,142.97807164371514,138.09
2026-07-21,15,143.56562792356587,138.18
2026-07-21,16,143.08981391527556,138.93
2026-07-21,17,145.38413708956728,135.03
2026-07-21,18,145.28863190413068,137.3
2026-07-21,19,146.3293828343941,140.95
2026-07-21,20,148.14348115346726,143.73
2026-07-21,21,146.98604533206748,140.34
2026-07-21,22,150.2869070931364,143.19
2026-07-21,23,153.11862769816344,146.91
2026-07-21,24,154.40541606187466,149.21
2026-07-21,25,162.58423038251078,155.0
2026-07-21,26,165.79014289117825,159.33
2026-07-21,27,165.28516101699512,159.79
2026-07-21,28,162.4275719321319,156.48
2026-07-21,29,175.09492526596324,167.0
2026-07-21,30,164.21512188665213,159.35
2026-07-21,31,155.57042815373262,155.01
2026-07-21,32,147.81707698351212,136.35
2026-07-21,33,166.77548374954802,164.78
2026-07-21,34,153.5690521156561,149.0
2026-07-21,35,141.97260985003223,142.16
2026-07-21,36,122.0512529092482,125.57
2026-07-21,37,149.0907150497926,153.01
2026-07-21,38,123.47776846014884,120.16
2026-07-21,39,109.128228628988,107.37
2026-07-21,40,88.41508389075476,79.27
2026-07-21,41,107.8451655202167,103.18
2026-07-21,42,95.56048480498504,86.15
2026-07-21,43,75.2462077383808,79.37
2026-07-21,44,58.98831742965269,66.06
2026-07-21,45,69.32862385352705,66.11
2026-07-21,46,61.04293401659545,59.09
2026-07-21,47,53.566419293934494,36.89
2026-07-21,48,45.51417851728785,12.46
2026-07-21,49,48.45775514443888,16.31
2026-07-21,50,37.89151759780744,5.46
2026-07-21,51,28.39269643451449,3.85
2026-07-21,52,20.923246762824785,2.59
2026-07-21,53,24.935737201164248,2.52
2026-07-21,54,20.54274039336577,1.44
2026-07-21,55,17.764256019195276,0.08
2026-07-21,56,13.996057981994698,0.0
2026-07-21,57,19.39963918919954,0.04
2026-07-21,58,18.73617425447702,0.09
2026-07-21,59,18.82959139960375,0.1
2026-07-21,60,19.69986975174146,3.78
2026-07-21,61,18.233596898053715,3.3
2026-07-21,62,22.2226808609574,6.49
2026-07-21,63,32.27483117853589,11.51
2026-07-21,64,45.86722318960416,33.38
2026-07-21,65,30.285372940657275,30.47
2026-07-21,66,50.76084703454206,64.0
2026-07-21,67,73.19382243327517,71.46
2026-07-21,68,98.13821036842394,83.0
2026-07-21,69,79.07948115547467,77.06
2026-07-21,70,102.87066198979088,94.26
2026-07-21,71,120.13205255039034,112.0
2026-07-21,72,125.54737515919656,126.94
2026-07-21,73,110.01793961600062,113.81
2026-07-21,74,122.66732864751532,130.62
2026-07-21,75,136.70819418556746,142.99
2026-07-21,76,153.20846408096656,154.04
2026-07-21,77,139.81478028279938,140.91
2026-07-21,78,155.12049855870126,150.92
2026-07-21,79,165.92039620180387,158.07
2026-07-21,80,189.2408921889311,164.54
2026-07-21,81,174.4391390881354,166.51
2026-07-21,82,182.7784433514172,172.0
2026-07-21,83,188.2308951373496,174.59
2026-07-21,84,191.18664313993443,174.9
2026-07-21,85,192.39392213287667,177.29
2026-07-21,86,177.98073947353458,177.19
2026-07-21,87,177.90279889536177,174.6
2026-07-21,88,170.46698526633708,169.17
2026-07-21,89,180.35768995075003,175.9
2026-07-21,90,170.26860126027623,168.57
2026-07-21,91,169.94095317495672,170.06
2026-07-21,92,162.61933617491226,158.74
2026-07-21,93,163.21994955817215,165.16
2026-07-21,94,159.3821899468902,156.09
2026-07-21,95,156.28892698368674,153.42
2026-07-21,96,147.32527243282243,146.08
2026-07-22,1,164.9145240917624,156.4
2026-07-22,2,157.7237533651732,155.25
2026-07-22,3,152.01591709421822,151.39
2026-07-22,4,145.66357390965462,145.72
2026-07-22,5,155.36371406977167,156.37
2026-07-22,6,146.9486408321174,148.57
2026-07-22,7,143.11451293800735,145.66
2026-07-22,8,140.44973188525572,142.55
2026-07-22,9,142.71022662908973,146.94
2026-07-22,10,138.82317862588064,144.88
2026-07-22,11,137.97579836781645,143.04
2026-07-22,12,136.23902377437108,138.07
2026-07-22,13,136.14590897557076,142.08
2026-07-22,14,135.72946463691713,134.75
2026-07-22,15,134.57497025683196,132.02
2026-07-22,16,132.75294852149705,130.8
2026-07-22,17,133.9467250146853,130.3
2026-07-22,18,135.3676851405469,129.8
2026-07-22,19,134.20525725896945,131.0
2026-07-22,20,134.66604490382096,131.56
2026-07-22,21,136.54886339710757,128.24
2026-07-22,22,135.45067391349954,132.75
2026-07-22,23,139.92183522543675,138.93
2026-07-22,24,141.4966875472047,143.91
2026-07-22,25,147.50263137520977,144.26
2026-07-22,26,151.71318938920567,150.01
2026-07-22,27,150.11696181339082,156.08
2026-07-22,28,144.80608709897328,147.29
2026-07-22,29,157.38040403629887,156.89
2026-07-22,30,149.69194934422575,150.03
2026-07-22,31,141.43886371971865,145.16
2026-07-22,32,129.3501060182043,129.3
2026-07-22,33,156.7374034176578,158.11
2026-07-22,34,137.3140535259355,141.28
2026-07-22,35,125.30195827598354,121.54
2026-07-22,36,109.91732052995532,107.0
2026-07-22,37,131.2699103531912,114.48
2026-07-22,38,108.33199629342666,102.42
2026-07-22,39,96.92680031170543,86.34
2026-07-22,40,82.39357133971693,60.53
2026-07-22,41,94.9563615697142,92.11
2026-07-22,42,86.36019155251721,68.71
2026-07-22,43,75.33821755086697,57.8
2026-07-22,44,61.95681518372649,45.99
2026-07-22,45,65.8451999070896,49.24
2026-07-22,46,62.37801042062853,37.27
2026-07-22,47,48.41050364264116,21.69
2026-07-22,48,38.37872486332344,15.54
2026-07-22,49,43.65865788674644,21.08
2026-07-22,50,33.690832510268955,9.99
2026-07-22,51,27.094237534667947,6.94
2026-07-22,52,21.27025430565517,3.53
2026-07-22,53,24.254348404149848,3.99
2026-07-22,54,20.189432142067712,0.99
2026-07-22,55,16.395924560489046,0.15
2026-07-22,56,10.947987281542511,0.03
2026-07-22,57,15.225154327684823,0.03
2026-07-22,58,14.937017593267193,0.08
2026-07-22,59,12.688157979584798,0.03
2026-07-22,60,12.49560139002088,0.01
2026-07-22,61,11.318711156479242,0.05
2026-07-22,62,12.679706281667784,0.09
2026-07-22,63,13.943453328299292,0.77
2026-07-22,64,14.433932399452246,1.08
2026-07-22,65,16.181320013571458,1.9
2026-07-22,66,19.77743928358872,5.44
2026-07-22,67,22.72819736848823,6.89
2026-07-22,68,33.18905648051491,22.37
2026-07-22,69,27.10362532144704,24.99
2026-07-22,70,47.46998800005468,59.6
2026-07-22,71,69.60956172796213,68.63
2026-07-22,72,85.03274725355006,99.62
2026-07-22,73,72.68983528108618,82.67
2026-07-22,74,93.94758406086784,102.38
2026-07-22,75,113.36962708802048,114.93
2026-07-22,76,123.91831517915962,132.42
2026-07-22,77,113.5753569103926,122.97
2026-07-22,78,127.4266560667158,134.85
2026-07-22,79,137.73203208673425,144.48
2026-07-22,80,147.92774521915297,149.01
2026-07-22,81,138.5141485223075,151.37
2026-07-22,82,146.33562468091495,154.68
2026-07-22,83,154.987302251002,158.27
2026-07-22,84,154.7774814012126,163.72
2026-07-22,85,159.19275729115975,166.36
2026-07-22,86,155.23249997779678,162.43
2026-07-22,87,156.78619067573663,161.95
2026-07-22,88,152.59690381404153,156.3
2026-07-22,89,156.95036742691434,167.24
2026-07-22,90,153.42422649845858,159.44
2026-07-22,91,151.19733350867182,155.94
2026-07-22,92,143.8652334826638,147.82
2026-07-22,93,148.12181530887122,153.17
2026-07-22,94,141.06732188032527,143.94
2026-07-22,95,138.2756073385129,140.56
2026-07-22,96,132.08799175201932,136.5
2026-07-23,1,148.6259336135573,153.4
2026-07-23,2,141.6064077710452,147.31
2026-07-23,3,134.95491517423628,139.23
2026-07-23,4,130.586008591423,131.08
2026-07-23,5,138.4887359279103,142.47
2026-07-23,6,133.68792697425346,137.83
2026-07-23,7,134.3206536569242,136.34
2026-07-23,8,130.24404556289275,132.74
2026-07-23,9,132.62565119262638,135.04
2026-07-23,10,129.8200462850516,133.28
2026-07-23,11,130.2980688353627,133.78
2026-07-23,12,128.81486056342845,132.54
2026-07-23,13,127.41431190078266,132.42
2026-07-23,14,126.6859764469079,134.73
2026-07-23,15,126.39803702755492,132.35
2026-07-23,16,125.87115401240864,132.36
2026-07-23,17,125.11328399203632,133.0
2026-07-23,18,126.4325831571703,133.54
2026-07-23,19,129.859343022485,137.38
2026-07-23,20,132.81286828592118,141.04
2026-07-23,21,133.09264213483783,132.23
2026-07-23,22,134.12780048819457,138.07
2026-07-23,23,138.13423991419847,147.78
2026-07-23,24,143.9743582785746,154.1
2026-07-23,25,147.90663839244732,148.92
2026-07-23,26,153.31584540165696,162.15
2026-07-23,27,154.7823928958203,161.64
2026-07-23,28,152.37607310737727,164.01
2026-07-23,29,162.54267605005447,172.95
2026-07-23,30,154.58695523177877,173.72
2026-07-23,31,150.66946538756676,163.82
2026-07-23,32,141.11068473810704,161.0
2026-07-23,33,159.94314496524177,174.01
2026-07-23,34,150.4217496470269,162.8
2026-07-23,35,140.27385182114892,159.96
2026-07-23,36,129.27383718195213,143.04
2026-07-23,37,145.87619649967436,162.67
2026-07-23,38,129.17790370018122,144.64
2026-07-23,39,116.30517253347458,119.0
2026-07-23,40,97.14961547628008,111.0
2026-07-23,41,113.6367417814242,117.29
2026-07-23,42,95.51305564186644,107.38
2026-07-23,43,83.70525854644923,99.74
2026-07-23,44,74.02484533761657,83.51
2026-07-23,45,84.36113213526684,96.47
2026-07-23,46,72.49962615757717,84.74
2026-07-23,47,64.36363210359643,77.53
2026-07-23,48,51.39535530899917,59.42
2026-07-23,49,58.45216100696327,60.42
2026-07-23,50,46.45543871859108,35.99
2026-07-23,51,38.15986245459481,20.66
2026-07-23,52,30.420786289628595,7.3
2026-07-23,53,34.13964782883761,11.37
2026-07-23,54,27.85283328980399,4.84
2026-07-23,55,22.704956626464583,1.0
2026-07-23,56,17.6573242083891,0.0
2026-07-23,57,20.98488195547793,0.0
2026-07-23,58,19.092335671989314,0.0
2026-07-23,59,19.17389767262581,0.0
2026-07-23,60,21.405431152409783,0.0
2026-07-23,61,14.67713409527454,0.0
2026-07-23,62,18.8794733819307,0.0
2026-07-23,63,24.871890252195897,0.03
2026-07-23,64,36.26834739705511,0.09
2026-07-23,65,25.64950831319363,0.0
2026-07-23,66,49.97125666219777,3.11
2026-07-23,67,64.56563365212256,24.79
2026-07-23,68,86.55562092018431,60.09
2026-07-23,69,67.56159905658164,52.99
2026-07-23,70,94.2472860828727,94.82
2026-07-23,71,112.8509645660856,113.51
2026-07-23,72,129.58500501970912,125.5
2026-07-23,73,111.17279348634882,111.39
2026-07-23,74,127.32119198106012,139.21
2026-07-23,75,141.82203235934332,154.96
2026-07-23,76,155.6950679831534,165.0
2026-07-23,77,140.083493069999,152.77
2026-07-23,78,152.15352430310816,164.67
2026-07-23,79,167.02969102751567,168.27
2026-07-23,80,187.22348771427687,178.69
2026-07-23,81,179.77700798720127,172.79
2026-07-23,82,187.02431326014627,184.29
2026-07-23,83,195.60348429198865,185.48
2026-07-23,84,194.20165562360145,197.5
2026-07-23,85,201.0237484478505,192.84
2026-07-23,86,201.2701175799256,191.79
2026-07-23,87,191.84866918879973,189.7
2026-07-23,88,181.10591194148213,185.67
2026-07-23,89,187.39777418780864,195.92
2026-07-23,90,179.9314218547912,188.96
2026-07-23,91,179.77935711030244,184.29
2026-07-23,92,169.56130037424478,177.0
2026-07-23,93,175.3380409797963,181.68
2026-07-23,94,165.74028107241503,170.66
2026-07-23,95,161.42966259665678,166.94
2026-07-23,96,152.28343406956392,162.4
2026-07-24,1,173.58818223442813,168.22
2026-07-24,2,167.03284471685026,163.65
2026-07-24,3,153.19900647312392,160.58
2026-07-24,4,150.05195320380795,151.56
2026-07-24,5,162.8769556702211,162.69
2026-07-24,6,157.17540678297493,158.03
2026-07-24,7,153.7906269381935,155.89
2026-07-24,8,152.705472762586,151.94
2026-07-24,9,151.50587331352884,155.26
2026-07-24,10,151.57326121181558,151.69
2026-07-24,11,150.05736341804743,150.67
2026-07-24,12,149.66111687046703,149.63
2026-07-24,13,151.10326996744823,156.19
2026-07-24,14,150.41727677481447,153.21
2026-07-24,15,148.53011398437593,151.78
2026-07-24,16,150.81848387939908,152.13
2026-07-24,17,154.1315235434036,150.58
2026-07-24,18,152.53088520376195,152.91
2026-07-24,19,157.58110133549297,153.93
2026-07-24,20,154.73043858045511,165.22
2026-07-24,21,154.89157733238412,152.92
2026-07-24,22,158.36354003972684,158.44
2026-07-24,23,162.5832949228781,164.71
2026-07-24,24,166.13306852302043,168.6
2026-07-24,25,169.57389487972222,167.75
2026-07-24,26,176.67856385595226,176.4
2026-07-24,27,177.69988461259064,174.67
2026-07-24,28,172.81605654753778,171.34
2026-07-24,29,185.7273012305272,177.93
2026-07-24,30,175.86772009641942,172.09
2026-07-24,31,167.29124920877487,167.0
2026-07-24,32,154.7796447410948,152.53
2026-07-24,33,180.03824744162426,174.0
2026-07-24,34,167.89043775362913,166.76
2026-07-24,35,158.90184607787762,159.3
2026-07-24,36,145.1089734057462,139.93
2026-07-24,37,156.696389330797,169.66
2026-07-24,38,137.6350413053433,133.6
2026-07-24,39,126.26978730151956,116.06
2026-07-24,40,109.70796434323292,111.09
2026-07-24,41,126.59508730905422,116.41
2026-07-24,42,110.47781714327655,106.02
2026-07-24,43,109.05882490182027,98.58
2026-07-24,44,95.74496107134073,88.25
2026-07-24,45,104.83185049641628,86.08
2026-07-24,46,90.2843016750366,77.2
2026-07-24,47,80.67491319140218,74.12
2026-07-24,48,67.6536732439308,65.25
2026-07-24,49,76.1957884370286,65.15
2026-07-24,50,58.36056796003995,50.97
2026-07-24,51,43.56661166119001,37.8
2026-07-24,52,29.184370708126103,25.05
2026-07-24,53,35.689702478811824,36.1
2026-07-24,54,24.662851004996742,22.9
2026-07-24,55,18.261858183452816,16.89
2026-07-24,56,12.850836158632752,8.21
2026-07-24,57,17.469391409234703,6.01
2026-07-24,58,15.536791576476816,5.2
2026-07-24,59,15.7202640713359,5.85
2026-07-24,60,19.45812744101809,8.88
2026-07-24,61,15.869732785723162,3.23
2026-07-24,62,22.349333335392643,4.7
2026-07-24,63,29.84289166582833,17.13
2026-07-24,64,45.71687738319751,32.1
2026-07-24,65,34.19167787359685,32.07
2026-07-24,66,61.8152309562213,60.07
2026-07-24,67,76.94861285021715,81.52
2026-07-24,68,97.17298834030414,102.2
2026-07-24,69,83.51257950378827,77.07
2026-07-24,70,103.84846202788192,112.18
2026-07-24,71,124.23003700171496,125.2
2026-07-24,72,141.54086088996596,141.62
2026-07-24,73,128.65129464952835,127.09
2026-07-24,74,144.05588101991927,147.56
2026-07-24,75,152.4741652856619,163.05
2026-07-24,76,167.3694722827581,180.96
2026-07-24,77,163.89976969371511,149.16
2026-07-24,78,169.67229455634768,176.2
2026-07-24,79,178.72086650016948,190.23
2026-07-24,80,198.96920982662687,204.95
2026-07-24,81,190.87410850232143,188.24
2026-07-24,82,200.1678750235479,194.07
2026-07-24,83,206.65600395268527,205.89
2026-07-24,84,213.3965892848701,211.97
2026-07-24,85,211.77174951206467,209.26
2026-07-24,86,204.69116398086248,206.84
2026-07-24,87,202.31045824866817,201.25
2026-07-24,88,192.7091698425536,195.34
2026-07-24,89,198.2079189367161,207.44
2026-07-24,90,187.58505783190577,197.49
2026-07-24,91,188.9974937929117,188.64
2026-07-24,92,178.2934218204406,184.5
2026-07-24,93,181.96042373010664,185.48
2026-07-24,94,176.76559186544904,183.0
2026-07-24,95,165.62073617179482,181.31
2026-07-24,96,159.84550470064582,170.67
2026-07-25,1,175.02177833376646,175.92
2026-07-25,2,171.65651475641778,168.63
2026-07-25,3,167.25575709881525,165.98
2026-07-25,4,162.06976514525064,158.01
2026-07-25,5,169.1303755512052,170.01
2026-07-25,6,170.2522804101725,156.79
2026-07-25,7,167.9038832471457,161.32
2026-07-25,8,150.62866693127813,158.32
2026-07-25,9,165.69272529578564,162.0
2026-07-25,10,148.288393796486,158.72
2026-07-25,11,145.84951907342798,162.25
2026-07-25,12,158.5204362384585,158.74
2026-07-25,13,161.3178537999861,162.0
2026-07-25,14,164.59376664767046,161.32
2026-07-25,15,155.32327087388643,160.98
2026-07-25,16,153.67441101051975,155.11
2026-07-25,17,157.88386048507004,156.89
2026-07-25,18,155.55210806438728,151.99
2026-07-25,19,148.00336019077776,149.4
2026-07-25,20,143.94298193015368,149.77
2026-07-25,21,152.22838341500716,150.12
2026-07-25,22,148.8532994843407,147.0
2026-07-25,23,141.61944665660124,147.84
2026-07-25,24,136.49047869737183,140.05
2026-07-25,25,144.58330126522668,157.71
2026-07-25,26,139.31612877885834,136.12
2026-07-25,27,134.85448280923467,130.01
2026-07-25,28,125.7226055582234,117.68
2026-07-25,29,142.73560695732505,136.39
2026-07-25,30,128.31250915983313,119.99
2026-07-25,31,122.488642603319,107.52
2026-07-25,32,100.8611978734818,97.32
2026-07-25,33,129.66151305304265,122.67
2026-07-25,34,104.45479475145194,102.71
2026-07-25,35,79.92364311793852,79.93
2026-07-25,36,50.502479634143306,28.73
2026-07-25,37,75.22423491186521,39.61
2026-07-25,38,49.28072293594196,5.05
2026-07-25,39,25.58641213626987,0.01
2026-07-25,40,18.108736656226423,0.0
2026-07-25,41,17.096186410664316,0.0
2026-07-25,42,0.6310111131949867,-0.01
2026-07-25,43,-4.471239431545698,-0.07
2026-07-25,44,-8.023383637737709,-0.39
2026-07-25,45,-10.32953786214054,-0.82
2026-07-25,46,-10.255372700879754,-1.19
2026-07-25,47,-10.604849607824022,-3.41
2026-07-25,48,-11.11504724716849,-5.01
2026-07-25,49,-11.812544316987122,-4.82
2026-07-25,50,-12.405856109744184,-5.0
2026-07-25,51,-15.617272486574066,-5.54
2026-07-25,52,-10.0617918098553,-8.46
2026-07-25,53,-18.26860974545587,-7.99
2026-07-25,54,-18.576082439067115,-9.98
2026-07-25,55,-17.22502305306167,-10.44
2026-07-25,56,-7.343909301056849,-11.38
2026-07-25,57,-8.554902150996517,-15.01
2026-07-25,58,-8.153565059058238,-14.31
2026-07-25,59,-8.57712394214282,-11.81
2026-07-25,60,-15.67846306174526,-7.99
2026-07-25,61,-12.38025930036982,-6.47
2026-07-25,62,-12.65597113607818,-3.72
2026-07-25,63,-12.62572484472249,-2.01
2026-07-25,64,-12.129438377942256,-1.21
2026-07-25,65,-6.1944268490760415,-1.06
2026-07-25,66,-6.719001834493135,-0.12
2026-07-25,67,-6.2140879008838965,-0.09
2026-07-25,68,-8.511336946303558,-0.01
2026-07-25,69,0.9651025959438186,-0.01
2026-07-25,70,14.692766972173516,0.0
2026-07-25,71,37.04334390870935,2.59
2026-07-25,72,53.83485435949373,42.42
2026-07-25,73,45.21195754907224,21.95
2026-07-25,74,84.12702071813295,99.1
2026-07-25,75,113.78594514857848,119.75
2026-07-25,76,128.2724862382167,139.98
2026-07-25,77,119.12389551751998,138.92
2026-07-25,78,132.63981886787352,150.0
2026-07-25,79,147.9652934358967,163.89
2026-07-25,80,153.881791949254,176.87
2026-07-25,81,147.0461768632962,163.01
2026-07-25,82,156.27627769048073,172.99
2026-07-25,83,160.10540717884237,173.49
2026-07-25,84,166.6861457410973,171.75
2026-07-25,85,164.68942404088037,174.48
2026-07-25,86,160.96373670210122,171.54
2026-07-25,87,165.65500296085017,165.5
2026-07-25,88,164.52136515427804,164.78
2026-07-25,89,170.9749078124768,173.22
2026-07-25,90,165.12433442572626,165.16
2026-07-25,91,164.85849434875854,164.99
2026-07-25,92,154.5727774398811,158.56
2026-07-25,93,161.07786934685575,166.84
2026-07-25,94,154.6263037858606,160.33
2026-07-25,95,150.42071293179163,160.64
2026-07-25,96,144.8449026841785,152.19
2026-07-26,1,155.84365512582377,148.59
2026-07-26,2,148.55193064722332,154.88
2026-07-26,3,140.40072690011283,154.92
2026-07-26,4,135.14388241848255,153.73
2026-07-26,5,144.1600920754469,150.01
2026-07-26,6,140.71023154380055,148.82
2026-07-26,7,139.40205811284062,143.68
2026-07-26,8,135.72361801407075,143.31
2026-07-26,9,138.90294273160583,145.58
2026-07-26,10,135.42154763125563,147.15
2026-07-26,11,134.26433453924523,148.84
2026-07-26,12,132.704619396803,150.53
2026-07-26,13,134.73304373436434,149.01
2026-07-26,14,133.71213108989147,156.83
2026-07-26,15,131.93703700152022,155.54
2026-07-26,16,130.79472171077305,152.99
2026-07-26,17,134.64359583236234,154.24
2026-07-26,18,130.94742675094318,146.32
2026-07-26,19,130.44317391387946,144.84
2026-07-26,20,129.32454001846318,142.92
2026-07-26,21,132.48000232711,139.91
2026-07-26,22,129.78232045393756,139.83
2026-07-26,23,128.49451185980206,137.98
2026-07-26,24,123.4529489172115,134.25
2026-07-26,25,131.30837498887752,134.87
2026-07-26,26,125.54633364596144,127.87
2026-07-26,27,121.22311616052065,122.77
2026-07-26,28,114.30514784946526,113.94
2026-07-26,29,123.13710983185756,120.34
2026-07-26,30,117.6190111262125,114.25
2026-07-26,31,110.39270348195168,107.52
2026-07-26,32,92.40463930526604,98.6
2026-07-26,33,119.29909706313214,111.17
2026-07-26,34,102.72034366971664,102.28
2026-07-26,35,80.96617379264778,89.05
2026-07-26,36,55.54673986247881,72.54
2026-07-26,37,73.40454035826423,95.05
2026-07-26,38,56.75925271478624,71.77
2026-07-26,39,40.121803359037365,43.87
2026-07-26,40,24.46641609693992,10.04
2026-07-26,41,34.77429042228624,22.85
2026-07-26,42,24.46513133634283,5.64
2026-07-26,43,20.4166352522413,0.07
2026-07-26,44,13.31200048643136,0.0
2026-07-26,45,13.754740064626432,0.0
2026-07-26,46,9.285653772122942,0.0
2026-07-26,47,8.599180681430212,-0.01
2026-07-26,48,4.200866185058757,-0.01
2026-07-26,49,4.535069059928283,-0.05
2026-07-26,50,2.9235420414459483,-0.06
2026-07-26,51,-0.3821710202367825,-0.08
2026-07-26,52,1.9705337301610968,-0.11
2026-07-26,53,-5.639755810992703,-0.12
2026-07-26,54,-7.730616103389511,-0.12
2026-07-26,55,-4.573253851128438,-0.12
2026-07-26,56,-3.78829791041208,-0.71
2026-07-26,57,-2.000597249849521,-0.7
2026-07-26,58,-3.956744877405148,-0.66
2026-07-26,59,-5.530894224374556,-0.66
2026-07-26,60,-5.889735161744159,-0.66
2026-07-26,61,-1.2751525439556284,-0.82
2026-07-26,62,-0.5361643376453058,-0.85
2026-07-26,63,-1.9819639431649616,-0.89
2026-07-26,64,-3.1522527036745416,-0.88
2026-07-26,65,4.728910245138213,-0.07
2026-07-26,66,7.787664619954889,-0.01
2026-07-26,67,15.016490834939788,0.0
2026-07-26,68,52.73969388473507,3.53
2026-07-26,69,27.398646356092137,5.25
2026-07-26,70,53.04771430287305,35.76
2026-07-26,71,67.14310344113082,62.92
2026-07-26,72,86.77428407806842,103.36
2026-07-26,73,73.66509815444437,79.45
2026-07-26,74,105.12257156340269,110.7
2026-07-26,75,122.95981973347376,119.87
2026-07-26,76,133.2853079844815,126.98
2026-07-26,77,128.6508074304898,130.39
2026-07-26,78,142.09436305670562,138.36
2026-07-26,79,140.1245112028472,141.97
2026-07-26,80,143.52522771689263,146.44
2026-07-26,81,140.0612821088752,144.94
2026-07-26,82,147.39894121187214,152.74
2026-07-26,83,147.89622095870783,152.82
2026-07-26,84,149.8288652939214,156.23
2026-07-26,85,148.9550248832542,156.05
2026-07-26,86,145.4767453911539,152.17
2026-07-26,87,150.17649189727368,148.6
2026-07-26,88,154.7457636236425,146.95
2026-07-26,89,155.184229268995,154.96
2026-07-26,90,155.44872482384753,149.21
2026-07-26,91,155.9870594618753,147.98
2026-07-26,92,145.53643830715762,139.84
2026-07-26,93,155.53669942675853,145.35
2026-07-26,94,146.701622887625,138.09
2026-07-26,95,144.50364028301522,136.73
2026-07-26,96,138.28574981852344,127.01
2026-07-27,1,149.5946718519055,84.26
2026-07-27,2,143.00705430004237,88.77
2026-07-27,3,136.13919988620754,86.68
2026-07-27,4,130.85152396623585,84.46
2026-07-27,5,139.60281877422648,82.4
2026-07-27,6,134.62363682299286,75.45
2026-07-27,7,133.7906604810362,68.95
2026-07-27,8,125.74227314264854,55.83
2026-07-27,9,128.71851407239237,60.82
2026-07-27,10,125.95233665297462,50.8
2026-07-27,11,124.9701474051511,72.21
2026-07-27,12,124.76383665983924,62.97
2026-07-27,13,124.6196494467736,69.26
2026-07-27,14,122.82723433806731,60.42
2026-07-27,15,122.6794387161088,59.72
2026-07-27,16,123.78379766009417,61.15
2026-07-27,17,123.07649934104258,66.38
2026-07-27,18,126.36322659944926,66.52
2026-07-27,19,125.59597139298,66.8
2026-07-27,20,129.17058029130283,85.0
2026-07-27,21,131.53744053182135,60.43
2026-07-27,22,134.19686693925084,86.66
2026-07-27,23,134.9561351825824,100.99
2026-07-27,24,141.89847326351554,116.0
2026-07-27,25,145.81065401045302,102.69
2026-07-27,26,152.93394529687123,116.63
2026-07-27,27,153.04888775969866,121.24
2026-07-27,28,153.45900441667206,129.67
2026-07-27,29,167.00339504719057,133.85
2026-07-27,30,157.24026725230166,132.87
2026-07-27,31,156.59916396785303,125.74
2026-07-27,32,145.33777885323815,123.44
2026-07-27,33,162.54255270708302,141.48
2026-07-27,34,155.37242964564084,130.69
2026-07-27,35,142.1540112022064,111.85
2026-07-27,36,128.46281745081146,91.88
2026-07-27,37,163.02750806171744,107.83
2026-07-27,38,130.3744043580079,87.45
2026-07-27,39,113.200326171346,72.2
2026-07-27,40,89.60366998520227,32.26
2026-07-27,41,109.33079622302807,55.3
2026-07-27,42,95.50377449081569,19.75
2026-07-27,43,78.55846338664749,15.16
2026-07-27,44,62.94998522830924,4.94
2026-07-27,45,74.07639638957806,3.45
2026-07-27,46,62.1628297349528,0.45
2026-07-27,47,49.43527607025168,0.02
2026-07-27,48,33.77947056811534,0.0
2026-07-27,49,40.81071993334842,0.0
2026-07-27,50,29.787033540408235,-0.01
2026-07-27,51,21.96352802494676,-0.01
2026-07-27,52,17.98771620820224,-0.02
2026-07-27,53,16.33897277726271,-0.01
2026-07-27,54,11.31834518965596,-0.03
2026-07-27,55,10.470044582471866,-0.07
2026-07-27,56,4.760665168568803,-0.48
2026-07-27,57,8.677300009999971,-0.87
2026-07-27,58,5.067971112235044,-1.0
2026-07-27,59,6.059854064242877,-0.7
2026-07-27,60,5.939849338601566,-0.25
2026-07-27,61,3.4937866044810724,-0.12
2026-07-27,62,4.061508675769806,-0.09
2026-07-27,63,11.058527028602288,-0.05
2026-07-27,64,23.948580445329146,-0.06
2026-07-27,65,13.89301938024504,-0.04
2026-07-27,66,27.4591598939496,-0.01
2026-07-27,67,49.56379163687888,-0.01
2026-07-27,68,66.92303605796846,0.01
2026-07-27,69,49.78631422902846,0.01
2026-07-27,70,82.32461763369008,2.88
2026-07-27,71,97.07769330309884,10.1
2026-07-27,72,114.94248182279584,44.62
2026-07-27,73,95.39462437676184,50.37
2026-07-27,74,116.62759228106492,91.19
2026-07-27,75,131.85924869253907,113.61
2026-07-27,76,149.2386869539952,133.99
2026-07-27,77,136.5902816080857,120.01
2026-07-27,78,149.57696468585647,147.93
2026-07-27,79,161.4781513950493,154.58
2026-07-27,80,175.5290643675106,174.0
2026-07-27,81,174.212481408869,155.6
2026-07-27,82,176.3897394733248,172.2
2026-07-27,83,185.77585276290188,180.04
2026-07-27,84,194.820933653994,187.05
2026-07-27,85,191.50196108635785,183.1
2026-07-27,86,190.7166944018209,181.08
2026-07-27,87,189.36041894771216,178.93
2026-07-27,88,181.84106046644445,172.87
2026-07-27,89,187.8537055563153,180.23
2026-07-27,90,180.9626614063149,173.14
2026-07-27,91,177.7548727192237,174.5
2026-07-27,92,165.4379580392745,156.56
2026-07-27,93,171.57320979419825,161.31
2026-07-27,94,162.93153564036345,161.03
2026-07-27,95,159.17072340288834,160.83
2026-07-27,96,152.4921534179809,148.78
2026-07-28,1,162.9764101182949,178.01
2026-07-28,2,156.1286971418509,169.91
2026-07-28,3,150.64651459125878,152.34
2026-07-28,4,142.88035498583994,143.75
2026-07-28,5,152.71080503435962,154.96
2026-07-28,6,145.97639801485036,149.56
2026-07-28,7,143.3699537284271,145.28
2026-07-28,8,140.2088928456796,143.43
2026-07-28,9,142.57608245800685,147.09
2026-07-28,10,139.9503140858565,141.52
2026-07-28,11,138.98773125161767,138.91
2026-07-28,12,138.36200456213732,137.8
2026-07-28,13,138.867405921207,136.5
2026-07-28,14,137.7264064884509,136.25
2026-07-28,15,137.14704501063426,135.16
2026-07-28,16,137.67308915922607,135.57
2026-07-28,17,139.32121594558117,133.25
2026-07-28,18,140.57703342753723,135.87
2026-07-28,19,140.11488770882204,141.35
2026-07-28,20,142.9561303791881,149.27
2026-07-28,21,139.40522564367478,140.53
2026-07-28,22,142.74873756842544,143.75
2026-07-28,23,147.02812681038026,154.19
2026-07-28,24,153.45700580515205,160.5
2026-07-28,25,156.05255802215336,165.45
2026-07-28,26,160.50607887138815,174.29
2026-07-28,27,162.83300016061867,170.33
2026-07-28,28,162.22208156355913,160.15
2026-07-28,29,175.2655555568559,177.04
2026-07-28,30,162.54511728950865,167.39
2026-07-28,31,153.8502332415131,156.72
2026-07-28,32,139.84433408099096,147.95
2026-07-28,33,172.20856999768304,165.67
2026-07-28,34,151.43280383054633,152.28
2026-07-28,35,145.08520082508934,143.43
2026-07-28,36,113.53736448823574,115.26
2026-07-28,37,136.10009236477768,160.11
2026-07-28,38,114.8113840282608,115.62
2026-07-28,39,94.5176865828757,94.8
2026-07-28,40,55.967812806600165,65.56
2026-07-28,41,85.79438485904593,85.32
2026-07-28,42,53.40034191621274,41.74
2026-07-28,43,40.61496095480638,15.06
2026-07-28,44,20.557591190086768,4.95
2026-07-28,45,27.94168867040868,7.61
2026-07-28,46,20.965301874654827,4.45
2026-07-28,47,10.936952570495391,1.66
2026-07-28,48,-5.288678680805013,0.0
2026-07-28,49,4.424462812266313,0.0
2026-07-28,50,2.387863888589706,-0.01
2026-07-28,51,-1.5379819068389011,-0.01
2026-07-28,52,0.023576561708408,-0.03
2026-07-28,53,-1.429720342778456,-0.01
2026-07-28,54,-1.254048587294914,-0.05
2026-07-28,55,0.3603987398127586,-0.1
2026-07-28,56,1.13147293756517,-0.19
2026-07-28,57,3.3315763489670545,-0.09
2026-07-28,58,3.5992228829498103,-0.03
2026-07-28,59,0.2541906180379483,0.0
2026-07-28,60,3.3032688317522814,0.0
2026-07-28,61,-20.8803689871456,0.0
2026-07-28,62,-19.800871191823298,0.91
2026-07-28,63,-21.200360085915744,2.66
2026-07-28,64,24.646505226252504,10.04
2026-07-28,65,-20.81618773689696,4.26
2026-07-28,66,-1.493227343585957,15.48
2026-07-28,67,32.92259850312736,61.68
2026-07-28,68,49.67548081000795,97.54
2026-07-28,69,57.20877803711258,60.03
2026-07-28,70,99.45031856742546,101.86
2026-07-28,71,121.99482273216876,120.25
2026-07-28,72,139.36848010274517,148.37
2026-07-28,73,119.88469205123992,125.01
2026-07-28,74,142.5743935950569,156.96
2026-07-28,75,159.28691028015416,167.25
2026-07-28,76,178.9638651204243,178.67
2026-07-28,77,163.15905335081527,174.9
2026-07-28,78,180.37380825292823,187.15
2026-07-28,79,197.8931515831679,202.71
2026-07-28,80,230.36873656342308,230.67
2026-07-28,81,210.61062642579148,200.87
2026-07-28,82,224.37511703703203,208.01
2026-07-28,83,241.0084513532876,219.85
2026-07-28,84,250.1422555961149,238.29
2026-07-28,85,246.16441792121972,219.99
2026-07-28,86,233.07903522954572,213.91
2026-07-28,87,233.6887322206187,205.71
2026-07-28,88,210.87068850698856,200.1
2026-07-28,89,219.7228651121943,210.79
2026-07-28,90,205.5683917480512,197.06
2026-07-28,91,194.1869495556256,187.55
2026-07-28,92,191.35762526026508,180.43
2026-07-28,93,188.6028875106753,188.33
2026-07-28,94,178.12024849131973,173.99
2026-07-28,95,170.6541923200429,165.95
2026-07-28,96,166.7601684164932,160.78
2026-07-29,1,168.8123536377544,170.39
2026-07-29,2,161.89974436704398,158.08
2026-07-29,3,156.44166777037177,154.26
2026-07-29,4,144.15272156719712,144.3
2026-07-29,5,151.48811070802728,155.48
2026-07-29,6,148.87472303633382,150.5
2026-07-29,7,147.99283089909454,146.95
2026-07-29,8,145.58117649918972,140.87
2026-07-29,9,148.545986937748,140.9
2026-07-29,10,145.83244836512196,138.32
2026-07-29,11,141.09853883517428,135.71
2026-07-29,12,143.27647275204637,133.9
2026-07-29,13,142.5124975677737,135.01
2026-07-29,14,138.92380168890665,135.15
2026-07-29,15,142.44923400693983,135.03
2026-07-29,16,134.33035145940752,134.82
2026-07-29,17,140.2088084805547,134.22
2026-07-29,18,140.980253397688,138.11
2026-07-29,19,141.16887456427327,141.35
2026-07-29,20,145.72908355349185,147.63
2026-07-29,21,142.01260303680186,137.93
2026-07-29,22,145.97568507828868,142.48
2026-07-29,23,152.4051643479441,151.3
2026-07-29,24,155.39480368256977,162.33
2026-07-29,25,161.57646913279677,160.56
2026-07-29,26,164.60575823883298,171.28
2026-07-29,27,162.14127935756918,171.75
2026-07-29,28,159.2210301194702,170.7
2026-07-29,29,169.080369057851,172.87
2026-07-29,30,160.75521927624678,170.7
2026-07-29,31,152.79860730952805,158.97
2026-07-29,32,144.64729347645817,141.84
2026-07-29,33,162.94468926401277,166.9
2026-07-29,34,154.3751978516198,151.19
2026-07-29,35,143.28272501895896,143.42
2026-07-29,36,120.39759769316572,123.18
2026-07-29,37,142.88881117807162,153.33
2026-07-29,38,121.53932530021984,124.78
2026-07-29,39,106.20114946275456,109.69
2026-07-29,40,75.15306128584757,100.64
2026-07-29,41,103.67482383390504,109.94
2026-07-29,42,72.93601073439737,101.6
2026-07-29,43,44.509642632583024,79.51
2026-07-29,44,31.80560503024856,50.1
2026-07-29,45,40.38161627968578,62.23
2026-07-29,46,34.04882544463863,32.8
2026-07-29,47,20.11024404258398,12.68
2026-07-29,48,17.445712765195527,8.43
2026-07-29,49,16.20774900274391,5.02
2026-07-29,50,12.708655193710351,0.0
2026-07-29,51,8.08002821984856,-0.01
2026-07-29,52,5.453741755370107,-0.06
2026-07-29,53,6.20723971668088,-0.01
2026-07-29,54,7.35100836840577,-0.01
2026-07-29,55,4.755427903359992,-0.05
2026-07-29,56,4.284722769272696,-0.1
2026-07-29,57,5.924206142307155,-0.04
2026-07-29,58,7.096524160342198,-0.04
2026-07-29,59,8.361780860756049,-0.01
2026-07-29,60,11.199643742498832,0.0
2026-07-29,61,8.175577263911883,0.0
2026-07-29,62,13.475687359480784,0.74
2026-07-29,63,20.297675573964128,6.01
2026-07-29,64,37.890970929766254,22.75
2026-07-29,65,21.799638344343578,24.99
2026-07-29,66,51.66707385810353,73.59
2026-07-29,67,81.7730017251769,97.26
2026-07-29,68,104.50871394061105,109.56
2026-07-29,69,81.48680771742684,100.3
2026-07-29,70,106.17349043927167,115.38
2026-07-29,71,124.04478513118016,134.72
2026-07-29,72,141.27335554183446,150.97
2026-07-29,73,123.7213771990554,127.72
2026-07-29,74,151.0561720527525,148.84
2026-07-29,75,162.84329169937268,170.2
2026-07-29,76,189.86136553626812,202.5
2026-07-29,77,166.8244649977074,172.69
2026-07-29,78,197.3563434475846,204.82
2026-07-29,79,212.1678509323885,247.71
2026-07-29,80,240.8891743391706,352.36
2026-07-29,81,220.0783673057205,251.36
2026-07-29,82,231.88075649489497,265.97
2026-07-29,83,240.52196628293288,275.9
2026-07-29,84,252.35085269601345,261.36
2026-07-29,85,246.4156558717509,254.43
2026-07-29,86,228.58144660832988,225.09
2026-07-29,87,213.5802283219998,217.3
2026-07-29,88,198.12555632768047,202.0
2026-07-29,89,211.0674504858115,206.99
2026-07-29,90,197.8345536931815,198.3
2026-07-29,91,191.63351110207643,190.39
2026-07-29,92,178.11109653038423,176.02
2026-07-29,93,185.4250163012504,179.05
2026-07-29,94,176.17826704906213,173.72
2026-07-29,95,168.56103442056823,170.38
2026-07-29,96,158.24996893130427,146.1
2026-07-30,1,167.2014604236683,162.16
2026-07-30,2,159.78007734069203,152.0
2026-07-30,3,153.09950813357028,142.66
2026-07-30,4,149.0234820979262,142.2
2026-07-30,5,155.39885971882916,144.05
2026-07-30,6,148.63607678744032,141.88
2026-07-30,7,145.4692245085482,145.61
2026-07-30,8,143.0592003185028,138.0
2026-07-30,9,144.86198913276226,143.0
2026-07-30,10,141.3525866622728,142.63
2026-07-30,11,140.97364513934355,137.99
2026-07-30,12,140.67080339500677,136.37
2026-07-30,13,139.64022173352754,135.94
2026-07-30,14,139.6697737683615,135.0
2026-07-30,15,139.86259750641491,134.66
2026-07-30,16,139.83199544115854,136.52
2026-07-30,17,138.83004050428713,132.03
2026-07-30,18,140.41016882922816,132.36
2026-07-30,19,140.94657915004916,132.96
2026-07-30,20,144.2912455521179,133.54
2026-07-30,21,141.37574605975527,133.51
2026-07-30,22,143.2695934612008,133.85
2026-07-30,23,148.9129097574372,139.53
2026-07-30,24,152.98399928845774,143.54
2026-07-30,25,158.9686099764444,143.34
2026-07-30,26,161.82015503127144,151.75
2026-07-30,27,160.80881128492868,150.6
2026-07-30,28,154.2182785754327,148.15
2026-07-30,29,165.2526705819956,166.47
2026-07-30,30,159.46522902430678,153.95
2026-07-30,31,149.40833598197278,142.6
2026-07-30,32,136.7014452831795,127.96
2026-07-30,33,154.44810987593814,163.38
2026-07-30,34,141.275598664747,146.05
2026-07-30,35,133.97979112840886,131.04
2026-07-30,36,116.84194553296857,115.71
2026-07-30,37,136.47658094741573,139.67
2026-07-30,38,119.71337535419104,122.81
2026-07-30,39,106.4768432112083,110.54
2026-07-30,40,91.70943800707016,99.44
2026-07-30,41,106.53296446624336,109.01
2026-07-30,42,89.58628237204528,94.27
2026-07-30,43,71.12394713117234,80.88
2026-07-30,44,48.49586667669938,55.84
2026-07-30,45,56.420386881492846,70.3
2026-07-30,46,41.90982043355436,35.96
2026-07-30,47,29.583380310786985,19.81
2026-07-30,48,20.60313828518438,12.33
2026-07-30,49,20.56619788038877,8.97
2026-07-30,50,14.369305848839549,8.0
2026-07-30,51,11.369281984779596,4.5
2026-07-30,52,12.476671052624525,3.94
2026-07-30,53,13.606558030606251,4.56
2026-07-30,54,11.898917480544071,2.31
2026-07-30,55,9.250362588460316,1.38
2026-07-30,56,8.442170524593147,2.43
2026-07-30,57,10.920341985079403,4.18
2026-07-30,58,10.398806156256285,6.19
2026-07-30,59,12.703087870319672,16.36
2026-07-30,60,14.80654771830578,32.96
2026-07-30,61,12.55329615560473,40.04
2026-07-30,62,21.41717045843602,57.45
2026-07-30,63,46.09897143471944,69.11
2026-07-30,64,73.97234423839359,83.13
2026-07-30,65,50.31867655723193,73.54
2026-07-30,66,86.2323584005851,87.66
2026-07-30,67,104.84517874177212,106.5
2026-07-30,68,119.58379147262616,124.91
2026-07-30,69,99.39151082301667,105.84
2026-07-30,70,114.41048661246484,115.01
2026-07-30,71,129.54767138067896,131.76
2026-07-30,72,145.2209080371849,154.6
2026-07-30,73,128.51197512331524,130.34
2026-07-30,74,147.22194709827184,145.71
2026-07-30,75,157.3860378322817,160.56
2026-07-30,76,180.18907449142708,160.5
2026-07-30,77,162.01326058820894,149.9
2026-07-30,78,179.1379906478935,172.61
2026-07-30,79,205.34338975314307,181.2
2026-07-30,80,245.1085238214734,191.37
2026-07-30,81,231.16558397092388,183.7
2026-07-30,82,234.83706647856025,188.39
2026-07-30,83,226.51321636287287,199.44
2026-07-30,84,226.5331476269729,221.71
2026-07-30,85,228.63609830213343,218.14
2026-07-30,86,209.6833674761886,212.28
2026-07-30,87,199.3280496062989,203.9
2026-07-30,88,193.4268071043812,193.8
2026-07-30,89,199.76909074423392,201.3
2026-07-30,90,188.9673373595869,194.09
2026-07-30,91,186.0506387940277,187.25
2026-07-30,92,174.05933658096808,178.55
2026-07-30,93,180.60030898863664,181.29
2026-07-30,94,172.3889084786494,172.65
2026-07-30,95,166.67844952323065,169.78
2026-07-30,96,155.51611324292247,159.6
2026-07-31,1,174.14736165820432,177.28
2026-07-31,2,168.84179472818985,170.09
2026-07-31,3,164.36201455820537,164.6
2026-07-31,4,160.569048703568,160.87
2026-07-31,5,162.38741939881632,172.99
2026-07-31,6,158.04173648246058,167.17
2026-07-31,7,156.74118191583895,157.61
2026-07-31,8,154.15907706334357,154.04
2026-07-31,9,161.19258483937432,157.15
2026-07-31,10,157.01620588559558,154.5
2026-07-31,11,158.21850608337192,154.05
2026-07-31,12,152.56643623502856,154.94
2026-07-31,13,155.7648299534558,153.96
2026-07-31,14,155.57636549620736,154.65
2026-07-31,15,154.06504051810066,154.01
2026-07-31,16,152.18395489991977,154.07
2026-07-31,17,155.1046980659025,154.91
2026-07-31,18,154.74378269012936,152.67
2026-07-31,19,157.88420114470478,156.78
2026-07-31,20,160.8793093294464,165.0
2026-07-31,21,158.22545910634145,154.3
2026-07-31,22,165.67136611135072,159.22
2026-07-31,23,170.41604801816442,173.89
2026-07-31,24,172.70622514568447,174.64
2026-07-31,25,178.7619054099651,172.04
2026-07-31,26,184.0011930654336,182.29
2026-07-31,27,183.38613893494173,183.6
2026-07-31,28,180.4994538708823,178.42
2026-07-31,29,190.0179137518589,187.3
2026-07-31,30,185.4071895057484,180.0
2026-07-31,31,176.3702467679027,172.61
2026-07-31,32,165.09810836665875,150.2
2026-07-31,33,185.1648140598224,182.6
2026-07-31,34,175.33461905249433,170.72
2026-07-31,35,163.98815876790104,153.29
2026-07-31,36,138.89991787099814,129.7
2026-07-31,37,165.42802706264683,159.97
2026-07-31,38,140.29914766376868,144.3
2026-07-31,39,130.1412491603915,129.15
2026-07-31,40,119.81099064252471,124.13
2026-07-31,41,131.50215893762737,135.42
2026-07-31,42,118.64497909206034,128.59
2026-07-31,43,105.34573256506089,112.6
2026-07-31,44,91.05852440935332,101.81
2026-07-31,45,101.44423890202052,113.8
2026-07-31,46,90.31869060445727,99.94
2026-07-31,47,82.93201714004672,98.75
2026-07-31,48,72.40228849932456,92.19
2026-07-31,49,76.66409198489742,97.71
2026-07-31,50,67.14550739823446,95.74
2026-07-31,51,63.83891925920931,96.03
2026-07-31,52,64.42236831137434,86.99
2026-07-31,53,67.18198618550251,85.01
2026-07-31,54,70.98375235472456,84.46
2026-07-31,55,73.98820901718447,82.25
2026-07-31,56,74.1845911176863,81.35
2026-07-31,57,73.94093169295627,80.4
2026-07-31,58,83.85698279140085,81.99
2026-07-31,59,91.05730975757216,87.81
2026-07-31,60,96.3077758618902,94.94
2026-07-31,61,87.2208108074473,90.11
2026-07-31,62,94.19975443463942,98.77
2026-07-31,63,91.26259755430443,104.72
2026-07-31,64,99.19482744701114,118.94
2026-07-31,65,94.99983172686125,110.0
2026-07-31,66,115.05404610770374,113.67
2026-07-31,67,119.73416008272592,123.8
2026-07-31,68,129.867155150354,135.99
2026-07-31,69,123.07110154022124,123.97
2026-07-31,70,130.9620433463637,135.07
2026-07-31,71,143.80793443410582,164.01
2026-07-31,72,162.04921784517848,166.92
2026-07-31,73,146.5425519303356,140.45
2026-07-31,74,166.56584923874595,160.29
2026-07-31,75,174.85331587018973,168.14
2026-07-31,76,184.7193013294829,180.35
2026-07-31,77,180.52876475102823,165.01
2026-07-31,78,194.21275276243344,177.8
2026-07-31,79,199.3636480336218,192.93
2026-07-31,80,220.0727884634676,203.8
2026-07-31,81,213.4417980734045,184.96
2026-07-31,82,218.45726981212133,190.66
2026-07-31,83,218.34794125467863,196.27
2026-07-31,84,223.7703633771567,199.07
2026-07-31,85,229.02900456173884,192.09
2026-07-31,86,210.26927211947185,193.75
2026-07-31,87,200.97015402669487,197.33
2026-07-31,88,190.0676775237656,199.39
2026-07-31,89,202.0726545925134,204.05
2026-07-31,90,191.17482536614216,201.34
2026-07-31,91,189.6565144437573,184.12
2026-07-31,92,182.0991549533582,175.01
2026-07-31,93,184.05099778400364,178.22
2026-07-31,94,177.75960347593846,169.88
2026-07-31,95,171.7121617488258,167.36
2026-07-31,96,161.639343358454,165.13
2026-08-01,1,168.2057540621187,183.75
2026-08-01,2,162.33686459931113,173.56
2026-08-01,3,156.04189450986195,164.44
2026-08-01,4,150.6298755437293,156.0
2026-08-01,5,158.0362053479274,169.43
2026-08-01,6,152.54865813137852,166.63
2026-08-01,7,150.0582112431715,157.66
2026-08-01,8,146.6677244145913,156.91
2026-08-01,9,150.32128144709702,160.91
2026-08-01,10,147.7588231918352,159.09
2026-08-01,11,146.171313724549,155.88
2026-08-01,12,144.49884135669265,152.1
2026-08-01,13,144.78611259777534,157.01
2026-08-01,14,146.33932348312092,153.37
2026-08-01,15,143.4496672710649,155.0
2026-08-01,16,142.18812706018625,153.05
2026-08-01,17,142.49625799042153,154.91
2026-08-01,18,143.62349620339342,158.34
2026-08-01,19,143.0936722218366,153.54
2026-08-01,20,145.14980834573896,151.3
2026-08-01,21,143.66378851300212,152.78
2026-08-01,22,144.28342317950415,157.0
2026-08-01,23,147.75881025047926,155.47
2026-08-01,24,148.82927940221003,156.82
2026-08-01,25,152.31063333438007,160.52
2026-08-01,26,152.42954413511345,156.94
2026-08-01,27,149.91815706298513,151.9
2026-08-01,28,143.57584402095907,149.8
2026-08-01,29,153.4427040312875,162.96
2026-08-01,30,146.41782943741376,147.0
2026-08-01,31,138.04467289946837,141.73
2026-08-01,32,125.9127719931706,134.0
2026-08-01,33,149.62929199390717,160.86
2026-08-01,34,139.74956172711217,143.7
2026-08-01,35,131.71437967825528,133.18
2026-08-01,36,113.45898311038314,123.89
2026-08-01,37,128.709214204569,145.41
2026-08-01,38,113.350568391479,122.44
2026-08-01,39,102.06022776870462,117.65
2026-08-01,40,88.01838387322074,107.59
2026-08-01,41,103.78615875761696,116.41
2026-08-01,42,89.07138405324889,104.39
2026-08-01,43,75.59798807657842,101.6
2026-08-01,44,55.19379244364478,81.29
2026-08-01,45,61.28180767100601,83.0
2026-08-01,46,46.12084947331306,67.98
2026-08-01,47,35.88850596196859,51.16
2026-08-01,48,24.67736954084608,26.47
2026-08-01,49,27.373122386271127,31.63
2026-08-01,50,17.594518493147085,19.62
2026-08-01,51,10.573774844101552,11.7
2026-08-01,52,4.780583141738129,3.91
2026-08-01,53,7.193631422616378,1.63
2026-08-01,54,2.321761404793231,0.0
2026-08-01,55,1.029650313876124,0.0
2026-08-01,56,-0.4855322645580875,0.0
2026-08-01,57,0.6721887535205273,0.0
2026-08-01,58,0.5882610584186385,0.0
2026-08-01,59,1.556536002465338,0.0
2026-08-01,60,2.4606308726867305,0.0
2026-08-01,61,-2.419120708392805,0.02
2026-08-01,62,-1.0007629718799702,0.29
2026-08-01,63,2.71568784234292,2.8
2026-08-01,64,13.266539182560534,9.2
2026-08-01,65,12.98385084110108,6.5
2026-08-01,66,37.01467618539587,24.13
2026-08-01,67,57.8817309282833,64.03
2026-08-01,68,73.91226419315531,87.41
2026-08-01,69,61.86013733946612,87.12
2026-08-01,70,83.38814341164542,101.14
2026-08-01,71,99.2773876036062,119.08
2026-08-01,72,117.91816717402892,122.92
2026-08-01,73,99.28694350666608,119.38
2026-08-01,74,129.4505155332544,133.0
2026-08-01,75,140.3885011672665,160.82
2026-08-01,76,153.23036120582833,167.34
2026-08-01,77,142.34206613499498,150.92
2026-08-01,78,159.95641084999028,160.26
2026-08-01,79,174.6919692973908,175.47
2026-08-01,80,182.60353805980856,187.49
2026-08-01,81,184.3128173538916,174.17
2026-08-01,82,186.1791764042111,180.23
2026-08-01,83,181.20387976355093,183.4
2026-08-01,84,186.2114633047624,186.05
2026-08-01,85,186.18474865395905,184.85
2026-08-01,86,183.79809559084592,181.6
2026-08-01,87,176.5237430793179,182.41
2026-08-01,88,170.36236485521263,173.85
2026-08-01,89,179.24472634822325,190.2
2026-08-01,90,173.715755912342,179.69
2026-08-01,91,172.40169046130532,175.2
2026-08-01,92,167.47924544542798,169.1
2026-08-01,93,168.75456909650174,172.11
2026-08-01,94,163.46752901223513,171.94
2026-08-01,95,160.67284005622432,171.23
2026-08-01,96,153.591323858786,164.72
2026-08-02,1,166.89905369804535,188.4
2026-08-02,2,164.28262254170667,170.98
2026-08-02,3,158.118302521002,161.1
2026-08-02,4,154.7906259097085,158.02
2026-08-02,5,159.288099378643,160.86
2026-08-02,6,155.08766620552385,156.81
2026-08-02,7,153.35522962774365,162.01
2026-08-02,8,148.681482247425,159.98
2026-08-02,9,153.19413981898725,158.74
2026-08-02,10,154.92275712062184,156.5
2026-08-02,11,153.42794282043712,157.31
2026-08-02,12,155.51968786269896,154.8
2026-08-02,13,153.7108585092874,155.36
2026-08-02,14,155.9301974526527,153.75
2026-08-02,15,146.51250655519962,153.88
2026-08-02,16,145.24071583240456,154.78
2026-08-02,17,153.7827642507396,155.01
2026-08-02,18,146.45072619915163,153.16
2026-08-02,19,145.40488802823654,152.94
2026-08-02,20,146.2742744374932,153.26
2026-08-02,21,145.55379426774493,159.03
2026-08-02,22,145.48376125445918,160.83
2026-08-02,23,146.6661318510862,159.73
2026-08-02,24,148.39793282929884,157.72
2026-08-02,25,148.4015317574262,161.13
2026-08-02,26,144.88944199347782,153.7
2026-08-02,27,142.26384349694513,151.62
2026-08-02,28,136.78360414212324,139.14
2026-08-02,29,147.53638531219312,153.77
2026-08-02,30,137.83714202921948,142.6
2026-08-02,31,129.0130476689293,136.11
2026-08-02,32,111.7541186349413,122.32
2026-08-02,33,138.87657359094166,152.74
2026-08-02,34,118.60319896555364,130.33
2026-08-02,35,97.08288129272184,112.43
2026-08-02,36,67.43801836971878,93.22
2026-08-02,37,91.64273239187676,104.46
2026-08-02,38,68.50749011176592,84.19
2026-08-02,39,55.06140604484689,51.64
2026-08-02,40,32.34390997073392,10.45
2026-08-02,41,43.28575400811548,10.21
2026-08-02,42,28.400209408720784,2.47
2026-08-02,43,12.779660563233918,-0.01
2026-08-02,44,4.224382231783757,-0.05
2026-08-02,45,8.252317771252969,-0.09
2026-08-02,46,0.6594038945579825,-0.13
2026-08-02,47,-5.13735623267555,-0.34
2026-08-02,48,-7.945613499125738,-0.48
2026-08-02,49,-10.2518553581221,-0.71
2026-08-02,50,-9.16738111631328,-1.08
2026-08-02,51,-8.126622088214361,-1.44
2026-08-02,52,-5.988648757651007,-1.87
2026-08-02,53,-7.470860291842982,-2.77
2026-08-02,54,-7.004248251413984,-3.1
2026-08-02,55,-7.085089771444554,-4.28
2026-08-02,56,-6.4576527600607125,-4.77
2026-08-02,57,-9.647231247841155,-2.42
2026-08-02,58,-7.273231327552675,-1.99
2026-08-02,59,-8.70721203076955,-1.64
2026-08-02,60,-8.53673438061272,-1.09
2026-08-02,61,-7.026332129749227,-1.29
2026-08-02,62,-7.00408870352299,-1.25
2026-08-02,63,-8.788886429825677,-1.19
2026-08-02,64,-6.149431902209056,-0.98
2026-08-02,65,-2.5553290149683185,-1.01
2026-08-02,66,2.6147763365982826,-0.04
2026-08-02,67,26.247627477312392,0.0
2026-08-02,68,57.8016754678528,12.71
2026-08-02,69,31.98747359407888,41.97
2026-08-02,70,85.27054908969117,92.84
2026-08-02,71,110.14450156469069,116.55
2026-08-02,72,126.57852757294964,130.29
2026-08-02,73,107.79086883796047,123.89
2026-08-02,74,134.3373672368945,138.13
2026-08-02,75,141.7808547168348,157.0
2026-08-02,76,154.8107330522667,173.61
2026-08-02,77,144.36123206174508,160.15
2026-08-02,78,174.84989789351175,170.59
2026-08-02,79,171.8542018584881,183.9
2026-08-02,80,185.28605236021207,192.93
2026-08-02,81,172.98923964554808,182.99
2026-08-02,82,178.84195416223722,181.78
2026-08-02,83,180.7242176258009,185.66
2026-08-02,84,174.293504840742,192.32
2026-08-02,85,170.95156243747314,190.7
2026-08-02,86,163.68130026152312,181.18
2026-08-02,87,166.46387529280145,174.37
2026-08-02,88,166.68974591231654,164.51
2026-08-02,89,169.20711030556978,181.59
2026-08-02,90,165.34528308877776,167.84
2026-08-02,91,168.39435762490962,163.65
2026-08-02,92,164.2930721199923,157.83
2026-08-02,93,163.32196642764453,160.11
2026-08-02,94,161.72847448232616,155.09
2026-08-02,95,160.3919273318249,152.96
2026-08-02,96,152.85005957983148,143.17
2026-08-03,1,160.31023273751836,146.32
2026-08-03,2,152.932340503835,141.85
2026-08-03,3,147.38519122939394,136.95
2026-08-03,4,142.85465303634706,134.05
2026-08-03,5,149.27757957754972,137.95
2026-08-03,6,144.7210072021976,134.42
2026-08-03,7,143.10887141271405,135.44
2026-08-03,8,139.43230004249543,132.63
2026-08-03,9,141.85004790480784,133.59
2026-08-03,10,139.47167590151545,131.84
2026-08-03,11,136.37852422727104,131.4
2026-08-03,12,134.71460796447693,130.93
2026-08-03,13,136.99963856790473,129.25
2026-08-03,14,134.43014034306069,128.84
2026-08-03,15,134.59487452557158,129.5
2026-08-03,16,134.86170891260804,131.56
2026-08-03,17,133.32119547906063,128.7
2026-08-03,18,134.17946285042578,131.24
2026-08-03,19,136.05074501901447,133.6
2026-08-03,20,139.31556681099104,137.41
2026-08-03,21,136.28599000355177,139.13
2026-08-03,22,140.50936589690644,141.73
2026-08-03,23,145.5824772005126,144.67
2026-08-03,24,152.00594392194324,151.67
2026-08-03,25,155.3261151915976,164.9
2026-08-03,26,162.416740249156,171.38
2026-08-03,27,161.09198575247694,173.41
2026-08-03,28,159.3103729115902,167.21
2026-08-03,29,167.85202365915757,173.56
2026-08-03,30,163.80048652562292,166.94
2026-08-03,31,155.8832586379335,161.83
2026-08-03,32,142.51286739965647,155.63
2026-08-03,33,163.8660503879455,167.27
2026-08-03,34,152.1378107619978,156.95
2026-08-03,35,138.99876589338854,150.23
2026-08-03,36,128.3803090269623,125.55
2026-08-03,37,150.57540146604342,163.11
2026-08-03,38,128.84081082642746,134.68
2026-08-03,39,118.26047851903633,124.22
2026-08-03,40,103.91884659457668,118.48
2026-08-03,41,115.83876724803572,127.99
2026-08-03,42,101.87486594608488,117.09
2026-08-03,43,88.9212712535853,109.3
2026-08-03,44,72.61554777053763,88.76
2026-08-03,45,81.90679153116128,90.05
2026-08-03,46,66.16926460103352,74.45
2026-08-03,47,55.418425177854566,62.48
2026-08-03,48,41.60709674318083,51.73
2026-08-03,49,44.85647069617951,42.44
2026-08-03,50,37.18454074139294,25.1
2026-08-03,51,31.86159371420667,21.36
2026-08-03,52,26.623222672216723,15.22
2026-08-03,53,28.12534365571648,23.27
2026-08-03,54,24.93127920117865,20.1
2026-08-03,55,21.166101257364893,11.28
2026-08-03,56,18.359855544337183,10.9
2026-08-03,57,22.065144461605765,10.09
2026-08-03,58,22.10370872387724,13.36
2026-08-03,59,26.540066718886223,26.04
2026-08-03,60,31.23294886699548,40.73
2026-08-03,61,27.44567764331266,41.35
2026-08-03,62,36.78995051743299,58.8
2026-08-03,63,49.63949965513115,68.01
2026-08-03,64,67.653430610864,75.09
2026-08-03,65,51.62023505573387,88.22
2026-08-03,66,70.55304915710013,96.18
2026-08-03,67,92.24278261595204,106.57
2026-08-03,68,106.65864884176716,120.26
2026-08-03,69,95.64665351166688,117.1
2026-08-03,70,112.5001054096398,123.8
2026-08-03,71,124.23400564013473,145.59
2026-08-03,72,140.77139226420292,172.71
2026-08-03,73,123.11989352618107,155.17
2026-08-03,74,141.06345910319126,162.78
2026-08-03,75,151.53585161305332,170.7
2026-08-03,76,163.15556951675234,187.46
2026-08-03,77,154.22771003289242,177.61
2026-08-03,78,165.69483873059372,189.78
2026-08-03,79,171.32607778055024,208.69
2026-08-03,80,194.5115223747832,246.99
2026-08-03,81,184.0597048862123,207.26
2026-08-03,82,180.9686263977652,201.41
2026-08-03,83,197.5558244895488,194.5
2026-08-03,84,202.1813381882073,199.53
2026-08-03,85,202.56788635302075,196.48
2026-08-03,86,179.17442441692373,188.91
2026-08-03,87,176.3097845857051,184.83
2026-08-03,88,170.31333082551325,173.01
2026-08-03,89,179.26690769497102,184.05
2026-08-03,90,171.56916014649926,175.64
2026-08-03,91,173.85284846599333,173.01
2026-08-03,92,168.80440625154586,165.02
2026-08-03,93,168.3160414793592,166.58
2026-08-03,94,163.94805133696948,160.0
2026-08-03,95,162.26865573245425,155.7
2026-08-03,96,153.29967198324007,146.27
2026-08-04,1,160.76563041374067,168.81
2026-08-04,2,155.6405599384331,152.23
2026-08-04,3,151.8482926085291,151.15
2026-08-04,4,146.13845544481688,143.81
2026-08-04,5,152.4206570035043,151.26
2026-08-04,6,148.9561964722766,144.52
2026-08-04,7,148.9699683321659,143.87
2026-08-04,8,145.63719675157657,139.22
2026-08-04,9,147.09636769991874,140.8
2026-08-04,10,145.4802406419865,140.25
2026-08-04,11,144.50513820381556,139.17
2026-08-04,12,143.44425346376394,135.76
2026-08-04,13,143.47441493150902,134.42
2026-08-04,14,142.76986576174087,136.01
2026-08-04,15,142.93627216632677,138.33
2026-08-04,16,143.56674665974705,139.66
2026-08-04,17,142.472920069243,139.17
2026-08-04,18,144.7072239557422,139.73
2026-08-04,19,146.3976257048418,142.47
2026-08-04,20,149.60236269388722,151.29
2026-08-04,21,146.284258142548,151.75
2026-08-04,22,150.34199871617457,152.65
2026-08-04,23,157.1563523054197,156.0
2026-08-04,24,162.19570330552585,167.41
2026-08-04,25,165.328094862242,166.64
2026-08-04,26,172.73651880279192,174.41
2026-08-04,27,172.45339974801448,170.78
2026-08-04,28,168.40175499381365,171.9
2026-08-04,29,174.7144699714419,178.09
2026-08-04,30,171.6641558384052,172.31
2026-08-04,31,164.56219119859324,171.95
2026-08-04,32,157.01154137364392,154.78
2026-08-04,33,173.60445966070503,177.98
2026-08-04,34,164.6465265580289,168.1
2026-08-04,35,162.54710620428287,157.05
2026-08-04,36,145.2265271501651,142.83
2026-08-04,37,164.01115454704552,174.24
2026-08-04,38,143.81977862489452,156.6
2026-08-04,39,135.93726209210544,134.08
2026-08-04,40,125.57928051246162,121.23
2026-08-04,41,138.91382573573034,143.5
2026-08-04,42,127.2106220401454,122.39
2026-08-04,43,117.01690581177792,117.57
2026-08-04,44,104.15326116039418,114.58
2026-08-04,45,118.89783422395402,113.9
2026-08-04,46,105.30121392179493,106.83
2026-08-04,47,96.66250938139156,98.05
2026-08-04,48,82.88220099688249,96.17
2026-08-04,49,89.13537584470055,94.99
2026-08-04,50,77.88184387543873,85.7
2026-08-04,51,72.75825191520099,85.01
2026-08-04,52,68.96984483724638,83.55
2026-08-04,53,72.94054185792221,81.95
2026-08-04,54,70.3240739903514,80.59
2026-08-04,55,69.91304618072617,72.34
2026-08-04,56,58.72760923456666,70.98
2026-08-04,57,63.58839055654439,81.65
2026-08-04,58,64.92074771451419,84.32
2026-08-04,59,69.72761428008333,85.01
2026-08-04,60,82.10845520673874,85.27
2026-08-04,61,79.46800966075519,96.37
2026-08-04,62,98.08870630742396,101.61
2026-08-04,63,101.26511692411243,117.07
2026-08-04,64,104.9527317736825,122.78
2026-08-04,65,96.1568201943235,119.5
2026-08-04,66,109.32963645692593,123.46
2026-08-04,67,128.47448007578433,124.08
2026-08-04,68,141.75097165937262,142.71
2026-08-04,69,124.94245725047725,137.21
2026-08-04,70,134.61892459498492,149.41
2026-08-04,71,144.8883338357632,165.9
2026-08-04,72,164.483493568338,167.33
2026-08-04,73,156.116173870602,155.95
2026-08-04,74,164.01964540577322,156.4
2026-08-04,75,176.52120345691804,176.28
2026-08-04,76,195.765068902819,213.56
2026-08-04,77,170.70520420586809,170.39
2026-08-04,78,182.53595961243315,201.19
2026-08-04,79,208.21956663360348,236.85
2026-08-04,80,234.65390357303573,303.57
2026-08-04,81,216.89577659728508,240.01
2026-08-04,82,222.1308646450832,248.74
2026-08-04,83,228.1927103089818,241.06
2026-08-04,84,230.4712568548414,230.21
2026-08-04,85,231.25376148858584,239.71
2026-08-04,86,212.3818376318777,214.07
2026-08-04,87,199.410060603858,203.55
2026-08-04,88,179.85356335106064,190.85
2026-08-04,89,196.55427851181545,198.68
2026-08-04,90,181.945208646336,181.42
2026-08-04,91,175.38199127126964,184.89
2026-08-04,92,169.51199589115012,175.52
2026-08-04,93,170.50198594233606,170.88
2026-08-04,94,162.86518437902637,166.5
2026-08-04,95,161.69773673395898,163.1
2026-08-04,96,152.8455391322207,151.78
2026-08-05,1,167.55027095608423,162.65
2026-08-05,2,158.57951292714256,156.5
2026-08-05,3,151.7198817519835,151.55
2026-08-05,4,147.5892294856231,150.07
2026-08-05,5,152.84798608245572,152.76
2026-08-05,6,147.9422744276922,148.53
2026-08-05,7,144.9767502243721,148.29
2026-08-05,8,140.13540972853448,147.81
2026-08-05,9,144.42862272347128,152.68
2026-08-05,10,138.41329750251097,147.52
2026-08-05,11,138.09459324738657,146.1
2026-08-05,12,136.0586445636251,145.9
2026-08-05,13,138.36950900075874,147.72
2026-08-05,14,137.7916415466004,147.4
2026-08-05,15,136.75661967898697,142.75
2026-08-05,16,137.13835856160097,139.15
2026-08-05,17,136.27844993850272,139.61
2026-08-05,18,137.27016812978744,138.16
2026-08-05,19,138.5089853650626,140.61
2026-08-05,20,141.87895200798553,139.0
2026-08-05,21,139.50306297062062,135.8
2026-08-05,22,142.10285877460865,140.47
2026-08-05,23,146.93885138648676,146.29
2026-08-05,24,154.30959258493377,154.45
2026-08-05,25,154.68100375977673,154.81
2026-08-05,26,159.20286156882244,156.68
2026-08-05,27,158.3224469689541,160.23
2026-08-05,28,153.10367474686916,157.0
2026-08-05,29,166.31522345872398,166.09
2026-08-05,30,157.18993455326742,162.24
2026-08-05,31,148.23986132871752,154.41
2026-08-05,32,139.2268217024885,136.0
2026-08-05,33,160.61254980217475,162.64
2026-08-05,34,147.3463206744875,147.91
2026-08-05,35,141.32879828469478,131.74
2026-08-05,36,121.14114980675215,116.9
2026-08-05,37,144.36967767296625,145.09
2026-08-05,38,119.61855148010494,120.15
2026-08-05,39,101.63461094143923,104.5
2026-08-05,40,74.25555434774621,78.41
2026-08-05,41,92.13479369592947,100.0
2026-08-05,42,73.30591075853495,85.71
2026-08-05,43,63.4552844395031,54.6
2026-08-05,44,45.15141763449896,17.49
2026-08-05,45,48.27758045721486,24.88
2026-08-05,46,28.79950656092842,8.35
2026-08-05,47,11.352072046346102,0.1
2026-08-05,48,4.339674789154138,0.0
2026-08-05,49,1.042888956829998,0.0
2026-08-05,50,0.9454158596137034,-0.01
2026-08-05,51,0.0004952833739544,-0.04
2026-08-05,52,0.6679484907474018,-0.1
2026-08-05,53,-0.0937160327639894,-0.17
2026-08-05,54,-0.2903455607324856,-0.34
2026-08-05,55,-2.106674078028779,-0.91
2026-08-05,56,0.2796023566870338,-0.75
2026-08-05,57,-1.495262138712934,-0.19
2026-08-05,58,2.379635267643575,-0.14
2026-08-05,59,3.5732646403142234,-0.13
2026-08-05,60,4.055772733156635,-0.1
2026-08-05,61,3.2213822993218835,-0.06
2026-08-05,62,-1.2070721123062436,-0.01
2026-08-05,63,-0.4735379214483775,0.0
2026-08-05,64,-5.652716310548037,0.0
2026-08-05,65,-5.010239047908172,0.0
2026-08-05,66,-0.8478066273964657,0.07
2026-08-05,67,19.60128271505205,2.25
2026-08-05,68,38.58821395227737,24.99
2026-08-05,69,31.80455614933156,15.65
2026-08-05,70,74.53084599014736,60.05
2026-08-05,71,90.58833277590556,87.47
2026-08-05,72,106.72767194565824,126.17
2026-08-05,73,91.1360396096856,94.66
2026-08-05,74,118.24270208305757,126.61
2026-08-05,75,140.8517431576094,152.98
2026-08-05,76,157.80413839334705,166.07
2026-08-05,77,144.2908964531511,155.06
2026-08-05,78,156.9842077322314,158.78
2026-08-05,79,168.61614130016457,172.39
2026-08-05,80,191.11187132565635,209.36
2026-08-05,81,179.12252859647663,177.77
2026-08-05,82,186.3368658265471,186.45
2026-08-05,83,194.26940994667137,190.63
2026-08-05,84,202.1166968508612,195.0
2026-08-05,85,198.49520741598224,193.32
2026-08-05,86,191.54592498802444,199.52
2026-08-05,87,194.1518663117368,217.11
2026-08-05,88,185.34481018790007,205.0
2026-08-05,89,193.5393068442831,225.86
2026-08-05,90,189.55494345485732,187.9
2026-08-05,91,179.45596944470424,178.54
2026-08-05,92,167.4584886833204,170.95
2026-08-05,93,174.26669536257577,175.43
2026-08-05,94,167.03796579760524,167.09
2026-08-05,95,161.1292620116498,164.92
2026-08-05,96,153.27868038052728,156.98
2026-08-06,1,162.9567445761492,171.83
2026-08-06,2,155.88574854046027,162.64
2026-08-06,3,149.98657987686414,160.0
2026-08-06,4,144.74889072183643,155.58
2026-08-06,5,152.06268292438838,166.55
2026-08-06,6,146.51551012310077,160.0
2026-08-06,7,144.11046620197902,151.66
2026-08-06,8,140.5927761128383,142.6
2026-08-06,9,143.51743283436844,158.43
2026-08-06,10,140.36982188433592,150.54
2026-08-06,11,139.7714119289433,140.25
2026-08-06,12,137.86941896054165,137.57
2026-08-06,13,139.3900397270926,144.69
2026-08-06,14,138.18736362852388,137.55
2026-08-06,15,137.60887081055907,136.15
2026-08-06,16,136.9162548735236,132.93
2026-08-06,17,136.45134098583222,133.62
2026-08-06,18,137.38678444066215,133.75
2026-08-06,19,138.09398193812356,134.05
2026-08-06,20,139.2170835405696,134.82
2026-08-06,21,138.4024156869285,132.59
2026-08-06,22,139.84216892514914,133.09
2026-08-06,23,145.23397155827888,136.23
2026-08-06,24,149.11652485752998,141.1
2026-08-06,25,147.74024352531072,149.96
2026-08-06,26,150.94001630988075,160.25
2026-08-06,27,154.1402806135333,160.9
2026-08-06,28,152.8411538899309,153.08
2026-08-06,29,166.7674287170501,161.04
2026-08-06,30,156.40310303678262,152.72
2026-08-06,31,150.92657654467757,152.05
2026-08-06,32,137.0720935026352,131.51
2026-08-06,33,161.55247397843087,170.27
2026-08-06,34,152.1117872878861,145.0
2026-08-06,35,140.0236827008534,130.85
2026-08-06,36,118.6837420243126,110.77
2026-08-06,37,138.75296119427534,135.38
2026-08-06,38,115.76505146651296,109.16
2026-08-06,39,96.3676320578124,89.63
2026-08-06,40,65.19195352501518,48.11
2026-08-06,41,86.23649941165392,66.54
2026-08-06,42,64.78642932637158,27.88
2026-08-06,43,46.61035212166855,5.52
2026-08-06,44,21.79426319781777,0.4
2026-08-06,45,26.18985269793302,0.7
2026-08-06,46,8.813466472351784,0.0
2026-08-06,47,-2.465293163840464,-0.01
2026-08-06,48,-5.2647488472940935,-0.11
2026-08-06,49,-11.617791227660993,-0.01
2026-08-06,50,-9.831587791492716,-0.08
2026-08-06,51,-9.496734500304708,-0.09
2026-08-06,52,-5.63141496037617,-0.16
2026-08-06,53,-9.074984587840357,-1.01
2026-08-06,54,-6.735566947127928,-1.11
2026-08-06,55,-5.227705506680252,-1.47
2026-08-06,56,-3.993103887559548,-1.84
2026-08-06,57,-4.92532888032215,-1.49
2026-08-06,58,-4.406712247242566,-1.57
2026-08-06,59,0.4426725474701154,-1.09
2026-08-06,60,-7.352624880679695,-1.01
2026-08-06,61,-5.22573187355487,-1.0
2026-08-06,62,-7.0598652003688205,-0.19
2026-08-06,63,-11.814998095152568,-0.11
2026-08-06,64,-15.664700605568536,-0.04
2026-08-06,65,-11.05404688724963,-0.04
2026-08-06,66,-12.486145959448429,-0.01
2026-08-06,67,2.9679311293554065,0.0
2026-08-06,68,14.873914793476942,0.08
2026-08-06,69,15.037527274015504,2.49
2026-08-06,70,55.02898249297223,24.4
2026-08-06,71,71.3113321004682,50.0
2026-08-06,72,95.89971857433176,76.81
2026-08-06,73,75.73985517257167,74.76
2026-08-06,74,105.97125276805022,96.82
2026-08-06,75,128.06471541492843,127.0
2026-08-06,76,144.98623847976833,159.34
2026-08-06,77,133.43059145583973,129.83
2026-08-06,78,153.01222178826555,137.63
2026-08-06,79,161.3297659559168,150.54
2026-08-06,80,172.38324981733314,154.71
2026-08-06,81,159.0960738358838,152.09
2026-08-06,82,160.03330821277905,159.99
2026-08-06,83,170.62091776217304,166.47
2026-08-06,84,182.7380817055078,172.22
2026-08-06,85,173.4281127850383,167.0
2026-08-06,86,174.82140915653028,168.3
2026-08-06,87,183.6551916430704,168.25
2026-08-06,88,181.14559930197245,165.01
2026-08-06,89,186.8099302199448,172.05
2026-08-06,90,177.17046668965477,170.85
2026-08-06,91,178.35498303750722,171.35
2026-08-06,92,169.7772863946386,163.57
2026-08-06,93,175.86735368456385,165.21
2026-08-06,94,163.96446122445255,158.55
2026-08-06,95,160.0360226264476,157.53
2026-08-06,96,150.85267619730095,152.5
2026-08-07,1,160.5262925830791,152.93
2026-08-07,2,152.43316761129378,148.16
2026-08-07,3,147.05141809098967,144.02
2026-08-07,4,139.97966403583166,135.18
2026-08-07,5,148.73537420852728,142.0
2026-08-07,6,142.56516672591488,138.02
2026-08-07,7,139.91106018647403,138.61
2026-08-07,8,135.32893535367876,135.99
2026-08-07,9,138.56503122336497,137.76
2026-08-07,10,135.14475109255838,130.76
2026-08-07,11,133.16818171961364,127.59
2026-08-07,12,132.30005611750818,128.37
2026-08-07,13,132.9086260931698,128.84
2026-08-07,14,130.619802596884,128.62
2026-08-07,15,131.40822059352934,128.83
2026-08-07,16,131.22800150909146,129.98
2026-08-07,17,130.63273935695565,127.31
2026-08-07,18,132.46400184165142,129.76
2026-08-07,19,133.2046877289316,133.39
2026-08-07,20,136.3746397686476,135.84
2026-08-07,21,134.57081581042894,129.25
2026-08-07,22,136.98825047921838,136.82
2026-08-07,23,141.81065957345373,149.04
2026-08-07,24,147.8716420125108,150.22
2026-08-07,25,151.93713889906647,150.57
2026-08-07,26,158.7952931567316,154.25
2026-08-07,27,158.79748939242447,159.33
2026-08-07,28,157.21579565360193,160.52
2026-08-07,29,166.3682557952864,168.32
2026-08-07,30,159.98272369988132,163.09
2026-08-07,31,152.1442727777699,153.18
2026-08-07,32,140.5203930618301,135.3
2026-08-07,33,166.51735415738875,165.72
2026-08-07,34,151.805656607478,151.27
2026-08-07,35,141.5906985978341,144.03
2026-08-07,36,126.24266966729316,121.29
2026-08-07,37,145.67710203348662,150.42
2026-08-07,38,128.63705974491575,130.12
2026-08-07,39,113.9530670939126,114.18
2026-08-07,40,104.78809014451542,109.75
2026-08-07,41,119.1350074988879,109.69
2026-08-07,42,103.6284257821637,103.26
2026-08-07,43,92.14713243433368,100.0
2026-08-07,44,75.14819408780986,95.7
2026-08-07,45,82.4681687121856,85.37
2026-08-07,46,67.0819531570243,75.07
2026-08-07,47,56.238940778098325,61.68
2026-08-07,48,42.045191673068416,43.93
2026-08-07,49,47.56066168488432,39.99
2026-08-07,50,35.818650092879906,27.61
2026-08-07,51,30.257986710841944,24.91
2026-08-07,52,24.7651494853162,20.09
2026-08-07,53,27.0256196469748,22.46
2026-08-07,54,23.62284807927165,12.18
2026-08-07,55,19.786615763701327,9.75
2026-08-07,56,15.82362662112721,7.68
2026-08-07,57,19.557003308871654,10.04
2026-08-07,58,19.52444102331036,15.25
2026-08-07,59,23.70374815443244,20.18
2026-08-07,60,27.224190145269343,29.44
2026-08-07,61,26.124864111623847,24.26
2026-08-07,62,31.97457863370911,33.85
2026-08-07,63,41.25721550948954,50.49
2026-08-07,64,59.1680489932362,68.76
2026-08-07,65,51.51943591953276,66.76
2026-08-07,66,72.29086215575286,83.2
2026-08-07,67,91.13013250508088,91.69
2026-08-07,68,105.89402162614728,107.71
2026-08-07,69,93.22955987753906,104.25
2026-08-07,70,112.4562720232846,111.54
2026-08-07,71,129.10111468545145,123.95
2026-08-07,72,143.78256336686917,134.93
2026-08-07,73,129.0725726771484,125.82
2026-08-07,74,139.05687449092085,142.24
2026-08-07,75,154.14080328486773,147.9
2026-08-07,76,176.2187630285971,162.88
2026-08-07,77,156.2690127068433,150.64
2026-08-07,78,179.8969431289674,170.99
2026-08-07,79,195.37129492385603,175.18
2026-08-07,80,210.97209652709785,193.6
2026-08-07,81,196.50085391776545,181.0
2026-08-07,82,200.98499409165527,194.38
2026-08-07,83,200.66423868092733,203.06
2026-08-07,84,205.62812458841063,202.05
2026-08-07,85,205.3468081011357,211.2
2026-08-07,86,191.38342914916825,197.84
2026-08-07,87,186.00241338374485,188.78
2026-08-07,88,182.78671391688155,180.78
2026-08-07,89,190.97680666030624,189.17
2026-08-07,90,183.51851717818795,177.42
2026-08-07,91,182.19654110510004,175.05
2026-08-07,92,174.16638411283537,170.71
2026-08-07,93,174.70975424671872,172.02
2026-08-07,94,168.8757876970187,167.05
2026-08-07,95,167.47983956762565,164.05
2026-08-07,96,156.74258819705568,161.26
2026-08-08,1,166.48141903320484,163.38
2026-08-08,2,158.54063383697851,157.14
2026-08-08,3,155.945774953078,155.24
2026-08-08,4,148.0006613969468,147.2
2026-08-08,5,154.56984760862483,155.2
2026-08-08,6,153.46854349123237,150.66
2026-08-08,7,148.18114012988323,147.14
2026-08-08,8,144.2868562358918,143.0
2026-08-08,9,151.64214887942,148.61
2026-08-08,10,145.45735564416066,145.34
2026-08-08,11,149.66978034952265,144.62
2026-08-08,12,148.65823683760584,142.38
2026-08-08,13,150.00755150746522,146.92
2026-08-08,14,149.4331726214612,146.23
2026-08-08,15,147.8312477756832,146.11
2026-08-08,16,141.46419177734847,144.42
2026-08-08,17,148.37183950334628,141.96
2026-08-08,18,142.07709298440224,144.47
2026-08-08,19,142.23370331615828,144.76
2026-08-08,20,146.65253195802276,144.27
2026-08-08,21,141.4507056570027,139.91
2026-08-08,22,145.70603451585006,141.33
2026-08-08,23,147.05932672714212,147.81
2026-08-08,24,147.88441951027949,153.73
2026-08-08,25,150.12778317513263,155.08
2026-08-08,26,148.25738447912445,148.32
2026-08-08,27,146.0981799863157,143.93
2026-08-08,28,139.3039405514917,137.72
2026-08-08,29,150.057383745141,155.0
2026-08-08,30,141.574032625064,142.87
2026-08-08,31,136.06299780817653,134.9
2026-08-08,32,122.07516787601462,118.02
2026-08-08,33,145.4869106909636,145.88
2026-08-08,34,127.81069972976074,124.56
2026-08-08,35,111.10818374437002,106.7
2026-08-08,36,90.66390845274096,82.99
2026-08-08,37,107.19738581786956,107.54
2026-08-08,38,85.88234550687163,87.67
2026-08-08,39,60.99232669967111,44.94
2026-08-08,40,20.834255430401264,10.03
2026-08-08,41,37.70388077673287,12.32
2026-08-08,42,19.620245877643413,3.21
2026-08-08,43,5.447212872404165,0.0
2026-08-08,44,1.7853631011355944,-0.09
2026-08-08,45,2.95304012757655,-1.14
2026-08-08,46,-0.3554920658919087,-1.21
2026-08-08,47,-4.366442260985807,-1.71
2026-08-08,48,-3.564315133569231,-2.01
2026-08-08,49,-7.553585507625019,-3.83
2026-08-08,50,-6.981785219336622,-5.01
2026-08-08,51,-7.016931033378114,-6.81
2026-08-08,52,-5.984490302136408,-8.3
2026-08-08,53,-6.299539908716575,-8.77
2026-08-08,54,-5.767005491672186,-10.06
2026-08-08,55,-6.04571588311822,-12.29
2026-08-08,56,-3.9857173211428383,-12.87
2026-08-08,57,-2.965245700313574,-18.49
2026-08-08,58,-3.036356727226694,-12.99
2026-08-08,59,-2.3574347799176527,-10.0
2026-08-08,60,-4.48042447754087,-7.13
2026-08-08,61,-3.616132474903437,-6.97
2026-08-08,62,-2.9698423748080858,-8.85
2026-08-08,63,-3.449233541188393,-5.48
2026-08-08,64,-2.2866213052526163,-6.75
2026-08-08,65,3.222842009423359,-1.44
2026-08-08,66,10.626698142212335,-0.54
2026-08-08,67,21.57482194712648,-0.28
2026-08-08,68,48.12804938054657,0.01
2026-08-08,69,31.79464199594971,1.93
2026-08-08,70,78.01787375815354,34.8
2026-08-08,71,93.61119142122504,106.04
2026-08-08,72,115.045643748618,129.89
2026-08-08,73,96.06625092453878,106.31
2026-08-08,74,125.32258356880942,133.37
2026-08-08,75,144.00728054861798,157.0
2026-08-08,76,160.61134817162275,163.32
2026-08-08,77,140.81495585147084,148.76
2026-08-08,78,160.98395759368034,160.26
2026-08-08,79,170.1325467936088,170.72
2026-08-08,80,187.88050109680103,191.72
2026-08-08,81,173.94343499257045,185.76
2026-08-08,82,176.0199060779436,186.37
2026-08-08,83,179.18866288555697,183.16
2026-08-08,84,181.0424044653644,183.34
2026-08-08,85,178.46844553887118,186.66
2026-08-08,86,169.61407298464002,187.16
2026-08-08,87,165.7929297258299,178.53
2026-08-08,88,161.8254842307796,165.64
2026-08-08,89,166.5528725273497,185.18
2026-08-08,90,160.58553918268925,170.48
2026-08-08,91,162.93845600389398,167.9
2026-08-08,92,158.19672135687682,159.84
2026-08-08,93,159.5992943079744,161.96
2026-08-08,94,156.45280848599518,155.9
2026-08-08,95,152.161973053167,155.25
2026-08-08,96,143.9560164242754,144.57
2026-08-09,1,155.6231411629508,155.2
2026-08-09,2,149.83438286455598,147.95
2026-08-09,3,144.83185527928958,143.81
2026-08-09,4,137.6477051186148,134.14
2026-08-09,5,144.7090162558622,139.99
2026-08-09,6,144.86624096486923,140.12
2026-08-09,7,137.29451202837723,141.23
2026-08-09,8,133.25599004329777,136.04
2026-08-09,9,136.87475370937162,141.06
2026-08-09,10,132.6300938712009,136.28
2026-08-09,11,131.72860763368143,135.19
2026-08-09,12,130.28838241978465,133.24
2026-08-09,13,138.34715019107313,135.01
2026-08-09,14,130.26416634929748,134.87
2026-08-09,15,129.84976574309096,133.57
2026-08-09,16,129.9727200679444,132.35
2026-08-09,17,136.51259558012168,133.52
2026-08-09,18,135.54366701927975,134.92
2026-08-09,19,136.7336382291453,133.86
2026-08-09,20,138.0519637588856,133.81
2026-08-09,21,131.1757012943934,136.99
2026-08-09,22,136.7485182661436,134.99
2026-08-09,23,137.42440152706558,135.7
2026-08-09,24,134.05763246352402,132.32
2026-08-09,25,137.27943741733037,143.37
2026-08-09,26,129.93266102454157,134.18
2026-08-09,27,126.19869816029993,128.88
2026-08-09,28,124.02696344622022,120.76
2026-08-09,29,135.0659650913304,133.27
2026-08-09,30,122.5091342676398,123.65
2026-08-09,31,113.76928246403716,113.87
2026-08-09,32,99.51227320784147,101.96
2026-08-09,33,129.48754072747195,115.96
2026-08-09,34,105.69925428235392,106.41
2026-08-09,35,86.73373100840638,83.71
2026-08-09,36,53.60622524907663,60.43
2026-08-09,37,79.93861562563029,73.51
2026-08-09,38,54.59804556557338,30.79
2026-08-09,39,30.082101243000707,4.99
2026-08-09,40,5.158201050911458,0.67
2026-08-09,41,14.519034002770423,1.12
2026-08-09,42,6.429209179243031,0.12
2026-08-09,43,-1.8789748431807995,-0.01
2026-08-09,44,-1.6447482327046856,-0.02
2026-08-09,45,-1.6724832789823552,-0.01
2026-08-09,46,-1.1650935231265862,-0.03
2026-08-09,47,-4.01817202558891,-0.04
2026-08-09,48,-2.5149380625381745,-0.11
2026-08-09,49,-3.9642373289452593,-1.0
2026-08-09,50,-4.249154897633535,-1.62
2026-08-09,51,-3.780252570355664,-2.99
2026-08-09,52,-3.955561443727534,-4.99
2026-08-09,53,-5.717419572296484,-4.99
2026-08-09,54,-5.611270669907564,-5.3
2026-08-09,55,-6.468540699518551,-5.01
2026-08-09,56,-5.33159466435757,-5.02
2026-08-09,57,-5.206171461603925,-4.9
2026-08-09,58,-1.60817724239556,-2.15
2026-08-09,59,-0.7111874042241575,-1.01
2026-08-09,60,-4.143324624009008,-0.19
2026-08-09,61,-0.9011659015070852,-0.1
2026-08-09,62,-4.644869978113675,-0.01
2026-08-09,63,-7.426829946415507,-0.01
2026-08-09,64,-7.383688038376189,-0.01
2026-08-09,65,-0.6805855585574943,-0.01
2026-08-09,66,-0.0591327027973918,-0.01
2026-08-09,67,6.422249287771379,0.62
2026-08-09,68,32.19789549265297,14.52
2026-08-09,69,17.52084077769402,6.83
2026-08-09,70,69.33286888953937,72.1
2026-08-09,71,99.2359278008094,106.28
2026-08-09,72,119.37972607968918,144.59
2026-08-09,73,99.38897452282647,121.9
2026-08-09,74,124.01595254181537,151.0
2026-08-09,75,143.8461512288564,160.95
2026-08-09,76,164.3550924436899,170.9
2026-08-09,77,147.71961170277734,154.94
2026-08-09,78,165.85588148467033,161.51
2026-08-09,79,176.04822297885332,172.0
2026-08-09,80,191.33555467196803,187.66
2026-08-09,81,177.56824526177562,171.97
2026-08-09,82,180.5505276698913,176.85
2026-08-09,83,181.70318811114583,178.54
2026-08-09,84,184.8809467733232,177.0
2026-08-09,85,184.96736612861088,175.23
2026-08-09,86,176.1333920929042,175.73
2026-08-09,87,173.3421032237203,175.31
2026-08-09,88,173.37810636595498,170.26
2026-08-09,89,177.9759524660151,174.05
2026-08-09,90,172.05738830389845,171.1
2026-08-09,91,171.65719058844297,170.89
2026-08-09,92,164.4034421690049,163.96
2026-08-09,93,164.90844573584525,163.89
2026-08-09,94,160.62318380334997,158.12
2026-08-09,95,160.55645690517107,157.94
2026-08-09,96,150.4843718719396,148.65
2026-08-10,1,167.38473326698357,154.12
2026-08-10,2,158.38406124006062,151.91
2026-08-10,3,153.52795708112737,144.02
2026-08-10,4,148.03154622530792,135.84
2026-08-10,5,154.7720437007111,146.04
2026-08-10,6,150.66709198740142,139.45
2026-08-10,7,147.72349053123,136.45
2026-08-10,8,143.42547252911453,130.12
2026-08-10,9,147.7316237977508,135.72
2026-08-10,10,144.6539080475336,133.08
2026-08-10,11,143.7156482600061,130.08
2026-08-10,12,141.68559816570067,127.1
2026-08-10,13,142.82592907037133,126.17
2026-08-10,14,143.27327540719725,127.64
2026-08-10,15,141.47242938736304,126.8
2026-08-10,16,141.3849253569296,127.09
2026-08-10,17,141.3944831090578,125.18
2026-08-10,18,142.0846497145159,127.14
2026-08-10,19,143.97159343756124,127.23
2026-08-10,20,149.33104646534417,130.35
2026-08-10,21,143.3146872672925,131.62
2026-08-10,22,146.1961972687635,139.38
2026-08-10,23,154.60474354375822,148.31
2026-08-10,24,160.04378030244325,152.99
2026-08-10,25,160.4107094602064,157.75
2026-08-10,26,168.52987620975168,165.0
2026-08-10,27,169.37549349361362,165.12
2026-08-10,28,166.41423250284788,165.1
2026-08-10,29,177.3229365683112,170.0
2026-08-10,30,170.49293721305577,170.0
2026-08-10,31,165.70195625002592,162.88
2026-08-10,32,154.41236446604677,155.95
2026-08-10,33,179.86634618528126,179.91
2026-08-10,34,165.9381640949673,165.0
2026-08-10,35,155.63638079310255,155.08
2026-08-10,36,140.76869103414597,143.55
2026-08-10,37,165.41377501333866,163.56
2026-08-10,38,142.28138332239735,151.97
2026-08-10,39,127.17303743598056,125.53
2026-08-10,40,115.10931976118268,114.47
2026-08-10,41,127.52125344604076,133.73
2026-08-10,42,109.89144879627298,115.0
2026-08-10,43,99.0665634944426,105.17
2026-08-10,44,88.38251166233042,92.53
2026-08-10,45,93.6635295509775,98.77
2026-08-10,46,84.46984909612974,87.13
2026-08-10,47,69.76402731171383,71.14
2026-08-10,48,51.55556978810358,59.51
2026-08-10,49,55.2890929375806,59.99
2026-08-10,50,39.99283989510593,40.55
2026-08-10,51,29.66547009294996,29.99
2026-08-10,52,21.186691791595937,16.61
2026-08-10,53,27.13784408531398,15.0
2026-08-10,54,18.41925689292677,10.04
2026-08-10,55,15.18437551606121,7.54
2026-08-10,56,7.47903836128989,3.99
2026-08-10,57,8.954005147896448,4.2
2026-08-10,58,9.463136069563832,3.66
2026-08-10,59,11.211969171927736,4.5
2026-08-10,60,10.84718878390279,4.99
2026-08-10,61,9.838734122905477,4.56
2026-08-10,62,9.876368614286488,9.0
2026-08-10,63,14.647436856851494,10.03
2026-08-10,64,26.280246171929388,16.41
2026-08-10,65,18.62656773774859,14.89
2026-08-10,66,38.380947738376335,37.71
2026-08-10,67,63.08052664733928,58.48
2026-08-10,68,81.77262146601731,84.71
2026-08-10,69,74.27186982976978,69.62
2026-08-10,70,93.46788081882558,104.76
2026-08-10,71,107.77078593473442,112.45
2026-08-10,72,126.6782275528864,137.8
2026-08-10,73,110.45069004706956,118.64
2026-08-10,74,130.19884907991852,127.76
2026-08-10,75,144.66240509955966,144.79
2026-08-10,76,153.25522009377966,159.61
2026-08-10,77,145.78365669973792,148.7
2026-08-10,78,154.8630321143119,157.0
2026-08-10,79,164.04493317627637,166.74
2026-08-10,80,175.26935698803672,190.39
2026-08-10,81,167.87278340200186,167.0
2026-08-10,82,172.4518496514361,169.6
2026-08-10,83,176.29600438563435,180.85
2026-08-10,84,178.64344065326617,190.36
2026-08-10,85,180.6321225873641,199.51
2026-08-10,86,179.59109934374226,186.73
2026-08-10,87,180.9491554322125,176.59
2026-08-10,88,174.38987984877053,163.3
2026-08-10,89,184.4879950392386,181.61
2026-08-10,90,177.2126062968909,167.57
2026-08-10,91,175.6302706674569,168.04
2026-08-10,92,167.5419694507968,159.52
2026-08-10,93,170.718108391635,157.67
2026-08-10,94,166.34789002202817,154.93
2026-08-10,95,162.23189297555948,152.51
2026-08-10,96,153.4469870403687,140.65
2026-08-11,1,153.38202823949825,147.37
2026-08-11,2,146.81573797550925,145.77
2026-08-11,3,140.3639996264121,138.77
2026-08-11,4,134.32063372666516,124.88
2026-08-11,5,141.6756317896938,142.14
2026-08-11,6,135.64359101461864,138.91
2026-08-11,7,131.9547224766518,144.85
2026-08-11,8,127.93286802489,138.05
2026-08-11,9,131.6236715834151,143.8
2026-08-11,10,127.26986949106966,135.94
2026-08-11,11,126.94800880518888,133.72
2026-08-11,12,125.19979541503142,131.33
2026-08-11,13,124.12565069977492,129.89
2026-08-11,14,124.18823443739852,129.58
2026-08-11,15,123.86996717281797,128.38
2026-08-11,16,123.97585203487004,127.08
2026-08-11,17,120.144790325542,126.65
2026-08-11,18,118.78813038288774,127.87
2026-08-11,19,125.07441264633889,130.43
2026-08-11,20,126.86385522983537,134.74
2026-08-11,21,125.05100369856966,128.4
2026-08-11,22,126.7867086791702,134.53
2026-08-11,23,133.896566535436,143.45
2026-08-11,24,141.98646257861415,153.78
2026-08-11,25,145.8420571501195,154.98
2026-08-11,26,152.50858613440806,157.0
2026-08-11,27,152.32429983168765,157.82
2026-08-11,28,150.48338423179936,157.37
2026-08-11,29,161.18004690799947,166.72
2026-08-11,30,154.70032584509494,161.5
2026-08-11,31,147.2116867193606,155.58
2026-08-11,32,136.2110528388627,147.64
2026-08-11,33,161.04145950705083,163.26
2026-08-11,34,144.99196891644115,152.18
2026-08-11,35,134.54901407886686,141.17
2026-08-11,36,114.82020610371434,118.54
2026-08-11,37,136.50251876616903,141.8
2026-08-11,38,117.39407196851032,116.85
2026-08-11,39,101.27894248372948,104.57
2026-08-11,40,81.5952484310696,80.08
2026-08-11,41,96.5704010269366,97.18
2026-08-11,42,78.25976456353258,73.27
2026-08-11,43,65.70089655260061,38.65
2026-08-11,44,42.08673475971717,22.29
2026-08-11,45,47.06701949272046,25.41
2026-08-11,46,27.882630348525115,9.87
2026-08-11,47,17.691349538477276,2.66
2026-08-11,48,10.596354580575522,0.19
2026-08-11,49,11.073945230371764,0.08
2026-08-11,50,7.070529904068243,0.0
2026-08-11,51,5.912816655113267,0.0
2026-08-11,52,2.748751468421545,-0.01
2026-08-11,53,3.203733413282989,-0.01
2026-08-11,54,1.395877344594172,-0.08
2026-08-11,55,0.0477388839427141,-0.15
2026-08-11,56,-0.728122219206631,-0.17
2026-08-11,57,-0.1974515330007835,-0.18
2026-08-11,58,0.0314138216322397,-0.16
2026-08-11,59,1.0208176407051663,-0.01
2026-08-11,60,2.823692694264322,-0.01
2026-08-11,61,2.4799985886943747,0.0
2026-08-11,62,4.4656297159315885,0.07
2026-08-11,63,8.951772179750638,2.47
2026-08-11,64,23.221710169382188,10.01
2026-08-11,65,19.5308862719778,7.93
2026-08-11,66,47.209551382113816,22.39
2026-08-11,67,70.97472836630634,60.43
2026-08-11,68,92.75751217921982,87.18
2026-08-11,69,79.68226831539128,77.75
2026-08-11,70,105.93689672873867,103.57
2026-08-11,71,126.78779839403394,119.29
2026-08-11,72,145.13778660023146,138.89
2026-08-11,73,126.42037531896212,118.57
2026-08-11,74,148.52083510029476,143.69
2026-08-11,75,159.00686977621248,156.74
2026-08-11,76,178.7128886911936,166.99
2026-08-11,77,162.72352913202377,157.94
2026-08-11,78,176.57472612692072,168.74
2026-08-11,79,181.0377297277887,181.52
2026-08-11,80,209.08473227578705,204.96
2026-08-11,81,187.2791378118192,194.69
2026-08-11,82,195.4718358282071,200.09
2026-08-11,83,197.5585777235285,201.18
2026-08-11,84,199.10871355015595,199.95
2026-08-11,85,200.404297233896,203.65
2026-08-11,86,190.60218291746017,192.27
2026-08-11,87,182.3470663313828,188.11
2026-08-11,88,168.06354930154433,173.33
2026-08-11,89,180.16851493994432,180.34
2026-08-11,90,170.8532977776786,172.95
2026-08-11,91,170.6514747017898,171.78
2026-08-11,92,163.88988734489917,166.61
2026-08-11,93,161.02226342997568,163.01
2026-08-11,94,159.5100732456025,153.52
2026-08-11,95,158.296525149282,152.08
2026-08-11,96,150.49684767245216,147.79
2026-08-12,1,165.82368789434005,163.11
2026-08-12,2,158.6641081256989,159.03
2026-08-12,3,152.7850417236818,153.99
2026-08-12,4,147.62919021063146,145.0
2026-08-12,5,153.67577460547687,154.42
2026-08-12,6,150.42455681597664,149.9
2026-08-12,7,149.18421112775002,147.87
2026-08-12,8,146.03010048504598,145.83
2026-08-12,9,147.9034985743862,145.09
2026-08-12,10,145.332258793879,142.39
2026-08-12,11,143.78219660555214,142.86
2026-08-12,12,142.09461506190232,142.86
2026-08-12,13,139.76919140828852,139.14
2026-08-12,14,141.96979770265722,139.19
2026-08-12,15,141.84488114551013,139.99
2026-08-12,16,141.76519414934882,140.69
2026-08-12,17,139.87744123168375,137.05
2026-08-12,18,142.80752403433542,139.11
2026-08-12,19,143.79096297061523,139.15
2026-08-12,20,147.81994867018437,144.29
2026-08-12,21,143.85633097644552,144.62
2026-08-12,22,147.40584017384896,149.01
2026-08-12,23,154.28706012655385,158.36
2026-08-12,24,163.16167661067186,162.01
2026-08-12,25,162.48760279700653,171.5
2026-08-12,26,168.8343290874544,175.0
2026-08-12,27,169.86017551429637,172.64
2026-08-12,28,167.31463634127977,171.16
2026-08-12,29,175.46490772301567,181.5
2026-08-12,30,170.855708743399,171.5
2026-08-12,31,161.25053056929175,165.85
2026-08-12,32,147.7064483678749,151.32
2026-08-12,33,172.56323371959584,175.49
2026-08-12,34,159.1866390125765,160.13
2026-08-12,35,151.987912875324,146.22
2026-08-12,36,130.8656190740457,139.01
2026-08-12,37,158.1992530919324,162.2
2026-08-12,38,134.23630890603886,136.18
2026-08-12,39,117.43666099641445,116.45
2026-08-12,40,104.49017321963242,100.08
2026-08-12,41,116.47236636705016,118.22
2026-08-12,42,99.12961909117,98.67
2026-08-12,43,81.81238798311004,81.58
2026-08-12,44,64.76314919012137,51.87
2026-08-12,45,70.40234012348922,64.13
2026-08-12,46,52.59454210613216,42.0
2026-08-12,47,38.691096306007495,36.2
2026-08-12,48,25.91712207980269,19.04
2026-08-12,49,29.3510010951054,26.26
2026-08-12,50,19.68483608159745,16.21
2026-08-12,51,14.242319235678652,10.03
2026-08-12,52,8.232129347084328,6.5
2026-08-12,53,10.713742342775408,9.26
2026-08-12,54,7.293498508960373,4.93
2026-08-12,55,6.455345403948291,0.01
2026-08-12,56,4.708805662547284,0.0
2026-08-12,57,6.125132069949257,12.0
2026-08-12,58,6.578122486638106,15.47
2026-08-12,59,8.518831023163226,15.48
2026-08-12,60,13.355401315958668,16.93
2026-08-12,61,12.555720532078311,17.05
2026-08-12,62,17.235766563443285,27.47
2026-08-12,63,25.7701010080582,44.35
2026-08-12,64,53.6344711813774,74.08
2026-08-12,65,36.57427476108862,67.43
2026-08-12,66,67.42728912641195,93.15
2026-08-12,67,98.10473674605082,110.71
2026-08-12,68,118.4737998624078,119.54
2026-08-12,69,104.3858961316256,110.2
2026-08-12,70,128.86534307823305,131.49
2026-08-12,71,148.77775324350765,147.14
2026-08-12,72,179.79117737265796,173.52
2026-08-12,73,152.89849102741863,155.8
2026-08-12,74,182.3228611579356,173.62
2026-08-12,75,196.07058535444023,185.4
2026-08-12,76,233.53359976490688,219.27
2026-08-12,77,198.948473023038,210.0
2026-08-12,78,236.43051415747024,241.53
2026-08-12,79,244.8245910674212,287.3
2026-08-12,80,311.46888884621194,461.17
2026-08-12,81,265.22227376242694,402.5
2026-08-12,82,280.5926015301319,314.82
2026-08-12,83,274.22658605946907,251.34
2026-08-12,84,261.15284278599484,232.17
2026-08-12,85,276.607522166955,253.0
2026-08-12,86,240.5285797642003,243.12
2026-08-12,87,202.2329914781868,223.39
2026-08-12,88,184.8391208037462,198.97
2026-08-12,89,201.30441971550567,205.64
2026-08-12,90,184.44689940256984,193.4
2026-08-12,91,186.60338972676612,188.49
2026-08-12,92,176.03989234691235,175.12
2026-08-12,93,169.683851725448,180.29
2026-08-12,94,175.5397367058319,174.1
2026-08-12,95,172.11059745366492,173.91
2026-08-12,96,161.41277657740866,160.1
2026-08-13,1,167.1129348199651,164.47
2026-08-13,2,159.73541207441383,156.56
2026-08-13,3,150.3795162734205,152.26
2026-08-13,4,148.51633893097818,143.12
2026-08-13,5,155.10419543784775,153.0
2026-08-13,6,151.17187292997826,148.01
2026-08-13,7,150.1543130920689,147.29
2026-08-13,8,146.50057574687293,142.07
2026-08-13,9,148.2167140218812,143.58
2026-08-13,10,146.03685752377268,143.17
2026-08-13,11,144.9821090339651,144.38
2026-08-13,12,143.64268574926308,142.56
2026-08-13,13,143.86085837114751,140.87
2026-08-13,14,143.56288836543064,141.82
2026-08-13,15,143.3767135252809,143.76
2026-08-13,16,143.80941803130082,144.44
2026-08-13,17,142.23708942469074,140.99
2026-08-13,18,144.07432498758362,143.06
2026-08-13,19,145.9551401991617,146.55
2026-08-13,20,150.33410063275662,149.08
2026-08-13,21,146.0328586157831,149.15
2026-08-13,22,150.46514620639948,154.5
2026-08-13,23,157.41026038331626,159.68
2026-08-13,24,165.4210554984066,166.26
2026-08-13,25,169.1188498615205,170.61
2026-08-13,26,171.90574907620012,174.09
2026-08-13,27,172.9603615901382,177.24
2026-08-13,28,171.26379859565978,174.99
2026-08-13,29,177.85084801201552,182.47
2026-08-13,30,173.80390134339288,174.91
2026-08-13,31,165.77642511926672,169.99
2026-08-13,32,154.33259191428488,157.02
2026-08-13,33,175.255768345572,172.99
2026-08-13,34,162.48261050465632,162.7
2026-08-13,35,151.0363971675049,153.31
2026-08-13,36,131.42675599715082,138.2
2026-08-13,37,158.6394093694471,158.82
2026-08-13,38,135.07623377162048,143.73
2026-08-13,39,119.85936254344976,124.51
2026-08-13,40,110.11584017014556,115.54
2026-08-13,41,121.62231323573252,134.95
2026-08-13,42,105.1739767143284,122.58
2026-08-13,43,87.92500454161785,101.19
2026-08-13,44,67.22915773415787,79.66
2026-08-13,45,75.18575787690565,99.52
2026-08-13,46,54.62024773288574,68.04
2026-08-13,47,41.76009752022414,39.29
2026-08-13,48,26.900020809183108,0.06
2026-08-13,49,31.513807410368106,10.06
2026-08-13,50,22.2012110225106,1.16
2026-08-13,51,17.032297182416187,0.0
2026-08-13,52,11.543705908657904,0.0
2026-08-13,53,14.22328702152756,0.0
2026-08-13,54,10.629136157681186,0.0
2026-08-13,55,9.825386245323177,0.0
2026-08-13,56,7.334934743998598,0.0
2026-08-13,57,9.561703145369291,-0.01
2026-08-13,58,10.84552866832644,0.0
2026-08-13,59,13.613360765981534,0.0
2026-08-13,60,20.06610350121357,10.09
2026-08-13,61,19.19282916712472,10.06
2026-08-13,62,27.003617525911235,35.47
2026-08-13,63,37.43430715270061,57.62
2026-08-13,64,68.68608834200217,74.61
2026-08-13,65,50.19680432944581,78.4
2026-08-13,66,83.69504358993748,112.09
2026-08-13,67,105.86701207877456,123.55
2026-08-13,68,125.76727929251342,131.87
2026-08-13,69,108.56379307018364,125.07
2026-08-13,70,130.401445744187,135.9
2026-08-13,71,149.74747715809394,160.03
2026-08-13,72,183.63189963616773,179.03
2026-08-13,73,152.961323347813,165.0
2026-08-13,74,182.6138945598397,188.0
2026-08-13,75,189.25063207063167,209.06
2026-08-13,76,216.09132962551035,253.93
2026-08-13,77,200.70209246859588,229.16
2026-08-13,78,229.5294589263608,262.69
2026-08-13,79,249.99682488181983,327.17
2026-08-13,80,333.7321619512827,487.38
2026-08-13,81,273.6328735842593,414.96
2026-08-13,82,284.27804573678964,371.94
2026-08-13,83,279.7559028389913,300.14
2026-08-13,84,265.04552368606426,268.41
2026-08-13,85,273.3191517126928,353.92
2026-08-13,86,243.42711361679824,268.97
2026-08-13,87,222.31829362273348,240.0
2026-08-13,88,198.03799401926184,217.15
2026-08-13,89,213.86027501279864,233.38
2026-08-13,90,199.74985053050324,215.51
2026-08-13,91,188.81623703170183,212.01
2026-08-13,92,178.07760431599507,193.03
2026-08-13,93,179.1889244928671,190.84
2026-08-13,94,175.9836072349789,179.71
2026-08-13,95,171.17439675100064,172.93
2026-08-13,96,160.48991379495905,161.21
2026-08-14,1,168.91630052832463,168.41
2026-08-14,2,160.58093104546165,159.2
2026-08-14,3,152.62155652111775,156.53
2026-08-14,4,145.93987860576843,151.33
2026-08-14,5,156.09441757333494,159.66
2026-08-14,6,149.1895906400074,152.81
2026-08-14,7,149.82668418304044,148.62
2026-08-14,8,145.99444592248986,146.35
2026-08-14,9,148.55270250345183,147.4
2026-08-14,10,145.20792740950938,146.34
2026-08-14,11,144.44696225901416,146.31
2026-08-14,12,142.86046005994322,142.87
2026-08-14,13,141.7438545253067,143.09
2026-08-14,14,142.42764281955846,141.62
2026-08-14,15,142.2342195773777,141.68
2026-08-14,16,142.44983240965354,141.81
2026-08-14,17,141.58871607036164,140.0
2026-08-14,18,143.21677180013094,142.55
2026-08-14,19,144.87755592709377,145.65
2026-08-14,20,148.61309851464023,147.43
2026-08-14,21,145.47774362506237,145.86
2026-08-14,22,149.2151228538125,152.23
2026-08-14,23,155.9149518148839,157.69
2026-08-14,24,163.55408175564685,163.01
2026-08-14,25,164.92719039733254,168.9
2026-08-14,26,170.9694881963199,172.48
2026-08-14,27,172.74941266970737,173.14
2026-08-14,28,171.37729139080764,173.32
2026-08-14,29,181.6804997805052,178.27
2026-08-14,30,172.49290505904213,175.01
2026-08-14,31,165.87053951144327,168.05
2026-08-14,32,154.00297413470153,159.0
2026-08-14,33,176.37074997166306,173.0
2026-08-14,34,163.33859974168763,161.61
2026-08-14,35,152.21812053486244,145.6
2026-08-14,36,134.12376758049734,127.13
2026-08-14,37,158.81207204030454,156.43
2026-08-14,38,138.6175295138131,138.08
2026-08-14,39,123.10218046229292,125.0
2026-08-14,40,114.65143233678056,121.29
2026-08-14,41,126.42102729115616,124.62
2026-08-14,42,112.89933615714048,112.1
2026-08-14,43,94.85599772064734,100.35
2026-08-14,44,81.77303860741547,80.78
2026-08-14,45,90.27287972178787,97.42
2026-08-14,46,73.47207657994551,70.02
2026-08-14,47,60.17010376440557,56.96
2026-08-14,48,37.01077121876001,30.06
2026-08-14,49,40.98179958315691,44.72
2026-08-14,50,29.85765478068055,26.99
2026-08-14,51,17.488324369168907,18.28
2026-08-14,52,13.312278282198935,10.01
2026-08-14,53,14.581977378365664,10.02
2026-08-14,54,12.823351759679488,11.06
2026-08-14,55,10.398413038534978,10.07
2026-08-14,56,8.190688862290882,0.86
2026-08-14,57,9.30800726963695,0.01
2026-08-14,58,10.226482596113271,7.41
2026-08-14,59,12.666645940581054,17.81
2026-08-14,60,20.165307944680293,43.99
2026-08-14,61,19.58908015402228,25.09
2026-08-14,62,30.9669142393113,56.56
2026-08-14,63,45.86955470555422,80.0
2026-08-14,64,75.11542542020021,101.51
2026-08-14,65,57.41887823969245,87.0
2026-08-14,66,84.90808643558294,108.58
2026-08-14,67,110.2174149549049,124.96
2026-08-14,68,128.57001511864487,144.74
2026-08-14,69,112.40478044764684,124.21
2026-08-14,70,128.66292275067465,136.78
2026-08-14,71,147.13196784174107,147.72
2026-08-14,72,174.46997476243547,165.91
2026-08-14,73,147.80126067445573,149.99
2026-08-14,74,171.37368563022355,172.96
2026-08-14,75,192.07882892213985,186.1
2026-08-14,76,233.5308214701668,210.91
2026-08-14,77,198.0110326225456,199.1
2026-08-14,78,254.3710527863948,225.19
2026-08-14,79,391.9549581432884,259.46
2026-08-14,80,406.13296598374393,303.49
2026-08-14,81,291.184678472961,273.8
2026-08-14,82,334.5680600389013,271.98
2026-08-14,83,322.6997620142112,259.13
2026-08-14,84,294.9852205134388,249.99
2026-08-14,85,335.6324220196599,252.5
2026-08-14,86,268.47166166550653,234.83
2026-08-14,87,243.52816111154053,229.0
2026-08-14,88,214.2134838664216,209.95
2026-08-14,89,228.7993335220886,212.33
2026-08-14,90,214.3052125279156,198.29
2026-08-14,91,204.25379848140648,194.0
2026-08-14,92,186.8481520935784,187.38
2026-08-14,93,189.6147602372575,186.06
2026-08-14,94,181.984757645476,182.02
2026-08-14,95,176.7532721309771,175.0
2026-08-14,96,165.01855061321268,166.99
2026-08-15,1,182.45972300692324,177.73
2026-08-15,2,168.6389334615996,170.01
2026-08-15,3,162.61016108954357,168.58
2026-08-15,4,157.41919379068804,161.47
2026-08-15,5,163.431324287192,170.01
2026-08-15,6,161.46385267681404,161.32
2026-08-15,7,158.61261490259363,161.49
2026-08-15,8,154.21293485224953,156.77
2026-08-15,9,158.88714027561574,158.96
2026-08-15,10,156.96592395446535,157.64
2026-08-15,11,152.05079100120662,156.73
2026-08-15,12,150.2623089144824,154.28
2026-08-15,13,153.00873431298788,156.79
2026-08-15,14,151.14876266020622,157.63
2026-08-15,15,150.34862209111282,156.77
2026-08-15,16,150.3504732982329,156.56
2026-08-15,17,148.5770749015907,155.37
2026-08-15,18,150.10840437076146,154.18
2026-08-15,19,151.61614277264056,154.37
2026-08-15,20,154.49811784233418,154.14
2026-08-15,21,152.0788125268374,149.49
2026-08-15,22,154.3804578532916,150.4
2026-08-15,23,156.97667282624252,155.12
2026-08-15,24,157.09414221313898,160.36
2026-08-15,25,160.1530328330488,164.51
2026-08-15,26,157.22012801564242,162.85
2026-08-15,27,155.49142573054073,155.59
2026-08-15,28,149.32448859564164,144.98
2026-08-15,29,161.32811491117053,170.91
2026-08-15,30,150.2820881746257,161.14
2026-08-15,31,140.87031781890877,147.83
2026-08-15,32,125.00517543371107,127.86
2026-08-15,33,155.40943049827314,163.9
2026-08-15,34,141.32110756319878,150.75
2026-08-15,35,129.1186593517052,125.09
2026-08-15,36,105.41716209657736,109.39
2026-08-15,37,129.97695046205976,138.87
2026-08-15,38,106.2860941268848,112.64
2026-08-15,39,86.68897675243701,97.65
2026-08-15,40,60.820319897372,89.54
2026-08-15,41,77.01514048262305,99.64
2026-08-15,42,58.26884003724599,69.72
2026-08-15,43,44.87219681804384,44.52
2026-08-15,44,27.14291759017493,30.1
2026-08-15,45,32.81264010603357,33.63
2026-08-15,46,21.91344774153963,25.75
2026-08-15,47,15.408703146544337,15.47
2026-08-15,48,10.609956330437218,10.01
2026-08-15,49,11.32770760604428,5.83
2026-08-15,50,8.964789091978353,4.37
2026-08-15,51,7.834005681748087,3.76
2026-08-15,52,5.883990811553087,3.51
2026-08-15,53,6.247293548935686,0.97
2026-08-15,54,4.089256799851511,0.58
2026-08-15,55,2.697235661081719,1.31
2026-08-15,56,1.5967695745573205,1.17
2026-08-15,57,1.376742746301651,0.6
2026-08-15,58,2.0829221829552504,3.7
2026-08-15,59,3.667745373787202,5.02
2026-08-15,60,5.655372585659324,7.96
2026-08-15,61,4.934300189057179,7.66
2026-08-15,62,6.410399014407945,9.97
2026-08-15,63,10.609766567687494,16.08
2026-08-15,64,22.680902827132503,26.68
2026-08-15,65,17.324875459812823,22.35
2026-08-15,66,39.52078953086975,40.78
2026-08-15,67,65.21564078627257,92.29
2026-08-15,68,84.7032623745408,118.93
2026-08-15,69,71.47645343451107,94.58
2026-08-15,70,110.44478951632732,113.44
2026-08-15,71,132.4605499557098,146.31
2026-08-15,72,159.2263502715491,167.52
2026-08-15,73,145.6362477796581,149.7
2026-08-15,74,153.4557431647577,160.17
2026-08-15,75,167.41501405998625,174.54
2026-08-15,76,180.8974313786692,173.64
2026-08-15,77,168.89353729571098,163.07
2026-08-15,78,180.66554067196768,172.0
2026-08-15,79,192.69830146655747,185.69
2026-08-15,80,217.0944614095303,199.1
2026-08-15,81,205.26961410494425,173.38
2026-08-15,82,196.02655605128604,182.92
2026-08-15,83,197.97328456821137,189.49
2026-08-15,84,198.7187748886,194.17
2026-08-15,85,201.62677390006908,190.79
2026-08-15,86,195.151365566755,186.25
2026-08-15,87,187.2332477502197,179.59
2026-08-15,88,182.237998911208,176.74
2026-08-15,89,188.1351707873457,189.45
2026-08-15,90,181.1366835705096,179.87
2026-08-15,91,179.24346784958396,178.01
2026-08-15,92,173.81238154213523,171.04
2026-08-15,93,174.35940683209748,186.99
2026-08-15,94,170.03381355106262,170.41
2026-08-15,95,167.75343914761785,173.52
2026-08-15,96,156.11307017988133,165.04
2026-08-16,1,167.49376695955863,188.25
2026-08-16,2,157.8934284134919,175.26
2026-08-16,3,154.23569031101707,168.8
2026-08-16,4,148.46312117830044,164.94
2026-08-16,5,155.0327160985263,180.07
2026-08-16,6,151.0091925800689,172.2
2026-08-16,7,150.23939325271823,164.94
2026-08-16,8,146.6292976214986,157.14
2026-08-16,9,147.59524597658242,163.0
2026-08-16,10,146.57902214982482,172.43
2026-08-16,11,145.5591637597902,167.97
2026-08-16,12,143.98540145626848,157.92
2026-08-16,13,143.99010464491533,160.34
2026-08-16,14,144.05723272947196,157.45
2026-08-16,15,144.21840678718053,156.85
2026-08-16,16,144.6797295532456,155.5
2026-08-16,17,142.3261583173479,158.41
2026-08-16,18,143.46374416915486,155.77
2026-08-16,19,145.59477450748807,156.45
2026-08-16,20,149.05116945334547,156.97
2026-08-16,21,146.11090539963567,151.91
2026-08-16,22,149.56646417261834,154.76
2026-08-16,23,151.9722362744685,160.0
2026-08-16,24,148.02357598497403,161.11
2026-08-16,25,151.73745073251436,161.2
2026-08-16,26,153.66358391562855,160.0
2026-08-16,27,144.5005594862278,153.58
2026-08-16,28,141.04437307851836,151.62
2026-08-16,29,158.19764481166504,160.0
2026-08-16,30,146.3043135204952,154.6
2026-08-16,31,139.12116690275332,147.33
2026-08-16,32,121.21591249050508,139.55
2026-08-16,33,155.03745568075914,170.45
2026-08-16,34,139.44199400532617,154.5
2026-08-16,35,125.30064092686564,137.97
2026-08-16,36,110.5824928156657,120.41
2026-08-16,37,131.58226893383105,148.0
2026-08-16,38,112.56186335196774,126.04
2026-08-16,39,98.5146265991254,115.38
2026-08-16,40,84.61654652070301,108.04
2026-08-16,41,97.50095783748417,115.16
2026-08-16,42,83.79635350988384,107.57
2026-08-16,43,68.86127397456372,83.87
2026-08-16,44,53.48901437193536,81.0
2026-08-16,45,62.23578690285207,74.9
2026-08-16,46,47.78173591230638,58.79
2026-08-16,47,38.260498288052986,59.32
2026-08-16,48,24.12616927064203,51.91
2026-08-16,49,27.60839112431971,56.02
2026-08-16,50,19.136584647304105,55.22
2026-08-16,51,16.272463770226214,39.99
2026-08-16,52,11.544990522116708,22.89
2026-08-16,53,12.544386535801204,31.04
2026-08-16,54,10.806748735522731,23.05
2026-08-16,55,8.769027426704586,25.02
2026-08-16,56,6.272498282297016,30.24
2026-08-16,57,7.390128428057856,25.29
2026-08-16,58,8.943922387532247,29.99
2026-08-16,59,11.04075180387712,39.9
2026-08-16,60,17.76718903156597,51.05
2026-08-16,61,16.087524662064762,48.3
2026-08-16,62,21.76017468715532,63.63
2026-08-16,63,32.232380160530795,77.98
2026-08-16,64,55.39241645718795,80.9
2026-08-16,65,48.067561656105056,89.9
2026-08-16,66,79.24076453773769,110.4
2026-08-16,67,106.21503580658404,117.97
2026-08-16,68,120.4501360116057,146.27
2026-08-16,69,103.43812659368577,118.12
2026-08-16,70,113.66590974117142,133.05
2026-08-16,71,132.63841047505142,155.13
2026-08-16,72,159.59513868467366,175.0
2026-08-16,73,136.4913952962592,155.0
2026-08-16,74,154.12893733969327,161.42
2026-08-16,75,165.4967997155275,175.09
2026-08-16,76,182.47246189871748,186.24
2026-08-16,77,153.2731408653941,172.2
2026-08-16,78,166.29355035726215,181.6
2026-08-16,79,187.0704271322277,194.17
2026-08-16,80,213.35280412821507,203.91
2026-08-16,81,198.88256970176653,188.0
2026-08-16,82,189.5275845863638,197.99
2026-08-16,83,192.414541255637,202.8
2026-08-16,84,201.3239236025561,211.28
2026-08-16,85,197.5884365760133,212.4
2026-08-16,86,188.5587334733568,208.21
2026-08-16,87,183.9653066558662,202.99
2026-08-16,88,182.52154962282304,199.1
2026-08-16,89,190.43435268863496,215.04
2026-08-16,90,184.83493687365416,210.95
2026-08-16,91,182.2191095437527,202.8
2026-08-16,92,177.55113903769072,197.35
2026-08-16,93,181.39154584216973,203.55
2026-08-16,94,174.65643170479493,194.0
2026-08-16,95,173.86514977008798,188.27
2026-08-16,96,162.33648073368735,184.77
2026-08-17,1,180.01833461228065,205.0
2026-08-17,2,166.22563738593462,196.0
2026-08-17,3,159.80144976255315,188.7
2026-08-17,4,155.5725403022008,178.81
2026-08-17,5,164.93323990655216,187.15
2026-08-17,6,158.76317755700177,181.54
2026-08-17,7,155.65628695153296,178.54
2026-08-17,8,151.87316708899354,168.01
2026-08-17,9,154.1015518514037,172.39
2026-08-17,10,152.99760411813955,164.41
2026-08-17,11,151.87008804588643,160.15
2026-08-17,12,149.86809781427982,158.65
2026-08-17,13,149.1378099475977,162.09
2026-08-17,14,149.23677256372602,160.72
2026-08-17,15,148.83116442164845,158.25
2026-08-17,16,149.65290610308148,160.06
2026-08-17,17,148.80444130827598,157.74
2026-08-17,18,149.49414266769557,155.25
2026-08-17,19,151.86985233732543,159.29
2026-08-17,20,155.7791286100152,164.0
2026-08-17,21,154.00720069409903,162.9
2026-08-17,22,160.54487798093422,169.13
2026-08-17,23,161.8061938010826,177.7
2026-08-17,24,167.780424012981,190.14
2026-08-17,25,182.95805014308323,192.62
2026-08-17,26,184.58409746227835,197.5
2026-08-17,27,186.5902061838112,198.5
2026-08-17,28,184.5818673264386,200.98
2026-08-17,29,193.002162156304,207.0
2026-08-17,30,186.27757672386832,208.9
2026-08-17,31,180.13943289597677,205.0
2026-08-17,32,174.56179113884656,199.7
2026-08-17,33,193.3437350447901,212.08
2026-08-17,34,184.96803440392472,208.46
2026-08-17,35,173.45492128124937,213.01
2026-08-17,36,151.3684004491796,200.9
2026-08-17,37,181.33535044531595,212.49
2026-08-17,38,164.82995638393032,204.32
2026-08-17,39,151.6283426507326,195.99
2026-08-17,40,141.4043127859415,182.36
2026-08-17,41,157.85564789851614,190.2
2026-08-17,42,145.26593234309388,180.0
2026-08-17,43,138.1099152136328,169.15
2026-08-17,44,128.85632541805114,162.6
2026-08-17,45,141.66169770948292,176.67
2026-08-17,46,130.94323405728747,173.36
2026-08-17,47,124.9886566664412,161.29
2026-08-17,48,125.16635103673453,156.57
2026-08-17,49,130.66201149813585,158.83
2026-08-17,50,122.76495411469674,156.07
2026-08-17,51,113.697966084226,155.82
2026-08-17,52,98.59835955808624,146.42
2026-08-17,53,103.79668229580116,158.36
2026-08-17,54,89.99624939263838,158.21
2026-08-17,55,84.39380511318969,147.39
2026-08-17,56,90.54044038982208,136.81
2026-08-17,57,95.33840307981257,142.54
2026-08-17,58,95.28252582099086,136.92
2026-08-17,59,95.9898356291259,142.17
2026-08-17,60,96.42536491984822,143.56
2026-08-17,61,91.10044736415584,142.67
2026-08-17,62,94.27930443909806,137.86
2026-08-17,63,98.4774866302494,138.17
2026-08-17,64,101.24443682185962,140.84
2026-08-17,65,100.10495031185734,135.4
2026-08-17,66,104.62549361501964,139.78
2026-08-17,67,112.31394013912916,142.37
2026-08-17,68,124.73932212119098,142.79
2026-08-17,69,111.18179420236964,136.66
2026-08-17,70,125.12886100049084,147.49
2026-08-17,71,136.01746716981827,154.57
2026-08-17,72,158.93515665680786,169.37
2026-08-17,73,134.7380641134029,157.75
2026-08-17,74,149.52024948333434,170.46
2026-08-17,75,167.75187691334432,185.71
2026-08-17,76,189.677848968575,194.48
2026-08-17,77,171.0129694890143,184.66
2026-08-17,78,184.6663113265324,200.57
2026-08-17,79,201.7485757919927,212.04
2026-08-17,80,221.6897993485,219.14
2026-08-17,81,203.86979751312944,206.58
2026-08-17,82,213.643233211852,213.69
2026-08-17,83,224.7574160276585,216.04
2026-08-17,84,232.8658894331336,217.29
2026-08-17,85,231.18899652781823,219.05
2026-08-17,86,218.3410432429348,213.86
2026-08-17,87,209.88346708768108,210.0
2026-08-17,88,198.1289664372095,197.1
2026-08-17,89,212.0732503571464,205.4
2026-08-17,90,201.82740878242788,199.19
2026-08-17,91,194.14081842335847,199.24
2026-08-17,92,184.6813389461861,186.99
2026-08-17,93,187.7521064241056,192.75
2026-08-17,94,178.97367473141207,184.4
2026-08-17,95,175.83872646981914,176.53
2026-08-17,96,165.66343373732784,166.0
2026-08-18,1,189.7172337693146,187.93
2026-08-18,2,172.49209661692828,179.97
2026-08-18,3,170.78830903724332,167.81
2026-08-18,4,165.31978414522845,158.56
2026-08-18,5,172.88623268386084,167.15
2026-08-18,6,164.42238532339664,161.93
2026-08-18,7,161.6549092470485,160.0
2026-08-18,8,158.06224346275818,150.07
2026-08-18,9,163.8278355977655,152.55
2026-08-18,10,157.3905600213306,150.08
2026-08-18,11,155.76290300253618,149.66
2026-08-18,12,152.9917562609419,150.93
2026-08-18,13,154.0062664925094,148.34
2026-08-18,14,153.70765622956844,146.98
2026-08-18,15,154.1572263382103,148.18
2026-08-18,16,155.3279605021803,150.07
2026-08-18,17,155.05920129155191,148.4
2026-08-18,18,155.83670785414563,147.05
2026-08-18,19,157.13517758999106,149.3
2026-08-18,20,164.3778672921787,152.13
2026-08-18,21,160.6682810300116,147.12
2026-08-18,22,169.65537839300362,155.99
2026-08-18,23,169.35734015147665,159.44
2026-08-18,24,175.37637642362273,173.57
2026-08-18,25,190.36098411663124,172.39
2026-08-18,26,191.55364797414305,190.44
2026-08-18,27,192.9934825975095,192.51
2026-08-18,28,192.304558416398,195.78
2026-08-18,29,200.0712640854704,199.7
2026-08-18,30,195.4245786649756,193.79
2026-08-18,31,191.39128364194465,188.86
2026-08-18,32,182.665907729538,187.94
2026-08-18,33,202.021730108894,201.38
2026-08-18,34,194.5342041084648,196.16
2026-08-18,35,183.53531791825645,180.0
2026-08-18,36,163.80275927699648,163.34
2026-08-18,37,196.3285069260828,174.56
2026-08-18,38,172.67429953640124,167.97
2026-08-18,39,159.09241538729557,156.37
2026-08-18,40,150.26316227794868,146.82
2026-08-18,41,167.5570631255254,160.98
2026-08-18,42,156.59681819669493,155.17
2026-08-18,43,151.28479006506774,147.9
2026-08-18,44,141.20379123253042,145.48
2026-08-18,45,156.96403140402754,148.95
2026-08-18,46,147.4710636644416,144.56
2026-08-18,47,148.1070774185313,141.93
2026-08-18,48,176.81599191706937,147.13
2026-08-18,49,166.07233476985868,137.31
2026-08-18,50,169.72803884207335,137.16
2026-08-18,51,165.35800110562067,136.41
2026-08-18,52,157.84969905673887,135.42
2026-08-18,53,167.2060220432053,133.77
2026-08-18,54,135.94248477287016,133.15
2026-08-18,55,132.05774425549907,131.76
2026-08-18,56,154.6711286400863,128.73
2026-08-18,57,168.18596211410062,129.85
2026-08-18,58,160.7254525635177,130.24
2026-08-18,59,160.46408667187518,131.96
2026-08-18,60,175.4579948783118,130.1
2026-08-18,61,164.39628739214862,131.79
2026-08-18,62,197.828031575184,130.35
2026-08-18,63,222.64299938224167,131.72
2026-08-18,64,179.2379039791463,135.91
2026-08-18,65,175.2045503111515,132.03
2026-08-18,66,150.47744738198446,134.74
2026-08-18,67,145.3617643498431,139.72
2026-08-18,68,155.96410590258364,149.3
2026-08-18,69,149.09496268975903,138.26
2026-08-18,70,146.32046933628027,150.66
2026-08-18,71,156.0801894642495,160.5
2026-08-18,72,185.41422818822645,167.19
2026-08-18,73,156.77893957595694,159.01
2026-08-18,74,167.299967088088,174.44
2026-08-18,75,180.7061753291792,187.57
2026-08-18,76,196.71628686425043,193.2
2026-08-18,77,184.8874500887223,192.0
2026-08-18,78,190.35582292039425,195.01
2026-08-18,79,200.51659716983343,200.16
2026-08-18,80,225.64105052441,203.56
2026-08-18,81,216.28877201900264,198.56
2026-08-18,82,213.2632424010317,202.56
2026-08-18,83,215.869814244023,202.0
2026-08-18,84,219.3430532931214,198.46
2026-08-18,85,222.815747628028,203.6
2026-08-18,86,210.61936294728548,208.53
2026-08-18,87,205.2365513999135,196.03
2026-08-18,88,198.7578976422732,187.02
2026-08-18,89,207.8806052616084,200.23
2026-08-18,90,203.3947125566908,195.0
2026-08-18,91,199.6818789370176,188.25
2026-08-18,92,191.05853467950823,182.06
2026-08-18,93,193.5228094685881,191.52
2026-08-18,94,188.36340092777195,177.9
2026-08-18,95,183.25523688701443,174.25
2026-08-18,96,171.75920197504954,164.9
2026-08-19,1,183.60795493370463,192.0
2026-08-19,2,169.9769106014,179.12
2026-08-19,3,162.6513236366155,174.36
2026-08-19,4,156.96666448085367,160.92
2026-08-19,5,165.84482337086607,163.46
2026-08-19,6,158.46418006897594,157.81
2026-08-19,7,154.3442307997581,156.13
2026-08-19,8,149.28275712997498,153.0
2026-08-19,9,153.96421472701508,156.88
2026-08-19,10,149.84691362975448,151.89
2026-08-19,11,148.33743259285654,150.39
2026-08-19,12,146.63239484706136,146.49
2026-08-19,13,147.41141809840624,147.52
2026-08-19,14,145.81522061703447,147.94
2026-08-19,15,145.2054088370812,146.48
2026-08-19,16,145.68505098991116,147.26
2026-08-19,17,144.93779377863137,148.07
2026-08-19,18,146.43587485269666,148.82
2026-08-19,19,148.16491399332844,150.0
2026-08-19,20,153.3068198021395,149.09
2026-08-19,21,149.9267613292654,155.03
2026-08-19,22,156.51926063683564,155.34
2026-08-19,23,162.99707734249873,161.45
2026-08-19,24,169.27164214678317,174.84
2026-08-19,25,176.8574688226879,173.09
2026-08-19,26,184.11458776672623,184.71
2026-08-19,27,188.1380709279548,188.92
2026-08-19,28,186.13333400868447,192.23
2026-08-19,29,195.3094032555222,197.0
2026-08-19,30,187.71788350145368,192.85
2026-08-19,31,183.4131471767056,191.72
2026-08-19,32,174.5170111304195,188.95
2026-08-19,33,193.50656144783147,202.0
2026-08-19,34,186.4922427093108,194.13
2026-08-19,35,176.27985715708198,186.99
2026-08-19,36,158.76324342050435,180.34
2026-08-19,37,182.9403236333535,200.0
2026-08-19,38,165.14511528292164,179.92
2026-08-19,39,152.10753910523712,155.0
2026-08-19,40,141.786303156906,143.78
2026-08-19,41,158.257277604965,163.0
2026-08-19,42,148.42979315671397,154.9
2026-08-19,43,136.86155873078795,146.43
2026-08-19,44,127.9696724657207,146.34
2026-08-19,45,142.78396020958007,145.69
2026-08-19,46,133.47810874283957,146.02
2026-08-19,47,133.20779399940517,142.13
2026-08-19,48,140.19716879949797,138.0
2026-08-19,49,137.93285521803267,143.44
2026-08-19,50,138.85135795144097,135.42
2026-08-19,51,134.09329262736165,134.6
2026-08-19,52,117.12396777230452,130.87
2026-08-19,53,125.72077834643864,133.2
2026-08-19,54,98.46996389904302,129.43
2026-08-19,55,93.5604785326512,126.39
2026-08-19,56,102.05058569470508,123.8
2026-08-19,57,112.74424438313524,128.08
2026-08-19,58,108.99144154499815,129.28
2026-08-19,59,108.82135611968788,126.8
2026-08-19,60,113.19096576420183,126.93
2026-08-19,61,102.04767524069266,125.48
2026-08-19,62,120.5467453191011,129.36
2026-08-19,63,126.63599571775752,132.95
2026-08-19,64,125.06784340152136,136.24
2026-08-19,65,126.54603777181846,130.0
2026-08-19,66,128.39321091133058,135.0
2026-08-19,67,136.29394625435066,140.56
2026-08-19,68,145.68006513723492,147.71
2026-08-19,69,137.0422736733864,138.08
2026-08-19,70,143.88145140485076,146.02
2026-08-19,71,156.65266812308852,156.97
2026-08-19,72,173.8092296355616,173.5
2026-08-19,73,155.35887997779602,164.67
2026-08-19,74,164.9047654675005,180.0
2026-08-19,75,178.38489329600907,192.0
2026-08-19,76,194.38131267366705,198.27
2026-08-19,77,178.45479911414262,187.42
2026-08-19,78,188.7699898470592,205.02
2026-08-19,79,203.61846058333867,215.99
2026-08-19,80,231.58312990270585,221.78
2026-08-19,81,214.896569332042,199.57
2026-08-19,82,214.3051861268856,208.87
2026-08-19,83,218.2869814580609,212.6
2026-08-19,84,219.24388383570044,216.74
2026-08-19,85,224.74423860733543,212.86
2026-08-19,86,216.74250886236388,211.1
2026-08-19,87,211.3140496650876,203.54
2026-08-19,88,200.7502091199515,196.99
2026-08-19,89,207.80949666085257,206.89
2026-08-19,90,202.7752202382128,201.18
2026-08-19,91,198.550258199834,198.0
2026-08-19,92,189.4390640448273,190.32
2026-08-19,93,193.0953544447223,196.0
2026-08-19,94,187.01045407108023,190.1
2026-08-19,95,181.07217888175288,185.0
2026-08-19,96,170.0998656044112,175.09
2026-08-20,1,192.4767615292857,185.0
2026-08-20,2,177.63987458411964,178.23
2026-08-20,3,169.96120969529196,168.62
2026-08-20,4,166.8974859105733,159.0
2026-08-20,5,174.77120645722988,166.11
2026-08-20,6,166.81340650740376,162.91
2026-08-20,7,163.80396559897974,162.11
2026-08-20,8,159.13801257186782,158.27
2026-08-20,9,163.68250696482238,158.91
2026-08-20,10,158.3510202544104,154.99
2026-08-20,11,156.37554427273773,151.5
2026-08-20,12,154.13141307327035,149.53
2026-08-20,13,155.63485912879312,149.15
2026-08-20,14,153.92384152510675,146.95
2026-08-20,15,152.85929416079193,148.89
2026-08-20,16,153.23881513504514,146.97
2026-08-20,17,152.43930197353842,145.9
2026-08-20,18,153.37473327135433,146.91
2026-08-20,19,154.62192097596466,149.56
2026-08-20,20,159.5882975350996,151.6
2026-08-20,21,156.5796504164624,148.71
2026-08-20,22,162.69572814297342,154.65
2026-08-20,23,169.5431159464137,162.13
2026-08-20,24,173.6631644323904,172.71
2026-08-20,25,184.76782120939657,171.64
2026-08-20,26,191.81043253819203,183.99
2026-08-20,27,195.81849610730768,188.22
2026-08-20,28,189.73611999610355,187.35
2026-08-20,29,201.19398289383983,195.14
2026-08-20,30,194.14300527323448,188.66
2026-08-20,31,187.4636253251249,185.68
2026-08-20,32,178.6620611266673,176.25
2026-08-20,33,195.53393772917792,188.96
2026-08-20,34,186.7537532565627,177.63
2026-08-20,35,179.3441355687013,165.0
2026-08-20,36,158.57516705056528,155.4
2026-08-20,37,187.98347815701808,170.0
2026-08-20,38,166.70924290609847,165.11
2026-08-20,39,152.24581878717063,147.12
2026-08-20,40,139.41311992228634,135.79
2026-08-20,41,151.83620815752766,154.89
2026-08-20,42,143.0003824076747,137.18
2026-08-20,43,127.89414879499203,133.0
2026-08-20,44,121.49815643014816,117.89
2026-08-20,45,125.65284758542256,132.96
2026-08-20,46,111.8694236314106,112.6
2026-08-20,47,104.59490103046748,103.04
2026-08-20,48,92.32532759556594,89.22
2026-08-20,49,94.39781584568372,99.77
2026-08-20,50,84.6768016302733,83.69
2026-08-20,51,77.26425677893738,78.09
2026-08-20,52,65.01049212666442,72.97
2026-08-20,53,69.25623405812684,73.47
2026-08-20,54,62.38793245039032,68.25
2026-08-20,55,56.29535687795045,60.42
2026-08-20,56,49.48827048091181,52.69
2026-08-20,57,56.58024535393497,66.88
2026-08-20,58,54.43356554329176,65.18
2026-08-20,59,58.52702515703252,72.77
2026-08-20,60,69.55526022802952,72.93
2026-08-20,61,63.299476711517855,78.7
2026-08-20,62,82.67016102478536,85.36
2026-08-20,63,96.47911028565784,97.36
2026-08-20,64,106.14622917814106,103.41
2026-08-20,65,102.9649845252752,73.87
2026-08-20,66,115.72713856121054,99.0
2026-08-20,67,129.9085036994993,119.24
2026-08-20,68,141.26977478982556,131.91
2026-08-20,69,136.98326357891654,128.09
2026-08-20,70,138.9486815704228,135.63
2026-08-20,71,153.7266684374614,151.07
2026-08-20,72,172.78787787577548,162.01
2026-08-20,73,153.7515542485553,140.81
2026-08-20,74,169.20378435827547,156.73
2026-08-20,75,182.0589536087948,177.35
2026-08-20,76,196.7281726685497,182.09
2026-08-20,77,180.7252094205287,180.59
2026-08-20,78,196.40443876983065,189.29
2026-08-20,79,206.79274274471143,196.2
2026-08-20,80,226.57656877799272,202.81
2026-08-20,81,208.2056514910645,198.85
2026-08-20,82,214.3922290297108,199.99
2026-08-20,83,215.3947660197368,201.56
2026-08-20,84,219.7962145426381,202.0
2026-08-20,85,226.3894445985597,200.64
2026-08-20,86,217.6397757451929,197.67
2026-08-20,87,206.44533166295656,195.01
2026-08-20,88,196.5770799008559,189.15
2026-08-20,89,206.0755443395986,193.65
2026-08-20,90,200.390244812028,190.0
2026-08-20,91,195.6084257557216,187.99
2026-08-20,92,188.62531357978884,180.07
2026-08-20,93,192.4606217193116,180.09
2026-08-20,94,186.20563561572888,176.0
2026-08-20,95,181.24269046580383,170.93
2026-08-20,96,171.4532747225188,165.04
2026-08-21,1,186.14605445440912,183.05
2026-08-21,2,173.93705676004865,175.0
2026-08-21,3,173.4833957915269,166.45
2026-08-21,4,163.95843217292875,156.9
2026-08-21,5,169.47354612797773,165.55
2026-08-21,6,161.1619088805321,162.28
2026-08-21,7,158.0212417186947,159.74
2026-08-21,8,152.34734390702965,154.39
2026-08-21,9,157.27574327166724,154.94
2026-08-21,10,151.04006931850563,152.71
2026-08-21,11,148.90008377385726,151.0
2026-08-21,12,146.64391848113442,151.3
2026-08-21,13,147.97133517097308,152.65
2026-08-21,14,145.20847182907033,151.11
2026-08-21,15,143.63425526457837,151.53
2026-08-21,16,144.76296034993757,150.61
2026-08-21,17,143.82641543672813,150.88
2026-08-21,18,144.48975536487862,151.49
2026-08-21,19,147.08467567698523,152.57
2026-08-21,20,152.03381127389164,157.9
2026-08-21,21,149.36336476752672,152.1
2026-08-21,22,155.9652897395961,157.08
2026-08-21,23,162.0080728955785,169.32
2026-08-21,24,171.1481536638973,185.0
2026-08-21,25,178.0130037649519,181.71
2026-08-21,26,186.2825373196478,189.94
2026-08-21,27,192.7453659093009,189.93
2026-08-21,28,189.9100301891247,195.26
2026-08-21,29,200.25572023238692,193.58
2026-08-21,30,194.06682987783327,194.66
2026-08-21,31,187.9873154494892,195.32
2026-08-21,32,187.9080879538214,192.0
2026-08-21,33,193.4119382884324,211.88
2026-08-21,34,190.1495607848727,204.71
2026-08-21,35,179.96267425667145,188.2
2026-08-21,36,167.46856904635007,165.55
2026-08-21,37,186.8198004405605,193.04
2026-08-21,38,170.66859265638655,175.59
2026-08-21,39,156.77697558433874,158.24
2026-08-21,40,151.75308260260417,144.45
2026-08-21,41,167.06293974534884,166.0
2026-08-21,42,165.4138048472107,154.69
2026-08-21,43,152.18694757745942,142.59
2026-08-21,44,151.496471809817,132.72
2026-08-21,45,155.9448144092534,139.8
2026-08-21,46,144.9772992619504,142.14
2026-08-21,47,149.4788281487767,137.0
2026-08-21,48,166.64062100496866,136.59
2026-08-21,49,161.88015866008556,134.38
2026-08-21,50,174.02339908568638,134.62
2026-08-21,51,177.17282413852257,134.77
2026-08-21,52,170.8076061644511,137.07
2026-08-21,53,174.87615951252542,140.65
2026-08-21,54,163.18648746763785,138.01
2026-08-21,55,153.76948227013438,142.81
2026-08-21,56,171.16485081555263,140.51
2026-08-21,57,179.23747348926491,134.35
2026-08-21,58,175.34410418030376,142.05
2026-08-21,59,169.90717613371396,144.34
2026-08-21,60,176.00003663427034,143.95
2026-08-21,61,171.7738205360035,144.78
2026-08-21,62,218.7771466473242,145.0
2026-08-21,63,210.9625010347252,144.12
2026-08-21,64,178.05907419084383,165.09
2026-08-21,65,183.34723112782947,148.6
2026-08-21,66,164.73663161438586,157.97
2026-08-21,67,158.7263370904255,167.88
2026-08-21,68,163.90123233531602,191.51
2026-08-21,69,158.90868872862475,160.6
2026-08-21,70,156.0764061963068,180.84
2026-08-21,71,164.50925387821525,196.0
2026-08-21,72,186.4479628365004,207.39
2026-08-21,73,167.07837127812604,193.49
2026-08-21,74,180.68151193900147,199.99
2026-08-21,75,190.97783936223092,196.37
2026-08-21,76,193.72878894365883,198.11
2026-08-21,77,194.90220583769585,205.0
2026-08-21,78,198.27987975554092,204.34
2026-08-21,79,207.2760482605189,199.99
2026-08-21,80,220.36045992620527,208.33
2026-08-21,81,208.788587767826,206.99
2026-08-21,82,209.97501902262124,199.56
2026-08-21,83,207.8617363204881,200.76
2026-08-21,84,205.17013843880423,208.31
2026-08-21,85,211.90065780382943,205.32
2026-08-21,86,201.6988360887056,204.01
2026-08-21,87,197.0786768695141,195.96
2026-08-21,88,189.06345323063155,189.57
2026-08-21,89,196.94207255298693,192.71
2026-08-21,90,191.4012884978586,188.27
2026-08-21,91,190.5475177750456,189.26
2026-08-21,92,185.75284900426368,179.19
2026-08-21,93,185.601074713366,182.37
2026-08-21,94,180.02335033610638,175.8
2026-08-21,95,176.46846690534088,171.92
2026-08-21,96,167.54532127144407,163.91
2026-08-22,1,176.8170612007968,176.56
2026-08-22,2,172.20188773076674,171.6
2026-08-22,3,167.55664215491217,166.27
2026-08-22,4,160.51317008239204,157.6
2026-08-22,5,167.32384278848727,164.97
2026-08-22,6,162.1789689565552,161.34
2026-08-22,7,156.63754112162596,160.01
2026-08-22,8,153.42600156200078,159.82
2026-08-22,9,157.9605665318371,159.97
2026-08-22,10,155.16168350486032,156.91
2026-08-22,11,154.3874614193059,159.9
2026-08-22,12,153.76730016028446,158.07
2026-08-22,13,154.0653550304031,160.23
2026-08-22,14,152.96227825783018,155.99
2026-08-22,15,153.37156685363112,153.7
2026-08-22,16,149.0327161683429,147.64
2026-08-22,17,151.41414351324804,154.29
2026-08-22,18,148.89813959558035,149.62
2026-08-22,19,147.45685767739312,145.26
2026-08-22,20,146.54754017775463,144.83
2026-08-22,21,147.1157296077197,147.67
2026-08-22,22,147.80546394849983,143.8
2026-08-22,23,148.5706953127026,144.19
2026-08-22,24,147.34640195987475,146.37
2026-08-22,25,157.89429873369255,153.82
2026-08-22,26,151.6922438334033,156.7
2026-08-22,27,147.5275253188857,155.67
2026-08-22,28,138.69335140808286,149.37
2026-08-22,29,154.58784158079246,159.74
2026-08-22,30,139.72642048414926,146.89
2026-08-22,31,134.6491184139863,139.3
2026-08-22,32,121.73976548479706,130.09
2026-08-22,33,150.41487784765127,147.32
2026-08-22,34,131.97710894337385,138.0
2026-08-22,35,116.90892043779216,124.51
2026-08-22,36,109.39172876058898,102.69
2026-08-22,37,121.46595514955824,110.75
2026-08-22,38,109.31402073410445,98.63
2026-08-22,39,95.32331522331836,85.01
2026-08-22,40,80.16329216999796,66.68
2026-08-22,41,93.15452669519038,78.38
2026-08-22,42,76.37968836452487,64.13
2026-08-22,43,60.916576105658265,38.57
2026-08-22,44,39.652859437856165,20.1
2026-08-22,45,46.20545501459546,41.97
2026-08-22,46,27.87488662155858,20.59
2026-08-22,47,20.08336688392789,10.22
2026-08-22,48,16.642592158076543,6.47
2026-08-22,49,18.531511815774536,3.02
2026-08-22,50,13.559449822206664,0.96
2026-08-22,51,14.62900180686983,0.01
2026-08-22,52,9.374886405104274,0.0
2026-08-22,53,10.390810057710476,0.0
2026-08-22,54,6.464839385058877,0.0
2026-08-22,55,3.721074100833758,-0.01
2026-08-22,56,1.1097939130987269,-0.01
2026-08-22,57,1.121290388737341,-0.01
2026-08-22,58,1.3255344313176367,-0.01
2026-08-22,59,2.487060934883868,-0.01
2026-08-22,60,3.245557371390801,-0.01
2026-08-22,61,2.6813232822084583,-0.06
2026-08-22,62,4.1605806786340285,-0.14
2026-08-22,63,6.694289896320149,-0.1
2026-08-22,64,13.84597464659477,-0.09
2026-08-22,65,9.434476364107566,-0.01
2026-08-22,66,16.855555096392468,0.0
2026-08-22,67,11.810616519090424,0.0
2026-08-22,68,18.28958640947117,0.0
2026-08-22,69,24.853572975040976,0.01
2026-08-22,70,29.34389554347493,2.05
2026-08-22,71,45.59337368200672,39.51
2026-08-22,72,74.31480150072059,71.99
2026-08-22,73,62.35583327658545,76.32
2026-08-22,74,96.3838812612312,95.15
2026-08-22,75,119.66439195460632,113.99
2026-08-22,76,137.74409118524358,134.83
2026-08-22,77,121.55693512449258,132.5
2026-08-22,78,145.23384174709804,141.86
2026-08-22,79,164.2955073878523,157.56
2026-08-22,80,172.47330796228098,164.68
2026-08-22,81,163.80270401481374,146.99
2026-08-22,82,161.68142842848593,156.78
2026-08-22,83,159.1456596190716,169.75
2026-08-22,84,158.96768924439024,183.13
2026-08-22,85,161.60138634864256,172.56
2026-08-22,86,161.07459424869455,170.74
2026-08-22,87,154.72447793751945,165.85
2026-08-22,88,150.59143215278377,163.66
2026-08-22,89,160.3910114870143,166.18
2026-08-22,90,150.9994402819502,158.41
2026-08-22,91,149.57713862978974,152.26
2026-08-22,92,144.60603394588165,145.98
2026-08-22,93,149.63623444307257,146.75
2026-08-22,94,145.26939671403647,142.34
2026-08-22,95,140.53128558235656,139.28
2026-08-22,96,133.6056566471095,136.11
2026-08-23,1,134.40780945972654,140.99
2026-08-23,2,128.3423791414483,133.96
2026-08-23,3,121.59107455198615,129.02
2026-08-23,4,115.65928430414138,126.72
2026-08-23,5,123.921997634015,131.2
2026-08-23,6,116.27694040249816,126.69
2026-08-23,7,116.84548774418644,124.79
2026-08-23,8,112.73697998427376,120.6
2026-08-23,9,117.03111151977822,126.28
2026-08-23,10,112.61075094730889,119.75
2026-08-23,11,112.77646354982178,117.56
2026-08-23,12,110.90892102886583,113.87
2026-08-23,13,113.16724031459424,117.57
2026-08-23,14,112.12723068281912,116.43
2026-08-23,15,111.33423909102376,115.74
2026-08-23,16,110.97239524174984,115.1
2026-08-23,17,111.898645326189,117.63
2026-08-23,18,110.93345652279842,113.72
2026-08-23,19,112.87798041955844,113.64
2026-08-23,20,110.6517838587733,113.98
2026-08-23,21,112.24256463167086,116.5
2026-08-23,22,112.92485204108466,115.39
2026-08-23,23,113.59898320614168,117.78
2026-08-23,24,112.9779470318372,117.27
2026-08-23,25,119.40608600558548,119.5
2026-08-23,26,116.72631192524835,117.25
2026-08-23,27,111.58124002231862,116.62
2026-08-23,28,104.5145554217635,113.46
2026-08-23,29,121.56962804340117,115.99
2026-08-23,30,110.22370350528324,111.99
2026-08-23,31,99.51538874944248,100.0
2026-08-23,32,86.47556106565256,80.39
2026-08-23,33,103.79439627176362,95.58
2026-08-23,34,81.95814622451441,72.0
2026-08-23,35,64.33856001232613,25.56
2026-08-23,36,41.48811981153878,6.18
2026-08-23,37,56.05180440780956,4.48
2026-08-23,38,34.52468845928517,0.05
2026-08-23,39,16.477585760051937,-0.13
2026-08-23,40,0.9814813620080968,-0.38
2026-08-23,41,12.655768867217716,-0.19
2026-08-23,42,4.840846055816286,-0.44
2026-08-23,43,0.6893765541590682,-0.64
2026-08-23,44,-1.574728087738876,-1.01
2026-08-23,45,0.6239287368130988,-1.0
2026-08-23,46,-1.9778287334696216,-1.62
2026-08-23,47,0.6444590905803267,-2.03
2026-08-23,48,-2.121820855032692,-2.67
2026-08-23,49,-1.1107734461713117,-2.99
2026-08-23,50,-0.3807239596048504,-3.17
2026-08-23,51,0.0950842246124388,-2.99
2026-08-23,52,-1.0268113375826848,-2.99
2026-08-23,53,-1.2368250652941386,-3.52
2026-08-23,54,-2.5340292217705667,-4.99
2026-08-23,55,-3.767850298035533,-5.44
2026-08-23,56,-4.0160679093068445,-6.04
2026-08-23,57,-3.847335901417495,-6.21
2026-08-23,58,-4.280296364021203,-5.07
2026-08-23,59,-3.747996529606744,-3.04
2026-08-23,60,-2.574457140210248,-2.61
2026-08-23,61,-2.2907325618786136,-2.01
2026-08-23,62,-4.224371339532064,-1.73
2026-08-23,63,-3.5244081019564444,-1.0
2026-08-23,64,-6.582536242917165,-1.17
2026-08-23,65,-1.7831998091793686,-1.03
2026-08-23,66,-2.742632924987767,-1.0
2026-08-23,67,14.18382162991471,-0.1
2026-08-23,68,25.09584744482339,0.0
2026-08-23,69,9.73424241128528,0.07
2026-08-23,70,36.21189820928811,10.71
2026-08-23,71,63.29928794553784,70.68
2026-08-23,72,88.32864312505319,112.04
2026-08-23,73,68.15283994032083,104.2
2026-08-23,74,104.65561728701726,129.33
2026-08-23,75,123.85722251519265,161.71
2026-08-23,76,153.87287076338131,182.45
2026-08-23,77,133.1344007404232,165.07
2026-08-23,78,157.0703200377648,177.63
2026-08-23,79,170.6537465263547,189.05
2026-08-23,80,190.91114517353628,189.05
2026-08-23,81,173.44261717733485,188.4
2026-08-23,82,180.59284567806537,187.17
2026-08-23,83,178.6732176794634,185.37
2026-08-23,84,185.32412367891376,182.62
2026-08-23,85,182.3970486933952,179.93
2026-08-23,86,179.30919246071315,179.07
2026-08-23,87,172.95119264951333,176.95
2026-08-23,88,169.56262432184477,176.25
2026-08-23,89,177.57647982010195,174.86
2026-08-23,90,173.10483610109222,173.54
2026-08-23,91,172.18630743775643,172.48
2026-08-23,92,162.60597263154105,169.83
2026-08-23,93,165.1114432244135,168.91
2026-08-23,94,157.4373931597166,166.69
2026-08-23,95,159.63348829732712,166.12
2026-08-23,96,150.6935151955487,160.08
2026-08-24,1,162.11067944750815,164.69
2026-08-24,2,153.4504802978546,162.16
2026-08-24,3,148.95175848751137,161.58
2026-08-24,4,142.43653485809037,155.29
2026-08-24,5,150.39237518219417,160.04
2026-08-24,6,147.11149481703026,154.13
2026-08-24,7,143.94848402948736,149.59
2026-08-24,8,140.7112831410899,146.73
2026-08-24,9,142.73943224045897,148.2
2026-08-24,10,140.140916890833,147.5
2026-08-24,11,139.0923633661061,147.83
2026-08-24,12,137.19310565612105,148.0
2026-08-24,13,137.33672273087436,149.54
2026-08-24,14,137.18049576819735,149.94
2026-08-24,15,137.52683789083892,148.36
2026-08-24,16,139.20631135356516,147.1
2026-08-24,17,137.1782902558556,147.16
2026-08-24,18,138.99520505915987,149.0
2026-08-24,19,142.5884038226942,151.54
2026-08-24,20,147.24246323933582,157.49
2026-08-24,21,145.08433880694534,152.5
2026-08-24,22,150.80434791302903,166.85
2026-08-24,23,157.04514552585078,179.34
2026-08-24,24,166.95715952217654,191.99
2026-08-24,25,164.82245847775658,180.77
2026-08-24,26,179.45370642041274,196.38
2026-08-24,27,183.26752681328105,222.35
2026-08-24,28,185.64838714762337,223.18
2026-08-24,29,185.3123570794614,233.26
2026-08-24,30,188.47799578389373,220.85
2026-08-24,31,181.8623595652916,192.17
2026-08-24,32,173.51969165010257,179.32
2026-08-24,33,186.35301871247773,204.1
2026-08-24,34,178.3777957843972,180.13
2026-08-24,35,167.39994758686237,170.39
2026-08-24,36,147.7824062140185,152.5
2026-08-24,37,170.87460017995684,175.0
2026-08-24,38,149.18695664581998,150.19
2026-08-24,39,132.98410743789168,126.7
2026-08-24,40,120.39219758047474,113.49
2026-08-24,41,134.67456591893938,136.35
2026-08-24,42,121.84267850885288,119.76
2026-08-24,43,111.43947535026322,110.24
2026-08-24,44,103.86353157823892,83.94
2026-08-24,45,109.46900669151614,104.54
2026-08-24,46,100.63951523319736,82.3
2026-08-24,47,91.73933689925212,74.15
2026-08-24,48,80.14542597956401,60.05
2026-08-24,49,81.87924948914527,62.04
2026-08-24,50,76.95607239954812,52.84
2026-08-24,51,73.76731650666801,57.68
2026-08-24,52,65.73460623188535,49.97
2026-08-24,53,69.6996646290636,48.81
2026-08-24,54,65.09546545790496,40.64
2026-08-24,55,60.91719869120011,27.0
2026-08-24,56,56.45320637406162,20.13
2026-08-24,57,63.39221222039468,31.67
2026-08-24,58,64.66665940092297,39.89
2026-08-24,59,69.83162846330407,33.63
2026-08-24,60,77.66393659132649,37.44
2026-08-24,61,74.12304863672485,50.24
2026-08-24,62,72.57120781233543,59.01
2026-08-24,63,84.03963490758801,84.32
2026-08-24,64,91.1079736098412,96.42
2026-08-24,65,85.40662914059126,71.89
2026-08-24,66,106.94649438607534,99.39
2026-08-24,67,106.56325069302032,110.25
2026-08-24,68,112.45758405734492,126.82
2026-08-24,69,124.38514389866064,112.65
2026-08-24,70,136.03823965073104,130.4
2026-08-24,71,154.1804597674175,156.43
2026-08-24,72,175.4997799401052,174.36
2026-08-24,73,153.2399767721677,155.96
2026-08-24,74,171.00542301045436,173.53
2026-08-24,75,172.40851718811376,184.38
2026-08-24,76,187.19475780853543,215.47
2026-08-24,77,175.06371281022484,188.3
2026-08-24,78,190.4363274186921,209.39
2026-08-24,79,207.66382461549344,229.87
2026-08-24,80,234.2192444710737,249.92
2026-08-24,81,217.1125720755896,239.9
2026-08-24,82,212.47685859520152,224.86
2026-08-24,83,209.9238941812776,216.36
2026-08-24,84,210.5747427540261,196.99
2026-08-24,85,213.76407307413507,199.0
2026-08-24,86,202.86667612859145,193.23
2026-08-24,87,193.84556385696405,183.05
2026-08-24,88,182.7127573446028,176.83
2026-08-24,89,194.37698126009343,176.54
2026-08-24,90,181.9995493983588,173.52
2026-08-24,91,177.45393905688408,169.99
2026-08-24,92,168.09374342790863,167.05
2026-08-24,93,170.1620639278427,163.19
2026-08-24,94,161.07768362839573,157.08
2026-08-24,95,156.23692252148916,154.12
2026-08-24,96,147.52240814178913,144.51
2026-08-25,1,166.2190370972131,155.82
2026-08-25,2,158.29349848091525,154.66
2026-08-25,3,154.115517097848,151.45
2026-08-25,4,146.0883343416179,147.43
2026-08-25,5,154.3636740184044,152.74
2026-08-25,6,147.9350816470847,145.42
2026-08-25,7,145.72895631533203,144.74
2026-08-25,8,141.990987166278,144.4
2026-08-25,9,144.78011797394277,144.01
2026-08-25,10,142.05468039520844,141.92
2026-08-25,11,138.81154249840256,142.19
2026-08-25,12,138.3274969047247,141.54
2026-08-25,13,136.3640516722333,139.87
2026-08-25,14,135.0353996347232,139.8
2026-08-25,15,135.15006037829252,139.86
2026-08-25,16,136.04880676184914,140.49
2026-08-25,17,133.97877426405043,139.94
2026-08-25,18,135.78295870211758,141.0
2026-08-25,19,138.17435035263514,141.55
2026-08-25,20,143.6833363936317,143.99
2026-08-25,21,140.25851440317695,144.99
2026-08-25,22,146.05688075267545,145.66
2026-08-25,23,152.41990765843792,150.6
2026-08-25,24,161.57343563971838,157.07
2026-08-25,25,160.04455317247292,164.7
2026-08-25,26,172.05238582041673,170.99
2026-08-25,27,174.8218464801781,173.37
2026-08-25,28,176.84245037448318,176.6
2026-08-25,29,182.18889996003912,184.84
2026-08-25,30,179.73088356031874,185.05
2026-08-25,31,173.80526075416003,181.76
2026-08-25,32,172.5246480619372,170.99
2026-08-25,33,183.56176592627324,187.63
2026-08-25,34,173.92325889380783,173.97
2026-08-25,35,163.92511215495372,166.16
2026-08-25,36,146.96395903366334,157.86
2026-08-25,37,170.86510351413625,165.47
2026-08-25,38,150.45216733147814,152.68
2026-08-25,39,133.11604967191846,135.91
2026-08-25,40,119.89599074954958,127.69
2026-08-25,41,135.85673660667214,140.49
2026-08-25,42,121.69130236384704,122.67
2026-08-25,43,111.7900483061642,113.0
2026-08-25,44,100.54183894089375,93.68
2026-08-25,45,109.21595222069728,108.4
2026-08-25,46,99.13004870522708,92.72
2026-08-25,47,89.66440472098607,72.98
2026-08-25,48,74.05365935882763,58.48
2026-08-25,49,80.47759756656015,79.08
2026-08-25,50,67.11659179214317,62.6
2026-08-25,51,61.72928426412459,67.03
2026-08-25,52,54.57446405782216,59.92
2026-08-25,53,56.49604260722427,69.99
2026-08-25,54,52.12142947768678,62.38
2026-08-25,55,48.35197136340318,58.53
2026-08-25,56,43.1958616093353,57.93
2026-08-25,57,50.65463931102164,56.63
2026-08-25,58,53.2736639520756,60.02
2026-08-25,59,55.79661816973484,73.79
2026-08-25,60,63.14366663537986,83.41
2026-08-25,61,61.180480011569365,67.26
2026-08-25,62,59.82565338401244,78.57
2026-08-25,63,65.02023363446602,92.24
2026-08-25,64,82.17288655620355,101.92
2026-08-25,65,72.44585845271273,91.07
2026-08-25,66,98.359791033194,111.5
2026-08-25,67,109.01244771860638,118.01
2026-08-25,68,134.58759834535266,137.03
2026-08-25,69,116.23336115919186,118.68
2026-08-25,70,132.4974146308717,138.7
2026-08-25,71,148.95345266069694,159.85
2026-08-25,72,168.17086944791868,170.98
2026-08-25,73,150.9684641099499,154.99
2026-08-25,74,159.35579408010017,172.0
2026-08-25,75,166.26702326951133,186.91
2026-08-25,76,176.27654353022533,201.23
2026-08-25,77,168.7891105851544,193.07
2026-08-25,78,178.42579467707455,205.65
2026-08-25,79,185.0882404657968,219.86
2026-08-25,80,204.5846286000136,218.65
2026-08-25,81,191.1570839849812,200.32
2026-08-25,82,193.5698583416965,212.58
2026-08-25,83,193.35387120194324,211.73
2026-08-25,84,190.9468344841664,195.94
2026-08-25,85,193.0873616383263,192.1
2026-08-25,86,185.75743307450605,186.95
2026-08-25,87,181.5815584715917,178.93
2026-08-25,88,173.2176799563199,171.99
2026-08-25,89,182.2084468220523,175.87
2026-08-25,90,172.43870832713606,172.57
2026-08-25,91,169.70471597763913,176.25
2026-08-25,92,162.5114660325216,164.38
2026-08-25,93,162.9830650829906,167.84
2026-08-25,94,157.0580842686699,161.33
2026-08-25,95,152.3500995323468,161.29
2026-08-25,96,143.72773186946335,148.18
2026-08-26,1,179.1136779135836,180.19
2026-08-26,2,169.10999955594897,165.74
2026-08-26,3,167.3365706049006,157.29
2026-08-26,4,158.5198505599528,152.89
2026-08-26,5,168.13379796852206,161.06
2026-08-26,6,160.29563663909198,156.44
2026-08-26,7,158.363520072288,156.64
2026-08-26,8,154.06881444719505,154.09
2026-08-26,9,156.36294263857573,152.29
2026-08-26,10,154.10064611072426,151.95
2026-08-26,11,152.62586947200143,151.23
2026-08-26,12,154.17860852365405,151.1
2026-08-26,13,150.8437362794351,149.78
2026-08-26,14,149.50164223953757,148.95
2026-08-26,15,149.85447425491685,150.01
2026-08-26,16,149.58444603083018,149.66
2026-08-26,17,148.16809415126332,149.86
2026-08-26,18,148.3807202164788,150.39
2026-08-26,19,149.7695754231074,151.95
2026-08-26,20,156.00409371954598,154.83
2026-08-26,21,153.16064857723865,150.58
2026-08-26,22,159.9693974805923,156.97
2026-08-26,23,165.91390950951728,163.26
2026-08-26,24,175.66013352043365,171.05
2026-08-26,25,175.01230065273444,173.79
2026-08-26,26,188.7103666781672,185.5
2026-08-26,27,193.42813062604463,190.07
2026-08-26,28,197.6129111383565,191.16
2026-08-26,29,198.099539736168,199.35
2026-08-26,30,197.0852960835436,198.92
2026-08-26,31,191.1700808237518,194.48
2026-08-26,32,201.03891813033044,189.4
2026-08-26,33,204.250878661146,212.12
2026-08-26,34,197.7077889821845,204.49
2026-08-26,35,188.3770505540931,186.55
2026-08-26,36,167.72334129375338,170.92
2026-08-26,37,192.4557945296948,191.26
2026-08-26,38,172.83213826719046,173.42
2026-08-26,39,152.61081547320623,157.54
2026-08-26,40,141.24335649233197,144.27
2026-08-26,41,160.188996080246,165.21
2026-08-26,42,145.1652774054313,135.93
2026-08-26,43,135.20668185093712,128.23
2026-08-26,44,118.78440467100634,120.55
2026-08-26,45,131.23453070126794,132.06
2026-08-26,46,116.18782536038346,125.1
2026-08-26,47,106.03925356112738,119.8
2026-08-26,48,84.82930383711164,105.68
2026-08-26,49,93.32987084072884,112.77
2026-08-26,50,85.84395827714633,94.25
2026-08-26,51,75.82698419220321,97.47
2026-08-26,52,68.44669993048926,89.93
2026-08-26,53,71.69673147944992,101.01
2026-08-26,54,65.07755362785869,91.06
2026-08-26,55,58.38359706503135,85.01
2026-08-26,56,54.7910333646218,81.08
2026-08-26,57,64.34602000809552,90.48
2026-08-26,58,64.8534895940999,90.76
2026-08-26,59,68.57879217846175,91.87
2026-08-26,60,76.89778047643476,94.77
2026-08-26,61,73.16776867323298,93.62
2026-08-26,62,81.96535517732624,100.66
2026-08-26,63,96.31080793708374,104.3
2026-08-26,64,98.53848988912245,111.63
2026-08-26,65,86.85171383212501,108.35
2026-08-26,66,110.29978300164996,117.55
2026-08-26,67,129.1852395025358,122.93
2026-08-26,68,127.54701651798236,141.2
2026-08-26,69,133.7476091683883,125.31
2026-08-26,70,146.07632252082135,149.7
2026-08-26,71,164.351972905667,173.0
2026-08-26,72,180.91648455513692,179.87
2026-08-26,73,164.0722795427165,160.51
2026-08-26,74,169.78216249542714,173.58
2026-08-26,75,175.7996617327306,191.78
2026-08-26,76,198.7695351723964,216.63
2026-08-26,77,180.82611557278213,193.34
2026-08-26,78,199.8869047966258,206.64
2026-08-26,79,218.85903030598985,218.91
2026-08-26,80,245.94955519131852,226.09
2026-08-26,81,226.11215869117544,218.8
2026-08-26,82,219.24143068357125,206.45
2026-08-26,83,205.647378875346,195.66
2026-08-26,84,193.6274845225712,186.2
2026-08-26,85,203.61425952596147,188.82
2026-08-26,86,191.54538590013368,180.72
2026-08-26,87,183.14910823678332,177.31
2026-08-26,88,174.8623774257819,167.92
2026-08-26,89,183.57398164809263,172.29
2026-08-26,90,174.21588951474817,165.95
2026-08-26,91,171.51326979088074,164.16
2026-08-26,92,163.44523558435804,151.95
2026-08-26,93,164.40299738443946,161.94
2026-08-26,94,159.63156146946662,152.79
2026-08-26,95,155.17464595927785,150.0
2026-08-26,96,145.32747536034518,139.72
2026-08-27,1,152.95579209525823,155.22
2026-08-27,2,152.21445505741687,149.8
2026-08-27,3,144.642618036312,147.17
2026-08-27,4,136.8085439159464,142.03
2026-08-27,5,146.51797518868392,149.56
2026-08-27,6,143.61735022521336,142.95
2026-08-27,7,141.46286481031578,141.73
2026-08-27,8,137.12960403107547,134.46
2026-08-27,9,139.86753437563385,138.69
2026-08-27,10,136.9578469908445,134.86
2026-08-27,11,136.0471879575714,134.18
2026-08-27,12,134.28054914656747,132.95
2026-08-27,13,129.97710953497025,135.43
2026-08-27,14,132.50355945717234,134.02
2026-08-27,15,133.26713823743108,134.31
2026-08-27,16,133.95133237987773,133.93
2026-08-27,17,130.10839789684275,133.7
2026-08-27,18,130.79025862179253,134.13
2026-08-27,19,133.15952299460264,136.66
2026-08-27,20,140.35749725891569,140.27
2026-08-27,21,133.1557105406134,139.14
2026-08-27,22,141.4977332852645,139.4
2026-08-27,23,149.28958056077877,147.27
2026-08-27,24,156.67228464140348,160.43
2026-08-27,25,158.86136648507184,160.45
2026-08-27,26,164.38817554518758,169.22
2026-08-27,27,167.41493303153663,170.35
2026-08-27,28,169.2172442986937,170.31
2026-08-27,29,172.70068948423497,176.04
2026-08-27,30,170.57568102045192,176.34
2026-08-27,31,166.9874770957584,174.79
2026-08-27,32,158.32440888775233,169.41
2026-08-27,33,183.3596813812739,176.02
2026-08-27,34,166.6425745209499,170.22
2026-08-27,35,153.54046593864717,157.54
2026-08-27,36,135.2177644338285,137.77
2026-08-27,37,160.02686295653774,151.28
2026-08-27,38,137.3392390487488,132.34
2026-08-27,39,116.83287770935412,116.91
2026-08-27,40,106.18443013542786,98.08
2026-08-27,41,115.0463195435389,126.98
2026-08-27,42,102.35537831299304,116.1
2026-08-27,43,88.82569084586167,94.98
2026-08-27,44,69.29903793838828,78.35
2026-08-27,45,77.84853847231325,105.06
2026-08-27,46,57.8457465574475,71.31
2026-08-27,47,43.27453200862799,40.0
2026-08-27,48,24.660632230618152,13.94
2026-08-27,49,27.59631122435356,31.59
2026-08-27,50,14.036591647312909,23.84
2026-08-27,51,8.97968016574368,20.09
2026-08-27,52,5.319767209698814,11.21
2026-08-27,53,5.6058970748438455,10.02
2026-08-27,54,4.285814993537537,10.05
2026-08-27,55,2.4076517939426747,6.16
2026-08-27,56,0.6682099938128394,0.06
2026-08-27,57,1.3881963293458046,0.09
2026-08-27,58,1.703800548669552,10.03
2026-08-27,59,3.1818427534615665,20.05
2026-08-27,60,14.18716045778836,26.6
2026-08-27,61,13.430321829166838,22.36
2026-08-27,62,21.59566698110851,30.01
2026-08-27,63,34.95471667581944,54.58
2026-08-27,64,51.58254618966542,74.58
2026-08-27,65,50.75349108266408,51.04
2026-08-27,66,82.88901832076726,93.31
2026-08-27,67,81.91768954038602,112.93
2026-08-27,68,97.27678066686508,127.32
2026-08-27,69,76.53638203602075,115.08
2026-08-27,70,129.48479991023424,128.97
2026-08-27,71,152.07148325417398,154.02
2026-08-27,72,171.33282535730694,168.73
2026-08-27,73,153.66936699702904,151.75
2026-08-27,74,164.97368210269872,169.48
2026-08-27,75,174.23643683358412,177.02
2026-08-27,76,192.9997930578414,197.0
2026-08-27,77,178.10223847141648,184.45
2026-08-27,78,194.09512869088385,194.52
2026-08-27,79,206.9685038339488,205.99
2026-08-27,80,237.25305308221152,212.09
2026-08-27,81,216.0510892063063,205.74
2026-08-27,82,206.05341091985807,192.87
2026-08-27,83,197.766051445206,187.8
2026-08-27,84,193.18749020540685,179.54
2026-08-27,85,198.75099090230933,192.13
2026-08-27,86,189.8462846137045,180.12
2026-08-27,87,180.0766336120904,171.99
2026-08-27,88,168.52132333685287,159.44
2026-08-27,89,174.11830325967122,175.56
2026-08-27,90,168.5093368738537,170.0
2026-08-27,91,166.2295766205811,159.68
2026-08-27,92,158.02757711452065,154.44
2026-08-27,93,156.74758648866168,159.9
2026-08-27,94,151.40805760879158,153.16
2026-08-27,95,149.0378111139512,149.08
2026-08-27,96,137.25828271831563,139.42
2026-08-28,1,149.68499083713394,141.01
2026-08-28,2,147.12937029273965,141.92
2026-08-28,3,144.94123208623935,139.0
2026-08-28,4,140.30545975906472,136.16
2026-08-28,5,147.2497374912582,141.81
2026-08-28,6,141.49540816617375,138.66
2026-08-28,7,138.32868533378567,138.02
2026-08-28,8,134.93470761729992,138.66
2026-08-28,9,136.6505039720497,137.18
2026-08-28,10,136.11403286147484,138.68
2026-08-28,11,135.13856680504014,140.51
2026-08-28,12,133.65676045201587,136.6
2026-08-28,13,133.96701344979115,140.89
2026-08-28,14,133.46340952956697,139.62
2026-08-28,15,133.97045228689785,138.26
2026-08-28,16,135.0752545388013,136.43
2026-08-28,17,133.99292596285937,137.11
2026-08-28,18,135.0710984885375,139.44
2026-08-28,19,136.8976199888278,139.96
2026-08-28,20,140.94494299005038,139.85
2026-08-28,21,139.34508203136272,137.37
2026-08-28,22,144.96254870682333,141.3
2026-08-28,23,151.07630053857287,148.48
2026-08-28,24,161.94783339712615,159.92
2026-08-28,25,161.11395737007152,164.48
2026-08-28,26,172.2948833531771,172.23
2026-08-28,27,177.12336264170514,174.29
2026-08-28,28,181.9425851420565,173.03
2026-08-28,29,183.0177148799672,179.81
2026-08-28,30,183.97128251333305,180.26
2026-08-28,31,190.73703883219864,177.41
2026-08-28,32,194.93705691232617,174.44
2026-08-28,33,195.61578243612828,187.4
2026-08-28,34,193.69528144999524,172.74
2026-08-28,35,176.0020149986705,162.59
2026-08-28,36,161.84664178108653,155.15
2026-08-28,37,179.50684042272593,161.87
2026-08-28,38,164.93800799846682,161.77
2026-08-28,39,148.86112570620037,151.21
2026-08-28,40,137.45944908184572,145.76
2026-08-28,41,156.0096390168027,155.0
2026-08-28,42,141.1190586313639,142.59
2026-08-28,43,134.37253417144635,130.66
2026-08-28,44,130.34879744272618,122.31
2026-08-28,45,137.72364366569644,129.06
2026-08-28,46,132.63443254997696,122.65
2026-08-28,47,129.3768936042472,117.81
2026-08-28,48,126.35004357722138,116.81
2026-08-28,49,126.78661903125264,112.08
2026-08-28,50,111.94613782685413,108.98
2026-08-28,51,128.52600091976652,112.94
2026-08-28,52,88.66628253597791,109.56
2026-08-28,53,95.42099385908676,98.45
2026-08-28,54,86.24953888754568,93.85
2026-08-28,55,102.80080052614257,100.58
2026-08-28,56,77.17041648855962,92.07
2026-08-28,57,87.40097791965674,102.01
2026-08-28,58,87.52083669405421,100.0
2026-08-28,59,93.80265157189204,106.26
2026-08-28,60,98.26200572912592,107.73
2026-08-28,61,96.67559035583042,109.55
2026-08-28,62,107.2814166670434,112.23
2026-08-28,63,124.28196766580922,116.41
2026-08-28,64,126.85360935703372,119.29
2026-08-28,65,106.5065956494991,111.35
2026-08-28,66,126.77054149564522,118.32
2026-08-28,67,131.62235935117604,122.23
2026-08-28,68,145.2409677686378,126.34
2026-08-28,69,133.02015595499188,116.99
2026-08-28,70,142.430033801994,135.97
2026-08-28,71,157.28276263026464,156.76
2026-08-28,72,167.6381674225698,163.09
2026-08-28,73,153.5056414697539,144.39
2026-08-28,74,159.25540065582103,160.89
2026-08-28,75,166.84707777247803,167.3
2026-08-28,76,180.2202920653328,169.34
2026-08-28,77,167.68733180225178,154.89
2026-08-28,78,178.97305774188396,165.82
2026-08-28,79,187.55358429511463,175.5
2026-08-28,80,193.43342450205213,193.95
2026-08-28,81,189.7602110556865,174.88
2026-08-28,82,184.8032951615264,177.73
2026-08-28,83,180.81589411339573,180.83
2026-08-28,84,179.44191116064562,173.64
2026-08-28,85,181.19516189655585,176.3
2026-08-28,86,171.63479053290675,168.12
2026-08-28,87,163.37209739658746,166.01
2026-08-28,88,160.0770914119943,154.01
2026-08-28,89,158.06250621391237,171.44
2026-08-28,90,160.34371108690587,162.3
2026-08-28,91,157.480388005003,161.4
2026-08-28,92,149.5833315493401,150.64
2026-08-28,93,151.73176574179405,157.08
2026-08-28,94,145.57060340946342,150.8
2026-08-28,95,140.0554077797587,141.55
2026-08-28,96,136.6035670988597,131.1
2026-08-29,1,142.99740633917108,141.58
2026-08-29,2,137.93357311596128,135.4
2026-08-29,3,130.1768899256355,127.97
2026-08-29,4,122.21257566155688,117.12
2026-08-29,5,130.15062841552708,117.5
2026-08-29,6,124.6564219272532,114.51
2026-08-29,7,125.4047874845382,110.37
2026-08-29,8,119.37970920380604,107.04
2026-08-29,9,126.86798134268322,107.51
2026-08-29,10,117.37424842013198,101.93
2026-08-29,11,116.70169650128126,100.07
2026-08-29,12,115.43023210006366,91.68
2026-08-29,13,114.42270931654576,97.47
2026-08-29,14,120.63391255495668,91.82
2026-08-29,15,116.20937786750008,91.19
2026-08-29,16,118.42009781172482,92.52
2026-08-29,17,127.20072867197014,96.99
2026-08-29,18,125.06992268933745,93.91
2026-08-29,19,110.97329591339044,91.6
2026-08-29,20,115.73860623635454,89.52
2026-08-29,21,118.89607129093244,99.26
2026-08-29,22,118.06339613487756,95.12
2026-08-29,23,126.06276791213152,95.23
2026-08-29,24,130.27019237723235,96.71
2026-08-29,25,130.68551476600643,97.2
2026-08-29,26,121.3263398978682,97.47
2026-08-29,27,117.5714331752164,97.19
2026-08-29,28,116.94993327101236,96.68
2026-08-29,29,124.33324424192658,107.2
2026-08-29,30,123.26914063173628,103.88
2026-08-29,31,113.295871740669,100.79
2026-08-29,32,108.7173826673192,93.09
2026-08-29,33,111.24887001902258,106.11
2026-08-29,34,86.9857962222735,83.69
2026-08-29,35,59.58412502549997,41.79
2026-08-29,36,35.867567347157475,10.09
2026-08-29,37,42.874351004328034,18.4
2026-08-29,38,29.25641978275744,0.06
2026-08-29,39,12.579807591835705,-0.01
2026-08-29,40,1.7236936818410982,-0.15
2026-08-29,41,3.4056570073424552,-0.01
2026-08-29,42,-5.17239679059395,-0.1
2026-08-29,43,-10.194595772613924,-0.51
2026-08-29,44,-7.524680552235921,-0.75
2026-08-29,45,-12.289325227658937,-1.1
2026-08-29,46,-7.180363412579027,-1.35
2026-08-29,47,-2.8283635826247107,-1.39
2026-08-29,48,-2.83745446602801,-1.58
2026-08-29,49,-3.655686246769157,-1.57
2026-08-29,50,-2.842852598354572,-1.78
2026-08-29,51,-3.970274804015381,-1.88
2026-08-29,52,-0.6784647353465667,-2.02
2026-08-29,53,-1.0166065884801494,-1.91
2026-08-29,54,-1.702067919637237,-1.89
2026-08-29,55,-3.641116431441122,-1.69
2026-08-29,56,-2.4189988385578136,-1.56
2026-08-29,57,-1.8661719867528173,-1.53
2026-08-29,58,-0.8593885952084124,-1.29
2026-08-29,59,-0.4616309913501153,-1.0
2026-08-29,60,-1.0120068804621027,-0.88
2026-08-29,61,-1.1281546092953922,-0.08
2026-08-29,62,-0.2220287559124409,-0.01
2026-08-29,63,1.376513151500376,0.0
2026-08-29,64,-16.519146916067832,0.0
2026-08-29,65,-12.798335868764063,0.0
2026-08-29,66,-25.80126580077417,1.66
2026-08-29,67,22.462739602700537,30.88
2026-08-29,68,30.634937140039952,65.78
2026-08-29,69,24.543529250933915,51.44
2026-08-29,70,59.53987480071268,100.78
2026-08-29,71,100.01434160943909,131.42
2026-08-29,72,141.38578251536387,168.33
2026-08-29,73,123.24905076561492,146.48
2026-08-29,74,147.23636279165638,152.72
2026-08-29,75,163.18755792449767,185.46
2026-08-29,76,175.51181706172895,201.35
2026-08-29,77,165.92254653819123,183.9
2026-08-29,78,177.63921521436097,191.92
2026-08-29,79,185.07564845057885,205.57
2026-08-29,80,205.27709291194503,214.47
2026-08-29,81,188.3192691462019,217.5
2026-08-29,82,187.47856677209853,198.94
2026-08-29,83,187.0518188414038,181.76
2026-08-29,84,187.1335771173976,180.92
2026-08-29,85,185.98762013116288,205.71
2026-08-29,86,176.18768355853317,179.29
2026-08-29,87,171.03811097492962,166.74
2026-08-29,88,164.30535385833986,158.33
2026-08-29,89,168.93713860459087,181.9
2026-08-29,90,163.23339907771705,162.32
2026-08-29,91,161.2463095224876,158.1
2026-08-29,92,152.72966633863453,151.65
2026-08-29,93,154.881768193753,150.77
2026-08-29,94,147.3799311440129,146.47
2026-08-29,95,145.12605778466514,145.54
2026-08-29,96,138.73024233084843,139.68
2026-08-30,1,143.10369213272634,135.07
2026-08-30,2,132.54962422992776,124.31
2026-08-30,3,121.01378986480724,110.72
2026-08-30,4,113.71181383860558,99.62
2026-08-30,5,117.59752076120562,108.66
2026-08-30,6,112.83805223939297,103.92
2026-08-30,7,114.9140425287098,101.17
2026-08-30,8,109.59022314862295,96.6
2026-08-30,9,114.49265281254895,98.6
2026-08-30,10,101.76595609906131,88.17
2026-08-30,11,100.59870201788188,80.99
2026-08-30,12,104.16853722892697,76.38
2026-08-30,13,98.8019511397834,89.37
2026-08-30,14,95.85337102100448,79.85
2026-08-30,15,93.79616631361044,75.68
2026-08-30,16,98.30970378596578,66.85
2026-08-30,17,96.16454162474449,71.26
2026-08-30,18,99.83392857361468,67.43
2026-08-30,19,94.09937550636764,68.94
2026-08-30,20,96.34035801889588,69.88
2026-08-30,21,98.63003481242797,74.01
2026-08-30,22,97.28763542549338,71.36
2026-08-30,23,103.4636866665506,72.66
2026-08-30,24,102.35297240392012,73.82
2026-08-30,25,106.3513417855335,67.01
2026-08-30,26,99.05439543068476,70.42
2026-08-30,27,90.1720328332552,72.91
2026-08-30,28,91.65617118764638,73.24
2026-08-30,29,101.2775026021988,75.74
2026-08-30,30,99.03756041304707,62.34
2026-08-30,31,87.20002070906709,55.88
2026-08-30,32,80.06395574229711,42.22
2026-08-30,33,85.65920478747132,35.0
2026-08-30,34,64.29722566916199,20.02
2026-08-30,35,42.238477335509685,8.83
2026-08-30,36,25.774023397904813,0.09
2026-08-30,37,29.76196379773124,0.85
2026-08-30,38,19.195564512980383,0.0
2026-08-30,39,7.201380761266364,-0.08
2026-08-30,40,6.791322714863014,-0.82
2026-08-30,41,4.258830244816011,-0.08
2026-08-30,42,0.5527635195054188,-0.09
2026-08-30,43,-3.843534889199887,-0.12
2026-08-30,44,-6.319820415600049,-0.12
2026-08-30,45,-10.033024955713472,-0.15
2026-08-30,46,-8.627915760715126,-0.14
2026-08-30,47,-5.214733521417969,-0.15
2026-08-30,48,-4.644103654398656,-0.17
2026-08-30,49,-7.278772629646426,-0.99
2026-08-30,50,-6.011125185502323,-1.0
2026-08-30,51,-6.852478123199051,-1.0
2026-08-30,52,-2.1653067030762188,-1.09
2026-08-30,53,-2.7628570282485736,-1.02
2026-08-30,54,-3.169520652346062,-1.04
2026-08-30,55,-5.415876788214761,-1.06
2026-08-30,56,-4.663988591096452,-1.09
2026-08-30,57,-4.056949804595784,-1.19
2026-08-30,58,-3.592175450725567,-1.03
2026-08-30,59,-3.923830655006717,-1.0
2026-08-30,60,-4.274612553428957,-1.0
2026-08-30,61,-3.7732103672999697,-0.14
2026-08-30,62,-2.987867743907816,-0.12
2026-08-30,63,-1.0304041710023402,-0.12
2026-08-30,64,-0.2853828667469003,-0.11
2026-08-30,65,-9.684215311844303,-0.45
2026-08-30,66,1.5883898223322035,-0.1
2026-08-30,67,15.37626210958794,-0.01
2026-08-30,68,26.872065661764395,0.52
2026-08-30,69,21.663055281097243,4.15
2026-08-30,70,58.50496889367548,33.64
2026-08-30,71,93.45963841390736,74.59
2026-08-30,72,125.37560053195978,137.41
2026-08-30,73,107.0727378506585,110.7
2026-08-30,74,136.00888644726243,161.07
2026-08-30,75,162.29146663138508,181.26
2026-08-30,76,174.66189303230007,200.54
2026-08-30,77,163.491291934802,169.46
2026-08-30,78,186.02551483321835,180.69
2026-08-30,79,182.56114571746247,187.98
2026-08-30,80,197.44918400860087,198.53
2026-08-30,81,188.25853370288937,174.45
2026-08-30,82,186.3666769934796,184.63
2026-08-30,83,188.31911516945365,201.43
2026-08-30,84,192.60600980611417,212.27
2026-08-30,85,191.30116359763545,203.93
2026-08-30,86,184.0080770758655,200.01
2026-08-30,87,181.83123599368128,187.92
2026-08-30,88,177.31991431863673,179.83
2026-08-30,89,185.52150053249417,189.32
2026-08-30,90,177.9544297317199,180.06
2026-08-30,91,176.36275213320752,181.03
2026-08-30,92,169.2081170141421,175.34
2026-08-30,93,170.47822114173178,178.71
2026-08-30,94,164.53236581536478,167.37
2026-08-30,95,163.91670190534597,166.57
2026-08-30,96,155.94738166341497,162.5
2026-08-31,1,162.66314984918804,188.79
2026-08-31,2,158.64200592770527,174.97
2026-08-31,3,152.44423726433268,170.0
2026-08-31,4,141.82503152166507,166.15
2026-08-31,5,150.13112428885944,168.52
2026-08-31,6,146.55487045549162,165.32
2026-08-31,7,143.99173052541707,159.92
2026-08-31,8,138.40407944358486,158.69
2026-08-31,9,142.34059472791938,164.22
2026-08-31,10,138.04844104133088,153.74
2026-08-31,11,135.8041583074038,148.26
2026-08-31,12,134.9436853046176,146.74
2026-08-31,13,134.19518925804243,152.12
2026-08-31,14,129.88879353321528,149.14
2026-08-31,15,130.02743012201913,146.18
2026-08-31,16,131.17001309262554,143.75
2026-08-31,17,130.67261440884803,143.1
2026-08-31,18,132.42245972702386,141.57
2026-08-31,19,132.27378281655083,141.91
2026-08-31,20,133.76489253913877,143.06
2026-08-31,21,134.0302473513514,142.29
2026-08-31,22,134.3876631480483,141.18
2026-08-31,23,139.09277291189247,143.09
2026-08-31,24,144.53460507000452,150.27
2026-08-31,25,147.87741689345054,150.71
2026-08-31,26,152.44158785226549,154.47
2026-08-31,27,156.0099731910894,157.17
2026-08-31,28,152.42780518212004,158.65
2026-08-31,29,160.0455079730049,164.35
2026-08-31,30,155.34905460328667,165.12
2026-08-31,31,147.89059963020395,165.69
2026-08-31,32,142.035461433514,164.69
2026-08-31,33,162.42245908324253,184.41
2026-08-31,34,149.22168546440798,174.58
2026-08-31,35,136.05419521567447,160.51
2026-08-31,36,118.91429150807684,130.0
2026-08-31,37,136.93231790035787,174.51
2026-08-31,38,117.92866636789547,136.66
2026-08-31,39,98.84687048929632,108.97
2026-08-31,40,58.439129209058905,85.99
2026-08-31,41,85.71310176606002,91.0
2026-08-31,42,67.01137525573766,47.39
2026-08-31,43,39.0696279754767,15.0
2026-08-31,44,27.971780824416854,0.01
2026-08-31,45,37.427426453476784,0.08
2026-08-31,46,26.48508047066053,0.0
2026-08-31,47,17.352327985418423,0.0
2026-08-31,48,11.544058425365575,0.0
2026-08-31,49,12.52991924842513,-0.01
2026-08-31,50,10.36119126407213,-0.04
2026-08-31,51,8.669036736193469,-0.08
2026-08-31,52,4.860127652893871,-0.1
2026-08-31,53,8.669257277997438,-0.76
2026-08-31,54,5.47518981755619,-1.0
2026-08-31,55,1.9746912589009624,-1.01
2026-08-31,56,1.2034401960616234,-1.01
2026-08-31,57,1.930880100482758,-1.09
2026-08-31,58,3.1782594508559727,-1.01
2026-08-31,59,4.121824225602438,-1.01
2026-08-31,60,5.0179358045843365,-1.0
2026-08-31,61,4.726145647383296,-0.18
2026-08-31,62,6.98871826072297,-0.1
2026-08-31,63,10.045667417401155,-0.04
2026-08-31,64,15.671183160466477,-0.01
2026-08-31,65,6.111574959024118,-0.02
2026-08-31,66,21.31474753023989,-0.01
2026-08-31,67,30.42029398202986,0.0
2026-08-31,68,42.33066142383319,4.03
2026-08-31,69,36.55327086507174,6.56
2026-08-31,70,72.06465717022783,60.42
2026-08-31,71,100.7120138141147,105.82
2026-08-31,72,125.98885788597865,119.28
2026-08-31,73,109.8528301469599,122.86
2026-08-31,74,131.4300361629114,142.02
2026-08-31,75,149.57197465289372,166.99
2026-08-31,76,167.26039388318983,199.84
2026-08-31,77,158.44337332727793,166.99
2026-08-31,78,164.26203740682777,177.6
2026-08-31,79,180.249452073014,180.34
2026-08-31,80,194.46059317927012,207.51
2026-08-31,81,181.5672698464278,177.57
2026-08-31,82,183.77148407391385,190.95
2026-08-31,83,184.16656001662795,197.6
2026-08-31,84,186.6395917690461,190.48
2026-08-31,85,189.67087309545067,207.61
2026-08-31,86,181.5770672848444,181.8
2026-08-31,87,174.2738485964927,175.94
2026-08-31,88,166.1741945949624,163.8
2026-08-31,89,176.94258501857,176.2
2026-08-31,90,166.72812584440027,170.0
2026-08-31,91,164.34807470338117,172.94
2026-08-31,92,154.63945101678362,167.06
2026-08-31,93,159.01370022906625,163.85
2026-08-31,94,152.2307349988931,156.54
2026-08-31,95,148.17887304128982,154.05
2026-08-31,96,141.75240673621215,146.69
2026-09-01,1,160.37774123722997,163.91
2026-09-01,2,153.35305405544264,157.62
2026-09-01,3,147.4215565682072,149.56
2026-09-01,4,141.81166182909104,147.26
2026-09-01,5,149.38040823384765,149.84
2026-09-01,6,144.6469530693539,146.05
2026-09-01,7,142.8273805748993,146.19
2026-09-01,8,138.72794179627627,144.35
2026-09-01,9,139.4134863151059,141.7
2026-09-01,10,138.8151028633177,145.1
2026-09-01,11,138.2166769639927,139.15
2026-09-01,12,136.76579499683842,139.53
2026-09-01,13,137.0674275881682,140.14
2026-09-01,14,137.49409992327094,142.21
2026-09-01,15,137.00884173952926,143.87
2026-09-01,16,137.50458295507033,142.99
2026-09-01,17,135.68719165896994,146.9
2026-09-01,18,137.63532250089253,144.61
2026-09-01,19,139.3303468038181,145.1
2026-09-01,20,142.56588717943208,146.99
2026-09-01,21,139.0872916049496,146.84
2026-09-01,22,144.00100923371852,150.59
2026-09-01,23,153.1259452381117,161.45
2026-09-01,24,164.39909989223713,167.83
2026-09-01,25,165.77543352255154,177.72
2026-09-01,26,180.1529822436005,188.86
2026-09-01,27,184.5239852170655,191.95
2026-09-01,28,187.8721831939716,195.3
2026-09-01,29,190.0379149102824,206.59
2026-09-01,30,191.781736363515,210.78
2026-09-01,31,185.2077634327068,206.63
2026-09-01,32,176.92976825270088,196.6
2026-09-01,33,193.7435562992732,215.93
2026-09-01,34,182.0571170799005,202.0
2026-09-01,35,171.94558691053777,187.5
2026-09-01,36,151.0398080252207,165.55
2026-09-01,37,182.5230585651739,185.44
2026-09-01,38,153.42266692730902,162.85
2026-09-01,39,131.55926210950363,135.55
2026-09-01,40,120.40389192702492,113.99
2026-09-01,41,134.46928628560755,134.9
2026-09-01,42,120.94281288155648,121.51
2026-09-01,43,106.50221472400384,116.87
2026-09-01,44,91.92155109778624,105.77
2026-09-01,45,101.11887047447,111.31
2026-09-01,46,84.49104953577681,96.33
2026-09-01,47,70.08538769180146,81.06
2026-09-01,48,46.41726410793344,71.29
2026-09-01,49,55.03951796794806,65.06
2026-09-01,50,43.24798896472496,52.58
2026-09-01,51,36.47413724719162,45.97
2026-09-01,52,28.720130801968327,40.0
2026-09-01,53,29.18310533946653,36.88
2026-09-01,54,24.868238164475628,31.73
2026-09-01,55,21.62087300036356,25.81
2026-09-01,56,17.672827124561234,22.07
2026-09-01,57,18.868716992047645,27.77
2026-09-01,58,23.101409307283177,34.71
2026-09-01,59,29.52055772858925,29.82
2026-09-01,60,35.932414954918855,40.09
2026-09-01,61,34.24369795810576,36.54
2026-09-01,62,45.01049784745222,40.78
2026-09-01,63,59.79562395450215,59.05
2026-09-01,64,77.50898368096891,68.37
2026-09-01,65,67.72141096122704,60.01
2026-09-01,66,94.47996674571148,83.65
2026-09-01,67,113.65490045576576,110.45
2026-09-01,68,133.95894369376597,122.16
2026-09-01,69,120.3411514155066,111.16
2026-09-01,70,145.02871914564457,126.97
2026-09-01,71,165.26859960325163,151.65
2026-09-01,72,183.8833954277337,170.25
2026-09-01,73,164.4323523585241,140.7
2026-09-01,74,185.7364930807657,173.85
2026-09-01,75,196.28346044015944,191.08
2026-09-01,76,214.8869839292533,203.4
2026-09-01,77,196.41001679165217,197.88
2026-09-01,78,222.1817611690452,204.88
2026-09-01,79,225.84804530798235,221.05
2026-09-01,80,246.40970644690512,233.13
2026-09-01,81,224.83064029487423,223.64
2026-09-01,82,225.22736628087503,231.81
2026-09-01,83,221.83279973272224,236.92
2026-09-01,84,219.43822099298,234.03
2026-09-01,85,224.80380942101152,228.5
2026-09-01,86,215.5980364082337,220.07
2026-09-01,87,209.550310955332,217.07
2026-09-01,88,198.4515323637592,206.0
2026-09-01,89,208.7770376619032,212.26
2026-09-01,90,199.0728339266769,199.62
2026-09-01,91,193.6296010331314,195.1
2026-09-01,92,188.04736471650017,190.9
2026-09-01,93,190.14271387386148,188.9
2026-09-01,94,182.07032041201285,179.81
2026-09-01,95,177.3280968542159,176.62
2026-09-01,96,169.49818277347703,172.04
2026-09-02,1,192.80695470457889,189.59
2026-09-02,2,180.30597297151724,177.14
2026-09-02,3,175.4644511085029,165.59
2026-09-02,4,166.00361671957685,150.54
2026-09-02,5,174.23945057743305,166.28
2026-09-02,6,168.60623708778348,163.47
2026-09-02,7,166.6522506172076,161.85
2026-09-02,8,161.82126236286192,157.08
2026-09-02,9,163.47545082351616,159.21
2026-09-02,10,161.82354350932437,151.86
2026-09-02,11,160.25879536119635,150.78
2026-09-02,12,158.05860805570617,150.25
2026-09-02,13,158.68178731880192,148.22
2026-09-02,14,157.87122136526287,149.2
2026-09-02,15,157.73749554073584,149.27
2026-09-02,16,156.7401505530434,147.73
2026-09-02,17,156.62402077837896,149.39
2026-09-02,18,156.04610980124582,149.4
2026-09-02,19,157.70244978592103,148.29
2026-09-02,20,163.57818111945,149.84
2026-09-02,21,159.54102073695407,153.93
2026-09-02,22,169.35357529928808,161.71
2026-09-02,23,178.8980292248594,166.45
2026-09-02,24,195.19843831011,180.18
2026-09-02,25,192.61265911978663,183.91
2026-09-02,26,211.40160378021343,192.12
2026-09-02,27,216.37594959033885,196.96
2026-09-02,28,210.54757280693383,204.95
2026-09-02,29,229.16446307088933,209.43
2026-09-02,30,214.5603099640777,208.63
2026-09-02,31,210.06919085886227,205.46
2026-09-02,32,204.54601228111056,201.03
2026-09-02,33,213.185167022936,216.25
2026-09-02,34,210.3567852531872,205.93
2026-09-02,35,196.068572616916,194.87
2026-09-02,36,178.25206493397866,174.99
2026-09-02,37,206.56159155952923,192.02
2026-09-02,38,185.5019022616673,176.87
2026-09-02,39,157.52264740900344,164.87
2026-09-02,40,148.99661867962735,142.62
2026-09-02,41,166.09375095914612,148.96
2026-09-02,42,149.62148397798762,138.36
2026-09-02,43,141.013295127189,134.9
2026-09-02,44,125.486273167661,122.28
2026-09-02,45,134.6211860270956,126.15
2026-09-02,46,123.65314420996197,118.1
2026-09-02,47,115.72422934007535,111.85
2026-09-02,48,110.1925025105299,104.11
2026-09-02,49,108.9946975456998,107.42
2026-09-02,50,99.259488258605,104.82
2026-09-02,51,96.35857508280962,102.3
2026-09-02,52,87.18705158841877,102.77
2026-09-02,53,92.20502885753214,97.46
2026-09-02,54,86.32038248354625,91.75
2026-09-02,55,85.21773382038049,90.85
2026-09-02,56,78.97335065226714,86.61
2026-09-02,57,89.79144153904376,97.59
2026-09-02,58,91.29664616213768,97.0
2026-09-02,59,95.74606480278996,98.61
2026-09-02,60,105.04945909554915,103.25
2026-09-02,61,105.5799444940479,101.81
2026-09-02,62,115.7145422790112,109.48
2026-09-02,63,131.89723502525703,115.71
2026-09-02,64,135.23591533218374,114.58
2026-09-02,65,125.16868914839677,116.27
2026-09-02,66,128.9051816883302,127.12
2026-09-02,67,145.02415039988188,139.95
2026-09-02,68,157.34711396513987,154.41
2026-09-02,69,144.11294575734937,142.03
2026-09-02,70,166.6143103254168,161.22
2026-09-02,71,183.9259130610636,179.59
2026-09-02,72,200.7288822627573,190.91
2026-09-02,73,180.5739700401029,175.3
2026-09-02,74,204.18006720877625,193.75
2026-09-02,75,209.5241667232259,202.58
2026-09-02,76,213.66771800788885,216.13
2026-09-02,77,219.7640316957015,220.7
2026-09-02,78,222.9200471973014,235.18
2026-09-02,79,243.90832596600063,248.22
2026-09-02,80,278.1837843441552,251.31
2026-09-02,81,249.49832780488904,251.02
2026-09-02,82,246.0090768073036,237.2
2026-09-02,83,234.2479691708729,240.61
2026-09-02,84,229.92128813750853,243.96
2026-09-02,85,234.7383890603338,232.27
2026-09-02,86,222.22870426194464,215.08
2026-09-02,87,211.9405307837921,210.74
2026-09-02,88,198.90153293257012,197.39
2026-09-02,89,207.5330725902436,200.09
2026-09-02,90,196.34582769842245,194.28
2026-09-02,91,190.57452481411525,198.39
2026-09-02,92,183.1569810875728,187.0
2026-09-02,93,186.78089808600976,177.97
2026-09-02,94,177.34332643797345,167.14
2026-09-02,95,173.3230727948552,163.31
2026-09-02,96,162.87928657900372,152.43
2026-09-03,1,181.43192125887416,201.22
2026-09-03,2,172.90909767582508,179.41
2026-09-03,3,164.2908742085662,170.26
2026-09-03,4,155.1360866410977,163.65
2026-09-03,5,162.4531413273963,180.35
2026-09-03,6,158.35819512305738,168.09
2026-09-03,7,156.3048194008535,169.83
2026-09-03,8,151.58485097861427,163.22
2026-09-03,9,156.23308359115143,171.82
2026-09-03,10,149.43064845538868,155.96
2026-09-03,11,147.25818927036735,148.68
2026-09-03,12,145.02575310040214,145.64
2026-09-03,13,145.9720219999803,146.54
2026-09-03,14,142.76138867086152,147.68
2026-09-03,15,140.86979922774194,146.55
2026-09-03,16,139.66157664377673,143.24
2026-09-03,17,139.7817427588512,146.48
2026-09-03,18,139.87936702094552,144.7
2026-09-03,19,139.06567519176747,143.28
2026-09-03,20,141.00883014606336,138.12
2026-09-03,21,141.64139702501652,145.41
2026-09-03,22,140.16942496507227,142.19
2026-09-03,23,145.45032672850976,145.74
2026-09-03,24,155.83071628200702,155.37
2026-09-03,25,158.44017714856545,160.33
2026-09-03,26,166.15953516883278,176.02
2026-09-03,27,171.2086605076674,181.05
2026-09-03,28,171.9235193713269,180.36
2026-09-03,29,176.88215154803444,194.95
2026-09-03,30,176.59044682154985,193.67
2026-09-03,31,172.30760469873422,187.37
2026-09-03,32,165.94791506662568,180.81
2026-09-03,33,186.6148389490652,206.0
2026-09-03,34,177.6157908474166,187.2
2026-09-03,35,166.11198150110255,176.99
2026-09-03,36,145.30412766770533,150.0
2026-09-03,37,169.7360937635499,185.21
2026-09-03,38,147.14668979840002,156.62
2026-09-03,39,126.2595150122008,135.0
2026-09-03,40,104.7855364086581,121.5
2026-09-03,41,121.58433643830378,132.3
2026-09-03,42,104.28507924321045,120.01
2026-09-03,43,91.91798237705692,115.29
2026-09-03,44,72.15421479710821,103.05
2026-09-03,45,85.26721912692751,110.02
2026-09-03,46,72.3123525435384,99.72
2026-09-03,47,53.538424577980464,72.44
2026-09-03,48,39.26383044567282,60.42
2026-09-03,49,46.428457611045886,81.72
2026-09-03,50,37.893334083202106,50.67
2026-09-03,51,28.2230827612996,38.99
2026-09-03,52,17.345518009355793,29.71
2026-09-03,53,20.85546495952373,33.98
2026-09-03,54,14.40993737995447,28.98
2026-09-03,55,11.393037496136754,22.59
2026-09-03,56,6.104721461028944,14.45
2026-09-03,57,6.591634747774514,25.45
2026-09-03,58,9.268971118232908,16.82
2026-09-03,59,12.102891086362702,20.8
2026-09-03,60,17.258215138721127,20.49
2026-09-03,61,14.907966516793673,20.82
2026-09-03,62,17.549243193742278,22.38
2026-09-03,63,23.538070853642232,29.35
2026-09-03,64,32.77354524073224,24.93
2026-09-03,65,33.36154789206537,40.03
2026-09-03,66,52.28937953314796,46.66
2026-09-03,67,64.22404241671191,71.87
2026-09-03,68,74.8032677227404,86.99
2026-09-03,69,70.14288312119776,78.72
2026-09-03,70,101.25752395075745,106.62
2026-09-03,71,125.38908243508348,135.3
2026-09-03,72,142.73108221968508,148.36
2026-09-03,73,129.1492481111345,134.9
2026-09-03,74,146.16723235859857,153.65
2026-09-03,75,173.1439575648115,164.29
2026-09-03,76,176.88125729008965,167.75
2026-09-03,77,175.88648772217852,170.59
2026-09-03,78,192.30988637575467,179.1
2026-09-03,79,186.48589281371667,185.85
2026-09-03,80,204.90479968942265,188.77
2026-09-03,81,185.49803899034868,186.5
2026-09-03,82,185.93520417197524,205.99
2026-09-03,83,188.7876497418668,217.56
2026-09-03,84,187.19561462325345,207.54
2026-09-03,85,189.3792304256916,213.57
2026-09-03,86,181.33865480940565,194.13
2026-09-03,87,177.30739124841358,187.28
2026-09-03,88,166.80440662965242,175.23
2026-09-03,89,176.0530270455312,184.77
2026-09-03,90,167.16330716525707,167.81
2026-09-03,91,164.80149743200337,173.84
2026-09-03,92,158.23640313184958,173.12
2026-09-03,93,159.6968573689582,164.64
2026-09-03,94,152.66147323201184,161.32
2026-09-03,95,148.16648302406642,170.71
2026-09-03,96,139.98996327080596,152.16
2026-09-04,1,142.91085172879136,147.64
2026-09-04,2,140.66602503426572,138.83
2026-09-04,3,137.15617490099152,131.96
2026-09-04,4,130.7039913219127,124.53
2026-09-04,5,136.0742566651346,132.68
2026-09-04,6,132.53711657007474,125.01
2026-09-04,7,131.15975022854423,123.28
2026-09-04,8,127.12165962661152,118.36
2026-09-04,9,131.83667247154256,119.56
2026-09-04,10,125.5947477358826,117.12
2026-09-04,11,124.19237667842606,118.05
2026-09-04,12,121.87187528630838,115.78
2026-09-04,13,124.80055303789408,118.86
2026-09-04,14,123.89240029552214,118.51
2026-09-04,15,121.70655090819425,116.34
2026-09-04,16,119.49332855496915,118.18
2026-09-04,17,121.2943554287571,115.09
2026-09-04,18,120.89019747895496,115.4
2026-09-04,19,119.80296269261184,115.57
2026-09-04,20,118.78570990731488,116.03
2026-09-04,21,120.76556984835804,119.95
2026-09-04,22,120.76138719452337,122.88
2026-09-04,23,124.04776745379624,121.01
2026-09-04,24,137.3092002336685,128.89
2026-09-04,25,137.0326375340098,137.42
2026-09-04,26,151.51192385221592,156.0
2026-09-04,27,156.94825582520144,158.85
2026-09-04,28,156.67312055345184,158.05
2026-09-04,29,163.91233889952508,173.2
2026-09-04,30,164.31311940259607,166.48
2026-09-04,31,158.93473530438052,165.15
2026-09-04,32,151.11158853794137,160.43
2026-09-04,33,171.7173058395,166.07
2026-09-04,34,153.9993129911968,163.93
2026-09-04,35,145.54556481694254,156.48
2026-09-04,36,124.6995745471758,147.0
2026-09-04,37,146.4837479835951,147.7
2026-09-04,38,123.73483008946548,131.6
2026-09-04,39,103.7540230534361,98.6
2026-09-04,40,71.78443688098079,39.04
2026-09-04,41,94.40741841972466,102.11
2026-09-04,42,62.64001706168645,82.64
2026-09-04,43,50.32051762362474,40.71
2026-09-04,44,31.92692509447926,5.92
2026-09-04,45,37.288877206622985,34.99
2026-09-04,46,30.14595002465755,8.77
2026-09-04,47,13.92511922328294,0.04
2026-09-04,48,1.5633537779791131,0.0
2026-09-04,49,12.487878341458323,0.0
2026-09-04,50,5.379766211946354,0.0
2026-09-04,51,4.109651221197892,0.0
2026-09-04,52,1.600420344171401,-0.01
2026-09-04,53,1.3390221552074149,-0.02
2026-09-04,54,0.2271585103856148,-0.04
2026-09-04,55,-0.851016347079564,-0.07
2026-09-04,56,-2.060682708501351,-0.09
2026-09-04,57,-0.8270333727901111,-0.13
2026-09-04,58,-1.2222957329670558,-0.14
2026-09-04,59,-1.4579345817335465,-0.15
2026-09-04,60,-4.580583095065764,-0.14
2026-09-04,61,-1.724682290367717,-0.15
2026-09-04,62,-11.464921721741067,-0.12
2026-09-04,63,-13.9068146713536,-0.07
2026-09-04,64,-18.23111571409597,-0.07
2026-09-04,65,-20.18500959805361,-0.05
2026-09-04,66,-10.515448263213829,-0.01
2026-09-04,67,-22.33520952850833,0.0
2026-09-04,68,-3.924266301140591,0.0
2026-09-04,69,-20.11510220086329,0.0
2026-09-04,70,43.73426732817703,4.51
2026-09-04,71,66.2437791495351,50.0
2026-09-04,72,92.01587063962464,93.14
2026-09-04,73,82.02008171875534,73.16
2026-09-04,74,98.69785934142764,106.16
2026-09-04,75,118.4565276027087,124.28
2026-09-04,76,148.41972221419385,127.82
2026-09-04,77,130.91934071302094,131.86
2026-09-04,78,147.557028038211,134.37
2026-09-04,79,150.2902208501612,135.27
2026-09-04,80,165.84132695976075,138.89
2026-09-04,81,155.7965072804936,136.29
2026-09-04,82,163.20113281565972,135.83
2026-09-04,83,160.8694580305377,136.32
2026-09-04,84,148.8243840621631,136.39
2026-09-04,85,159.77731452626702,136.04
2026-09-04,86,145.9045312929892,130.85
2026-09-04,87,142.39549411648946,126.25
2026-09-04,88,134.8542002890677,120.51
2026-09-04,89,135.98831690817397,122.86
2026-09-04,90,135.8472570635389,119.12
2026-09-04,91,136.3935146905788,112.15
2026-09-04,92,128.13466790969898,102.64
2026-09-04,93,125.65399580192388,102.65
2026-09-04,94,124.36252307622722,94.78
2026-09-04,95,125.81614481489932,89.03
2026-09-04,96,115.21411945158606,78.95
2026-09-05,1,92.46795322199992,65.01
2026-09-05,2,97.99632759300012,65.12
2026-09-05,3,101.75146166563412,60.01
2026-09-05,4,101.02365919552436,56.4
2026-09-05,5,99.38889232223354,60.42
2026-09-05,6,93.09797208411568,60.0
2026-09-05,7,90.99392163825772,60.49
2026-09-05,8,91.44910694770316,60.03
2026-09-05,9,91.52255974265228,61.14
2026-09-05,10,87.92357783018198,60.06
2026-09-05,11,87.11539923296624,59.0
2026-09-05,12,84.86936905359262,60.09
2026-09-05,13,87.04199865955714,56.78
2026-09-05,14,95.40224069613484,56.16
2026-09-05,15,87.92449802616139,53.76
2026-09-05,16,84.06922422656237,55.33
2026-09-05,17,92.24320257290276,51.45
2026-09-05,18,90.3188115296568,52.42
2026-09-05,19,83.60106750467538,51.31
2026-09-05,20,75.66051790134794,50.01
2026-09-05,21,86.51463088242924,52.69
2026-09-05,22,85.54950816521281,52.39
2026-09-05,23,81.12207920372252,54.89
2026-09-05,24,68.98318660389857,56.19
2026-09-05,25,65.72511438539526,60.06
2026-09-05,26,76.95828176675126,57.4
2026-09-05,27,78.02667814984652,55.01
2026-09-05,28,80.16337522776023,54.82
2026-09-05,29,85.21598057668693,65.76
2026-09-05,30,85.43384367197848,66.73
2026-09-05,31,85.56569064413281,60.05
2026-09-05,32,78.17657342334702,52.51
2026-09-05,33,75.23159946303147,61.77
2026-09-05,34,65.00739822825228,50.01
2026-09-05,35,41.57309927959116,30.0
2026-09-05,36,23.844184279035872,7.76
2026-09-05,37,-0.9425910037925008,4.16
2026-09-05,38,-1.416421537162023,0.0
2026-09-05,39,-23.321140953811707,-0.01
2026-09-05,40,-39.59370380900731,-0.11
2026-09-05,41,-21.05927072383207,-0.04
2026-09-05,42,-22.85650157200412,-0.13
2026-09-05,43,-27.49907927110958,-1.0
2026-09-05,44,-35.56036820723378,-2.02
2026-09-05,45,-31.11498246917993,-3.02
2026-09-05,46,-30.491160958435067,-4.92
2026-09-05,47,-27.216996153005653,-4.99
2026-09-05,48,-19.723556599221872,-6.81
2026-09-05,49,-20.44076378384175,-6.74
2026-09-05,50,-19.94763226557979,-7.99
2026-09-05,51,-14.045564843054224,-8.94
2026-09-05,52,-10.856804600396377,-12.18
2026-09-05,53,-13.506351855061698,-15.0
2026-09-05,54,-11.72912757770516,-16.61
2026-09-05,55,-9.874275449675896,-19.0
2026-09-05,56,-8.508131772606905,-19.0
2026-09-05,57,-8.41292098936015,-19.0
2026-09-05,58,-10.42038117280662,-19.0
2026-09-05,59,-11.430417834381004,-19.0
2026-09-05,60,-13.61078303039294,-18.98
2026-09-05,61,-11.91875780858422,-15.0
2026-09-05,62,-15.5886288155189,-10.0
2026-09-05,63,-20.774881999432303,-8.0
2026-09-05,64,-17.062129843677198,-7.0
2026-09-05,65,-22.54067553387141,-5.66
2026-09-05,66,-31.43275587082718,-4.74
2026-09-05,67,-52.87892569259125,-2.02
2026-09-05,68,-47.17886156375543,-1.0
2026-09-05,69,-49.09991289785452,-0.13
2026-09-05,70,-41.38320041088839,-0.01
2026-09-05,71,-5.117013647877087,0.0
2026-09-05,72,34.720025149906604,0.01
2026-09-05,73,27.54815454709282,0.06
2026-09-05,74,41.9079517413268,33.44
2026-09-05,75,76.1789052333548,46.19
2026-09-05,76,123.45170578557222,76.83
2026-09-05,77,91.67818665891978,87.2
2026-09-05,78,113.6027918408908,103.34
2026-09-05,79,129.59637308104507,105.51
2026-09-05,80,141.94152787218096,114.91
2026-09-05,81,136.63111484786492,115.25
2026-09-05,82,139.40653290982212,115.66
2026-09-05,83,140.06802248272697,118.15
2026-09-05,84,140.2165388829741,114.91
2026-09-05,85,146.2760233721857,115.31
2026-09-05,86,139.000520031696,111.71
2026-09-05,87,136.48287831795835,107.78
2026-09-05,88,132.12532437340352,104.81
2026-09-05,89,136.9379765252321,110.79
2026-09-05,90,135.306520015565,109.21
2026-09-05,91,135.93058107385076,106.69
2026-09-05,92,125.5937195005611,104.72
2026-09-05,93,130.00055733712466,101.63
2026-09-05,94,119.83671701031037,99.61
2026-09-05,95,117.28559795089618,102.84
2026-09-05,96,114.3902939466011,99.75
2026-09-06,1,126.08739576666642,137.91
2026-09-06,2,124.7315885141087,134.93
2026-09-06,3,124.1818791215004,128.97
2026-09-06,4,121.2930252793066,111.09
2026-09-06,5,125.30367384022442,129.99
2026-09-06,6,121.07417662317243,121.01
2026-09-06,7,118.38587939396793,124.7
2026-09-06,8,116.50154754490822,129.67
2026-09-06,9,113.6885609187815,136.79
2026-09-06,10,116.65154952635366,137.11
2026-09-06,11,116.29073764881176,135.83
2026-09-06,12,114.29246013782604,132.01
2026-09-06,13,114.84347185488132,136.89
2026-09-06,14,116.76186843008549,135.24
2026-09-06,15,115.17313277346096,134.78
2026-09-06,16,113.65528543831442,134.99
2026-09-06,17,115.58234144329364,138.84
2026-09-06,18,114.48332868982368,140.0
2026-09-06,19,115.48864587133248,142.26
2026-09-06,20,121.02373446014067,145.0
2026-09-06,21,115.58516506460136,140.0
2026-09-06,22,121.7948806846274,140.97
2026-09-06,23,130.28129749775303,145.39
2026-09-06,24,136.5408215492668,143.77
2026-09-06,25,137.23089042681204,142.19
2026-09-06,26,136.1175366132862,144.27
2026-09-06,27,137.40452276697243,144.73
2026-09-06,28,134.90500746071933,141.77
2026-09-06,29,145.03919598340698,144.18
2026-09-06,30,138.59622925751103,138.41
2026-09-06,31,126.37019708907384,129.9
2026-09-06,32,109.31312821591824,119.91
2026-09-06,33,126.8012405120741,137.76
2026-09-06,34,109.2156448093142,123.48
2026-09-06,35,89.56745895805406,97.95
2026-09-06,36,65.74461035666998,79.12
2026-09-06,37,96.96683475301866,77.82
2026-09-06,38,57.272785555879466,53.4
2026-09-06,39,43.13629471952928,10.29
2026-09-06,40,33.70440308652459,5.74
2026-09-06,41,28.5727095706522,1.74
2026-09-06,42,17.24467552008217,0.28
2026-09-06,43,6.717822001858934,0.01
2026-09-06,44,-0.2794527743996724,0.0
2026-09-06,45,1.0057009746051904,0.0
2026-09-06,46,-4.617078289238911,0.0
2026-09-06,47,-2.145276023865989,-0.01
2026-09-06,48,-3.757402541637429,-0.13
2026-09-06,49,-6.031700469893298,-0.49
2026-09-06,50,-5.329405155354472,-1.19
2026-09-06,51,-5.829997444708425,-1.3
2026-09-06,52,-5.807939419504888,-1.48
2026-09-06,53,-6.093117528230534,-1.63
2026-09-06,54,-6.226656291915069,-1.81
2026-09-06,55,-6.408650108102423,-1.74
2026-09-06,56,-2.0365352348734223,-1.35
2026-09-06,57,-5.002472376486118,-1.46
2026-09-06,58,-1.548031440198924,-1.0
2026-09-06,59,-3.619392151901312,-0.1
2026-09-06,60,-3.3534137612715185,-0.06
2026-09-06,61,-3.5382782952539475,-0.02
2026-09-06,62,0.3650029316758392,-0.01
2026-09-06,63,4.189304774674653,0.0
2026-09-06,64,2.3934049828073256,0.01
2026-09-06,65,11.19372309667298,0.01
2026-09-06,66,30.70111398679189,1.94
2026-09-06,67,55.72997438386351,20.0
2026-09-06,68,78.36148256568868,57.83
2026-09-06,69,63.98837285153833,57.23
2026-09-06,70,112.77298097722658,92.4
2026-09-06,71,153.25361461960276,150.74
2026-09-06,72,188.59910412796268,192.31
2026-09-06,73,169.54819212717968,154.52
2026-09-06,74,201.6493377963544,181.83
2026-09-06,75,232.21804858896567,205.87
2026-09-06,76,242.59389584697684,234.2
2026-09-06,77,236.46350969057207,199.96
2026-09-06,78,245.32503962538613,221.99
2026-09-06,79,241.7689906479209,225.53
2026-09-06,80,271.6240195130953,240.47
2026-09-06,81,245.82651701419644,224.99
2026-09-06,82,231.7408634311112,228.57
2026-09-06,83,227.6282701967216,235.06
2026-09-06,84,227.4045783747359,222.0
2026-09-06,85,232.41797368811652,230.95
2026-09-06,86,219.42386979220024,207.44
2026-09-06,87,206.0391821292463,200.0
2026-09-06,88,195.35271361381132,186.23
2026-09-06,89,203.8724488773621,203.97
2026-09-06,90,193.48244394533032,191.26
2026-09-06,91,191.76087493529067,185.8
2026-09-06,92,185.10803525710816,176.51
2026-09-06,93,184.5764871247052,182.34
2026-09-06,94,171.6212182621514,171.84
2026-09-06,95,171.82628549523295,170.43
2026-09-06,96,162.7998707984309,153.72
2026-09-07,1,174.22001784888658,169.99
2026-09-07,2,164.46571893141436,156.71
2026-09-07,3,157.2884724919343,149.59
2026-09-07,4,149.83620177357696,145.72
2026-09-07,5,157.60971613754305,157.22
2026-09-07,6,152.8892085314213,150.11
2026-09-07,7,151.11361088547258,149.43
2026-09-07,8,146.3327270089525,146.67
2026-09-07,9,149.08824151769167,149.07
2026-09-07,10,145.7290404089054,149.01
2026-09-07,11,144.10872557754527,148.34
2026-09-07,12,142.7167205624601,146.85
2026-09-07,13,144.20868708034573,150.43
2026-09-07,14,143.88319730100892,147.39
2026-09-07,15,143.7060613939088,147.36
2026-09-07,16,142.86783391127778,147.67
2026-09-07,17,142.56158127342536,147.59
2026-09-07,18,142.59767202495968,149.44
2026-09-07,19,145.20769608234744,150.73
2026-09-07,20,148.521679274433,159.61
2026-09-07,21,145.38962014663494,154.8
2026-09-07,22,151.91946908840916,165.06
2026-09-07,23,159.62639798218953,178.47
2026-09-07,24,171.5059031303532,193.15
2026-09-07,25,174.9876207829205,194.31
2026-09-07,26,191.0851745403797,205.99
2026-09-07,27,197.9910458582108,211.67
2026-09-07,28,200.3898615863997,217.93
2026-09-07,29,203.4129668995745,220.52
2026-09-07,30,202.2849527388316,224.05
2026-09-07,31,199.4682880637572,222.12
2026-09-07,32,193.22524452358792,214.76
2026-09-07,33,211.7861617772234,230.04
2026-09-07,34,202.84088978117623,219.95
2026-09-07,35,192.63902473489995,206.24
2026-09-07,36,175.61203907583803,193.0
2026-09-07,37,198.46844963613887,208.65
2026-09-07,38,177.49053363340596,198.7
2026-09-07,39,156.5262072744855,164.63
2026-09-07,40,139.8050033781384,149.2
2026-09-07,41,160.4874494317442,161.55
2026-09-07,42,140.8882801684772,152.78
2026-09-07,43,130.4053340966358,141.4
2026-09-07,44,112.90172753438284,124.35
2026-09-07,45,125.91073678171873,144.03
2026-09-07,46,112.13037280031295,125.66
2026-09-07,47,98.24076698510972,109.08
2026-09-07,48,84.81567475961899,101.34
2026-09-07,49,90.25216760214296,107.13
2026-09-07,50,77.77388602513675,93.86
2026-09-07,51,72.37156200031599,67.51
2026-09-07,52,64.10647248126811,50.01
2026-09-07,53,70.1014513120005,60.42
2026-09-07,54,63.23711159271593,44.21
2026-09-07,55,56.4989342883275,37.27
2026-09-07,56,58.64463251994583,24.63
2026-09-07,57,60.10939750293977,30.59
2026-09-07,58,58.39990628656329,30.73
2026-09-07,59,60.54735822352028,30.75
2026-09-07,60,65.39209690827856,34.44
2026-09-07,61,62.86647725808566,38.93
2026-09-07,62,67.44065251490403,54.02
2026-09-07,63,83.81052027607285,75.15
2026-09-07,64,89.49814983980978,84.5
2026-09-07,65,81.50199968828164,58.54
2026-09-07,66,104.75078558334648,91.77
2026-09-07,67,119.82355046378768,126.18
2026-09-07,68,132.23339960562132,155.9
2026-09-07,69,120.480775438279,115.17
2026-09-07,70,142.4159257431512,148.22
2026-09-07,71,164.360214220595,171.0
2026-09-07,72,179.11761385357005,211.79
2026-09-07,73,162.97139935364265,174.05
2026-09-07,74,177.39418499114663,192.26
2026-09-07,75,192.7725591039778,206.0
2026-09-07,76,202.93626844333977,252.97
2026-09-07,77,190.81776416781528,221.99
2026-09-07,78,202.3459086422185,236.38
2026-09-07,79,213.6650339294352,253.66
2026-09-07,80,227.9648261804529,248.16
2026-09-07,81,215.1347285565468,229.04
2026-09-07,82,214.4013752599999,235.0
2026-09-07,83,212.27056701710347,240.58
2026-09-07,84,207.45076633828657,227.45
2026-09-07,85,210.6449112609537,234.07
2026-09-07,86,197.79317784538785,207.99
2026-09-07,87,192.21264838783324,198.52
2026-09-07,88,181.6697261934747,180.07
2026-09-07,89,189.6543580706423,194.52
2026-09-07,90,181.22674844299456,188.36
2026-09-07,91,181.43059615934047,185.58
2026-09-07,92,174.3120873170288,180.0
2026-09-07,93,172.49336319360827,179.98
2026-09-07,94,161.7216147053425,171.79
2026-09-07,95,163.73168831847656,169.45
2026-09-07,96,149.38985256177205,161.59
2026-09-08,1,178.82493267182386,205.99
2026-09-08,2,170.2857052997739,176.28
2026-09-08,3,163.34667803452467,167.94
2026-09-08,4,156.29431515447246,164.51
2026-09-08,5,164.8854123720402,175.18
2026-09-08,6,159.1380331070705,168.04
2026-09-08,7,157.97906561152627,166.24
2026-09-08,8,153.08763293983372,160.31
2026-09-08,9,155.91950271803358,157.19
2026-09-08,10,152.04888909276642,154.88
2026-09-08,11,150.59880073570648,155.48
2026-09-08,12,149.5573632599885,155.34
2026-09-08,13,150.29878445821132,151.3
2026-09-08,14,149.91173559419394,153.05
2026-09-08,15,148.94297018129438,152.59
2026-09-08,16,148.3376929390058,152.77
2026-09-08,17,147.7522126558848,151.47
2026-09-08,18,148.32252450676305,152.27
2026-09-08,19,151.92885205693744,153.16
2026-09-08,20,155.571630038033,151.0
2026-09-08,21,151.656567158742,154.02
2026-09-08,22,158.07229332679037,158.86
2026-09-08,23,166.88779401787474,168.81
2026-09-08,24,179.19591007799795,187.82
2026-09-08,25,179.77098587038498,186.85
2026-09-08,26,193.5263076700124,202.8
2026-09-08,27,203.2047806762761,210.0
2026-09-08,28,203.1189518386154,212.51
2026-09-08,29,206.09804573598737,244.43
2026-09-08,30,204.94121234514185,228.33
2026-09-08,31,199.3881263690112,216.47
2026-09-08,32,189.50880757443545,212.47
2026-09-08,33,216.09273785762468,230.01
2026-09-08,34,201.6857169683772,215.61
2026-09-08,35,190.59964307948624,199.98
2026-09-08,36,170.16445565227374,157.34
2026-09-08,37,193.52521893189245,199.88
2026-09-08,38,170.3405493115648,167.36
2026-09-08,39,145.2497862879921,138.54
2026-09-08,40,121.3738139651972,105.14
2026-09-08,41,147.76193476601046,149.48
2026-09-08,42,128.91395724992208,129.98
2026-09-08,43,116.61803495040112,99.48
2026-09-08,44,106.5027884813458,50.0
2026-09-08,45,119.1901217437062,95.44
2026-09-08,46,97.46454677894256,67.56
2026-09-08,47,80.82771279752887,44.59
2026-09-08,48,51.59836751585459,21.36
2026-09-08,49,58.29338892577394,30.0
2026-09-08,50,44.1300913645936,23.19
2026-09-08,51,34.23224143582989,10.06
2026-09-08,52,23.703369327560825,3.95
2026-09-08,53,26.182344341803912,7.82
2026-09-08,54,21.916550926580804,0.09
2026-09-08,55,17.283062339675816,0.02
2026-09-08,56,10.761623585508293,0.01
2026-09-08,57,13.289847312295802,0.01
2026-09-08,58,16.97428238787709,0.01
2026-09-08,59,16.468218421295003,0.03
2026-09-08,60,22.68794012819336,6.53
2026-09-08,61,20.407260904222944,14.97
2026-09-08,62,27.973418813191188,32.28
2026-09-08,63,43.25115631655453,66.02
2026-09-08,64,59.85704795159705,81.26
2026-09-08,65,39.7689912616918,15.43
2026-09-08,66,69.43755549107563,50.0
2026-09-08,67,109.80588274369622,109.27
2026-09-08,68,127.5143780912907,139.8
2026-09-08,69,113.30191523774664,110.2
2026-09-08,70,142.6449063862272,144.49
2026-09-08,71,174.00406981983724,171.67
2026-09-08,72,195.76088245113883,210.11
2026-09-08,73,174.98314009699826,157.42
2026-09-08,74,195.6009582803755,199.94
2026-09-08,75,210.4997824188186,209.0
2026-09-08,76,238.34801733352347,235.96
2026-09-08,77,218.49593666581143,213.0
2026-09-08,78,228.25661457176915,229.32
2026-09-08,79,253.3055387032105,254.26
2026-09-08,80,286.42100554668093,266.45
2026-09-08,81,259.4559802146171,271.63
2026-09-08,82,248.0874547148884,266.83
2026-09-08,83,233.1082667244914,255.57
2026-09-08,84,220.23303700356624,235.31
2026-09-08,85,232.731090732891,245.31
2026-09-08,86,218.19344976915605,221.84
2026-09-08,87,207.34640575859484,211.61
2026-09-08,88,191.267317855438,197.0
2026-09-08,89,202.42143319942147,206.91
2026-09-08,90,190.5777222641728,197.09
2026-09-08,91,190.44471507900508,194.25
2026-09-08,92,181.25903993553112,185.77
2026-09-08,93,181.2317955803863,191.0
2026-09-08,94,173.7798611162951,180.44
2026-09-08,95,171.67911526561988,177.02
2026-09-08,96,159.81397657265487,161.33
2026-09-09,1,159.55009760320075,150.34
2026-09-09,2,151.7945573247021,151.09
2026-09-09,3,148.0825302987259,150.92
2026-09-09,4,140.98872647774036,147.48
2026-09-09,5,148.1231356745944,152.62
2026-09-09,6,143.18432928774646,146.63
2026-09-09,7,140.9342877278006,143.25
2026-09-09,8,137.71669503945662,140.79
2026-09-09,9,140.30022492095472,146.76
2026-09-09,10,138.6954993184181,145.21
2026-09-09,11,134.65773911192966,142.41
2026-09-09,12,134.03349563607838,138.97
2026-09-09,13,135.02253893291353,144.03
2026-09-09,14,132.83594938705835,138.76
2026-09-09,15,134.48852200468082,138.11
2026-09-09,16,134.3838577601088,137.01
2026-09-09,17,133.86108143548697,138.46
2026-09-09,18,134.68699307839748,137.92
2026-09-09,19,135.030376726662,137.41
2026-09-09,20,139.06341648418518,137.65
2026-09-09,21,138.34554790158458,136.91
2026-09-09,22,140.84487345054282,138.57
2026-09-09,23,148.03729581970163,144.07
2026-09-09,24,163.1238465095005,149.94
2026-09-09,25,164.9793094225161,154.12
2026-09-09,26,181.33433762135232,174.92
2026-09-09,27,189.7483190021552,178.94
2026-09-09,28,193.5353335036948,188.04
2026-09-09,29,197.8173758278735,201.75
2026-09-09,30,201.7003404103652,200.21
2026-09-09,31,198.06289865115767,199.92
2026-09-09,32,192.66607631672883,197.18
2026-09-09,33,205.7136550933242,220.07
2026-09-09,34,195.3670178820948,202.0
2026-09-09,35,186.4036547422922,196.01
2026-09-09,36,167.97311542491423,173.85
2026-09-09,37,184.4992288575674,195.0
2026-09-09,38,167.551444601483,163.76
2026-09-09,39,145.7449866847315,148.21
2026-09-09,40,132.0468012366659,135.06
2026-09-09,41,153.68524460652426,137.55
2026-09-09,42,138.45456215837842,132.12
2026-09-09,43,129.0870273400361,123.27
2026-09-09,44,114.02465223109354,100.61
2026-09-09,45,124.5949961709626,123.16
2026-09-09,46,104.77130300081286,108.99
2026-09-09,47,97.64850102054297,92.16
2026-09-09,48,91.0662333716018,79.98
2026-09-09,49,88.52755061655296,108.56
2026-09-09,50,74.32423958640281,87.89
2026-09-09,51,70.95204653345992,83.47
2026-09-09,52,64.88436755111414,72.24
2026-09-09,53,67.22775773833709,79.59
2026-09-09,54,58.0644364611447,70.35
2026-09-09,55,51.86434803686111,62.04
2026-09-09,56,45.91753655203933,56.34
2026-09-09,57,52.27555287345936,60.85
2026-09-09,58,51.927481782110426,62.65
2026-09-09,59,53.71644659491803,60.45
2026-09-09,60,55.47336809225778,62.33
2026-09-09,61,58.57298468913831,60.42
2026-09-09,62,61.26108195180985,69.59
2026-09-09,63,78.42286779260769,78.26
2026-09-09,64,73.21331760727418,83.48
2026-09-09,65,64.22791318655082,64.69
2026-09-09,66,86.62017516442862,82.99
2026-09-09,67,122.88228231714882,111.51
2026-09-09,68,140.14342211236894,123.21
2026-09-09,69,123.2423681395206,106.31
2026-09-09,70,145.5765879352502,129.12
2026-09-09,71,169.10780773052323,140.54
2026-09-09,72,187.700822664857,152.26
2026-09-09,73,166.47538473971113,138.21
2026-09-09,74,187.8898103950997,167.25
2026-09-09,75,199.10803029470176,187.65
2026-09-09,76,203.2954155100761,201.63
2026-09-09,77,198.1141799983874,197.52
2026-09-09,78,198.9764040423194,202.25
2026-09-09,79,207.42278177283657,202.08
2026-09-09,80,216.0296331814085,206.29
2026-09-09,81,206.7264309446955,202.57
2026-09-09,82,208.2079120859569,200.8
2026-09-09,83,210.02464512733656,202.26
2026-09-09,84,208.32749265829025,203.8
2026-09-09,85,209.3968644984112,204.92
2026-09-09,86,194.36788674433308,198.0
2026-09-09,87,185.8795781962424,195.76
2026-09-09,88,184.23534938512947,187.37
2026-09-09,89,191.72654391870927,190.05
2026-09-09,90,184.34089399481653,175.81
2026-09-09,91,182.9236689063744,171.66
2026-09-09,92,177.51785607436278,162.42
2026-09-09,93,178.1505053942955,168.0
2026-09-09,94,169.51908652683164,155.4
2026-09-09,95,169.08463975266443,148.76
2026-09-09,96,158.9400099437951,140.85
2026-09-10,1,182.00141851698388,172.77
2026-09-10,2,173.75796218251716,160.0
2026-09-10,3,171.03204054025963,154.33
2026-09-10,4,164.04631707843717,153.62
2026-09-10,5,172.4464782385058,154.46
2026-09-10,6,166.33103955011555,159.26
2026-09-10,7,164.0790616453785,158.09
2026-09-10,8,160.9309890334205,157.58
2026-09-10,9,162.01374443229852,157.27
2026-09-10,10,159.25766795532007,156.21
2026-09-10,11,156.72344363013872,162.08
2026-09-10,12,155.27769689529285,162.37
2026-09-10,13,156.60249483176787,162.09
2026-09-10,14,155.97968759436813,163.29
2026-09-10,15,153.50712627936707,160.84
2026-09-10,16,151.7367000979786,163.3
2026-09-10,17,151.7821998510408,163.29
2026-09-10,18,152.3195363203763,165.99
2026-09-10,19,156.35714924762442,171.36
2026-09-10,20,171.21809219752103,177.96
2026-09-10,21,158.84675847004726,170.24
2026-09-10,22,178.92497385473044,177.14
2026-09-10,23,193.95600507231376,187.35
2026-09-10,24,212.08665981302823,200.93
2026-09-10,25,230.37792669499527,192.14
2026-09-10,26,239.5553063973172,206.18
2026-09-10,27,251.5540832653849,218.27
2026-09-10,28,255.8004045900732,226.77
2026-09-10,29,247.0946120623775,226.79
2026-09-10,30,240.2866235090264,234.0
2026-09-10,31,237.42740443536977,236.99
2026-09-10,32,219.3836153182757,229.94
2026-09-10,33,238.0020873930268,248.93
2026-09-10,34,223.15175089073745,227.5
2026-09-10,35,212.801213077732,216.08
2026-09-10,36,188.80409328796617,195.67
2026-09-10,37,208.87761841163532,215.99
2026-09-10,38,188.34948340059967,195.01
2026-09-10,39,163.17039059801203,173.82
2026-09-10,40,142.65315225512822,155.09
2026-09-10,41,171.2332293847241,174.91
2026-09-10,42,155.0617836572821,151.1
2026-09-10,43,142.28497604627353,137.25
2026-09-10,44,117.67922687039716,122.2
2026-09-10,45,143.85726897954356,131.54
2026-09-10,46,125.01373812711284,117.81
2026-09-10,47,117.59899790448218,99.16
2026-09-10,48,96.14586216337416,73.77
2026-09-10,49,102.66780728225504,90.0
2026-09-10,50,88.38356162553265,75.98
2026-09-10,51,83.2839994694074,74.57
2026-09-10,52,88.2997431632242,66.02
2026-09-10,53,89.20206171851578,69.38
2026-09-10,54,89.49088797509455,62.38
2026-09-10,55,85.48776739639847,63.46
2026-09-10,56,38.22498117609672,69.34
2026-09-10,57,123.36296550828366,77.66
2026-09-10,58,117.76922391430062,89.36
2026-09-10,59,107.78793370906858,96.26
2026-09-10,60,114.13399268544384,103.76
2026-09-10,61,116.71790956750156,101.36
2026-09-10,62,153.69976811297772,112.92
2026-09-10,63,185.98159230976407,123.88
2026-09-10,64,184.0126848168917,132.54
2026-09-10,65,136.92106583849218,111.19
2026-09-10,66,144.76950075440232,143.2
2026-09-10,67,164.90148813667395,162.02
2026-09-10,68,183.8798804612171,181.78
2026-09-10,69,165.276747897404,154.76
2026-09-10,70,197.157492589792,184.41
2026-09-10,71,228.57328039657267,196.8
2026-09-10,72,254.5830526086233,215.62
2026-09-10,73,218.3853970235845,204.41
2026-09-10,74,246.301402081938,238.38
2026-09-10,75,267.98732891667504,255.2
2026-09-10,76,344.02877233002107,302.01
2026-09-10,77,346.9025277423047,354.24
2026-09-10,78,379.3092769055162,401.56
2026-09-10,79,464.9070570274659,502.54
2026-09-10,80,677.1765748041839,585.1
2026-09-10,81,570.5227579244856,578.76
2026-09-10,82,585.6813559589284,471.93
2026-09-10,83,434.5715194855509,366.57
2026-09-10,84,300.77345120571283,300.06
2026-09-10,85,350.6273177634454,271.39
2026-09-10,86,284.2852470387086,268.06
2026-09-10,87,249.5709845764484,241.43
2026-09-10,88,221.80025903927023,238.01
2026-09-10,89,228.48725873807868,239.7
2026-09-10,90,220.9050845625533,226.41
2026-09-10,91,213.5748590101248,222.95
2026-09-10,92,201.40377527444628,211.3
2026-09-10,93,206.60915600570624,218.15
2026-09-10,94,187.27798114674204,210.54
2026-09-10,95,180.12779589664353,197.59
2026-09-10,96,170.32480250764056,171.33
2026-09-11,1,200.1066912507136,183.77
2026-09-11,2,188.60064837226403,186.09
2026-09-11,3,180.31554027730445,186.74
2026-09-11,4,170.23695757051428,180.73
2026-09-11,5,182.1736388360788,196.82
2026-09-11,6,175.89896761956098,178.05
2026-09-11,7,174.810037115084,175.47
2026-09-11,8,168.27088783438754,172.53
2026-09-11,9,169.221971012726,175.09
2026-09-11,10,165.2963180114872,172.37
2026-09-11,11,164.8869084797432,169.84
2026-09-11,12,162.64580117262344,168.31
2026-09-11,13,162.64982570308368,165.95
2026-09-11,14,164.68853701233996,163.53
2026-09-11,15,163.63157450507708,165.3
2026-09-11,16,163.84542340724605,163.75
2026-09-11,17,162.4533590778847,165.79
2026-09-11,18,163.44336381143333,167.12
2026-09-11,19,166.36864244544682,167.32
2026-09-11,20,176.35940125031445,168.53
2026-09-11,21,171.08441888463665,170.47
2026-09-11,22,182.18322283463192,173.85
2026-09-11,23,192.44661571908736,176.44
2026-09-11,24,213.24321383356155,183.4
2026-09-11,25,206.98654807985395,190.83
2026-09-11,26,228.88565239029532,200.27
2026-09-11,27,241.36324897486827,206.46
2026-09-11,28,245.501349518124,213.49
2026-09-11,29,247.8306268704799,221.67
2026-09-11,30,240.9983540738689,223.94
2026-09-11,31,236.67773090195743,224.34
2026-09-11,32,235.280300171695,222.52
2026-09-11,33,258.74363337163584,233.43
2026-09-11,34,244.9900016273917,223.82
2026-09-11,35,230.1101037156673,213.25
2026-09-11,36,207.6266837565069,186.31
2026-09-11,37,235.26713810733824,204.75
2026-09-11,38,210.86046078086463,200.49
2026-09-11,39,185.6290823088994,191.95
2026-09-11,40,177.42053799336014,180.75
2026-09-11,41,197.92706357168728,204.6
2026-09-11,42,182.1473073179881,175.08
2026-09-11,43,167.24926634386026,169.13
2026-09-11,44,153.7611782902189,164.05
2026-09-11,45,168.95605079884223,157.73
2026-09-11,46,155.1095623045607,151.08
2026-09-11,47,144.49421604086638,143.84
2026-09-11,48,137.14268070246288,136.81
2026-09-11,49,141.01544086106313,137.2
2026-09-11,50,133.25729089345234,124.01
2026-09-11,51,139.79490749035062,130.17
2026-09-11,52,142.25207472672668,137.2
2026-09-11,53,146.50235702564382,121.92
2026-09-11,54,139.7077205241902,129.24
2026-09-11,55,145.6896910437276,135.0
2026-09-11,56,141.48846761764204,139.88
2026-09-11,57,174.2744837131832,138.18
2026-09-11,58,177.9902259605106,145.02
2026-09-11,59,156.8562342831904,149.1
2026-09-11,60,180.85479663466148,153.55
2026-09-11,61,174.87353181408037,150.0
2026-09-11,62,186.38950306523327,153.59
2026-09-11,63,207.0337439992675,158.37
2026-09-11,64,186.15233764892625,172.6
2026-09-11,65,164.50493428229404,157.43
2026-09-11,66,164.8431826216568,175.28
2026-09-11,67,187.4860596881694,192.0
2026-09-11,68,204.70944670324025,201.9
2026-09-11,69,179.89136629378743,181.52
2026-09-11,70,208.90048361100332,205.93
2026-09-11,71,228.6862177455004,216.99
2026-09-11,72,249.4557104554337,233.01
2026-09-11,73,221.31309622705007,216.99
2026-09-11,74,249.2462676273644,238.03
2026-09-11,75,268.0545787390048,260.78
2026-09-11,76,281.848758561826,278.16
2026-09-11,77,279.2057463232968,288.88
2026-09-11,78,285.9227367336801,299.67
2026-09-11,79,332.1496747366324,321.55
2026-09-11,80,370.608717288946,326.46
2026-09-11,81,367.76456888152313,315.61
2026-09-11,82,326.8499608509772,294.94
2026-09-11,83,295.1566955877647,277.21
2026-09-11,84,263.8186602958116,267.9
2026-09-11,85,263.6831596696283,270.29
2026-09-11,86,257.7343716990487,245.22
2026-09-11,87,246.859978793771,236.0
2026-09-11,88,232.2173609453765,228.79
2026-09-11,89,233.8609654374636,234.01
2026-09-11,90,230.61067269247727,225.01
2026-09-11,91,229.71644242474903,222.31
2026-09-11,92,212.71911234104545,218.53
2026-09-11,93,220.02563445692687,217.0
2026-09-11,94,207.63451062958387,207.0
2026-09-11,95,196.8179745046168,202.41
2026-09-11,96,183.89394796096505,192.02
2026-09-12,1,211.0169596722468,212.04
2026-09-12,2,200.9718468319155,206.52
2026-09-12,3,193.8010104371587,203.68
2026-09-12,4,183.44302419201452,198.88
2026-09-12,5,199.2806054373393,205.88
2026-09-12,6,188.09888277528327,199.05
2026-09-12,7,185.97365525286057,197.21
2026-09-12,8,177.0630337342596,194.0
2026-09-12,9,178.3460113505945,197.97
2026-09-12,10,173.54043041231884,198.57
2026-09-12,11,174.51466180835922,195.0
2026-09-12,12,172.108945953503,194.0
2026-09-12,13,170.15270553283747,190.18
2026-09-12,14,172.98546740562435,189.82
2026-09-12,15,173.01617936806178,188.6
2026-09-12,16,174.6426500526711,188.6
2026-09-12,17,171.76396854720275,184.5
2026-09-12,18,174.4361556354515,182.43
2026-09-12,19,174.67689149189013,185.0
2026-09-12,20,174.63265459778717,185.0
2026-09-12,21,175.64743249452766,184.5
2026-09-12,22,181.25779877477189,185.2
2026-09-12,23,180.62073766851063,186.37
2026-09-12,24,184.22393241075903,190.73
2026-09-12,25,190.9030760553401,190.15
2026-09-12,26,190.90054442000832,192.74
2026-09-12,27,189.3988800407305,196.8
2026-09-12,28,183.11150909181868,193.07
2026-09-12,29,197.0993173915942,199.88
2026-09-12,30,190.59817023678755,196.7
2026-09-12,31,188.9897335560388,191.12
2026-09-12,32,182.95976253541687,186.8
2026-09-12,33,205.07189971291905,200.75
2026-09-12,34,190.68439508312807,188.62
2026-09-12,35,179.75930366751098,161.01
2026-09-12,36,164.2009890860486,144.94
2026-09-12,37,191.87109552411167,182.81
2026-09-12,38,166.37548496987904,150.39
2026-09-12,39,144.02446808826778,131.71
2026-09-12,40,123.36478183307295,108.19
2026-09-12,41,140.4786959534162,122.71
2026-09-12,42,116.45550574979931,105.77
2026-09-12,43,95.11287421167388,85.0
2026-09-12,44,76.16343166958644,43.36
2026-09-12,45,88.26909525941723,65.89
2026-09-12,46,71.22315433177263,42.8
2026-09-12,47,48.73384430240411,16.84
2026-09-12,48,27.460977304031672,5.86
2026-09-12,49,35.68431712059984,4.04
2026-09-12,50,25.925013963265844,0.0
2026-09-12,51,14.54068625369226,-0.01
2026-09-12,52,7.652597672965709,-0.02
2026-09-12,53,10.378250580598298,-0.01
2026-09-12,54,6.14906631394213,-0.05
2026-09-12,55,6.1617638819456495,-0.05
2026-09-12,56,3.991635017923455,-0.09
2026-09-12,57,5.062241226251308,-0.48
2026-09-12,58,5.364218152836081,-0.19
2026-09-12,59,6.027964375428407,-0.13
2026-09-12,60,8.615902564220692,-0.17
2026-09-12,61,7.647466644108324,-0.01
2026-09-12,62,13.189267361674002,0.0
2026-09-12,63,23.05781656937957,0.0
2026-09-12,64,40.97442880969942,2.91
2026-09-12,65,30.602243234353097,0.01
2026-09-12,66,61.25766493446305,7.17
2026-09-12,67,90.50642357633043,43.29
2026-09-12,68,106.7234853586596,87.29
2026-09-12,69,94.78208921438171,83.4
2026-09-12,70,118.8542841769518,114.22
2026-09-12,71,148.2825644402675,126.78
2026-09-12,72,169.1272179768644,150.4
2026-09-12,73,152.77535981221237,145.35
2026-09-12,74,169.39844731900416,180.12
2026-09-12,75,187.59861729911265,191.46
2026-09-12,76,202.31555475321733,194.83
2026-09-12,77,185.6098848550559,194.44
2026-09-12,78,200.56037107969428,204.81
2026-09-12,79,211.62701496359264,204.46
2026-09-12,80,228.7837599732978,210.24
2026-09-12,81,212.99866587848248,210.99
2026-09-12,82,212.14543958261044,211.17
2026-09-12,83,212.959479216328,210.92
2026-09-12,84,207.6854833051985,207.69
2026-09-12,85,213.233545358852,210.75
2026-09-12,86,204.618085871007,204.94
2026-09-12,87,199.3849153959631,201.06
2026-09-12,88,189.61231062954823,191.74
2026-09-12,89,202.4524755593289,199.35
2026-09-12,90,196.46313701542377,191.77
2026-09-12,91,187.9445908196288,189.05
2026-09-12,92,180.38406863318647,183.73
2026-09-12,93,186.1795609308284,191.46
2026-09-12,94,176.88596531727114,186.02
2026-09-12,95,174.59368482372307,182.21
2026-09-12,96,166.00309947774585,179.55
2026-09-13,1,177.93542829435387,177.83
2026-09-13,2,169.24033193717048,177.83
2026-09-13,3,163.25217025577152,177.83
2026-09-13,4,156.2989213292284,177.83
2026-09-13,5,165.240127894545,167.6
2026-09-13,6,159.5324642532556,167.6
2026-09-13,7,157.82614139216227,167.6
2026-09-13,8,153.65928254937103,167.6
2026-09-13,9,156.16689799989186,163.03
2026-09-13,10,152.8430211198865,163.03
2026-09-13,11,151.59051743582086,163.03
2026-09-13,12,149.9393740704183,163.03
2026-09-13,13,150.0636759873194,161.73
2026-09-13,14,149.7344928441953,161.73
2026-09-13,15,149.43482708613624,161.73
2026-09-13,16,148.61622402585564,161.73
2026-09-13,17,148.3656859131404,164.06
2026-09-13,18,148.84129098974563,164.06
2026-09-13,19,150.0923738598799,164.06
2026-09-13,20,151.18381810268502,164.06
2026-09-13,21,151.55538147925088,168.03
2026-09-13,22,155.53546482924258,168.03
2026-09-13,23,160.62495947200793,168.03
2026-09-13,24,164.87766624015282,168.03
2026-09-13,25,166.00600136250108,175.27
2026-09-13,26,167.66171789830787,175.27
2026-09-13,27,167.48609130484627,175.27
2026-09-13,28,165.5890646999023,175.27
2026-09-13,29,170.83191610206376,178.93
2026-09-13,30,165.35492763863888,178.93
2026-09-13,31,159.47412844245665,178.93
2026-09-13,32,148.5391793911993,178.93
2026-09-13,33,172.94978935016093,167.88
2026-09-13,34,159.6513579860085,167.88
2026-09-13,35,143.7783809108463,167.88
2026-09-13,36,127.55191052659129,167.88
2026-09-13,37,147.80785198123496,144.24
2026-09-13,38,132.39650889007342,144.24
2026-09-13,39,117.8026063427112,144.24
2026-09-13,40,117.79536692077238,144.24
2026-09-13,41,120.22688838354202,120.0
2026-09-13,42,111.83125284285732,120.0
2026-09-13,43,103.23975111532248,120.0
2026-09-13,44,98.25104993748022,120.0
2026-09-13,45,99.41755572018488,105.31
2026-09-13,46,94.936117831406,105.31
2026-09-13,47,91.05789300247312,105.31
2026-09-13,48,89.21080030611415,105.31
2026-09-13,49,84.41729783815552,100.83
2026-09-13,50,78.40456317031749,100.83
2026-09-13,51,77.46269140975761,100.83
2026-09-13,52,62.51621583107761,100.83
2026-09-13,53,73.73304424848101,97.11
2026-09-13,54,62.94065901136458,97.11
2026-09-13,55,63.35705541869406,97.11
2026-09-13,56,101.95957400837432,97.11
2026-09-13,57,72.61947375739521,97.1
2026-09-13,58,70.5189139867451,97.1
2026-09-13,59,75.37987577773323,97.1
2026-09-13,60,85.21408211241733,97.1
2026-09-13,61,83.31806479248955,113.17
2026-09-13,62,97.0457003428761,113.17
2026-09-13,63,104.3023427500695,113.17
2026-09-13,64,120.948155289544,113.17
2026-09-13,65,121.33265835744314,150.98
2026-09-13,66,122.72641434848128,150.98
2026-09-13,67,133.0275273357659,150.98
2026-09-13,68,149.81553614540968,150.98
2026-09-13,69,134.1890351740076,189.14
2026-09-13,70,157.4261502112193,189.14
2026-09-13,71,184.49727235780944,189.14
2026-09-13,72,208.9262430776569,189.14
2026-09-13,73,190.8777348851707,210.0
2026-09-13,74,194.19767695857817,210.0
2026-09-13,75,210.2377007817585,210.0
2026-09-13,76,216.66842048987536,210.0
2026-09-13,77,207.46005851712857,230.01
2026-09-13,78,219.3437952063052,230.01
2026-09-13,79,223.956701295472,230.01
2026-09-13,80,241.48088480752443,230.01
2026-09-13,81,224.16478219069268,233.83
2026-09-13,82,223.03075129350543,233.83
2026-09-13,83,223.4232880264604,233.83
2026-09-13,84,224.6307929428013,233.83
2026-09-13,85,223.17811829004256,232.37
2026-09-13,86,217.9042552726825,232.37
2026-09-13,87,211.78304886216293,232.37
2026-09-13,88,206.5345085956118,232.37
2026-09-13,89,214.3316885218968,227.46
2026-09-13,90,209.60633566775311,227.46
2026-09-13,91,205.13446336846232,227.46
2026-09-13,92,196.11383315280844,227.46
2026-09-13,93,201.63781891402547,210.59
2026-09-13,94,190.54420740565573,210.59
2026-09-13,95,191.76125375601924,210.59
2026-09-13,96,184.7505884720087,210.59
2026-09-14,1,204.55086290706052,218.18
2026-09-14,2,195.1900529426994,205.79
2026-09-14,3,186.1300247218872,196.0
2026-09-14,4,177.05253468741353,186.85
2026-09-14,5,188.81235049188064,192.1
2026-09-14,6,182.65339364116724,187.5
2026-09-14,7,181.6019587482846,189.38
2026-09-14,8,175.23323603838483,182.59
2026-09-14,9,175.48533681911346,185.42
2026-09-14,10,171.5139106211086,185.05
2026-09-14,11,170.71256840184435,183.47
2026-09-14,12,170.7034905208741,182.75
2026-09-14,13,167.2430134625614,183.46
2026-09-14,14,170.65861936091682,184.16
2026-09-14,15,169.8387448779483,183.8
2026-09-14,16,171.58997656666077,184.05
2026-09-14,17,170.95028625341266,180.24
2026-09-14,18,171.9310319376752,181.2
2026-09-14,19,175.20618957123514,183.46
2026-09-14,20,181.497634426155,190.12
2026-09-14,21,180.8704083785544,184.46
2026-09-14,22,197.21154909926733,194.47
2026-09-14,23,213.5299091454059,208.57
2026-09-14,24,225.41919784901245,221.0
2026-09-14,25,226.16873213221788,217.24
2026-09-14,26,237.5042868159152,250.88
2026-09-14,27,247.30437710777343,273.4
2026-09-14,28,268.23209257408274,277.25
2026-09-14,29,267.4360470188457,300.1
2026-09-14,30,262.18413364240075,321.56
2026-09-14,31,266.2981711447906,323.39
2026-09-14,32,272.82727189680577,322.58
2026-09-14,33,296.2733252158311,348.3
2026-09-14,34,274.09779352229657,300.05
2026-09-14,35,253.1436448175323,281.75
2026-09-14,36,235.10718892277453,268.3
2026-09-14,37,260.3399226380101,280.22
2026-09-14,38,245.5157971121216,266.7
2026-09-14,39,238.10293389568312,240.05
2026-09-14,40,211.56712519106412,216.56
2026-09-14,41,235.37032411702552,242.08
2026-09-14,42,206.9631096624737,219.99
2026-09-14,43,189.99436991257136,201.59
2026-09-14,44,178.47871326354775,183.66
2026-09-14,45,189.1298148137044,212.14
2026-09-14,46,179.14451410048713,193.79
2026-09-14,47,181.6536585035584,196.8
2026-09-14,48,188.4034490874751,184.47
2026-09-14,49,181.69335902265288,195.54
2026-09-14,50,181.9040933635679,181.43
2026-09-14,51,213.7397734545196,176.87
2026-09-14,52,226.1349569994856,168.87
2026-09-14,53,207.53858419659812,175.15
2026-09-14,54,166.80503827975485,168.46
2026-09-14,55,218.11678294032063,165.82
2026-09-14,56,196.7869321682756,155.59
2026-09-14,57,220.0137510513268,159.82
2026-09-14,58,230.0192729138472,161.77
2026-09-14,59,196.4901009392921,158.11
2026-09-14,60,229.94582104687908,166.0
2026-09-14,61,238.0109821342297,152.91
2026-09-14,62,213.3469246573524,155.59
2026-09-14,63,216.5335722409017,169.1
2026-09-14,64,192.78092711542376,182.0
2026-09-14,65,189.3094398548597,152.0
2026-09-14,66,182.3287420135321,170.08
2026-09-14,67,197.55421020410927,190.0
2026-09-14,68,216.3164890196337,210.51
2026-09-14,69,190.104498639808,179.23
2026-09-14,70,222.74377172013303,214.0
2026-09-14,71,239.72180934094104,253.13
2026-09-14,72,261.2182164858158,288.31
2026-09-14,73,242.2944458727198,259.12
2026-09-14,74,268.33850641960566,306.36
2026-09-14,75,287.62142877400527,450.0
2026-09-14,76,329.1482099989763,584.88
2026-09-14,77,329.87557089783775,649.11
2026-09-14,78,353.11618861330044,700.07
2026-09-14,79,376.70474834554,700.04
2026-09-14,80,473.63352783944623,740.01
2026-09-14,81,437.2731960614401,704.41
2026-09-14,82,381.2558135048519,585.23
2026-09-14,83,331.67738069620395,447.3
2026-09-14,84,286.1989981205771,367.47
2026-09-14,85,289.78114631380515,373.3
2026-09-14,86,272.71346588658537,309.41
2026-09-14,87,261.9083250977915,270.06
2026-09-14,88,239.2499912019173,248.81
2026-09-14,89,243.522852525583,267.01
2026-09-14,90,240.79817815677137,252.15
2026-09-14,91,236.10840751979413,242.77
2026-09-14,92,219.5046146366192,225.08
2026-09-14,93,231.4646294329604,241.7
2026-09-14,94,214.0380412892528,227.75
2026-09-14,95,207.22785701822292,221.53
2026-09-14,96,196.8758577533149,207.57
2026-09-15,1,215.62852016021665,219.74
2026-09-15,2,205.88871477719687,217.76
2026-09-15,3,197.68909839025656,205.88
2026-09-15,4,190.74720701866104,192.17
2026-09-15,5,202.9587526046388,211.24
2026-09-15,6,195.3651369694984,198.43
2026-09-15,7,192.6183073453432,194.29
2026-09-15,8,182.7592022987397,188.1
2026-09-15,9,186.21028399942765,189.9
2026-09-15,10,180.18011182067252,187.25
2026-09-15,11,177.90773083181756,188.45
2026-09-15,12,192.47415300561104,187.81
2026-09-15,13,173.78135270312407,185.3
2026-09-15,14,177.63063241133196,185.99
2026-09-15,15,172.56086346282964,187.33
2026-09-15,16,186.98137761771804,184.0
2026-09-15,17,174.53004279739764,184.06
2026-09-15,18,174.3437853821906,184.3
2026-09-15,19,178.1048734822404,184.53
2026-09-15,20,184.0660271378561,181.31
2026-09-15,21,183.70243469599075,184.37
2026-09-15,22,196.2288515745952,187.0
2026-09-15,23,204.68098753374687,199.59
2026-09-15,24,209.7463803427757,216.07
2026-09-15,25,216.4467455432906,222.91
2026-09-15,26,224.27902727682888,238.0
2026-09-15,27,242.35035152755776,239.38
2026-09-15,28,240.7002548841972,249.41
2026-09-15,29,263.7581649195848,281.57
2026-09-15,30,260.61725688087074,270.61
2026-09-15,31,247.7721838358704,252.91
2026-09-15,32,240.2284510452352,243.22
2026-09-15,33,280.22059154852445,268.06
2026-09-15,34,255.7028834994732,241.51
2026-09-15,35,228.79849455726105,225.01
2026-09-15,36,202.8017658961676,197.87
2026-09-15,37,232.3286165021279,227.5
2026-09-15,38,200.56728171191372,212.6
2026-09-15,39,175.18738975076337,189.05
2026-09-15,40,152.93869381667963,156.43
2026-09-15,41,176.27099206770393,181.16
2026-09-15,42,154.51507437633668,162.59
2026-09-15,43,128.32071638541473,128.03
2026-09-15,44,95.81486290417772,112.06
2026-09-15,45,124.5298971637664,122.33
2026-09-15,46,90.12020624794997,88.74
2026-09-15,47,65.27757632156326,69.0
2026-09-15,48,40.81803486310484,35.41
2026-09-15,49,47.785031761700736,60.68
2026-09-15,50,37.982467032007655,43.42
2026-09-15,51,27.16990553146237,36.38
2026-09-15,52,19.9646634982765,37.39
2026-09-15,53,23.650793325566983,31.87
2026-09-15,54,17.14697384555167,30.18
2026-09-15,55,14.77069578364371,29.56
2026-09-15,56,13.733211793345223,26.39
2026-09-15,57,20.597647390533133,32.36
2026-09-15,58,26.888127332893728,42.31
2026-09-15,59,38.90144686663565,50.08
2026-09-15,60,53.39874852727467,60.05
2026-09-15,61,64.41686072683594,61.65
2026-09-15,62,78.99738991997616,89.83
2026-09-15,63,104.11170377481406,121.19
2026-09-15,64,120.05593445393,142.1
2026-09-15,65,73.96712076531044,104.05
2026-09-15,66,122.49991732738675,140.36
2026-09-15,67,155.58216468863722,169.79
2026-09-15,68,184.96887358957792,209.89
2026-09-15,69,159.14373829067256,165.79
2026-09-15,70,191.96901465918148,210.15
2026-09-15,71,219.33268433781788,230.2
2026-09-15,72,250.8638493359296,247.72
2026-09-15,73,205.8109976728973,217.83
2026-09-15,74,259.2370094626569,235.0
2026-09-15,75,275.736793586409,258.69
2026-09-15,76,275.81052028369703,294.52
2026-09-15,77,281.45450979060075,293.68
2026-09-15,78,283.52662207005847,312.4
2026-09-15,79,307.1079802148335,307.35
2026-09-15,80,333.9095178556638,300.03
2026-09-15,81,321.6942996922277,279.77
2026-09-15,82,289.357604783101,251.2
2026-09-15,83,265.9970855031955,245.93
2026-09-15,84,246.6696239603205,238.7
2026-09-15,85,254.6816626285801,231.3
2026-09-15,86,232.4920348793034,226.54
2026-09-15,87,227.4407927568544,223.45
2026-09-15,88,206.3438589635145,208.0
2026-09-15,89,217.83994987678548,212.98
2026-09-15,90,210.6780656835963,201.34
2026-09-15,91,205.36917152241463,198.01
2026-09-15,92,195.8698491847216,185.52
2026-09-15,93,202.86496392076413,193.54
2026-09-15,94,188.8636678793246,186.6
2026-09-15,95,184.6953330587518,179.67
2026-09-15,96,172.04100532858402,171.04
2026-09-16,1,194.5341065162945,181.74
2026-09-16,2,185.6259743699374,178.97
2026-09-16,3,180.08467396934063,174.59
2026-09-16,4,173.4808752965125,170.88
2026-09-16,5,183.75231290577017,173.18
2026-09-16,6,176.7828735286019,170.8
2026-09-16,7,174.059809622168,170.88
2026-09-16,8,168.35608339938867,170.01
2026-09-16,9,171.4430526357004,167.58
2026-09-16,10,169.42975706851573,167.45
2026-09-16,11,166.32653476738406,170.04
2026-09-16,12,166.0328264246699,169.73
2026-09-16,13,164.2095366046675,169.85
2026-09-16,14,163.76988626320227,168.75
2026-09-16,15,164.7337639602149,167.24
2026-09-16,16,164.93143727596333,168.73
2026-09-16,17,164.54142250947842,170.19
2026-09-16,18,164.90950885881634,167.33
2026-09-16,19,167.53110462484386,169.26
2026-09-16,20,171.32849842605495,171.92
2026-09-16,21,170.87750476783268,168.04
2026-09-16,22,181.0061296872273,178.58
2026-09-16,23,194.3876817708496,187.88
2026-09-16,24,206.83523689688664,225.99
2026-09-16,25,209.39836018140016,199.41
2026-09-16,26,227.0603070013947,218.75
2026-09-16,27,241.1459610348047,233.61
2026-09-16,28,244.81591751810143,243.3
2026-09-16,29,258.5270898891219,246.27
2026-09-16,30,257.7773272387348,240.21
2026-09-16,31,248.9207226758274,235.01
2026-09-16,32,242.4955504960496,230.79
2026-09-16,33,271.88041886434576,247.01
2026-09-16,34,243.81008711069936,237.79
2026-09-16,35,229.42561114753704,223.17
2026-09-16,36,205.49026760890297,192.0
2026-09-16,37,237.7774548638885,219.85
2026-09-16,38,219.290887089446,200.32
2026-09-16,39,199.95582062720007,176.41
2026-09-16,40,184.4294411014296,169.81
2026-09-16,41,205.389405234192,186.38
2026-09-16,42,184.1969816345682,174.6
2026-09-16,43,167.81242578273896,168.84
2026-09-16,44,149.06796236488304,161.8
2026-09-16,45,165.19982617772578,154.39
2026-09-16,46,144.25474785687754,149.03
2026-09-16,47,130.85778179631365,136.63
2026-09-16,48,114.8162548413714,128.76
2026-09-16,49,123.8395410183796,130.89
2026-09-16,50,107.83463400487445,113.0
2026-09-16,51,104.1024511866458,109.59
2026-09-16,52,101.27252429920196,100.58
2026-09-16,53,103.0724332845762,104.7
2026-09-16,54,96.87220575867237,98.37
2026-09-16,55,94.97092433866528,96.56
2026-09-16,56,93.52145846185638,90.4
2026-09-16,57,100.13566555401316,99.39
2026-09-16,58,105.94164509979296,101.24
2026-09-16,59,98.43164788359196,103.54
2026-09-16,60,101.25223716093323,105.6
2026-09-16,61,101.15468449884531,107.24
2026-09-16,62,112.85900313869624,117.19
2026-09-16,63,128.94753683562627,130.81
2026-09-16,64,137.86958860090567,132.92
2026-09-16,65,118.19678428565516,131.37
2026-09-16,66,147.06405478835734,143.56
2026-09-16,67,171.2757483792878,165.94
2026-09-16,68,191.19065509088412,193.23
2026-09-16,69,164.87458341864277,182.98
2026-09-16,70,200.240008106377,204.21
2026-09-16,71,214.351422135426,209.42
2026-09-16,72,223.4524925203426,222.95
2026-09-16,73,198.86124764707043,204.25
2026-09-16,74,221.03863608108333,221.72
2026-09-16,75,232.2876788543927,234.98
2026-09-16,76,256.35184318729546,263.37
2026-09-16,77,249.3291597506533,237.97
2026-09-16,78,260.5648251031939,248.0
2026-09-16,79,272.325245164662,262.56
2026-09-16,80,291.86365077372506,269.18
2026-09-16,81,264.4392098201498,264.58
2026-09-16,82,260.2683575149487,248.79
2026-09-16,83,250.32060841224947,239.85
2026-09-16,84,242.9240358730057,234.43
2026-09-16,85,240.22506097776537,236.92
2026-09-16,86,226.8615205307877,229.49
2026-09-16,87,221.4697417619132,215.47
2026-09-16,88,210.3100985982392,199.18
2026-09-16,89,218.9152878511381,213.99
2026-09-16,90,210.7683792535025,201.4
2026-09-16,91,206.60303353624232,196.77
2026-09-16,92,197.18547839093787,191.0
2026-09-16,93,201.24351735655165,198.34
2026-09-16,94,191.1018771634394,189.98
2026-09-16,95,184.82094756127168,184.25
2026-09-16,96,174.06542136510137,168.21
2026-09-17,1,197.61610579623283,199.33
2026-09-17,2,187.1561651138865,186.44
2026-09-17,3,175.60580230555863,176.97
2026-09-17,4,166.97719867511847,171.32
2026-09-17,5,177.15819003876842,175.44
2026-09-17,6,170.97850854331978,170.27
2026-09-17,7,169.9698526241059,166.6
2026-09-17,8,164.5765699622295,163.99
2026-09-17,9,166.92945895110793,166.77
2026-09-17,10,161.42883648180936,164.87
2026-09-17,11,157.10545196704226,164.94
2026-09-17,12,155.40472544165098,165.37
2026-09-17,13,155.9525804053276,165.29
2026-09-17,14,154.78443081815675,166.03
2026-09-17,15,154.48973026437903,165.3
2026-09-17,16,153.50806082336098,165.63
2026-09-17,17,154.19562338574144,164.56
2026-09-17,18,152.55327286214296,165.29
2026-09-17,19,154.06530393252817,167.42
2026-09-17,20,157.70619866841903,165.3
2026-09-17,21,156.58205604882778,158.03
2026-09-17,22,161.43825996320237,159.86
2026-09-17,23,168.9158835649772,166.75
2026-09-17,24,180.3779226317745,175.4
2026-09-17,25,181.8068442211435,172.47
2026-09-17,26,197.26009667322987,194.74
2026-09-17,27,202.1635857084951,209.2
2026-09-17,28,204.83091156049173,219.99
2026-09-17,29,220.1315909063781,230.2
2026-09-17,30,218.5726065883422,221.02
2026-09-17,31,214.2614420710181,210.96
2026-09-17,32,213.4561162154895,203.59
2026-09-17,33,239.8517729572278,215.92
2026-09-17,34,218.42826137473057,204.59
2026-09-17,35,196.39829285884977,195.46
2026-09-17,36,172.3357818854809,177.83
2026-09-17,37,208.22496152129872,200.0
2026-09-17,38,174.88265253672603,178.9
2026-09-17,39,150.774308573631,150.24
2026-09-17,40,118.85700129782148,124.42
2026-09-17,41,146.3315971145553,145.92
2026-09-17,42,121.71047011464276,125.69
2026-09-17,43,92.02068106335923,99.3
2026-09-17,44,59.96177491737763,74.45
2026-09-17,45,76.99402961926589,69.57
2026-09-17,46,41.398796883619696,43.17
2026-09-17,47,17.325658118066286,19.12
2026-09-17,48,3.874268126552387,7.2
2026-09-17,49,7.3944258205172915,17.53
2026-09-17,50,4.701316394431714,10.1
2026-09-17,51,2.130929518501656,7.62
2026-09-17,52,0.5926769886483925,7.43
2026-09-17,53,0.4757556651571661,5.0
2026-09-17,54,-1.1479454112373606,2.12
2026-09-17,55,-0.9047152068210726,0.42
2026-09-17,56,-1.2451092857670525,0.1
2026-09-17,57,-0.335724952242896,3.97
2026-09-17,58,2.422037435703265,6.04
2026-09-17,59,3.949142729629196,13.69
2026-09-17,60,10.204044503004754,25.2
2026-09-17,61,8.133727304884575,10.0
2026-09-17,62,13.544534400197332,23.24
2026-09-17,63,22.408494103904,42.54
2026-09-17,64,39.24392584740433,49.01
2026-09-17,65,17.199209321058774,27.41
2026-09-17,66,47.28641196106693,51.65
2026-09-17,67,104.12665640341238,101.03
2026-09-17,68,132.96455635256137,117.35
2026-09-17,69,111.53046657100056,97.67
2026-09-17,70,143.4113194962035,135.5
2026-09-17,71,165.2343401092045,163.74
2026-09-17,72,194.85386964474165,208.99
2026-09-17,73,162.11528858941705,181.97
2026-09-17,74,187.4747628256896,197.33
2026-09-17,75,206.3702143481393,205.66
2026-09-17,76,214.95192394654387,208.99
2026-09-17,77,205.12592401955897,210.17
2026-09-17,78,211.22460697665727,211.58
2026-09-17,79,219.6016803539425,213.42
2026-09-17,80,229.193446438158,232.7
2026-09-17,81,219.67361623551017,216.09
2026-09-17,82,218.52962859867668,215.16
2026-09-17,83,219.61935343865332,216.64
2026-09-17,84,218.03494681554892,214.98
2026-09-17,85,217.0874116655428,219.05
2026-09-17,86,209.4248413907221,210.72
2026-09-17,87,203.9200819112961,204.19
2026-09-17,88,191.93221250687688,188.96
2026-09-17,89,206.6532691732156,199.0
2026-09-17,90,196.6129993098695,191.64
2026-09-17,91,190.56119359038584,194.99
2026-09-17,92,181.46053899381096,187.88
2026-09-17,93,186.47532098252344,186.23
2026-09-17,94,179.7280614551611,184.76
2026-09-17,95,177.0395693940676,179.29
2026-09-17,96,166.42217183577068,167.18
2026-09-18,1,157.80501044440393,148.62
2026-09-18,2,150.00958443350532,142.08
2026-09-18,3,145.34779867567948,134.81
2026-09-18,4,138.55276033409052,131.43
2026-09-18,5,145.5044459340043,135.96
2026-09-18,6,140.1068200503499,130.24
2026-09-18,7,136.485283407676,127.5
2026-09-18,8,135.17480858423647,128.07
2026-09-18,9,139.0976136339382,126.68
2026-09-18,10,135.09647997335372,125.54
2026-09-18,11,134.53089600190745,132.78
2026-09-18,12,132.16484216075955,133.02
2026-09-18,13,132.62955897918292,128.71
2026-09-18,14,132.96227778145837,129.52
2026-09-18,15,132.39235766774942,129.9
2026-09-18,16,133.28125058966324,132.57
2026-09-18,17,133.39670026968486,128.05
2026-09-18,18,133.8250073364084,131.76
2026-09-18,19,135.74455881777104,130.27
2026-09-18,20,137.1156427814296,134.34
2026-09-18,21,136.9861881769936,138.82
2026-09-18,22,140.399395681699,138.32
2026-09-18,23,146.49079244187624,148.74
2026-09-18,24,158.22301757729386,160.69
2026-09-18,25,161.4366034635212,173.0
2026-09-18,26,180.54799130629672,181.67
2026-09-18,27,190.48659603702865,187.86
2026-09-18,28,196.89069949517585,201.49
2026-09-18,29,207.5591696773765,207.0
2026-09-18,30,208.7389549460954,217.56
2026-09-18,31,204.17326753849483,213.62
2026-09-18,32,203.11777196504696,207.24
2026-09-18,33,209.7349934829264,221.78
2026-09-18,34,196.6166350193928,207.62
2026-09-18,35,190.38013155812536,203.33
2026-09-18,36,171.2612142338968,187.27
2026-09-18,37,187.79401169366045,204.35
2026-09-18,38,173.63205839388755,181.26
2026-09-18,39,146.8235063498653,150.0
2026-09-18,40,114.27334292295949,114.83
2026-09-18,41,148.13199967209883,135.33
2026-09-18,42,125.84901655014312,110.0
2026-09-18,43,100.76442954603836,83.5
2026-09-18,44,68.13492241847383,55.06
2026-09-18,45,88.11963286537085,70.83
2026-09-18,46,54.46566321089546,48.15
2026-09-18,47,26.31123438304733,36.32
2026-09-18,48,11.124540199931843,14.31
2026-09-18,49,16.94823767863071,14.62
2026-09-18,50,8.257867462505647,5.82
2026-09-18,51,4.1885607781057566,3.52
2026-09-18,52,1.537417237904469,1.08
2026-09-18,53,2.0410273740845097,0.5
2026-09-18,54,-0.7764228912046569,0.04
2026-09-18,55,-1.736881264920612,0.01
2026-09-18,56,-2.5002739261259874,0.0
2026-09-18,57,-1.183986601084782,0.0
2026-09-18,58,-1.2520134856332996,0.0
2026-09-18,59,-4.694700413838181,0.0
2026-09-18,60,3.7319527180015832,0.01
2026-09-18,61,5.838394674011118,0.07
2026-09-18,62,12.171511410262674,1.94
2026-09-18,63,24.43207393511634,4.15
2026-09-18,64,34.66974380986133,5.97
2026-09-18,65,5.784754511980701,3.88
2026-09-18,66,29.88571312682281,9.28
2026-09-18,67,77.41086193695779,48.23
2026-09-18,68,95.92397911500105,61.63
2026-09-18,69,79.8145715263283,30.0
2026-09-18,70,114.29471203718003,67.3
2026-09-18,71,135.84245235881264,129.39
2026-09-18,72,170.23625808227433,164.97
2026-09-18,73,149.34505486408304,149.46
2026-09-18,74,173.18222501838014,172.5
2026-09-18,75,190.8127954995958,191.15
2026-09-18,76,214.5197012039781,207.29
2026-09-18,77,199.47116311693995,189.3
2026-09-18,78,204.35375017786583,186.45
2026-09-18,79,204.64967557052293,189.82
2026-09-18,80,215.6135007606222,205.31
2026-09-18,81,204.0318822427401,200.57
2026-09-18,82,203.0908074036759,198.19
2026-09-18,83,204.92538592563508,191.41
2026-09-18,84,197.04242948060636,189.78
2026-09-18,85,204.70465682967503,189.0
2026-09-18,86,189.4832587101485,184.75
2026-09-18,87,183.62591007767395,174.98
2026-09-18,88,170.6406209445087,164.99
2026-09-18,89,182.36026842633004,172.86
2026-09-18,90,170.62982291406487,169.16
2026-09-18,91,166.2975945586157,164.99
2026-09-18,92,163.0898471485469,145.72
2026-09-18,93,160.7881034031349,157.35
2026-09-18,94,156.18776755532951,139.85
2026-09-18,95,152.15058590100645,130.39
2026-09-18,96,139.9075482364344,111.0
2026-09-19,1,122.65115146290368,
2026-09-19,2,112.63426616718405,
2026-09-19,3,103.40264597709785,
2026-09-19,4,82.38928119141625,
2026-09-19,5,99.364746774682,
2026-09-19,6,90.83951895378301,
2026-09-19,7,95.44825177091916,
2026-09-19,8,88.61704134890056,
2026-09-19,9,94.68669290541794,
2026-09-19,10,70.78503797075234,
2026-09-19,11,73.1089510508298,
2026-09-19,12,65.08663880553907,
2026-09-19,13,74.86506018985175,
2026-09-19,14,70.13189180690647,
2026-09-19,15,69.29377491954948,
2026-09-19,16,67.7401841654803,
2026-09-19,17,66.70065293372231,
2026-09-19,18,61.46614330821802,
2026-09-19,19,55.73281188047805,
2026-09-19,20,14.16712843666022,
2026-09-19,21,59.74147207963054,
2026-09-19,22,57.556322172086496,
2026-09-19,23,27.59615503520172,
2026-09-19,24,43.97587876914838,
2026-09-19,25,45.87546701853795,
2026-09-19,26,46.81369367332522,
2026-09-19,27,34.61194573664699,
2026-09-19,28,35.4803264081273,
2026-09-19,29,59.134557330443286,
2026-09-19,30,44.207532263477276,
2026-09-19,31,40.634600815047946,
2026-09-19,32,36.131849367797116,
2026-09-19,33,46.624359790674674,
2026-09-19,34,33.06431693211047,
2026-09-19,35,13.423365906029346,
2026-09-19,36,-7.685129573917806,
2026-09-19,37,-18.500397082475473,
2026-09-19,38,-35.37657050678325,
2026-09-19,39,-49.75501226307591,
2026-09-19,40,-33.340090591055116,
2026-09-19,41,-33.387698175743594,
2026-09-19,42,-17.36714900197778,
2026-09-19,43,-21.360021894804348,
2026-09-19,44,-32.563254246255354,
2026-09-19,45,-11.977088578206576,
2026-09-19,46,-24.847586049448907,
2026-09-19,47,-29.712715395217884,
2026-09-19,48,-37.02328859675205,
2026-09-19,49,-29.18303971150616,
2026-09-19,50,-33.66998115944486,
2026-09-19,51,-26.134821794998523,
2026-09-19,52,-26.30470430506019,
2026-09-19,53,-24.6415390541217,
2026-09-19,54,-23.91933616157343,
2026-09-19,55,-20.8932650795252,
2026-09-19,56,-18.999059742254936,
2026-09-19,57,-25.04153303075072,
2026-09-19,58,-24.822373222090032,
2026-09-19,59,-28.089332654641147,
2026-09-19,60,-26.032381071841847,
2026-09-19,61,-19.736005803351432,
2026-09-19,62,-21.436192686030694,
2026-09-19,63,-27.311201926374622,
2026-09-19,64,-26.461896329136465,
2026-09-19,65,-15.9804871930967,
2026-09-19,66,-17.762039070534414,
2026-09-19,67,-25.02200507423126,
2026-09-19,68,-29.821937136505284,
2026-09-19,69,-24.768794901049674,
2026-09-19,70,-30.22387662897154,
2026-09-19,71,17.136928975966015,
2026-09-19,72,62.407176468442046,
2026-09-19,73,45.04738921943917,
2026-09-19,74,86.09783191963113,
2026-09-19,75,109.92609312213972,
2026-09-19,76,132.21443241516175,
2026-09-19,77,107.71224374498294,
2026-09-19,78,123.86009573308243,
2026-09-19,79,141.5058241074854,
2026-09-19,80,158.09710064842028,
2026-09-19,81,148.17522527662172,
2026-09-19,82,146.86534047455103,
2026-09-19,83,137.11703016763235,
2026-09-19,84,127.38614691049446,
2026-09-19,85,141.6288729279785,
2026-09-19,86,127.33792844423894,
2026-09-19,87,109.1614845553366,
2026-09-19,88,97.91204481832179,
2026-09-19,89,115.09766600924976,
2026-09-19,90,103.81700263552581,
2026-09-19,91,98.30232423165494,
2026-09-19,92,82.91852417323909,
2026-09-19,93,81.81580306739413,
2026-09-19,94,83.78103009635785,
2026-09-19,95,83.103652052533,
2026-09-19,96,66.76479374201503,
