delivery_date,mtu,q0.025,q0.250,q0.500,q0.750,q0.975,y_true
2026-09-17,1,168.94566618223553,192.03390261447285,198.73011814272908,206.1205269538921,231.665815172492,199.33
2026-09-17,2,160.3087916207759,181.1756936069546,187.40881242722364,194.5707481098976,219.59556242940675,186.44
2026-09-17,3,151.2274825135134,170.57321654659154,176.42535362983148,183.294459082708,207.9102533427197,176.97
2026-09-17,4,138.40544384730873,161.14951619224135,167.76294436271615,174.769234607164,198.24207479049124,171.32
2026-09-17,5,151.87838584080998,174.0899189040638,180.4589478087492,187.37704328500564,212.14844500360545,175.44
2026-09-17,6,143.13649515308663,164.95062312150853,171.3776777544301,178.39482613612867,202.2077641512916,170.27
2026-09-17,7,136.62249292804313,159.224541308005,166.054593796346,173.41962238504357,196.13188579126555,166.6
2026-09-17,8,130.86294700629952,153.59044683440308,160.45560486490203,167.77672833894383,190.0627672374388,163.99
2026-09-17,9,136.19498115539886,157.95555875706503,164.5150742239381,171.67622542612904,194.636162853216,166.77
2026-09-17,10,129.48616990710167,152.20329089672012,158.9763395241698,166.13975122554743,188.5654519675596,164.87
2026-09-17,11,126.6051913952604,149.40784003477668,156.12008610722245,163.1321448065458,185.5605943699295,164.94
2026-09-17,12,125.1697930849812,147.63730714298487,154.2800842353676,161.2567985616735,183.5965262983616,165.37
2026-09-17,13,129.52396266004763,151.2818356682897,157.61878819864137,164.3548909926952,187.4322733642844,165.29
2026-09-17,14,124.21259015545282,147.05720166398663,153.7782935851467,160.76582130915514,183.0270068541363,166.03
2026-09-17,15,123.04479162708677,145.98588228134813,152.76611277540616,159.8074401406197,181.88269984730604,165.3
2026-09-17,16,122.18902157604823,145.21131122699913,151.99793005143786,159.01773759213998,181.0584500149116,165.63
2026-09-17,17,125.21478086387737,146.64412417999944,153.0530000554066,159.94177397260316,182.36621820006232,164.56
2026-09-17,18,123.20536967541584,145.77326822570268,152.38637229019568,159.2670996717951,181.5993758880156,165.29
2026-09-17,19,124.26682453290849,146.37069131900105,152.931041674988,159.86574658673487,182.1728735767101,167.42
2026-09-17,20,130.7523307928061,150.79720229279235,156.88005837429344,163.69153913791192,186.64473119497265,165.3
2026-09-17,21,129.42453763879934,149.43839132859512,155.52551249316295,162.3369850135412,185.1713932426609,158.03
2026-09-17,22,132.59241273354132,152.63787789817692,158.817670382795,165.80234675861303,188.63036634101985,159.86
2026-09-17,23,145.4039836474534,163.94711458098098,169.61955564944358,176.35598018858545,200.6289629310956,166.75
2026-09-17,24,156.40061171614627,176.48732330609135,182.4445633449842,189.33822784883128,214.4149959726461,175.4
2026-09-17,25,159.65491486266518,179.3319880255497,185.1319858856286,191.92551357343373,217.42903763590968,172.47
2026-09-17,26,175.1249907619415,194.39138078341423,200.1338097568117,207.12287639108845,233.63794244830083,194.74
2026-09-17,27,180.60267239081625,199.0746007183014,204.6612944816825,211.68141347607465,238.57729286273704,209.2
2026-09-17,28,190.99712210089564,207.7121196849228,212.6270723777275,219.18147037928983,247.65419167277915,219.99
2026-09-17,29,202.193676027438,220.08304704753672,225.40605091130303,232.4132128215418,261.1942209223348,230.2
2026-09-17,30,191.55694343100024,212.4530574139356,218.72121885742592,226.2849875107229,253.39545044057104,221.02
2026-09-17,31,194.0546282873241,212.57018505294965,218.10501606973548,225.1844543308724,253.1685761988004,210.96
2026-09-17,32,173.38711475049195,197.0644678867484,204.43628636613155,212.78119703165729,237.1717598743493,203.59
2026-09-17,33,209.93853676585468,226.0213126590856,231.65768562770663,239.73195628762048,267.3121694227807,215.92
2026-09-17,34,191.66087528267337,212.42178856709484,218.6552664062215,226.20205335001023,253.34134712714425,204.59
2026-09-17,35,170.2126782748876,194.0953575443899,200.79749588556933,207.99774328978623,234.01958641521688,195.46
2026-09-17,36,132.81411273015942,164.03803892374268,172.59403353367384,180.30975565138075,202.64560092831096,177.83
2026-09-17,37,203.5129987157539,215.82633050808943,219.5659934409428,225.59861860085024,255.76211500206088,200.0
2026-09-17,38,147.6206532643464,170.45597685423016,177.02465937881163,184.0405693732045,208.31417420914983,178.9
2026-09-17,39,117.57811193320474,141.7565514028831,148.82475011653025,155.9239254770633,177.49969587884593,150.24
2026-09-17,40,88.13411839432224,115.17627650393328,122.56963347061487,129.07528197551912,149.22324504635887,124.42
2026-09-17,41,113.1211265058367,137.55603121534992,144.66399197997032,151.70609960603076,173.0003101341318,145.92
2026-09-17,42,80.338658226029,108.5364851816605,116.65216447358505,123.89443920468354,142.20747240815408,125.69
2026-09-17,43,60.0195216422353,87.7259522936473,95.27346217557869,101.52375119668577,119.66244138873272,99.3
2026-09-17,44,28.37003107556565,57.50575016299726,65.2454200679363,71.05408870122555,87.22915242110231,74.45
2026-09-17,45,46.403774135408085,73.25467197908692,80.58086620151644,86.55883734730833,103.89714296663917,69.57
2026-09-17,46,17.05562972675144,45.02175693192383,52.19526205669168,57.29983812538179,73.57323194671964,43.17
2026-09-17,47,-7.448103748055772,22.30070500496321,29.77183823930098,34.586644078199114,49.29566483172127,19.12
2026-09-17,48,-31.46595285611712,1.4223375916132197,9.926319894493153,15.248097782362215,27.19955838807566,7.2
2026-09-17,49,-18.113867917068003,9.92181227555452,17.14112239134346,21.899952163570955,35.655793423647815,17.53
2026-09-17,50,-34.56525799737591,-4.339054178094051,3.92364706142088,9.547336717394224,20.558702659136983,10.1
2026-09-17,51,-40.204549286921534,-9.1721749109973,-0.625926095028627,5.162767558931294,15.454780757598863,7.62
2026-09-17,52,-46.9181358374768,-13.76791909337021,-4.616946780390927,1.476666825139014,10.804987971831324,7.43
2026-09-17,53,-43.0485641716172,-10.728495689136176,-1.9125871434448376,3.9213635438774017,13.96872781169351,5.0
2026-09-17,54,-46.48841149794894,-13.681255122653775,-4.695973470206551,1.2342414670197566,10.849793554758566,2.12
2026-09-17,55,-48.93896383686046,-15.435753184370304,-6.2017458344888095,-0.0954748809697756,9.056131063118864,0.42
2026-09-17,56,-56.8500112046968,-20.83207897675515,-10.807985441107013,-4.225651801325941,3.597998097861158,0.1
2026-09-17,57,-48.951405469324726,-15.673049394222694,-6.446632283150632,-0.2919133577803312,8.764186184163089,3.97
2026-09-17,58,-40.4996794630972,-9.795139825019795,-1.2733568751184166,4.561753628448226,14.7302976743768,6.04
2026-09-17,59,-35.37894383335798,-6.378184760057356,1.6856922917621762,7.317284316396954,18.16716316654485,13.69
2026-09-17,60,-29.10441020859036,-1.7212479240203695,6.080200276112246,11.805641433944608,22.95077750672004,25.2
2026-09-17,61,-35.61548841535981,-5.099888087870353,3.4360414661707908,9.399685518738668,19.773130563429497,10.0
2026-09-17,62,-26.26152132210295,3.321567801061408,11.511618037247636,17.28837383388339,28.73645398280457,23.24
2026-09-17,63,-14.95432729136316,10.92901742382365,18.395593219910136,24.15859363688792,36.392789467876895,42.54
2026-09-17,64,7.390938731486813,29.19051985760256,35.72331436380944,41.37038159043059,55.50745879580479,49.01
2026-09-17,65,-9.643882450129496,17.46847836018219,24.60937916491583,29.589531794153206,43.66599720446084,27.41
2026-09-17,66,25.625919849801704,52.14272193214478,58.94854321556991,63.96216139039844,81.04979554063556,51.65
2026-09-17,67,60.13889251454869,85.54421416104289,93.3190987421724,100.5478218757239,116.93066132999829,101.03
2026-09-17,68,94.54410760883624,116.7241711919364,123.711832132476,130.96089553929826,150.13582101528658,117.35
2026-09-17,69,58.30882263174354,90.624828100364,100.00037851776142,107.86582352612912,123.46492105389736,97.67
2026-09-17,70,94.6714908385176,124.8206653161826,133.63910013697634,141.62412852749358,160.08935288495934,135.5
2026-09-17,71,129.65646670907472,159.13524142996093,167.20308606550074,174.58491820780498,197.0871050190001,163.74
2026-09-17,72,155.68192779925658,185.1087788583494,193.36772630716465,201.3594440875583,225.1376269524349,208.99
2026-09-17,73,132.48225463112516,162.60866011501,170.4846325276168,177.42238987892327,200.9500897088625,181.97
2026-09-17,74,151.44806047040305,182.01581975924373,190.3004379308285,197.97737323248265,221.97632010987004,197.33
2026-09-17,75,177.4003553987465,202.0820885392428,209.061152766444,216.56345339121265,242.7671322949033,205.66
2026-09-17,76,191.21787568921195,209.45585268631308,215.12124862954195,222.4485908040677,249.75465912014343,208.99
2026-09-17,77,191.6628305054072,208.49080446047097,213.40606181077624,219.93808098945087,248.5135697819404,210.17
2026-09-17,78,191.4573770989957,208.01945395729848,213.2092802421108,220.2424267855684,247.95233479144008,211.58
2026-09-17,79,192.871857702687,214.499674320992,220.8745469220097,228.42412134000065,255.71968051603776,213.42
2026-09-17,80,204.15662668384127,229.15706066426384,236.0084642922397,243.52777753451645,272.0779384131227,232.7
2026-09-17,81,190.33638661352472,214.68911907321475,221.64167780797248,229.33763640171136,256.3380814447526,216.09
2026-09-17,82,193.76572419045223,214.1409819138456,220.2113633032649,227.6293060836805,255.14329428245264,215.16
2026-09-17,83,197.2932800636908,213.5706057605239,218.84694238244964,226.1590373733078,253.90222091423905,216.64
2026-09-17,84,182.35150911718864,203.5520962854001,210.3016681997884,218.43625421511533,243.80927367609635,214.98
2026-09-17,85,197.55193778912133,214.7035757853584,219.9828139325299,227.06705336710328,255.26554896324905,219.05
2026-09-17,86,186.7728819846757,204.21791673217257,209.695270474644,216.8898450967732,243.97516796398293,210.72
2026-09-17,87,179.50076611577146,198.37321161416355,204.1693213626064,211.3985226177793,237.87587375637324,204.19
2026-09-17,88,164.0764845777141,185.70133372260327,192.11254897088853,199.39334289083428,224.60016427735303,188.96
2026-09-17,89,181.5806215566569,198.5832417441927,204.1065473029473,211.4335772809799,237.8146270478233,199.0
2026-09-17,90,167.92238592463275,188.1646630753568,194.39353808329025,201.803332401312,227.04812187871545,191.64
2026-09-17,91,160.97568369502693,183.10586161673697,189.6853212058957,197.05954085544093,221.87023721409625,194.99
2026-09-17,92,151.4404661704562,174.83333123563708,181.6355891829662,188.91216116817105,213.1247016647668,187.88
2026-09-17,93,157.90583959024514,179.5860752346142,186.03814766624663,193.2982793639796,217.9997718591438,186.23
2026-09-17,94,150.6997388082197,172.22485196351565,178.6695954155641,185.8781877152973,210.0212285771813,184.76
2026-09-17,95,146.21024992487884,168.51517893648142,175.17590099062895,182.4633561999497,206.1294000694144,179.29
2026-09-17,96,136.43887052279462,157.9810550128352,164.4669140757207,171.5737639556948,194.63151104890505,167.18
2026-09-18,1,129.84268719708757,153.91577562889205,160.70218473485775,167.51694985915375,190.2374545246344,148.62
2026-09-18,2,122.47250820494662,145.67081272702842,152.31219977196562,159.0196489445052,181.30687418281224,142.08
2026-09-18,3,116.27571926075116,139.70947554542758,146.4790353941726,153.2331737224234,174.93752678992848,134.81
2026-09-18,4,108.72843420382624,133.04975902019223,140.00748905383958,146.72258833776365,167.87602113659463,131.43
2026-09-18,5,117.76625812431529,141.59431903488664,148.35035484841777,155.01132974263135,176.99141844052417,135.96
2026-09-18,6,111.61613531052492,135.3649822225236,142.15899263103822,148.8094687801793,170.30222055256309,130.24
2026-09-18,7,107.62385756606572,132.3446374239235,139.31363905630164,145.9348698947593,167.15251014824,127.5
2026-09-18,8,104.81737199106372,129.10992843099734,136.09804126652682,142.81049431616233,163.64754797597496,128.07
2026-09-18,9,108.6645813859066,132.29449595229764,139.17912462610062,145.95041046571367,167.00390988485384,126.68
2026-09-18,10,104.32293544163028,128.82737881924933,135.8710215768431,142.60789817299673,163.3656156188064,125.54
2026-09-18,11,103.32584551869252,127.9218585873061,135.0042361162403,141.76250051160252,162.4040758488839,132.78
2026-09-18,12,101.09229343301772,126.24365358209178,133.4074804788509,140.12240355652546,160.65406390825348,133.02
2026-09-18,13,102.86370801581842,127.69163074053046,134.73307565314553,141.3694342624196,162.1727741178826,128.71
2026-09-18,14,102.90980521329608,127.40693205480407,134.41303411343634,141.0767946416377,161.83775741481344,129.52
2026-09-18,15,102.52105818916073,127.1135917190858,134.12520098879767,140.76895389281646,161.53108363800047,129.9
2026-09-18,16,102.19785574019102,126.90602123441806,134.0008329356544,140.73504897422276,161.3238606548836,132.57
2026-09-18,17,102.12456997212315,126.87492894207767,133.98643522779255,140.7341620383935,161.29515265331636,128.05
2026-09-18,18,103.56756925280504,128.47541912187677,135.55434035531457,142.23659097117408,163.02323236148888,131.76
2026-09-18,19,105.34858163351475,130.33195062293518,137.42703566406354,144.13978759459548,165.02306597629916,130.27
2026-09-18,20,108.89167687600224,132.82858150773689,139.64139955471964,146.2369950093822,167.5967063275639,134.34
2026-09-18,21,104.2950606659986,129.9125300721897,137.22941228055703,144.1030394495741,164.64082575635038,138.82
2026-09-18,22,110.41275763268266,134.78671725778358,141.75853598816266,148.50519197077483,169.7455127070887,138.32
2026-09-18,23,117.66657032709604,142.53930049933277,149.51364044033866,156.24577889825423,178.1065737981592,148.74
2026-09-18,24,129.1331611991084,154.6325011643285,161.69881848717506,168.57609270712825,191.14317025060544,160.69
2026-09-18,25,131.0849190961051,155.4901060278731,162.45349281615748,169.4669169878914,191.9671590301355,173.0
2026-09-18,26,149.9501291725068,174.41415705920463,181.3698312778492,188.6194519409508,212.28144059930307,181.67
2026-09-18,27,159.71059414403626,183.56182166355936,190.41776138851284,197.80185034422297,222.0419689574176,187.86
2026-09-18,28,187.431787778018,203.3468017719243,207.80095488302013,213.9239370869861,242.45395035754456,201.49
2026-09-18,29,185.2762108889639,205.3659600235027,211.15018130053943,218.2069552173492,245.0583776428737,207.0
2026-09-18,30,189.7727196076827,208.7705174095043,214.2026203360226,221.0634593963468,248.5975744414464,217.56
2026-09-18,31,186.2111101338239,204.89527974699328,210.2311857725762,216.97573005554565,244.4059259373752,213.62
2026-09-18,32,165.157229987137,192.6348673615481,200.42250753946664,208.38994020047068,232.14289871419825,207.24
2026-09-18,33,199.82593688823687,216.16310140797148,220.6863555575692,226.98235715646217,256.24831763685114,221.78
2026-09-18,34,182.6585868994327,203.1294605954893,208.5298168569589,214.89440737184208,242.660559312872,207.62
2026-09-18,35,166.8910986821571,190.976059921654,197.46568453921648,204.35438464036469,229.9910615479525,203.33
2026-09-18,36,130.0215040587082,165.68302431639438,174.95498039481478,182.6710644433913,203.9912544147504,187.27
2026-09-18,37,188.12833376785304,204.6418800042636,208.66146500799928,214.0117871017644,243.86025521341384,204.35
2026-09-18,38,145.99239942432988,168.7429352412852,175.28397766985947,182.27646207666763,206.0250577997381,181.26
2026-09-18,39,119.37599597049184,144.2731929290263,151.17475174300696,157.81761841058938,179.96405148266493,150.0
2026-09-18,40,92.53145881391907,120.02762725095432,127.06368592063758,132.91330342299162,154.1636012512733,114.83
2026-09-18,41,123.288823585686,146.45339386216094,152.94388297654075,159.44854029578136,182.1328527148712,135.33
2026-09-18,42,92.19268580734553,119.2174247981672,126.82067426414768,133.612878799064,153.29782872809565,110.0
2026-09-18,43,74.20398515243573,100.80182845171603,107.98779723789856,114.01796945955276,133.46787689173908,83.5
2026-09-18,44,42.15552464886171,69.9448936675012,77.33293190055191,82.93241806682457,100.46261050291132,55.06
2026-09-18,45,61.14682330554559,87.69013822336225,94.9105777089082,100.82344692091988,119.39399526290576,70.83
2026-09-18,46,32.79062912120028,60.936863111976336,68.16359390894078,73.31076370452318,90.81182729827196,48.15
2026-09-18,47,8.837115061385312,38.29273472942789,45.53265148669265,50.05523234871904,66.61645421948703,36.32
2026-09-18,48,-12.961809647325964,16.278430142281994,23.874478012957407,28.670399233802808,42.99869891408672,14.31
2026-09-18,49,-0.2938211865589579,27.905440362199645,34.95507500570552,39.370185140433925,55.35231247038313,14.62
2026-09-18,50,-21.17027719937972,9.752729090055627,17.905801721058875,23.007118184210825,36.17289574440875,5.82
2026-09-18,51,-29.444281108513085,2.254131443066907,10.764467871512066,16.092317683251697,28.21449558431092,3.52
2026-09-18,52,-38.04454438220683,-5.158263244604251,3.866524352711602,9.549542981088688,20.39373547875479,1.08
2026-09-18,53,-33.89197734193533,-2.203244446232373,6.435992283687584,11.894241778200769,23.439421117428125,0.5
2026-09-18,54,-39.5061418119494,-7.010226908591666,1.911427350878888,7.515334740393515,18.36680663765132,0.04
2026-09-18,55,-43.81409190790354,-10.837343403373309,-1.6557688388961005,4.1565212998197865,14.31767163840014,0.01
2026-09-18,56,-53.19357103654097,-17.98344897647812,-7.98314835560382,-1.6275841785733358,6.890104705383767,0.0
2026-09-18,57,-45.79429299523119,-12.558411679402848,-3.198211630885727,2.787864210999,12.504817665439424,0.0
2026-09-18,58,-37.12246418652151,-6.77056769249188,1.665798134245542,7.099023236454006,18.414049665932165,0.0
2026-09-18,59,-35.379006552672976,-4.626791661837296,3.590022653492209,8.628854020810158,20.73105901039424,0.0
2026-09-18,60,-28.74621106605676,0.2007192300492128,8.226846440299955,13.50692490319796,25.75149769546512,0.01
2026-09-18,61,-29.62609068794226,-1.2728659874557593,6.823891508701543,12.337165244586132,24.12703406946297,0.07
2026-09-18,62,-20.89569055551457,8.01703399739894,16.057057131228714,21.474587530405003,34.13854499956064,1.94
2026-09-18,63,-13.286559388145127,17.548108175754674,26.11966756068708,31.967411109895696,44.56306255898274,4.15
2026-09-18,64,2.200751079202085,30.38172430553069,38.24102839619973,43.8870416339272,58.06847903874294,5.97
2026-09-18,65,-15.31999092448579,12.036089557350577,19.18758872544654,23.7451606527624,38.25978258376418,3.88
2026-09-18,66,15.115638209245104,39.77762521075438,46.12880140733557,50.571874789829046,67.75519255188718,9.28
2026-09-18,67,44.81523243035249,71.09009329822214,78.59681911145755,84.7686526698239,101.57756504589136,48.23
2026-09-18,68,72.11119510790843,97.29435741954956,104.11976685109008,109.92708880885344,129.56197963607417,61.63
2026-09-18,69,41.01836550435922,71.81416979838278,80.35143185411802,86.91087883892939,102.79795822342754,30.0
2026-09-18,70,77.35459749868099,103.8929634093288,111.62135944959174,118.5079194799602,136.82078041143873,67.3
2026-09-18,71,108.54431130603884,133.2491729880933,140.13045918745104,146.63911289578186,168.11550328007573,129.39
2026-09-18,72,146.89752689252464,168.2927966343082,174.39433847858075,181.0751727642226,205.3993888806127,164.97
2026-09-18,73,115.64510321760062,139.56568925673562,146.6589056316304,153.7648143524531,174.84670453840263,149.46
2026-09-18,74,140.41918955930404,166.75141365599652,174.12427373736713,181.410921003838,204.24000303450592,172.5
2026-09-18,75,173.08695063537618,192.6580420155609,198.13786007791427,204.7010411343924,231.3550606401688,191.15
2026-09-18,76,194.50698092966925,208.8750536698168,213.64704861015,220.7045103230318,248.2851046028724,207.29
2026-09-18,77,186.51855748230489,202.98539081450065,207.7127856991341,214.09392146235348,242.13110283226945,189.3
2026-09-18,78,181.39793945791067,199.60491099166515,205.1431474952336,212.2324840437979,238.7043469206132,186.45
2026-09-18,79,181.6190473657956,202.51789915814624,208.47186427655737,215.53509916734893,242.0799654530377,189.82
2026-09-18,80,195.3667707579419,217.8692239831452,223.89759737772195,230.87901973798728,258.6913061708694,205.31
2026-09-18,81,177.05922493900653,201.7987569242964,208.55923798068667,215.83174843639893,241.67962571263027,200.57
2026-09-18,82,180.61631718270937,202.179216396324,208.206604323196,215.2058553229495,241.775811672064,198.19
2026-09-18,83,179.7693890296615,199.2314115612495,205.082319390557,212.3104337929483,238.42852128996088,191.41
2026-09-18,84,163.1377548657205,186.50014859172265,193.44357391110904,201.12040923967632,225.16231308466087,189.78
2026-09-18,85,177.03519433965414,196.2298751732259,202.1789600747277,209.57737553510884,235.1927258298896,189.0
2026-09-18,86,163.78603872917844,184.3446649733421,190.4178063288493,197.4902716990657,222.5569146576996,184.75
2026-09-18,87,154.4399448939665,177.46683609475744,184.1196937011624,191.32808699388883,215.4186253828395,174.98
2026-09-18,88,140.8861311965678,164.24370679367084,170.9991632087499,178.09190796909687,201.26145493274265,164.99
2026-09-18,89,162.5590499639525,180.7849934214433,186.18687121421607,192.8097463907245,218.4974646390743,172.86
2026-09-18,90,144.81869287785477,166.97146016326357,173.3248182219235,180.16711228135136,204.06141440923707,169.16
2026-09-18,91,137.71873558980744,161.42774745304254,168.17899035501537,175.13790688861417,198.26746051143337,164.99
2026-09-18,92,130.65177330259024,153.1967258627217,159.9879048672972,167.18489994009263,189.3420713636009,145.72
2026-09-18,93,134.4772993191736,156.89975672926835,163.33759042037428,170.0966243504605,193.28019183564348,157.35
2026-09-18,94,126.3259355041778,149.00249129706216,155.68254559047634,162.6246231776483,184.8430906216839,139.85
2026-09-18,95,122.64843204042856,145.45260069611868,152.1387371057866,159.00838356894496,181.04400826998148,130.39
2026-09-18,96,115.06151426510664,137.58053555523145,143.9854065822602,150.40371380337908,172.55139560187914,111.0
2026-09-19,1,95.345495372269,118.58407689022636,125.63270696190584,132.1386839190183,153.31090850484915,132.52
2026-09-19,2,84.17287895303625,107.5887565947395,114.77144337726706,121.25350078656226,141.6433883175245,117.76
2026-09-19,3,70.86189915431837,95.76246121873687,103.50635822096808,110.17998829986423,129.5681571585045,97.43
2026-09-19,4,55.72223496286232,82.93248532588848,90.73912055234858,96.63127222851874,115.46350110289528,65.83
2026-09-19,5,72.06955299064524,97.14188015342508,104.57121704565874,110.76355167670911,130.51417768717582,96.05
2026-09-19,6,62.71521621497106,87.43780659036565,94.88221112417902,101.05435745826996,120.12927779066202,82.44
2026-09-19,7,53.14891806421476,77.13736592286898,85.39946060221077,92.8072334603652,110.47462980518422,79.18
2026-09-19,8,43.1293096166708,69.33193877962476,78.21816788083599,85.75298751056113,102.72166896196808,60.43
2026-09-19,9,53.542556815052045,78.45789847327993,86.80770481699987,94.088104112781,111.8935111780684,73.77
2026-09-19,10,39.75177877992521,66.3288352921158,74.34718541889161,80.48180097226495,98.0044223596366,62.38
2026-09-19,11,36.91249096505703,62.53766115581284,70.73117208725681,77.34080327200225,94.35465080880148,52.75
2026-09-19,12,30.61838823496266,56.77267476937783,64.96252636857473,71.32510105478323,88.04642429129785,48.02
2026-09-19,13,39.42509587761753,64.97940374762,73.10490797758224,79.67426470113283,96.8882266944177,45.15
2026-09-19,14,31.74322565636076,57.50311738855632,65.87603797334957,72.62828718622211,89.19663427198806,32.75
2026-09-19,15,28.970941871220383,54.16171499244325,62.5668299835799,69.4829878135827,85.73689208802924,26.48
2026-09-19,16,18.05493595269552,45.6967647232634,55.17264412546669,62.77704589011401,77.96462302568678,23.16
2026-09-19,17,24.51496505127566,51.04964751567914,59.82488917451898,66.82993566213798,82.77001912599047,33.57
2026-09-19,18,20.4382013238152,48.317842594541474,57.26553445102561,64.0812263882625,79.89000654546818,36.04
2026-09-19,19,17.444834489541343,46.25758305200169,55.19905147064044,61.70033026228755,77.50826489814544,36.9
2026-09-19,20,7.317956256283892,36.58979847317288,43.58755420970899,47.020758557848666,63.83144027767225,36.66
2026-09-19,21,18.497648778118453,47.82613107584697,57.04898176933156,63.82551040803301,79.57708558312115,34.79
2026-09-19,22,14.138499187462465,38.03938423018021,46.45436413846493,53.523929753376805,68.57231365602182,34.41
2026-09-19,23,6.318263939080623,34.16217390906645,41.85044928167358,46.65856940966143,62.57084511277418,34.03
2026-09-19,24,4.882007158314629,33.41764079984453,42.39336281731365,48.8338100320083,63.7611178893344,39.94
2026-09-19,25,15.590803622202053,46.34975718439496,55.11830140728512,60.799816212898,77.01296397842472,40.74
2026-09-19,26,14.53650217465156,41.80947578798214,50.09375105249095,56.039159689624846,71.88390955033152,46.66
2026-09-19,27,10.657620219057108,38.74591091920404,46.64130085684685,51.74300218564609,67.8136070495239,40.08
2026-09-19,28,-14.707824727946765,17.022768892764546,27.335006840863787,34.50762393482676,47.75166465479175,43.47
2026-09-19,29,26.561880795177025,51.11650885854637,58.90968157409959,65.08975572356604,81.554584784374,41.38
2026-09-19,30,6.663688877409342,34.93130605339183,43.75419247944984,50.07686434704347,65.18675856271382,41.99
2026-09-19,31,5.306962943134373,31.7255255942404,40.08009848169244,46.22748701969026,61.26051577796357,45.07
2026-09-19,32,-1.798288407156015,23.05673925368661,31.321745531447537,37.67166540074204,52.015778588738826,40.1
2026-09-19,33,4.588980510804454,25.462454197803893,33.27504607717683,40.18411234153661,54.50934386906725,47.71
2026-09-19,34,-7.718574849257205,16.239895223569334,24.546755940713066,31.119002450482323,44.87615177814269,36.53
2026-09-19,35,-22.227569806119405,3.832208866182059,12.211756667913804,18.08445461013524,31.276599955592893,27.96
2026-09-19,36,-40.460432923747824,-12.435593939343905,-3.85124711273145,1.4939690127096452,13.75177325972339,11.8
2026-09-19,37,-40.16265299568164,-9.27254026648905,-0.9065224700012666,3.328991925609504,16.346754598105882,16.9
2026-09-19,38,-43.5480739015184,-17.36419704149714,-10.702101637630872,-7.646229428232274,5.589946576144078,6.55
2026-09-19,39,-48.085060514871984,-23.323074005753227,-17.543078214167522,-15.423001384916326,-2.050219970441093,2.74
2026-09-19,40,-52.4733828367518,-26.44927277467659,-19.0789283561401,-15.095432594774646,-3.0249314797768445,0.01
2026-09-19,41,-52.13862824473059,-21.942971124732573,-13.86032531609332,-10.0159303280059,2.330229178911809,0.1
2026-09-19,42,-54.56019459999601,-26.91721511348987,-18.07790401802716,-12.470516895520973,-1.388366676565239,0.0
2026-09-19,43,-53.37260764297724,-25.35674387322165,-16.792116966329836,-11.66533165713664,-0.2141646976546223,-0.03
2026-09-19,44,-56.24631627296466,-30.11015356371,-22.414120688047525,-18.050970329053904,-6.458777801744448,-0.09
2026-09-19,45,-55.015858899265226,-26.906152940793017,-17.602027486194636,-11.465027000336654,-0.6916033689526735,-0.13
2026-09-19,46,-55.374942712071416,-26.457034572826167,-17.824746818128123,-12.882903636268946,-1.4348681995856951,-0.16
2026-09-19,47,-55.10663402411504,-26.49722507290668,-18.254859944120383,-13.782205784965369,-2.066018192301941,-0.21
2026-09-19,48,-57.20993841655119,-29.70784563430891,-21.99574394510138,-18.005723893960095,-6.217672466016742,-0.74
2026-09-19,49,-56.79821187747805,-28.27703369307424,-19.90132044868132,-15.237926534294273,-3.753410972119848,-0.78
2026-09-19,50,-59.61546725188688,-30.658300301112384,-22.307414933381423,-17.843543039286683,-6.432041009094059,-0.65
2026-09-19,51,-59.50818088603654,-30.37282111223121,-21.50639618896589,-16.35108460599705,-5.310153790053379,-0.71
2026-09-19,52,-62.43225191973053,-30.64695603608589,-21.12497226673721,-15.813467950140248,-4.959315487815049,-0.86
2026-09-19,53,-63.42559262738551,-32.20954932465662,-22.61265339516917,-17.04937408257361,-6.430817234593826,-1.01
2026-09-19,54,-64.6904919609645,-33.107449292189564,-23.31297384603943,-17.587682382873073,-7.135114674198698,-1.06
2026-09-19,55,-65.58407311778095,-33.89041439090921,-23.81863197878219,-17.739738172247495,-7.544041133188637,-1.34
2026-09-19,56,-64.79463818688906,-33.0622517365113,-22.91352134703908,-16.723276821595412,-6.531336998994741,-1.62
2026-09-19,57,-63.959209786024665,-32.63361113104587,-23.00731461137785,-17.440438673565478,-6.857674328353079,-1.27
2026-09-19,58,-65.08963146100396,-33.22084885247216,-23.407694948613955,-17.74143102508099,-7.272706332593144,-1.26
2026-09-19,59,-64.64649839917645,-33.91231474098997,-24.54287070699249,-19.18944343564013,-8.56167820708689,-1.21
2026-09-19,60,-61.84598659994112,-31.605088723393607,-22.378249624947763,-17.049751266126687,-6.227357337679466,-1.46
2026-09-19,61,-60.1257914772802,-31.72970884311534,-22.535118723398785,-16.711557051930967,-6.118634820472567,-1.85
2026-09-19,62,-59.28077359133589,-32.00177546181533,-23.17283261325959,-17.549010323787503,-6.830520591301843,-1.5
2026-09-19,63,-63.20944444181292,-31.75422312901395,-22.30368597222652,-17.014019075560196,-6.217316295707954,-1.43
2026-09-19,64,-66.04152238273062,-33.853550730526145,-24.026426819743875,-18.443542384288403,-7.983412097094531,-1.94
2026-09-19,65,-59.919107221721866,-33.571256243269225,-24.50818095786313,-18.29769528806172,-7.991194155878938,-0.1
2026-09-19,66,-57.431710333006905,-33.282151144027395,-24.892417093897738,-18.996396204528345,-8.427374669414755,-0.07
2026-09-19,67,-54.88859319533063,-29.93723560099302,-22.050998516369987,-17.063525137045954,-5.771435370951567,-0.01
2026-09-19,68,-49.139539921451,-23.67680379804833,-16.401921368334964,-12.348728914165449,-0.1008901927661547,0.0
2026-09-19,69,-51.76006869498717,-25.130257655572244,-17.142178052124624,-12.431077937840907,-0.6899297918574678,0.0
2026-09-19,70,-41.07578590563771,-16.455011965530524,-9.900762880816218,-6.525810983061834,6.644874905396583,0.0
2026-09-19,71,-6.124999437237712,15.9624006586506,22.792008632455826,27.79161227273961,42.46255095759172,8.2
2026-09-19,72,35.937280029990696,55.07244392913606,61.48595598305358,67.3413602372315,84.43514593433848,25.0
2026-09-19,73,4.812491751871029,29.77823464424113,38.19691670105853,44.83500046998532,59.49815699140883,30.0
2026-09-19,74,47.946354136120725,69.02227415916974,76.51137321093985,83.54661826646566,100.9263873920583,51.74
2026-09-19,75,73.59293629661965,95.39659867925197,102.83314919641684,109.9722250058616,129.16787650234704,79.66
2026-09-19,76,94.44776523748322,119.10363621213436,127.0872433739999,134.52508042150063,155.1720613688464,100.43
2026-09-19,77,76.50841297585669,100.06100539150437,107.46543387396484,114.11305826828747,133.86537420897983,99.98
2026-09-19,78,88.33824660299953,114.24655495216844,122.32034307104183,129.44632680800774,149.88036823171302,119.52
2026-09-19,79,103.43926224476022,127.18863724458777,135.0094137964946,142.60117367033055,163.77077783606455,129.37
2026-09-19,80,115.11798481033998,138.96449001186647,147.0941584929012,155.27618192354154,176.96001655057051,134.25
2026-09-19,81,98.62406871259944,125.51469983127885,134.65178593970825,143.18217179665763,163.61308360091465,133.07
2026-09-19,82,95.17559934520747,119.06913149021712,127.82382448978927,136.59189263612876,156.51733006238604,119.19
2026-09-19,83,91.22647087217209,111.1373293678348,118.8189629781756,127.10183013250592,146.8479529716469,107.0
2026-09-19,84,88.57640416561034,109.73556881976344,117.18289468288528,124.74113173954784,144.75306947108697,99.94
2026-09-19,85,90.26005638621302,109.91545225429024,117.91141915639083,126.70225087431852,146.0848882600368,101.57
2026-09-19,86,76.44118477480734,95.84848441764838,103.80359279046684,112.39897778753482,130.88700993398416,99.95
2026-09-19,87,65.54133727069797,87.72772662891862,95.72678277606916,103.4457799478686,121.75514950331502,91.05
2026-09-19,88,59.94145806812816,80.67503179489269,88.06241683622531,95.226390200549,113.38226452830388,67.32
2026-09-19,89,73.93450340633026,93.02265415766836,100.29283012836838,107.95734823639742,126.77116924638774,88.87
2026-09-19,90,61.10195447167244,83.04797670901604,90.95635898263504,98.54621886282234,116.59850282537708,86.21
2026-09-19,91,56.3864245212198,76.51925896179534,84.06628003539514,91.57416348833672,109.257600120035,83.64
2026-09-19,92,45.74511400116939,68.10727717423242,75.76556343121513,82.65116727869041,100.00984077001438,75.7
2026-09-19,93,46.338167944370106,73.04132130326869,81.35562493663627,87.97786771622538,105.70715140640962,85.0
2026-09-19,94,41.28906796159856,65.39949981580497,73.72475527794917,81.01210130887986,97.89929185289776,80.0
2026-09-19,95,37.98998520318505,64.35276137727355,73.25551197563676,80.69259273049428,97.35306802883382,77.65
2026-09-19,96,30.531312114166106,59.37529277484812,68.15631841069663,74.61392676135726,91.38816736065466,70.82
2026-09-20,1,50.80713548279097,78.81065802974017,87.41084163543778,94.71203255681093,114.85524337047688,18.2
2026-09-20,2,45.32319477425082,72.21776313673587,80.94123571401937,88.53122676637129,108.31067603494893,16.37
2026-09-20,3,35.51373297793157,64.59118159311772,73.49911552783982,80.79842635421994,100.40557355344332,14.99
2026-09-20,4,26.04321651976416,54.10449039696689,62.71314913172233,69.62305954414472,88.48177327663271,13.61
2026-09-20,5,37.734283055358105,65.61687517027659,74.25925862130863,81.43477456605731,100.89864675904016,14.85
2026-09-20,6,29.901678449338945,58.33813468738827,66.8651902213098,73.65270037070034,92.7215703498633,13.05
2026-09-20,7,26.241238065603497,53.68488300230253,62.36433897801308,69.48969975279728,88.31684999934956,12.49
2026-09-20,8,20.549617158099565,47.91041562550436,56.72304132808087,63.961658415203765,82.54031086348948,11.04
2026-09-20,9,25.715798910265534,54.39647543303851,63.251224061418085,70.39185474743935,89.415952005305,8.57
2026-09-20,10,18.43233834950852,47.60994198068321,56.08112338438927,62.47310714763415,81.00533932810106,11.25
2026-09-20,11,18.358258140985846,46.29780362577569,55.0228246672757,61.99764041017183,80.4915499506335,12.2
2026-09-20,12,14.262089412523544,42.122188103360415,50.8274044226382,57.72363474709165,75.98512320763655,8.0
2026-09-20,13,19.57907564228519,47.05762127792654,55.7913020047197,62.88140955373523,81.38830378302183,8.19
2026-09-20,14,14.588286542599583,42.27838167685395,50.93339055495704,57.79458279779529,76.03071852731622,7.92
2026-09-20,15,13.587435552612568,40.4894732056082,49.05939703545359,55.92730883500934,73.97990727706403,8.05
2026-09-20,16,10.68904509686724,38.07598866229066,46.80971092642782,53.77549276850685,71.80660588820322,7.09
2026-09-20,17,13.448614699844915,40.9748092182732,50.12462957948758,57.69788429465407,76.07416544457638,9.69
2026-09-20,18,12.398837857499146,41.03833004789509,49.95114138587259,56.97020490153081,75.31868607635435,8.95
2026-09-20,19,15.118718796449812,42.21524149898,51.347075426276334,58.99934555296857,77.40402139305758,8.75
2026-09-20,20,14.60356068938433,42.39767378773172,51.60515330360002,59.22971578242499,77.72372915358483,8.6
2026-09-20,21,10.88899100265798,40.323117723147085,49.226589152157686,56.06425981814649,74.42392516212055,10.12
2026-09-20,22,11.016632496253408,40.72011681455916,49.84233893131294,56.94278211630071,75.43798582741428,9.62
2026-09-20,23,6.276200028749081,37.45676299821339,46.44712905554914,53.01765728421088,71.38179114383848,9.47
2026-09-20,24,6.893452243990211,36.33312608004584,45.77001888887089,53.298350401760125,71.68601369823067,10.81
2026-09-20,25,4.89832565921175,36.13996475487587,45.51913125991254,52.60705536242849,71.07860921241732,8.13
2026-09-20,26,8.772759612172308,37.297104632028265,46.89367356088757,54.84396057636493,73.29203826511984,8.96
2026-09-20,27,6.911840816978348,36.47013410038796,45.75250561695324,53.04087909042406,71.37512744556712,10.37
2026-09-20,28,6.873386469481787,36.59916202572335,46.252678400293135,54.03538966734759,72.55191094319184,12.55
2026-09-20,29,13.66443912766278,40.01639339990974,48.96994483940768,56.48193088352252,74.64323079270727,11.51
2026-09-20,30,9.25862833178806,39.03776732182877,48.56531231330519,56.19786298407157,74.78965561583257,12.74
2026-09-20,31,7.583388319610925,37.70834552261852,47.01435203409048,54.24398411949357,72.69105788915533,13.34
2026-09-20,32,6.0109972174481925,36.828881835600505,46.03678914179861,52.9768595448188,71.38045979014987,11.49
2026-09-20,33,11.36617102220596,41.64404974996272,51.10781525020332,58.59299695353162,77.32593202269578,13.4
2026-09-20,34,2.974039499234536,31.54765188677893,40.48685198903692,47.40573278414667,65.26518897931487,12.51
2026-09-20,35,-2.611343675399212,23.7702827518777,32.12164753350787,38.51770979960429,55.564578676902094,8.34
2026-09-20,36,-9.463894372291314,17.038452810810362,25.298915318641164,31.435705108473268,48.09825429123781,5.12
2026-09-20,37,-9.350659576878808,15.295107301236586,22.804336667853484,28.21653679899301,44.33193797266656,8.15
2026-09-20,38,-18.523672333475552,8.788405615101196,16.940356242672777,22.632884164862897,38.869630471521866,5.06
2026-09-20,39,-27.127866112373184,-0.3015954827638492,7.351550768242227,12.289731323108372,27.79789061036892,1.4
2026-09-20,40,-38.80687290598715,-10.995653996705276,-2.8902374249207687,2.324106366750481,17.538690915933223,0.01
2026-09-20,41,-36.419643340742056,-9.19809348104424,-1.0351184087641188,4.405586352659413,19.70055150156036,0.01
2026-09-20,42,-44.92432227166337,-16.467933775021258,-8.36553321870674,-3.369587420270044,11.600280202576908,0.0
2026-09-20,43,-46.96779991513967,-18.81466417286369,-10.220558947690908,-4.505992068595914,10.538843283601068,-0.01
2026-09-20,44,-47.65495612248262,-18.146240564755743,-9.139286760341705,-3.097277372177088,12.25534737736152,-0.04
2026-09-20,45,-45.0093326881191,-16.971118424562093,-8.295969962947208,-2.4147662981567497,12.754758591083675,-0.04
2026-09-20,46,-42.64180553345542,-14.78251507006673,-6.03909378201619,0.008775084908517,15.31113151764501,-0.1
2026-09-20,47,-41.52897210991868,-12.373403642500392,-3.487772818453801,2.5437702736831165,18.12112633961752,-0.12
2026-09-20,48,-41.16387799490538,-11.752508513795012,-2.5719104549475187,3.836514430500258,19.593981577356683,-0.17
2026-09-20,49,-42.2438671453693,-12.79083194100484,-3.687497672798013,2.586869896964633,18.258572589251777,-1.0
2026-09-20,50,-43.68312101379762,-13.77756322998204,-4.503978973538175,1.9064123431709696,17.63195531201735,-1.0
2026-09-20,51,-44.1570955610294,-13.853144686645662,-4.512520672859455,1.9129383718352984,17.690660578765925,-1.05
2026-09-20,52,-45.733028669710194,-15.663566359450812,-6.242740318156493,0.3138046808962946,16.016815011505056,-1.59
2026-09-20,53,-46.96735602211252,-16.439213883497594,-6.85994562640005,-0.181957518898455,15.581110211748737,-1.92
2026-09-20,54,-47.4048736507595,-16.97211284404176,-7.42013412172445,-0.7704018828889052,14.946378627784387,-1.97
2026-09-20,55,-47.52790711054087,-17.705488674462124,-8.29245576362403,-1.730573593734532,13.845804091179868,-2.02
2026-09-20,56,-46.980678795248274,-17.503725977041025,-8.180396656013116,-1.674106506698433,13.850163052278235,-2.02
2026-09-20,57,-48.88234942415009,-19.105923942800143,-9.621737441400224,-2.9722753478284,12.559330708826524,-1.94
2026-09-20,58,-46.97038766979856,-16.26369742343621,-6.745534625851551,-0.1864936662217906,15.57053139992016,-1.95
2026-09-20,59,-45.9326201284091,-14.826214689394163,-5.331684025634239,1.1378197794609206,16.98607562285798,-1.94
2026-09-20,60,-45.06551327195118,-14.93060007977027,-5.65248426649654,0.7007670542034918,16.383234161893043,-1.91
2026-09-20,61,-45.43173310885068,-14.65375631653044,-5.177018598665811,1.3348535077519506,17.16245455868912,-1.56
2026-09-20,62,-43.740443818204,-16.844142925011333,-8.000225845048776,-1.6527542563645174,13.522404887211728,-1.39
2026-09-20,63,-45.751593661992175,-15.189373692305432,-6.063852298427819,-0.0150314472935195,15.614657811183989,-1.01
2026-09-20,64,-46.2964748930201,-16.571615984384227,-7.695131507873317,-1.8554795779487407,13.53604034381634,-1.0
2026-09-20,65,-48.21387994990377,-17.523233280264552,-7.805145048744574,-0.9799270607969324,14.798726542415642,-0.18
2026-09-20,66,-44.211426082101326,-16.90461565581804,-8.06788143316384,-1.812553814585768,13.383499055204638,-0.1
2026-09-20,67,-40.29167298760933,-14.514750449449256,-6.636812459615102,-1.3987906310995837,13.396002042281635,-0.08
2026-09-20,68,-32.54535243633832,-9.918661341955683,-2.9554441437695185,1.682442629509032,16.103367581345182,-0.01
2026-09-20,69,-34.15412516406263,-8.848819493066562,-1.215784095860707,3.858533255340904,18.8098614286605,-0.03
2026-09-20,70,-25.04227288452284,-1.573516865064848,5.502094003290603,10.26524930389754,25.22827050316601,0.0
2026-09-20,71,3.43457821669557,26.353792645919867,33.50382975551876,38.92376169660941,55.34383207871544,0.01
2026-09-20,72,30.828134413791773,49.47130614091947,56.11456311768596,62.02775665025718,79.14860503564816,10.72
2026-09-20,73,10.048856287794068,35.19870360685845,43.41431558552854,50.04259879116652,67.54528331955018,15.13
2026-09-20,74,35.72354450235578,58.2988731561108,66.02669116117318,72.83902461563271,91.16289068769971,35.62
2026-09-20,75,52.73241107352199,75.21599372777393,82.79758229242734,89.68937131047325,108.8271038755492,58.37
2026-09-20,76,65.22315651682729,92.83202039294709,101.06299808320672,108.14187865916315,128.8286390492014,92.51
2026-09-20,77,54.79548864604477,79.52941545834318,87.23158595144432,93.9183480169804,113.48439556733813,61.64
2026-09-20,78,59.38522407420778,87.3291551625824,96.02470258805374,103.60775616195764,124.23475827986346,79.14
2026-09-20,79,70.07615974346005,93.4766654839069,100.98282848401288,107.8765352031818,127.99669196219526,86.21
2026-09-20,80,78.06882339572364,95.2246446503506,101.371199859271,107.60058803792896,126.79552364812668,102.24
2026-09-20,81,73.77701878130573,94.33400507752368,101.21516333629302,107.79898526541722,127.4984365035396,86.69
2026-09-20,82,81.55154507562659,98.72715036122952,105.47678878088232,112.61147534214972,132.2580555074465,88.42
2026-09-20,83,82.11622618800097,97.90346194057564,104.44210369619984,111.53907214892662,130.95698489204273,82.02
2026-09-20,84,70.96411143308531,90.52576675470226,97.62724432427578,104.6589546964056,124.19079867938544,89.48
2026-09-20,85,85.85559612796054,98.85579393347784,105.72820713418916,113.86277161831056,133.29341940525958,90.08
2026-09-20,86,75.40492566638191,94.21937357278776,101.16152657970731,108.17377181678638,127.7786265337654,79.26
2026-09-20,87,70.86333199476795,90.65348204463962,97.30255048264311,103.65081856393488,123.00409177579547,67.9
2026-09-20,88,65.81874333247154,89.33961667820148,96.26387980837984,102.24454756753904,121.89855774545748,65.36
2026-09-20,89,75.5478490288392,98.19617493681466,105.1211293805308,111.4154596217208,131.47506090492237,76.2
2026-09-20,90,74.20421630721354,97.09435292183773,104.6711059816324,111.82283905653048,132.12959996533482,80.07
2026-09-20,91,71.13965572075756,94.89327099934562,102.17766082229537,108.71023410029242,128.82966358716442,67.31
2026-09-20,92,66.28579870569509,89.69297318844622,97.09209349722671,103.77295273490957,123.64825393089576,61.68
2026-09-20,93,69.18321943456269,95.4131307878091,102.9281182420516,109.30662324997556,129.71969988630062,63.74
2026-09-20,94,65.20757840204384,88.88411993501457,96.25301558319372,102.8251010112605,122.66258478858649,60.09
2026-09-20,95,61.74178854697335,87.83581724366306,95.43330137372394,101.83520753860684,121.8795345587512,57.78
2026-09-20,96,55.88837108306568,82.08672506556618,89.64416865886679,95.87761930350808,115.61046504754086,51.76
2026-09-21,1,78.51113142396508,108.05305008595492,116.14863754966568,122.88430208726604,144.19942419389056,50.68
2026-09-21,2,75.54355024303703,103.92154217330796,112.1559164434101,119.29699984275696,140.32923762637674,50.29
2026-09-21,3,73.01664516945294,100.21871867232024,107.97937727847898,114.65491625374376,135.2078155541095,45.28
2026-09-21,4,70.92271935930944,98.59039092024184,106.38735500091296,112.97989555589638,133.49279691933285,40.81
2026-09-21,5,72.12269850576956,101.83943468480166,109.91323481457825,116.47657386057966,137.4462062514822,45.61
2026-09-21,6,70.54482598230612,99.17245532451466,107.03511915423772,113.50682488374574,134.15741669435144,41.88
2026-09-21,7,72.2086952577038,99.85120024608597,107.71657249433623,114.43367057796556,135.04050386191147,42.85
2026-09-21,8,70.93708019226389,97.0298945896728,104.42697331419112,110.78800209279098,130.93586427259035,40.01
2026-09-21,9,73.32320590990867,99.19276538383356,107.15514797993497,114.41607773872508,134.87058044769648,41.33
2026-09-21,10,71.44937094109534,97.46278773000802,105.07687227299688,111.77547409408496,132.01904074214116,37.85
2026-09-21,11,73.52270657651505,98.7594706310088,106.23696160460504,112.94182415133449,133.144315884503,38.38
2026-09-21,12,73.72299704353472,98.42155879857712,105.74155233261514,112.34048213475543,132.42182889221178,39.82
2026-09-21,13,73.51731813875435,98.740145450507,106.30595948184218,113.14076620245028,133.3726732805573,40.85
2026-09-21,14,73.01984152156103,98.19037392798856,105.53018172766409,112.04341401045878,132.15863176204672,41.02
2026-09-21,15,73.04378611785197,98.27147229686835,105.47575467226844,111.78205394398114,131.85807594626712,39.9
2026-09-21,16,77.57157494593187,101.48050993879896,108.85577234147392,115.76825015354169,135.9762207499586,37.99
2026-09-21,17,74.38748798315982,99.21510065635012,106.8957913393984,113.99592021664972,134.26259303619725,37.53
2026-09-21,18,79.53312812256235,102.81911421153696,110.18703352451978,117.2563136537472,137.48494607658117,39.24
2026-09-21,19,81.09325273778722,105.6335493618499,113.37351014113231,120.72948759993592,141.35721215329252,43.76
2026-09-21,20,88.05167008221144,113.06647581122373,120.6718560063091,127.84299497549851,148.8841264745719,47.2
2026-09-21,21,81.31661285225081,105.70060376479132,113.25107165470024,120.37225339223797,140.922588548446,43.27
2026-09-21,22,92.00400458770208,115.5616233062534,122.81224009642888,129.8545294082508,150.7867924099024,54.93
2026-09-21,23,103.67098283354022,128.41805885441832,135.91098419049223,143.2303633169919,165.07928527830248,60.38
2026-09-21,24,118.02103105716752,143.22748721725216,150.26998815795983,157.07275401935337,179.63888734061152,76.69
2026-09-21,25,115.96403723921829,139.83705174715308,147.24034361096267,154.8193436583256,177.20995700865063,91.43
2026-09-21,26,135.96249705607022,159.9083694526398,167.01541575434496,174.47470388018493,197.90364937437795,124.61
2026-09-21,27,147.69938263828803,169.58467445609924,176.3023114423023,183.8398252512657,207.50381579823,130.5
2026-09-21,28,173.5752374936405,189.9409412519469,194.92184878916,201.58196425863028,225.3111420176949,148.88
2026-09-21,29,170.02103376657735,189.2645017492888,195.0177472669326,202.1039260894352,226.31496965273843,160.88
2026-09-21,30,175.47589165500304,193.1194626643309,198.61087088380725,205.75711557867973,229.957704046654,187.01
2026-09-21,31,167.86291599796442,185.70747871944943,191.28014485459084,198.3767974050301,222.2031059094873,194.48
2026-09-21,32,149.77270267374988,174.37516799617478,181.4696509908129,188.99022005470363,213.2907021525287,170.08
2026-09-21,33,182.12894001293688,200.62079012575524,205.7990890122478,212.4174230902617,237.00282330006783,257.09
2026-09-21,34,162.59579215291524,180.93488331062983,186.3822033243378,193.10601367093133,216.6584243845848,195.49
2026-09-21,35,141.19876747087991,165.16959318470904,172.04137150515584,179.24128706038923,202.88635205886536,154.11
2026-09-21,36,113.378924375977,142.85388453256934,150.8975339417836,158.13473311809346,181.3995013466221,108.01
2026-09-21,37,153.68690277015227,174.7064998654282,180.394416504764,186.73647810850665,210.2483966925529,121.74
2026-09-21,38,113.21390103347872,140.9149715395759,148.52723389486405,155.52811495939594,178.37826202838318,103.29
2026-09-21,39,87.09556880763463,115.3576380590699,122.99063801571354,129.4783810065052,150.93372778257628,63.51
2026-09-21,40,60.37049792847572,90.98535263747748,98.7977009339706,104.60008648583884,124.93613828563578,43.74
2026-09-21,41,85.82972664942235,111.85015544610572,119.35772101596592,126.1332645611831,147.15527199404906,62.15
2026-09-21,42,60.27296388271663,89.2352860245786,97.2218435625975,103.63329437376106,123.792968161647,33.39
2026-09-21,43,42.60216256252887,71.81518010723116,80.13797001338948,86.69360368927885,106.00700710462591,28.43
2026-09-21,44,19.465583421707144,51.81751464178216,60.48623324152357,66.48249533136526,85.0509199365311,11.39
2026-09-21,45,37.51348096346003,66.38464083367248,74.27590238419009,80.20361182299862,99.0252817313665,19.82
2026-09-21,46,18.543166693223675,48.3373369749549,56.58042543393143,62.50728432483656,80.50950494968372,13.13
2026-09-21,47,2.4858845764560016,33.680985802513995,42.27842676178776,48.1508290641878,65.56722239855836,2.66
2026-09-21,48,-12.977292724518982,17.674366101476032,26.33678859084105,32.17199384005168,48.65787689123272,0.03
2026-09-21,49,-3.5243760253430807,26.123349903054567,34.47098035000519,40.224624360370456,56.99198119571038,0.76
2026-09-21,50,-16.89479599879063,13.113341709258146,21.825104213235697,27.808401302564,43.99891236163211,0.01
2026-09-21,51,-28.54873013700417,4.476221539953047,13.840653354878192,19.917182676305497,36.10683436038604,0.02
2026-09-21,52,-33.68462343047313,-0.885080302359496,8.517977461253668,14.616445417694187,30.496813254315622,0.01
2026-09-21,53,-31.90909366166524,0.5224564823956275,9.848689067930298,15.945494486034828,31.847045208711545,0.0
2026-09-21,54,-34.92963197292931,-2.744055753350596,6.563634256687906,12.638733957606876,28.32757069859821,0.0
2026-09-21,55,-38.44690170740781,-5.215486672537801,4.369386269847259,10.558444902663728,26.29490747361084,0.0
2026-09-21,56,-42.34469218714159,-8.548462550162444,1.240821297879255,7.537910319876364,23.20638168198338,0.0
2026-09-21,57,-43.955229311890925,-8.50622837829857,1.5510332897011123,7.847282988689701,23.753932478718607,0.0
2026-09-21,58,-30.085783931089622,-1.45821430592685,7.13964478514598,13.047580150214966,28.25407248849421,0.0
2026-09-21,59,-25.437332784783543,0.4582370022252693,8.471447047598119,14.209041242273427,29.08365743502284,0.01
2026-09-21,60,-26.887835356668024,1.3495309769646102,9.95964754059462,16.02175771425032,31.3589391668714,0.03
2026-09-21,61,-22.362662062857463,2.66412942648074,10.612865438431054,16.496622501407607,31.39982708650892,0.0
2026-09-21,62,-14.982612403539155,14.581497970931473,23.13790457563514,29.02539727745343,45.20593016036604,0.03
2026-09-21,63,1.2820528071180988,24.079877183357446,31.5085660889032,37.51121284933497,53.254238144055336,0.1
2026-09-21,64,15.816228774433384,36.88323520308459,43.60832867739258,49.21064256337158,65.28121769297537,5.47
2026-09-21,65,-8.69984814595319,16.12635821331846,23.937753500951352,29.88782200942008,45.48839513565304,0.08
2026-09-21,66,30.41979278956976,47.7306259992517,53.1918514728264,58.03077893739236,73.94582791758802,20.95
2026-09-21,67,56.94091089735341,82.72196747149272,90.29715913542434,96.7567906116613,116.13065796995856,33.95
2026-09-21,68,87.55232744057469,107.29837174467502,113.2738064227294,119.2415905600289,138.92561290952565,59.32
2026-09-21,69,49.26667496905794,80.33115657804743,88.50808517717203,94.55783312642812,114.45836140918158,22.71
2026-09-21,70,86.43276592005324,112.10905304647264,119.23701565197068,125.55146989708106,146.42289137414414,67.08
2026-09-21,71,124.46247832190112,151.4375501373529,158.1128478598598,164.1059388680836,187.15543173442325,135.63
2026-09-21,72,164.78788225705011,187.077641484937,193.0683628729969,199.7477921626653,224.177366897578,203.34
2026-09-21,73,127.39537393797424,150.14352126598797,156.47495138223326,162.94207528708196,185.43767865447296,166.62
2026-09-21,74,157.333040540863,181.91007061066003,188.6758015568477,195.85099952292583,220.4587686648195,198.79
2026-09-21,75,189.94218239887635,210.625842283656,216.21437226112943,223.0707150712596,248.55597385688355,222.59
2026-09-21,76,224.18260680616044,243.32031008522537,248.64051655165048,255.99949605626708,283.11233516919526,261.72
2026-09-21,77,202.2603289557736,218.87814063738213,224.01298747308604,231.30153147727395,256.7485864822223,220.8
2026-09-21,78,212.5642434426792,232.56185539661152,238.1829667917512,245.6000497359195,272.2832690592079,223.97
2026-09-21,79,223.40420398354365,247.1542656410664,253.6777577734485,261.74910317955096,289.90080869986434,251.23
2026-09-21,80,238.7034375419745,264.6270147984336,271.6719421458406,280.2657537852171,309.7792457624764,275.9
2026-09-21,81,214.584548073834,244.2925790672672,252.1802181707816,260.7724369340028,289.7546254378659,251.3
2026-09-21,82,213.564920823646,240.4079363417794,247.36004655734607,255.2151113712896,283.3992516883212,250.28
2026-09-21,83,220.11382731913767,241.64331960071945,247.99014827768443,256.23843386073827,283.8265616250649,243.48
2026-09-21,84,225.43201516879435,241.4799198506573,246.1190616013476,253.1923003836752,279.695350093635,219.04
2026-09-21,85,222.2572274638411,239.68635285843604,244.5578460842455,251.61300704205547,278.21438197985026,232.28
2026-09-21,86,207.6608993430125,225.1427258229263,230.3621766634461,237.6710511950268,263.5767915511622,218.15
2026-09-21,87,200.1867098729652,220.03498489713087,225.56585132647987,232.6863573288039,258.6140447633624,213.93
2026-09-21,88,184.88116769749325,208.79947147174184,215.00473718799893,221.9613649616477,247.8375880109161,206.68
2026-09-21,89,191.1818573993793,215.03088847973527,221.2533069786476,228.3511808192769,254.5811575777041,216.0
2026-09-21,90,182.5343813397392,207.0590497421492,213.6028989225145,220.8764012954881,246.82661382683443,204.58
2026-09-21,91,175.01338401148777,200.5285585303588,207.23632894399563,214.40850978833456,240.1308028388274,206.08
2026-09-21,92,170.24242999753898,191.72917085274065,197.71526025228096,204.65089638857737,229.2748046667444,196.23
2026-09-21,93,170.04195629055374,194.92272834501105,201.49671543624868,208.5347247779749,233.83745199114747,197.98
2026-09-21,94,166.22177520154457,187.0956064324453,192.8209248578508,199.45043283081523,223.66617778539188,184.14
2026-09-21,95,160.85665587167097,183.07776375752985,188.8665834243037,195.20735336966263,219.3318117749512,186.58
2026-09-21,96,151.96933916817343,173.37950732847557,178.98522562003032,185.09631387648508,208.536470472191,172.11
2026-09-22,1,166.45081204321144,195.68033078573225,202.52191977783693,209.9050587899593,235.65445416997147,189.97
2026-09-22,2,159.22209395272068,186.7546600142079,193.4597604602816,200.82533991401203,225.89940865419624,183.05
2026-09-22,3,155.38269507633203,183.5077371939492,190.27779017801265,197.5741925794288,222.5210639706016,176.66
2026-09-22,4,149.34335516492683,176.6676108289482,183.28882166330527,190.42847851182967,214.8630317775662,175.81
2026-09-22,5,158.6909854588468,184.70434753662568,191.1824672591716,198.4890407218096,223.25507063984145,177.29
2026-09-22,6,151.2959799475458,179.36488755292493,186.08012229712585,193.25254158445023,217.92858739696425,174.96
2026-09-22,7,152.1782334315084,178.0700904158686,184.53622321092976,191.74686470148487,216.11371784082536,176.55
2026-09-22,8,151.6267743357076,176.49283542341894,182.7484082137167,189.8428270905773,213.96308380291688,175.61
2026-09-22,9,150.44469350249173,176.5295379595515,182.839434195875,189.7928185213624,214.00538424204336,175.89
2026-09-22,10,149.12980519242132,175.97092608797047,182.333536282866,189.2148551008125,213.4598537460757,174.39
2026-09-22,11,152.12117798598763,177.0160563561543,183.2943390556376,190.42088128274537,214.5840229662727,172.41
2026-09-22,12,152.4358516069607,176.96064708151053,183.2459425616656,190.4447568915234,214.5885083540299,171.52
2026-09-22,13,148.78932228957063,174.53358287228787,181.02986823228545,188.2505533231182,212.4176967969967,173.57
2026-09-22,14,148.56324215064754,173.81026932492227,180.2642764225401,187.5058715650212,211.58442742656464,170.91
2026-09-22,15,154.52457032025018,176.75841043923705,182.69780114577983,189.8472626126329,213.69334960426264,170.42
2026-09-22,16,154.84987810771517,178.38856910960027,184.5154425324698,191.7040046259347,215.80346591351508,171.42
2026-09-22,17,151.3956396936534,176.1138365110455,182.45941891440376,189.6890019591832,213.8223212103688,172.65
2026-09-22,18,150.09538810554412,175.7172171525305,182.26774597424927,189.59729154648505,213.8529306194457,172.33
2026-09-22,19,149.69043277288364,178.63806674375297,185.6935042071703,193.13847212228472,217.980826670348,174.19
2026-09-22,20,155.88421752377243,184.87418166209977,192.0470935866764,199.7307953967308,224.9952812256597,180.34
2026-09-22,21,158.5404881256738,183.8085608996223,190.40245545337464,197.9728260432004,222.70258049761247,167.7
2026-09-22,22,165.4258584424748,190.2119492179048,197.04511846037164,205.1037314502016,230.29588483065152,180.53
2026-09-22,23,179.4235619885947,207.38355006434568,213.94252260719668,221.36277658668388,247.5931319811733,193.44
2026-09-22,24,189.5839088987423,223.35821121695025,230.4771840103023,237.8521744394921,265.58827610513043,224.33
2026-09-22,25,190.95058649997043,218.65348258605653,225.77469790320865,234.13264719562017,261.27534657037114,198.34
2026-09-22,26,207.8447044194781,248.13051754955148,255.7841790679308,263.0954152872406,292.8751917392875,225.83
2026-09-22,27,221.43105636630463,265.76925760386524,273.7744511953461,281.10410348708643,312.2943340759812,253.32
2026-09-22,28,230.1388857378476,274.5665369990285,283.1304587047193,291.29537020754054,323.270273846316,277.03
2026-09-22,29,254.89545724243223,281.56167552532673,288.74408450148906,298.32376933882244,329.111184007454,289.86
2026-09-22,30,276.3860536415161,301.9542897948615,308.21652625816864,317.1196912636863,348.5997137588011,302.05
2026-09-22,31,278.0528543339285,302.7938374319881,308.31957498151166,316.4351524623968,347.56897982077595,293.4
2026-09-22,32,249.54734376304745,283.9258151419047,291.31943720089487,299.8694943095897,331.302134288584,276.47
2026-09-22,33,296.3613355083569,316.66560883606184,321.8775428186997,330.5723505466215,362.131840482239,282.29
2026-09-22,34,285.36830190157684,299.8174264389213,303.1007801765296,310.08073926987134,339.42806319706114,268.06
2026-09-22,35,242.36271136477512,264.01252161673034,269.3301909986643,277.1207487796076,305.7297826404024,240.76
2026-09-22,36,196.30478199827968,221.41711938405413,227.7858505713519,235.67077703509565,262.4789694044683,204.98
2026-09-22,37,246.90416729037872,267.56831347333053,272.27885469196855,279.5166720653235,307.9913872123122,247.86
2026-09-22,38,211.563542271017,231.07293434864349,236.3597278840693,243.9770586488121,270.53680667272965,217.86
2026-09-22,39,184.06583650249488,205.35711725680727,211.80672234703124,220.21144728265992,245.91989663726287,191.48
2026-09-22,40,158.71535881707183,191.06767809883195,199.1470062106924,207.5044524308158,233.74017399602056,166.18
2026-09-22,41,197.16938437082484,218.2739639428526,224.0196699509968,231.75258491835075,257.8687658282741,186.02
2026-09-22,42,166.31068950971328,195.03959053835467,202.15358862779303,209.96275457093392,235.77842053198748,173.99
2026-09-22,43,141.9411061994428,172.72433746854722,180.35586596369225,188.1303899216636,212.999477987161,167.25
2026-09-22,44,123.55631937678524,147.3609621527787,154.1886333929425,161.7538662350777,184.3916882482452,161.83
2026-09-22,45,135.5717256636279,163.44842151851495,170.71915133721896,178.3929183229263,202.3954183620499,162.63
2026-09-22,46,122.98352961023431,146.0360015271721,152.54304123193495,159.80744348676666,182.1752658917518,151.03
2026-09-22,47,114.25940542702875,133.0294652665251,139.0233516911902,146.17304475752533,167.31138664914045,144.7
2026-09-22,48,99.9708250050252,118.20064981582117,123.57856775845636,129.8053742384439,149.7560729394255,135.85
2026-09-22,49,111.53959962268246,127.88260383613068,134.02838827719714,141.71449378281778,162.49715361220717,128.76
2026-09-22,50,102.79451164694215,115.77168611123918,121.57256847391136,129.21445418142054,148.9485097875828,130.54
2026-09-22,51,103.70483724216628,114.36937448530657,120.10740825474156,128.04804581847858,147.54840002767298,125.51
2026-09-22,52,89.38991501594853,115.40134951868735,122.3400953864504,129.17566240932624,150.11825241209368,118.22
2026-09-22,53,101.7386891377613,112.44202435208442,117.15792925462245,123.75248152546828,142.65451322521983,119.31
2026-09-22,54,97.22582609076542,111.58676170920636,117.00529627827056,123.85330263136572,143.23361809256215,117.72
2026-09-22,55,96.53264909350013,109.35002751455062,114.62986077266932,121.5333540320857,140.63561211628985,114.92
2026-09-22,56,91.62885975854306,105.3436335584735,109.95999895143896,115.79638360667204,134.39548789959483,112.14
2026-09-22,57,94.75215108137552,111.5393508619778,117.45144557082112,124.51074933153828,144.25178071632374,115.15
2026-09-22,58,103.00300969316862,116.59276105249194,122.57989521990466,130.3668789734633,150.27003208336845,119.39
2026-09-22,59,106.90905798392572,121.0384934965024,126.59644392581048,133.80801421176733,153.79410576403984,119.08
2026-09-22,60,113.76699643081712,132.8073134553284,139.12779868588902,146.64578377569632,167.9413141246761,122.93
2026-09-22,61,96.06725114943256,127.78979611831252,135.89341507553164,143.421800013572,165.94421479075277,124.89
2026-09-22,62,115.07420176232,136.03616812310577,142.73052990062766,150.44407613502568,172.20773595417955,130.22
2026-09-22,63,126.32034599143785,150.25830411045342,157.10633146690336,164.71893031305677,187.54253041732025,139.62
2026-09-22,64,144.06431724176957,163.2829894205681,169.43264272513684,177.1676458937306,200.16901682579183,151.71
2026-09-22,65,116.0070726543826,141.60319389903037,148.5966246314304,155.9756167012709,178.45107007820184,147.3
2026-09-22,66,141.3372197986873,163.15957759285968,169.76680422316036,177.63507763949116,200.9849028274448,161.28
2026-09-22,67,168.1356549657143,190.03787695323444,196.2584298271909,204.0290858419376,228.76665100419865,185.78
2026-09-22,68,208.9777732553432,218.91501126770072,223.47804178901723,231.6404658195739,256.64091030921134,213.13
2026-09-22,69,149.8561785733746,182.36641430157096,190.0796635712487,197.8073297455646,223.3689804060807,164.68
2026-09-22,70,197.4818959072376,217.73003475112083,223.63521495525023,231.7125790372455,257.8280143795825,211.86
2026-09-22,71,231.63046704554768,252.3599994321026,257.6091785474106,265.29294848577314,293.14096206701646,241.96
2026-09-22,72,286.52212800983534,291.76006259731275,293.6187634691304,300.24590050898485,327.9576004734964,289.06
2026-09-22,73,233.5030549744809,255.84960928529688,261.56668639089264,269.6232893865461,297.98347191913075,253.0
2026-09-22,74,286.8001255222036,304.70466592057545,309.95350088994485,318.9282376990737,349.68104868221366,317.94
2026-09-22,75,352.2710934215025,356.15938564135854,358.2499684362473,366.39465231211113,397.9030469078236,417.93
2026-09-22,76,446.3622004504464,475.1981604482925,480.0321767105203,489.1926707632047,530.2704054477715,510.34
2026-09-22,77,475.6934271050201,480.2411149514404,480.5902539486408,486.99067325211,524.6470482423531,564.09
2026-09-22,78,494.5969095634362,547.630645921141,558.1262475817895,571.458115999718,620.7396079050067,647.5
2026-09-22,79,593.2695628388722,615.4822398417613,621.7216785292095,635.9799392959823,685.5638336417297,640.67
2026-09-22,80,654.1648930274785,695.1830684536307,709.761058083017,732.6669752609413,791.872347373953,533.26
2026-09-22,81,550.298720967766,614.433110885933,631.232570358824,651.742316946726,708.5154157775879,543.39
2026-09-22,82,505.5060994331777,554.7821411360605,570.0335341901574,590.2206000297305,641.9914941890709,442.38
2026-09-22,83,444.9652290805798,461.6398507640996,469.4240844764527,484.2650486682821,525.31912777358,389.22
2026-09-22,84,368.94958485314106,384.7878826989333,388.416902083432,396.9007123012814,431.443541160928,357.66
2026-09-22,85,386.1149750962858,398.99996253863134,401.51088047393625,409.2913742502871,443.9739625967841,315.72
2026-09-22,86,312.95680877529327,331.88197377055195,336.36316170163286,344.5936212353646,376.6193380593234,292.8
2026-09-22,87,261.514196933188,290.0885940175829,295.5022244334656,302.61519446489,333.1563065682392,291.88
2026-09-22,88,228.71866661026672,255.37617743942047,261.51409059689473,269.3556594832508,298.1163203733654,256.14
2026-09-22,89,256.37377113792013,275.2011177744538,278.8045142560053,285.05878314288003,313.3534906185073,258.79
2026-09-22,90,225.35023567340727,250.01763955869225,255.8327952567436,263.523550830673,291.71262804274653,252.99
2026-09-22,91,213.5326135292212,239.32316640517945,245.9539485022382,254.33145060074656,282.3451418497659,249.35
2026-09-22,92,202.23740554139155,229.6410992162229,236.0903093949108,243.8072631919132,271.2544359701538,225.58
2026-09-22,93,205.8676139592103,232.77575105553973,238.98939584132583,246.5383741078609,274.02985860235617,226.09
2026-09-22,94,198.87054626127832,223.6047648469544,229.67960812296585,237.28696155173765,264.06256482957366,214.54
2026-09-22,95,189.02868305888245,214.5473874119303,220.68624551899413,228.10093766895343,254.420026711283,210.21
2026-09-22,96,173.37940533371048,198.23247819486247,204.08148166477537,210.9901614728905,236.18397144042245,201.18
2026-09-23,1,166.9256090817121,198.90079237253045,206.08220445739585,213.8644799881999,242.2025264324536,194.51
2026-09-23,2,160.37895680980185,189.0774988157288,195.8140787302688,203.4851217116505,230.3511489657145,188.57
2026-09-23,3,154.12664140354272,183.91522988746576,190.8130870840768,198.30574531718145,225.1138841157328,190.3
2026-09-23,4,146.99407147911472,178.33731207219554,186.6137352113801,197.9426157967661,223.1730858728964,182.46
2026-09-23,5,156.38941429762738,185.35022452273827,192.1659571818631,199.85857171611383,226.49826827135544,181.76
2026-09-23,6,149.5817340163266,178.35674656022073,185.09664804590352,192.40504837724063,218.6282068730009,174.93
2026-09-23,7,144.19315040835323,174.5210903110797,181.57589793095724,189.03869277707489,215.28104177930948,173.68
2026-09-23,8,141.01619444384133,171.83217418807456,179.0223525760797,186.6154480199608,212.71980203809656,179.0
2026-09-23,9,144.00217059873836,173.7006755591486,180.5636318464292,187.66440827112456,213.83979397023467,174.52
2026-09-23,10,140.60884632945616,171.6906117800375,178.7936427943582,185.9336467192322,212.27094961294176,171.11
2026-09-23,11,140.73252986842022,171.61671277070954,178.824055173085,186.4341820710041,212.5317650089516,177.24
2026-09-23,12,140.46754189280577,171.1240273103308,178.32805212894615,186.03330088798225,212.0018995122709,183.06
2026-09-23,13,141.32926454204167,171.10153194275946,178.06095796130884,185.3802983890656,211.2908796988877,176.72
2026-09-23,14,140.1668678790884,169.82020275958732,176.80622118736133,184.24292485894915,209.9822463706264,178.53
2026-09-23,15,143.08863812188562,171.08051584434145,177.82609864588434,185.3481706115068,210.7535435203502,178.72
2026-09-23,16,141.9311423712749,171.15501792655985,178.1447592251478,185.8663244967969,211.4904724191065,173.43
2026-09-23,17,140.1387667934298,170.27072129819757,177.41208132818358,185.15190453589145,210.9180340010951,173.39
2026-09-23,18,142.17135835927715,171.31919623715564,178.31792352020418,186.11693583468963,211.70451279656288,178.13
2026-09-23,19,142.45365321320182,172.4736164413372,179.56775065961966,187.2701963994356,213.19011771538155,178.35
2026-09-23,20,146.5455236835289,176.65999817064488,183.65706410475903,191.0979590930879,217.45902555431783,173.94
2026-09-23,21,143.87093123635023,173.92114973359585,181.0326291362257,188.82479348328084,214.8249236467541,171.61
2026-09-23,22,151.4062526202562,180.25786127471244,187.0535013546511,194.57575967106072,220.87477094250968,188.0
2026-09-23,23,169.1238764841893,194.67736825518347,200.73764075063823,207.89316110623813,234.63820372596552,202.0
2026-09-23,24,191.41990760840903,216.36500635517243,222.29696396846435,230.0021772571011,258.01320209250315,232.86
2026-09-23,25,183.236314240007,213.1287466511029,219.98160936578745,228.16875366258373,256.9198099482826,236.07
2026-09-23,26,225.18732742934927,251.0331887833773,256.88894685674313,264.9212794244968,295.6206375203638,260.63
2026-09-23,27,253.0862582072472,284.17513528211543,291.42579997038774,302.5778035337034,335.7700240962831,355.5
2026-09-23,28,303.7239322951372,317.4735923684687,321.13237085506466,329.9979318579021,362.48403530300806,347.79
2026-09-23,29,334.47967289531914,335.209756884171,336.8967957137235,349.6930750469821,378.4520677499914,370.63
2026-09-23,30,344.8150552277992,351.3122413431256,353.9328932405119,364.092171838949,396.88271774110257,385.35
2026-09-23,31,316.0972267912801,318.0627585243249,319.1339896230951,325.24596141113494,356.0739834238819,348.25
2026-09-23,32,239.86512567751257,274.0928824201964,281.1255801693588,289.5152347059736,323.79569344545484,280.09
2026-09-23,33,368.6075422859752,369.18564545329366,375.0291861954201,375.6398857793107,407.5748920036769,274.32
2026-09-23,34,276.0666543506508,291.29602624008714,294.52486520491465,300.2726308263371,332.38518287696826,240.5
2026-09-23,35,213.9715533225536,238.60314340056289,244.2779808775149,251.9393533692409,281.5641506212583,224.31
2026-09-23,36,150.75022658711598,191.84373983971207,200.7280449837955,209.38424091415385,239.0098553259413,189.12
2026-09-23,37,251.17354887986843,259.04789054068584,261.68236148858267,268.2832448088972,295.8861788485945,217.94
2026-09-23,38,185.71504605753023,207.8119563396081,213.3478254894684,220.92280446779307,247.66658116890216,193.88
2026-09-23,39,143.13321865582645,173.17054291253243,180.49240558096213,189.0072800071693,214.66011793962008,170.82
2026-09-23,40,117.99931906755282,140.57580753954605,146.74539068840554,154.1992503328605,176.05364462507194,146.46
2026-09-23,41,156.1468608188524,179.5211772575958,185.5896601240376,193.47132877892875,218.2708550576644,166.24
2026-09-23,42,126.52202968926008,155.68941012748778,162.8195330294237,170.583764974316,195.0155512211625,148.1
2026-09-23,43,96.92788051022733,134.10539299102263,142.49959290846462,149.7386586702512,174.66057754211187,134.95
2026-09-23,44,79.66654831656857,109.6685903864524,117.10520822638,124.06789525137673,145.5595682487483,116.12
2026-09-23,45,98.37930788052014,130.51903431023945,138.1492825415646,145.2942235600289,168.78758219379048,119.82
2026-09-23,46,83.77342463776674,111.19299338074028,118.05927345818442,124.45036883051355,145.6708193246327,107.13
2026-09-23,47,72.96954146820215,95.0482955088249,101.13892058028388,107.16682510080302,126.05037697933902,86.82
2026-09-23,48,61.15224399838258,77.23224909740905,82.31267223281135,87.45419279776175,103.92737322359224,75.87
2026-09-23,49,68.43366455450402,88.46458699313791,94.32922031572316,100.45654823150706,118.31944938504412,85.87
2026-09-23,50,52.53518694756388,74.49754398060955,80.77137201638628,86.86640956792692,104.1515743346657,73.37
2026-09-23,51,45.34973644402955,67.94916114000614,74.35599408781779,80.37311871859268,97.34864567161269,69.72
2026-09-23,52,37.97823623053636,62.1574518068238,68.83861540157262,74.79236387222568,91.73323353522686,63.26
2026-09-23,53,42.51346871611836,64.23015733296491,70.45078776004776,76.17144685157956,92.775962760846,64.74
2026-09-23,54,37.79556890544408,60.13203197097768,66.44892175276439,72.04802226170045,88.54026644336894,60.02
2026-09-23,55,34.85025359147303,57.30910479095388,63.6383354251358,69.12740155733381,85.4804497297199,55.07
2026-09-23,56,34.36516981928883,55.14968881292478,61.08622706744036,66.02632771454012,82.03807846731736,49.47
2026-09-23,57,32.322488715366084,57.47479263163477,64.3116684458265,70.14510645531504,87.0132114492786,41.99
2026-09-23,58,45.55404453224914,67.19922646358476,73.33544494267018,78.89019361653857,95.76687218806636,64.85
2026-09-23,59,56.47626633992365,77.00007893865278,82.87353182632727,88.41111893165262,105.76462907375272,85.33
2026-09-23,60,67.41675033926427,88.80307529449124,94.75825736938602,100.48744253192903,118.85628599138848,108.18
2026-09-23,61,43.681222939150665,84.57025675873325,93.6804085955408,99.90458327369498,122.3906500566934,72.09
2026-09-23,62,63.26200718605335,100.15801570344132,108.45909115541716,114.46651098270904,137.2615890274214,101.31
2026-09-23,63,78.73093232271202,116.12558704205912,124.6533510548646,131.6862368571176,155.39100379879747,126.3
2026-09-23,64,103.4025841699875,132.07709138278264,139.01817792100124,145.6484557901902,168.64077312536196,141.93
2026-09-23,65,78.74132653004304,104.84376747885894,111.5096486887974,117.70555721871278,138.21386951401087,124.17
2026-09-23,66,98.000789338138,129.39543672256335,136.7945031660905,143.4918316779761,166.90206992125775,148.07
2026-09-23,67,120.08660522351644,149.0486020127406,156.01263848012968,163.09703230000872,187.2518637120706,165.54
2026-09-23,68,156.0804509738962,178.3173121184389,184.03396186845143,191.25204065235903,215.9552346174417,189.45
2026-09-23,69,110.60845075525614,144.74256428433037,152.67862434886618,160.27075048000037,185.1283552823231,158.94
2026-09-23,70,147.24706603494772,178.373957534239,185.82013236916845,194.34927919232703,220.6461710703921,186.1
2026-09-23,71,180.3365097865466,214.7211600844257,222.473836947592,231.46297751351688,261.08127471300213,211.46
2026-09-23,72,198.2460596087481,238.3869099750152,246.711808893318,255.360519171446,288.2596780089993,239.54
2026-09-23,73,173.55282453886358,209.2351976581532,216.69943099092248,223.80877518906544,254.0718181936537,206.0
2026-09-23,74,200.20769763695804,230.9688970231425,237.5274403423188,244.769365034465,275.44358209313503,225.83
2026-09-23,75,211.15307824198035,250.2337702122543,258.02238092745387,265.7237600225528,299.63846953807,267.94
2026-09-23,76,220.82223238118144,276.83770351940206,287.3302096607258,296.27751125930155,335.71722292356844,275.11
2026-09-23,77,224.5219638915856,281.90996701748384,292.8201319142045,302.65650277804093,342.44921852933146,271.83
2026-09-23,78,207.6460349253409,287.56636963692824,302.0374368800308,312.47787015492685,357.80696868805046,257.33
2026-09-23,79,226.83689547893263,295.5319327124768,308.21713514810415,318.65018089736697,361.91439531536406,272.89
2026-09-23,80,232.18615620850707,288.18161343765934,299.2346541690809,310.5146759047717,349.8728571310932,284.31
2026-09-23,81,199.0706652723069,283.8107444545449,299.5284490158418,311.64746540345334,357.1706756136238,262.21
2026-09-23,82,207.07687411144164,257.79042662569464,267.636386385826,276.5629923437758,313.3205635146666,249.7
2026-09-23,83,206.7170427278069,236.8982668398112,243.5343751477133,251.5441418489891,282.22027063056095,223.83
2026-09-23,84,156.40699139581204,203.9659047801844,214.04519472627769,223.80971778605647,255.44036295130323,210.76
2026-09-23,85,210.0361253163985,232.3923590874264,237.52984066624484,244.3303280967317,273.2909144916521,213.26
2026-09-23,86,185.78109007463408,212.26525762585524,218.36003428046925,225.68454027987207,253.9047386041828,205.96
2026-09-23,87,169.99916300672203,197.180533984781,203.6207425942169,211.31600827150527,238.42081303219044,190.73
2026-09-23,88,150.13465553245598,177.810461420208,184.417008683832,191.82932813974725,217.70896639642376,170.84
2026-09-23,89,167.00135938165013,193.1207020184816,199.1930891673724,206.0393567272872,232.92501574026,182.87
2026-09-23,90,154.39677086073613,180.2126921550996,186.4996554449068,193.8611760833565,219.49975952121324,170.36
2026-09-23,91,141.37007500431653,171.52447716799682,178.67224454876262,186.46152088434064,212.3074825959665,165.74
2026-09-23,92,128.17087157706652,159.10797249580327,166.48919806395665,174.29295130364736,199.3861908514333,161.5
2026-09-23,93,137.05016346785104,165.62254217399126,172.42552148090462,179.668280802349,204.9127156163828,166.95
2026-09-23,94,124.86504267878357,156.08294181029035,163.44799180804446,170.95029954030375,196.0030189373372,154.16
2026-09-23,95,117.64063777314496,149.52522897801182,157.06875971578214,164.63674804819226,189.32897584857656,150.68
2026-09-23,96,108.88455047095196,139.14886484272932,146.3101017975973,153.0812079404856,176.92636702721327,144.2
2026-09-24,1,95.90912566988194,128.18112191790206,135.97217139829192,141.81972427370815,166.1133837042388,124.78
2026-09-24,2,86.36394318454214,119.15302213976926,127.13009539177736,133.4264183853424,157.01578583985028,136.68
2026-09-24,3,79.59511453344723,106.9153208795639,113.77707193029366,120.0372984057774,140.81256469733975,130.6
2026-09-24,4,68.50134957403833,96.73105130804598,103.86964081613648,110.58227849743662,130.6996410931486,129.4
2026-09-24,5,80.75023511623473,109.21419158295086,116.2833111451591,122.09948682810744,143.6400782301697,121.01
2026-09-24,6,70.3228703734913,101.35896356512596,109.01926355764076,114.76753568202062,136.63103819611334,118.29
2026-09-24,7,61.77780893419722,94.8347036888236,103.01146900160823,109.53707152000987,131.26565929369713,119.7
2026-09-24,8,55.18167269443939,87.84849651893154,96.00355477929338,102.9510109979395,123.828032803763,116.49
2026-09-24,9,60.088068849198656,93.46150372015126,101.71641866425466,108.287559026564,130.0014297448863,117.38
2026-09-24,10,58.49477139174248,85.54416318544466,92.4881529321,99.21070229259529,118.06155154372156,114.96
2026-09-24,11,55.40384258350216,85.31321531054917,92.83523286984064,98.91092738114426,119.01784485040248,114.36
2026-09-24,12,53.96265139739389,84.16046294957656,91.77146004802913,98.19159032187709,118.16069479205842,111.35
2026-09-24,13,57.49212790842119,88.34112859959899,96.07197191631278,102.51956141997456,123.02127869908654,109.27
2026-09-24,14,56.09854763829707,85.31144797388097,92.69577601798912,98.97484961363216,118.75149563355112,107.97
2026-09-24,15,54.52814356369506,83.80588812210203,91.22201088485188,97.66501331834428,117.27799691810924,106.5
2026-09-24,16,54.93941993714238,83.894468102715,91.23845541007464,97.6453402982076,117.16887440251448,104.39
2026-09-24,17,55.65289128755911,81.99154398399725,88.7865346462277,95.26595215645438,113.70532439195696,106.36
2026-09-24,18,55.58115780661864,85.27101910052336,92.77723257039352,99.3704798231166,119.17267517576536,106.43
2026-09-24,19,61.08479161870084,89.43323409225717,96.64072647356475,103.4339918466319,123.00110410430636,105.65
2026-09-24,20,65.77365001632819,94.99815008292865,102.42754457404712,110.25761858819128,130.10134749939925,110.85
2026-09-24,21,57.44678732882969,88.64002810601006,96.49164859385073,103.73812559685484,124.03415793743376,118.13
2026-09-24,22,68.30475682732893,96.23388361045164,103.34930000667131,110.7068607808398,130.40123750178986,118.67
2026-09-24,23,79.91220223425637,107.3128900765116,114.26264600686692,121.7283606003069,142.03692460006565,121.55
2026-09-24,24,96.7585662626564,124.16887454930608,130.9934626400732,137.8231814726642,159.6969900622817,128.45
2026-09-24,25,96.55388713741776,124.86009664369382,131.8986523435414,139.13739333229242,161.19653725487584,123.98
2026-09-24,26,110.98670421214194,142.1633093857915,149.7440444682114,157.2359622946321,181.49953580649148,142.78
2026-09-24,27,125.30942691737243,152.8263989888404,159.54096148718122,166.6698346798074,190.63499551398388,156.71
2026-09-24,28,142.20741316099884,166.87662228547163,172.88656706035655,179.7283176821607,203.9018164184344,167.77
2026-09-24,29,150.70699013517566,176.30734197603377,182.4680629585906,189.30941950841105,214.52498562355103,161.37
2026-09-24,30,147.95638633050436,177.10561790916745,184.09050732681968,191.9949368600536,218.039398367824,167.17
2026-09-24,31,148.51473213042502,178.7303047736261,185.9342687919873,193.80583433684745,220.35832694945216,172.69
2026-09-24,32,136.44277395623996,169.86156477066217,177.8225175510502,186.033221828238,212.873013206034,170.83
2026-09-24,33,155.539359520779,190.69294710934733,198.94143957570992,207.5460139223456,236.4040400409148,185.99
2026-09-24,34,147.52696382970362,176.0950340372063,182.96126663051527,190.88493995461263,216.6424033154082,175.9
2026-09-24,35,125.15584684477756,158.7522373208333,166.7886665736972,174.6461212092541,200.85444902239308,172.6
2026-09-24,36,92.5143460886153,128.94013087453632,137.7271303371343,145.32218144047943,170.3535290436723,160.57
2026-09-24,37,135.19175920500925,159.72601318864676,165.7384130218774,172.47787364363523,196.10399875108504,172.79
2026-09-24,38,98.50646617647612,131.4181495333731,139.40906516209895,146.56830249993433,170.75943863752784,162.39
2026-09-24,39,73.38344326723526,106.33155470001718,114.43075369629386,121.063341067816,143.5840386001561,144.42
2026-09-24,40,50.57917845885401,84.3193599745434,92.7005109782968,99.25631508907917,120.40714837090766,130.04
2026-09-24,41,74.82173200832577,105.84435903471814,113.52351093817148,120.02376975031484,141.8970823597929,136.4
2026-09-24,42,48.302589607919565,83.79832815813973,92.59307866502702,99.69253325302392,121.17584320749364,122.77
2026-09-24,43,26.54467756857685,62.14290737825333,71.06437196270878,78.00643561439048,97.94299425528928,106.24
2026-09-24,44,1.115577368838565,35.14252226484673,43.895871945053536,51.30048436968426,68.4323235109542,81.51
2026-09-24,45,17.403826229958774,47.8408189923089,55.68411684895774,61.92793399802814,79.28805526804476,98.66
2026-09-24,46,-2.082529123274952,23.389640545001264,30.263628660456728,36.025654340203026,50.00952557932064,78.86
2026-09-24,47,-16.81521638474555,5.871767722200294,12.240432429849417,18.037122437232448,29.704416436562475,60.02
2026-09-24,48,-26.57665439929444,-2.493105140219031,4.221596935478058,10.038414623478928,21.543680832379035,36.1
2026-09-24,49,-21.35515243717876,1.9947424146487729,8.536430962254535,14.496116823123373,26.026816401210542,25.01
2026-09-24,50,-32.885597915761224,-4.599701882184716,3.052071865628508,9.217588427816294,21.86803664839724,15.11
2026-09-24,51,-39.56369463954972,-8.17999028596547,0.1633295004012205,6.421670134787279,19.833261149599988,13.88
2026-09-24,52,-47.81778233907838,-10.5646619682806,-0.9271795465488002,5.624272546886118,20.76228668174946,10.0
2026-09-24,53,-44.862006932724746,-9.681256138578505,-0.497770984004775,6.002590235796214,20.51138042147821,14.0
2026-09-24,54,-47.76574000305313,-10.96056492425506,-1.4165739825710757,5.14946734724376,20.09557538682272,10.03
2026-09-24,55,-45.98765322066728,-9.43649264084856,0.0417789403826351,6.55833096056338,21.554065431059943,12.32
2026-09-24,56,-45.2995507724228,-9.120802512676702,0.274429472418682,6.771406532011232,21.670556866211903,10.05
2026-09-24,57,-54.95728303585123,-13.610989408077204,-3.05474628311982,3.8494597132344577,20.02138499061931,8.86
2026-09-24,58,-34.432032787776905,-0.5119243779842062,8.333241183361773,14.52670347972414,29.430866164674462,10.9
2026-09-24,59,-24.56665511520667,7.2135821141015395,15.536529462812238,21.3869968917176,36.287217889405696,24.0
2026-09-24,60,-13.753955456993396,16.77841219178527,24.78520020373209,30.68484089820656,45.85996404592422,34.99
2026-09-24,61,-18.239369398722715,12.653591883654345,20.75879215487837,26.642223579587604,41.63503591154097,38.66
2026-09-24,62,5.455501616720305,32.41109303322225,39.5542696254254,45.27165774049468,60.47722439273584,61.86
2026-09-24,63,34.59037214088075,54.68839801546166,60.236641170921416,65.94033561726268,80.47151705396834,95.0
2026-09-24,64,63.735050361279896,76.96575421272809,80.89496663252966,86.22058518409649,100.2326700990445,108.0
2026-09-24,65,26.738639264954426,49.26290048491186,55.38323823239102,61.43547702688968,76.24284527385254,76.9
2026-09-24,66,72.2322403024917,85.32054870049765,89.19577249406663,94.86450329561332,109.31469327623222,108.86
2026-09-24,67,83.45111354675831,112.76494822275347,120.06506218147648,126.98618315769276,148.61109744040184,132.15
2026-09-24,68,114.46512798928585,135.01563313937632,140.2848398133508,146.76596909517573,167.23907191921742,152.8
2026-09-24,69,80.35430002743794,108.25096304623057,115.2551569479368,121.93533926641328,142.82950384587153,141.6
2026-09-24,70,105.9821231838136,130.15629218512188,136.2242351273983,142.5863540750466,163.99773391318806,170.89
2026-09-24,71,140.112203833632,165.19389364901392,171.26784962672644,177.55165649996195,201.98290363138835,193.19
2026-09-24,72,176.50625971910506,209.08634966127872,216.63061123774148,224.35534424414936,254.10602549907185,214.43
2026-09-24,73,141.39155961585834,171.1584290764313,178.3059899847387,186.18265714931948,212.0000732656554,186.47
2026-09-24,74,170.48663583616067,204.44523106281653,212.3521999160556,220.76278283348373,250.3391551308828,218.93
2026-09-24,75,208.2390955372594,233.6238417386322,239.48570053126608,247.15002412201247,276.3018003777822,236.02
2026-09-24,76,234.88379496830328,263.93149965307003,270.45005884301906,278.5729632053687,311.1059873941579,262.74
2026-09-24,77,231.5540955871051,258.9402786796033,265.06098448240857,272.0843239723767,304.1393490228383,249.33
2026-09-24,78,220.3174192801407,251.4002104277388,258.4357690549916,266.76937553380304,298.961248019408,263.79
2026-09-24,79,227.76843146057607,263.778385568039,271.8223924941633,280.3663072210207,315.1192340515625,267.94
2026-09-24,80,245.6371095580116,283.1925118549383,291.4482168130544,299.6813221325036,336.585616675305,288.23
2026-09-24,81,212.91722999861707,257.1970796094512,267.09222221922334,276.22647079823474,313.08910064743,272.65
2026-09-24,82,220.2290858949858,254.89876393545083,262.6810259117194,270.8946391104825,304.64959944387425,265.8
2026-09-24,83,220.09737831144813,247.93829135901925,254.19078167286963,260.81444706970865,292.36253113966336,253.5
2026-09-24,84,254.06668013919665,259.2181517450706,260.48802527147507,266.4938391234657,291.3008680922405,248.05
2026-09-24,85,217.50533620922675,242.05014881131385,247.634238166286,254.4290854745704,284.31048980859015,240.29
2026-09-24,86,194.7653820023063,223.0224722653536,229.55245819076936,237.1128692543424,266.4980215939784,230.0
2026-09-24,87,183.4498385405116,212.8083048206677,219.6351040177641,227.29173466729105,256.2383615211576,223.38
2026-09-24,88,169.1006747874859,200.42137644073105,207.75538359954817,215.73299368142327,244.2761850198888,209.62
2026-09-24,89,200.71703436433728,219.4111695138292,223.8380631730417,230.35691266856983,256.60333804084235,220.96
2026-09-24,90,170.41334421504632,199.77720681447803,206.65971184204184,214.08205877304985,242.139188480438,204.52
2026-09-24,91,159.09767901958975,194.6880383484516,202.96014422060765,210.74667643409475,240.4169669920877,201.0
2026-09-24,92,153.61005674605522,186.70755502802945,194.46078577642808,201.8474854665256,230.2188479477421,192.99
2026-09-24,93,159.31717154939793,191.14473349251173,198.6119059957016,206.17740937529416,234.3686816979471,196.93
2026-09-24,94,152.65695559429307,181.594137386197,188.4707054702848,195.7290626919892,222.32347201118705,188.32
2026-09-24,95,150.77050968449163,179.05846645440923,185.80021890100628,192.91976751801388,219.15613323151592,185.64
2026-09-24,96,140.13981859997563,168.3372458285114,175.10571846350797,182.05469487167767,207.51663458856112,181.14
2026-09-26,1,167.70591809235782,193.88209392988543,200.77329514871613,208.4606169037962,236.0320736731668,205.94
2026-09-26,2,160.65890344655813,184.55730950345983,190.88446340351564,198.55375496781195,224.83559758325384,199.14
2026-09-26,3,152.75082225162654,176.6891024488512,183.053276747556,190.61932780614256,216.3623165627459,194.54
2026-09-26,4,142.16549131132692,167.5823428285233,174.3944333055477,182.01475006485109,207.5866720501201,185.56
2026-09-26,5,153.02979442292812,176.69648683214774,182.9945204144083,190.6110171248484,216.28673992716767,187.85
2026-09-26,6,146.04580572238527,171.10579182653322,177.82465076323874,185.59984997966856,211.3383817064968,184.4
2026-09-26,7,141.74744558424572,167.51844763119863,174.42993078577942,182.08480595609936,207.76252372734723,182.86
2026-09-26,8,134.7861993108436,162.27607426793148,169.66828917065143,177.28431431555038,203.09977361285064,181.02
2026-09-26,9,141.0344314851993,166.55876911360917,173.44098260446088,181.34385402430203,206.93939296104656,181.33
2026-09-26,10,134.93934165186778,162.23202604629924,169.59757029786252,177.41472500816425,203.2136426133989,179.17
2026-09-26,11,134.56134454495924,161.2258382718865,168.43520551417348,176.304009089347,201.8645851218928,173.17
2026-09-26,12,131.8511116018514,158.82021388931884,166.06629512116197,173.49237110316037,198.883901175004,166.7
2026-09-26,13,133.30210243489623,160.2728796457435,167.53395121143097,175.1303955566936,200.6567865983382,165.93
2026-09-26,14,131.54900449876268,158.32537312072043,165.5310613052349,173.02432441351797,198.3413524950141,163.25
2026-09-26,15,130.22588200438796,157.48865617191495,164.8389249099396,172.41317174414348,197.83249650206568,162.56
2026-09-26,16,128.6520219618815,156.2297387477908,163.6566676188872,171.12304652906514,196.52577265793428,162.47
2026-09-26,17,129.6182530500074,157.4976277736128,165.08384098724414,173.2132517261608,198.93200578742108,159.61
2026-09-26,18,129.84844773041348,156.8165996591665,164.0696382868059,171.47330311121655,196.7252384222808,160.35
2026-09-26,19,129.99638036075447,157.06720901193142,164.3580267765178,171.85213899218627,197.1702214791156,161.3
2026-09-26,20,131.6689650395164,158.57019477695178,165.79241307100006,173.16404481980967,198.50734503582908,161.76
2026-09-26,21,131.26255660715995,157.96088411998812,165.13574426500097,172.5369586722053,197.7869874321028,159.09
2026-09-26,22,133.2960732922394,160.54928074009675,167.84997157252107,175.17778132503085,200.7463885228231,158.03
2026-09-26,23,140.93883289631054,167.98252350419818,175.19534308861438,182.56630963760816,208.58242358487607,160.44
2026-09-26,24,138.31107328850985,169.7230194579916,178.0793323782195,185.3329808730567,212.7060488142899,164.62
2026-09-26,25,148.69358084142547,174.1980937897771,180.9628441197716,188.2911437921369,214.26924216350795,167.7
2026-09-26,26,146.90692014418318,176.13746793890186,183.8922128445079,191.25223497769045,218.4468407477366,176.77
2026-09-26,27,147.02514286065193,177.64021951837586,185.7528293457912,193.07738158456,220.7662787681947,181.6
2026-09-26,28,153.31389727170944,182.02928886912548,189.5796671596993,196.65092193673243,224.02917834637816,188.88
2026-09-26,29,169.84983786114017,195.2041846182045,201.78727251774023,208.8365982198189,236.12056642987272,192.05
2026-09-26,30,162.34764538154252,189.79499744861351,196.9645900693264,204.0136975181057,231.54096679501487,194.29
2026-09-26,31,157.657907313855,184.6394734822924,191.772190550238,199.3017975715165,226.45214738409143,194.14
2026-09-26,32,142.55346801346408,171.60374047955497,179.3960160010532,187.24621078258065,214.1904378962605,196.76
2026-09-26,33,170.47688209502118,195.9700402152881,202.60532093107267,209.8023995991332,237.20996945044843,210.93
2026-09-26,34,156.6468839134059,181.7524483812148,188.41131205603224,196.0416861228115,222.47659247254663,203.0
2026-09-26,35,139.18752215263942,166.14323920882566,173.3493996019007,180.7795347072201,206.6595321756755,187.34
2026-09-26,36,114.87134118003912,143.8752961823415,151.7411928926682,159.17365256183777,184.1530986980953,166.4
2026-09-26,37,145.12727320744486,171.8582487992827,179.00280217658812,186.6451163118828,212.8894870984217,193.17
2026-09-26,38,120.01850882020062,148.42253659550332,156.12375149253117,163.7006142643772,188.8426922799044,165.98
2026-09-26,39,100.59480326880448,129.2596903072449,137.1240373243172,144.67717785291518,168.60362821583448,139.03
2026-09-26,40,83.46239573229029,114.20238804367904,122.68185118886662,130.11648425764125,153.6079318346724,127.59
2026-09-26,41,100.07595186160503,127.77327212318228,135.3762941101731,142.84953269684152,166.37861017215573,132.41
2026-09-26,42,78.22407024658207,110.43286900348856,119.317827422627,126.70583005637285,150.35973399114908,120.56
2026-09-26,43,66.10480863635973,95.44821538022872,103.62257267308712,110.8520840852064,132.635874746318,104.99
2026-09-26,44,43.669694137666994,74.17937762350445,82.73385282500936,89.66240050801014,110.29151597815886,90.0
2026-09-26,45,53.90549757225729,84.41280385151934,92.89159614935711,99.63670936512224,120.91221447413638,78.49
2026-09-26,46,32.86412272734101,63.16828519277411,71.67945816327301,78.26647782274915,98.02313043176922,59.07
2026-09-26,47,14.489329949990308,44.97134322834116,53.60726052862442,60.08213362855391,78.64479082989912,46.32
2026-09-26,48,-6.6183252800417804,24.49023988478321,33.29759721326452,39.000017766440784,56.20242648718276,28.53
2026-09-26,49,6.062499716864132,34.82594984751263,42.8885439232193,48.07601369705106,65.18118203477289,17.33
2026-09-26,50,-12.139850279605994,19.68338522378589,28.733132586637268,34.64769497141695,51.78048088020765,12.51
2026-09-26,51,-19.42582353762716,11.22658575806993,20.01731316356104,26.01981583939004,42.26487893339076,9.47
2026-09-26,52,-26.668278176014976,4.151562491360163,13.08108066004205,19.539077448549182,35.45643689731162,4.71
2026-09-26,53,-24.750464336569618,6.486614522074252,15.47845124939897,21.644729634071474,37.77652465406081,4.64
2026-09-26,54,-27.5505770118992,2.9070304811769496,11.756974245907928,18.30039164557964,34.04777655588717,3.73
2026-09-26,55,-30.578118322632,0.4219590669576174,9.468477213269995,16.316710119079644,32.12046733153584,2.43
2026-09-26,56,-32.94179053400781,-2.480839295345339,6.439404408415159,13.312429036409808,28.770547213637567,2.42
2026-09-26,57,-31.74485486276215,-0.8836109414298718,8.100369559124859,14.699076434302542,30.320970781135184,9.02
2026-09-26,58,-19.06316050734666,8.535822974944999,16.57693597398881,22.990950107819337,38.25989970823103,12.51
2026-09-26,59,-6.795360198180532,19.62017025309628,27.30230820658556,33.81822234568926,49.51026828986182,23.3
2026-09-26,60,7.59205768131649,33.51788813063823,40.993731391537416,47.46698565483715,63.94063372118789,28.97
2026-09-26,61,-3.2960781449007044,25.88140353014153,34.232137306005896,40.452256564326895,57.30064692201451,23.0
2026-09-26,62,24.21945221664413,50.72224655746143,58.25754216530612,64.66751156310873,82.44924064134675,40.0
2026-09-26,63,48.37025825639513,75.17735815187162,82.69488813769651,89.29214040519831,108.84382013945692,59.82
2026-09-26,64,69.51368170708929,94.47807545510368,101.41751398399076,108.10430374765178,128.43682984112962,83.28
2026-09-26,65,43.54923598706395,72.8396610123328,81.0663819172707,87.92724615956169,108.0985609449997,91.58
2026-09-26,66,74.13900581248433,102.4075850363066,110.1978415344144,116.94524842067084,138.78033481462853,122.8
2026-09-26,67,95.31332228609062,123.46865205392513,131.23231484908766,138.83479458719253,162.2356498167232,135.09
2026-09-26,68,120.85645170156845,150.4724266459176,158.4225946357094,165.4959691111003,191.0177359935905,160.1
2026-09-26,69,89.62854597191674,121.50202460847896,130.3628544504381,138.6956351926128,163.1998095625682,154.56
2026-09-26,70,120.58951626990014,150.8153666835506,159.1283033354686,167.77257396257082,193.8341350026634,194.8
2026-09-26,71,152.7730569511179,181.46875703114927,189.1271752016138,197.0596433852663,224.5810235770629,215.13
2026-09-26,72,175.5928912201751,212.62982219947088,222.2782066038375,229.5703138136341,261.4609257659093,203.04
2026-09-26,73,148.6803809263782,185.1156493789062,194.8264330004185,202.77855593855315,232.79120250987376,196.0
2026-09-26,74,173.8805693415617,206.5326302919628,215.0455863218756,222.3815247986375,252.6020711434597,206.37
2026-09-26,75,199.7178673070059,225.58802293702195,232.21015354502967,239.68167106878883,269.24561333263546,220.86
2026-09-26,76,215.2871247533009,237.5760326233292,243.1517960098648,250.3970876212496,279.6790619892444,234.23
2026-09-26,77,206.2527906462921,235.16007444105745,242.54695348831555,250.02891389809628,281.11741896968834,222.0
2026-09-26,78,210.04120015660547,237.4733351439345,244.42866529278007,251.7102289757332,282.4832272359517,230.46
2026-09-26,79,213.2666496582236,243.745939991616,251.4308808506186,258.2986195227396,290.2858001270921,243.61
2026-09-26,80,223.86075919304065,254.961241024426,262.6798764578194,268.95639456118323,301.7482341179662,251.08
2026-09-26,81,204.66225013252213,236.7844626083699,244.9426707592036,251.8041225977068,283.7987171162491,238.97
2026-09-26,82,205.1390474744691,232.2975724192829,239.1146207109817,245.68509406824617,275.8775187313793,232.0
2026-09-26,83,203.3786293554214,227.289407391438,233.3364963248533,240.4737333935825,269.5118315782809,222.48
2026-09-26,84,191.8258054715769,217.0637860188408,223.58216841505347,231.22730659036424,260.0736040367537,211.99
2026-09-26,85,203.35416085146497,225.8077237286789,231.5071192558077,238.911352078018,267.4856384683865,218.18
2026-09-26,86,188.7111357546296,212.6015027622267,218.7905009283389,226.5000875214033,254.6704405436177,210.24
2026-09-26,87,181.24483818104355,205.0910084497312,211.3252566203952,219.18491632620976,246.87090682835805,205.53
2026-09-26,88,161.80154660791024,189.7088224865915,197.07472049473984,204.6926319527187,232.47050660426945,200.0
2026-09-26,89,179.32537717458587,204.0741274703288,210.6764109453664,219.4849371138826,247.56959573928063,207.0
2026-09-26,90,170.7620123323373,195.7641248873201,202.37878673154069,210.4299368396548,237.86632574263007,200.62
2026-09-26,91,164.21818270606312,192.33515305179816,199.7409241556737,207.33590796177333,235.3458298833986,197.73
2026-09-26,92,156.5861479564039,185.1311903773028,192.67479912377163,200.16985599108912,227.7986867893981,191.89
2026-09-26,93,164.40536854128263,190.30474684231265,197.1740227545198,205.12663915190768,232.4352538327267,195.2
2026-09-26,94,157.8207486912701,183.4108186827999,190.19295292656628,197.840064501114,224.53025968888443,188.45
2026-09-26,95,151.81740824454198,178.7375773854992,185.9022032899965,193.57683981736605,220.34470908168373,182.55
2026-09-26,96,140.77925179041446,168.3574482090542,175.75052070711646,183.42789439678148,209.6903593980888,177.8
2026-09-27,1,172.75665027039102,199.75687717839853,206.96243685020724,213.9820355676668,242.2436011361196,192.07
2026-09-27,2,161.73643200017602,187.569324226361,194.4970840787054,202.0187179360296,229.13614240507272,185.95
2026-09-27,3,155.34426303602447,180.39386244041324,187.1324896921008,194.78351432411543,221.1832375204089,182.68
2026-09-27,4,143.05558822239863,170.20840108200986,177.56802485341578,185.1772046174727,211.50866598729849,172.18
2026-09-27,5,153.3864952042267,179.35499598196682,186.35426762306693,193.52523848106776,220.0875374659585,180.47
2026-09-27,6,145.9268130981508,172.81526028455752,180.0916090567744,187.7135277284733,214.1453724746665,178.0
2026-09-27,7,143.15067711270638,168.59481859668597,175.4869762947326,183.39984932097687,209.13201147689136,176.62
2026-09-27,8,138.00086300966052,164.42777961886574,171.6075343291434,179.54760870919048,205.29280732490545,178.0
2026-09-27,9,141.5027058142188,169.493198849148,177.0859981512968,184.8750169342813,211.42666026869685,176.0
2026-09-27,10,137.65819922812227,165.09840316593196,172.55820898170737,180.017959970305,206.07164114380444,171.31
2026-09-27,11,136.32928381933087,162.64625822840873,169.80471662631695,177.372629476681,202.92846736324307,169.97
2026-09-27,12,133.13667050697117,159.90289593588983,167.19679759010702,174.6538335370377,200.14683944172145,168.08
2026-09-27,13,134.9766238040704,163.60445857417128,171.3961426897786,179.21268939795826,205.55481092001185,168.16
2026-09-27,14,133.21444540127862,160.8325522989286,168.35874526547036,175.71373529063308,201.51861004029672,166.78
2026-09-27,15,133.31775914376655,159.92886575400232,167.17991512510983,174.6192316666978,200.06556611358096,165.4
2026-09-27,16,135.39075948059428,160.19677295176865,166.9482389198719,174.36556871631043,199.2831607838721,165.39
2026-09-27,17,133.31910541142483,164.64009535115284,173.16864937825397,181.52522473932345,208.8008562418584,165.0
2026-09-27,18,132.08552175440505,160.21289647396125,167.87290227625013,176.85496829128883,202.91878068995524,160.83
2026-09-27,19,127.4251585417056,155.0764090018015,162.6329208088962,170.21447617930946,195.65453364899344,160.44
2026-09-27,20,127.31229835704326,154.62659861550085,162.0924534427239,169.55635010719757,194.85306809750608,160.0
2026-09-27,21,131.9166537326403,157.06184514982655,163.9181547464936,171.5256470531787,196.3475947747731,160.44
2026-09-27,22,127.12548078513564,155.19670266941512,162.87094237647509,170.07101958116604,195.61154481816573,158.08
2026-09-27,23,129.0080504843892,156.72865789808773,164.29989244538285,171.52972386571935,197.07229346998344,159.4
2026-09-27,24,124.9141833784354,154.89118953835856,163.0918199024299,170.5162683588114,196.6317338934893,156.76
2026-09-27,25,137.55076861293028,163.45964075283285,170.50340214148758,177.85837267549036,203.32750284358204,156.03
2026-09-27,26,128.43065453949515,157.13481335981345,164.97417736774258,172.55348453724957,198.4527160128179,156.05
2026-09-27,27,124.57855398476048,154.2459166378902,162.3629944701705,169.88021145122732,195.8662596793022,162.42
2026-09-27,28,122.37565382574353,149.94598667473426,157.5006424274422,164.99775556545703,190.0532976299392,162.85
2026-09-27,29,144.30251918656964,167.48829840248712,173.76412181329178,181.11141603738807,206.03418995948925,165.56
2026-09-27,30,126.66235815131571,153.71594341501677,161.11379579794936,168.49569263438104,193.64367587110232,157.95
2026-09-27,31,116.08075148865764,145.09731833967604,153.0717100897786,160.34256143877357,185.48127729005373,146.68
2026-09-27,32,92.0002250729038,124.7542266075917,133.83794176889958,141.5504619205798,166.46061751143682,134.63
2026-09-27,33,138.60823726272812,160.87644319459503,166.92955485051124,173.4054672746874,197.5178543249529,160.43
2026-09-27,34,108.02391323128388,136.2060066382664,143.98496005801277,151.18575350149052,175.4553429955391,143.86
2026-09-27,35,86.65478288242116,114.3503602992715,122.0787878393137,129.5230308179759,152.1665088300802,119.48
2026-09-27,36,60.0615254411375,87.53661961187325,95.30631168715448,103.17705131271984,123.95080265636624,87.03
2026-09-27,37,91.5034886048466,118.11201206150407,125.522834644795,133.42704233091413,156.04236791472206,101.36
2026-09-27,38,58.8839582465205,86.34898588930525,94.1205342468006,101.990601875029,122.6796726445118,76.32
2026-09-27,39,35.663098899141055,63.61686498754337,71.6105453358276,79.75545216302658,99.05558806504648,30.96
2026-09-27,40,8.196648591973627,36.73464970015536,44.9953052419352,53.01738043455911,70.6362498776224,18.32
2026-09-27,41,29.87260716651347,54.50922504451108,61.6264799319374,68.99789257395712,86.60040384144894,5.51
2026-09-27,42,7.378558411858322,34.34432042026878,42.18243091162114,49.77261264193008,66.7132569821203,0.06
2026-09-27,43,-12.796861632579777,16.46180806999722,25.004896525552866,32.28200765366452,48.658342077953776,0.0
2026-09-27,44,-24.340837139097573,3.243665872076587,11.377363127334114,18.385647263803776,33.324006126998064,0.0
2026-09-27,45,-13.722322703682837,9.415251931608545,16.295709835665345,23.42328195146403,37.453400325262535,0.0
2026-09-27,46,-26.40825529676416,-0.3003280180363763,7.439678177661976,14.379281189453971,28.622030958460822,-0.01
2026-09-27,47,-34.788800727379574,-5.9013208989442125,2.630454090379596,9.210106494284688,23.87488694047127,-0.09
2026-09-27,48,-37.33900214543781,-10.942758187290435,-3.0819608943737005,3.92369120835474,17.528473869475672,-0.19
2026-09-27,49,-36.55143762203325,-10.454446630323856,-2.6793635054853246,4.525797435503454,18.09185704370993,-1.01
2026-09-27,50,-39.08983304038539,-12.701414864997329,-4.835719382298921,2.1350900654614984,15.613542999372903,-1.76
2026-09-27,51,-40.28082140142205,-13.33142292678313,-5.307655549119234,1.550891060895692,15.145296963116271,-2.02
2026-09-27,52,-44.01774533872398,-14.524325608808804,-5.793397030958046,1.115607881378076,15.40096294157964,-2.99
2026-09-27,53,-44.59374700819501,-15.573095868048629,-6.968653904727838,-0.0641805541265592,14.005943335157884,-2.21
2026-09-27,54,-46.16463091065475,-16.13998302891554,-7.256188737811029,-0.3136877678972487,14.0241614419263,-2.95
2026-09-27,55,-47.6203458427764,-16.37612551418195,-7.15403278129652,-0.293079260246353,14.389464946639793,-2.76
2026-09-27,56,-50.29047501881856,-17.38706434950455,-7.703216046294299,-0.7466506419028844,14.376216451867773,-2.02
2026-09-27,57,-45.32551626724993,-14.826803280573005,-5.817432820392796,1.1711113119622532,15.74651400445805,-2.0
2026-09-27,58,-47.90685769244833,-15.953928893618556,-6.538140820531433,0.4000195020233272,15.332607582492589,-1.02
2026-09-27,59,-48.12143380346899,-16.146427692929258,-6.7225552184073125,-0.0005593419918525,14.905850692239468,-0.21
2026-09-27,60,-44.27773042039777,-14.462797597094882,-5.642156175572323,1.0683306746797865,15.43699029990442,-0.12
2026-09-27,61,-42.70511073331757,-12.628578812079573,-3.742866697455513,2.9748229918828644,17.54913481803811,-0.01
2026-09-27,62,-43.21968048396658,-12.6167428065963,-3.586330800888284,3.2496452304583547,17.994485477287366,-0.01
2026-09-27,63,-37.05970938791879,-7.428972680166713,1.313220284687716,8.045115461156445,22.843248618118345,0.0
2026-09-27,64,-28.68935719478396,-3.572984389924885,3.906347630372436,10.762119598293474,24.473002792620807,0.0
2026-09-27,65,-44.90154454651481,-10.985370345672608,-1.0462395277410876,5.826631859380218,21.68749931524168,0.0
2026-09-27,66,-15.52189476722533,6.918006618437866,13.622539049007075,19.512654882868272,33.04820212318634,0.15
2026-09-27,67,15.359449018417813,37.069668430649934,43.45049044910827,50.12880468852018,65.58667281502468,7.01
2026-09-27,68,49.43954083562141,66.88294846672136,71.97051084246509,78.33803440084606,94.52698238430432,45.25
2026-09-27,69,6.226183974133775,38.05712969229503,47.22070060954214,55.525316076035466,74.25516518046227,41.25
2026-09-27,70,50.43695761664426,81.93143808617708,90.82825178624138,99.594963832739,121.2789038340474,92.71
2026-09-27,71,93.58368900636026,118.00707302416288,124.80552798931144,134.30743414122273,156.40065927616192,144.61
2026-09-27,72,140.90250760997603,163.7033710599541,169.8786708466957,178.7941478097506,203.48303952158537,178.48
2026-09-27,73,94.68388300460684,126.076898922248,134.77317988769423,143.58829162062082,168.27836588332988,168.79
2026-09-27,74,145.8503069157128,171.41351071328867,178.33535462162132,184.88387297695627,210.72175936323603,188.35
2026-09-27,75,171.4665571221611,194.1124393588725,200.13812177239296,206.9815665216384,233.5243820432904,193.27
2026-09-27,76,180.8351831975632,201.23503193751336,206.61442941027423,213.1115264439032,239.4338418309321,194.45
2026-09-27,77,172.98801693508454,195.9884332882129,202.10617286582067,208.69839464264857,235.45433989100283,190.84
2026-09-27,78,154.18977106681476,184.20673283462364,192.30182000943856,200.11347373909493,228.28986111450544,191.93
2026-09-27,79,158.58951318342142,182.5540417018744,188.98762703024053,196.08870878719367,222.25919629144585,198.95
2026-09-27,80,167.77441579082085,191.32345636529087,197.6052769502174,205.19179247409,231.8832434672604,201.28
2026-09-27,81,155.5990620929834,180.7072651456875,187.4594203212389,195.3624027256236,221.82422428376512,194.32
2026-09-27,82,153.45791587308585,176.9766188292899,183.3105767624837,190.10098407682509,215.72551037300096,188.0
2026-09-27,83,150.00628970945604,172.2734986346812,178.278269827118,185.38479601041425,210.3369988384144,185.68
2026-09-27,84,134.57642886524204,160.7934643870386,167.92964672071375,175.82955638351277,201.2580798657759,167.39
2026-09-27,85,150.3002910999383,172.78827313264654,178.85017882989436,186.28005856143145,211.3636493577766,174.16
2026-09-27,86,138.43653170904045,163.92456879819684,170.85032762598317,178.19329518768407,203.56617723605328,164.44
2026-09-27,87,132.78855425428458,157.52544520956488,164.2693207565754,171.49697608624973,196.19297931290143,151.86
2026-09-27,88,121.87063231250434,146.52941692947792,153.29239707590202,160.90834842159225,184.86068606667988,148.56
2026-09-27,89,134.0947740668343,159.1635078343186,165.98959442980092,173.7550332792334,198.7125928814669,164.94
2026-09-27,90,129.69716285804134,154.89754400378766,161.77847758952635,169.22242735908011,193.8975294910209,156.51
2026-09-27,91,126.1058122460856,154.55449428652977,162.3379801387326,169.1062591453195,194.67746879214084,152.22
2026-09-27,92,122.79577823225516,152.14890900503443,160.19186636134847,166.9200210729976,192.59549606925324,148.03
2026-09-27,93,129.40377116466578,155.86000343430018,163.08638303673996,170.13330844923766,195.21775690960035,149.36
2026-09-27,94,123.68902003820897,150.75512503081873,158.17027698429231,165.1512107268883,190.06319622280512,147.47
2026-09-27,95,122.75028358336505,149.49570229217656,156.82697924938972,163.84252124476745,188.57428846593248,145.18
2026-09-27,96,115.15111328425908,141.7417908940152,149.05827328386684,156.47610800544388,180.6650394007852,143.72
2026-09-28,1,130.61668537557833,155.24844301248066,161.8806689111828,169.0226640667815,193.2565582689016,150.75
2026-09-28,2,122.95893779341756,148.67497731017409,155.65819713963853,162.56678477341904,186.7090720787369,150.76
2026-09-28,3,119.96691000529668,145.6736902620047,152.66764412370833,159.5181587521046,183.4415011213665,150.58
2026-09-28,4,116.7442060374486,142.41357291074945,149.408590439975,156.23017274566186,179.91049749069086,150.75
2026-09-28,5,121.1428146991984,146.53987974478366,153.41766316802676,160.57435436548369,184.4875184553168,152.64
2026-09-28,6,117.7825290906955,143.34751119645136,150.32081952712244,157.00044339748436,180.68735696257016,150.22
2026-09-28,7,118.77379791110116,143.51459836754407,150.24345119197375,156.99735628477725,180.4056628158071,151.75
2026-09-28,8,118.0148893985254,142.68908455026093,149.41328476431514,156.01298113933336,179.31833475299135,151.03
2026-09-28,9,117.00273388646691,141.9820131795292,148.78593905788458,155.518694294339,178.9050830417474,150.96
2026-09-28,10,117.88915321449224,142.75651361233764,149.5170905783491,156.36063617752296,179.77526357229632,151.36
2026-09-28,11,119.26256894902062,144.21357233227258,150.98521079698344,157.9405539443493,181.5020532038971,151.75
2026-09-28,12,119.59804740289078,144.1371940693329,150.78781758436295,157.7717457712844,181.18177520278425,151.89
2026-09-28,13,118.03349743988235,143.1792694280516,150.00498004371732,157.0267592106336,180.5971116976521,152.62
2026-09-28,14,118.997310666376,144.21132099285256,151.0558712771874,158.05023848627746,181.7129642233948,153.8
2026-09-28,15,120.20725572169226,145.23464250692598,152.01981205305094,159.04530672681338,182.7150618359681,154.6
2026-09-28,16,122.1915456365888,146.72423800979612,153.36313946417314,160.3755574061642,183.9660259758648,157.33
2026-09-28,17,120.41066627149692,145.77507757457238,152.653346169398,159.71279205248038,183.54756282478155,156.68
2026-09-28,18,122.44456573918532,147.25220372720702,153.96389849789335,161.04079996089675,184.77706173835128,158.24
2026-09-28,19,122.02927044918628,148.157397126204,155.24606267949684,162.3464914066849,186.6301692876007,162.04
2026-09-28,20,126.29287003516932,152.52996309608503,159.62870195904833,166.83746849066253,191.47827053186228,166.87
2026-09-28,21,124.14100274081144,149.79784393948495,156.7361227408308,163.95582983209016,188.1977303367705,167.67
2026-09-28,22,131.97470418334112,157.85345018263132,164.83576344700566,172.00951035103856,196.88264969538216,170.36
2026-09-28,23,140.9883210931494,166.43536529637436,173.25067469178785,180.64047909642304,205.9795898580429,176.77
2026-09-28,24,150.83492175714227,179.0562200059844,186.64386898626083,193.93240364506173,221.1413197815721,185.9
2026-09-28,25,148.3667654690613,176.5254286337326,184.0946249022041,191.48210043846808,218.5071260366745,193.68
2026-09-28,26,165.49869137397607,195.159627347844,203.13067575413885,210.2307556377907,239.0512431376299,204.99
2026-09-28,27,177.32699266776834,207.8310537338424,216.0101747215922,223.0877961712955,253.08838070202967,214.84
2026-09-28,28,203.45796936591125,229.6722476841024,236.5666781200852,243.4048826760185,273.3170444246317,231.02
2026-09-28,29,201.175842924941,228.8064936648548,236.07171083494828,243.4291814714519,273.8707952975718,228.23
2026-09-28,30,218.22238751405908,242.41578749042748,248.6085270967976,256.4658567562117,286.664603648032,244.02
2026-09-28,31,221.0379481070337,243.5043138071515,249.1936185692744,257.06733724406627,286.71379545624524,246.17
2026-09-28,32,200.28557819427576,228.0620682591613,235.34118553879844,243.0844318784871,273.58183779009016,245.5
2026-09-28,33,234.75153418404287,256.7055257005485,262.1718854132188,270.5031698044882,300.9392790460144,275.95
2026-09-28,34,218.5109974502305,237.998557656532,242.86672791663275,250.44568686328927,278.58400172769376,250.74
2026-09-28,35,196.02313866962805,220.4676942543832,226.81025218680048,234.5066453767604,263.2575139957614,231.15
2026-09-28,36,172.3249099608376,199.003944571945,206.07075996055696,213.56967208402097,241.62429789714668,210.77
2026-09-28,37,204.06311164991828,224.26276924992808,229.41136399925588,236.5554961372712,263.94323498479633,235.13
2026-09-28,38,186.50281607064247,208.7930653515324,214.58066422466328,221.85765091970487,248.9572345886348,220.36
2026-09-28,39,160.7587496285124,185.63839429833064,192.25127911770144,199.4129699822496,225.84039241118592,202.0
2026-09-28,40,142.46423132005322,166.6987788778817,173.21507090330817,179.94488560904898,204.76754483758364,182.95
2026-09-28,41,168.88260905052013,190.6921773668676,196.38788462389863,203.7444138336082,229.42882479004777,203.48
2026-09-28,42,148.0097420566509,169.89301791526776,175.67261656175285,183.01127304833096,207.2825480054008,185.07
2026-09-28,43,128.8756098266745,156.27706371398625,163.6530411162678,171.47201513658865,196.88192100610183,172.75
2026-09-28,44,111.81731867058696,138.2045553646604,145.32617046911383,153.32928312136414,177.14606355905187,155.95
2026-09-28,45,124.34841579342108,151.3289582977747,158.61416401997238,166.22678815877416,191.1122974278244,157.93
2026-09-28,46,108.09405925218095,135.90402221767306,143.4807093937424,151.01111062037063,175.12149490736164,158.52
2026-09-28,47,96.40050290854433,123.8631341961857,131.37023155729082,138.95982627619588,162.11964676398625,150.4
2026-09-28,48,86.51275907076939,111.94278138278484,118.89770154971812,126.48760501628576,148.08235153437744,147.22
2026-09-28,49,93.02141782541584,118.54718844089685,125.49694901575016,133.2566712233638,155.36658788464945,145.33
2026-09-28,50,83.55067056653643,109.2594613859435,116.28849690250472,124.05991809710162,145.5963070057472,126.73
2026-09-28,51,81.26619299805853,108.18942433536132,115.57072716999502,123.3641155128884,145.2725121912281,117.8
2026-09-28,52,78.73888578736742,107.29767690884024,115.20096419872864,122.40029903959918,144.76027949954369,114.68
2026-09-28,53,81.72766273090093,108.23425948654057,115.50649187137788,123.15497859685172,144.89423053487937,116.98
2026-09-28,54,80.33971195327217,106.8734819111213,114.18770010814976,121.45409556706154,143.05566736166534,114.49
2026-09-28,55,82.48764698555593,107.24182771495865,114.0225720044175,121.52060219533853,142.5311065844037,126.85
2026-09-28,56,81.80701367304664,108.90353517487674,116.3607349162798,123.79990487401489,145.77121695451945,127.03
2026-09-28,57,80.840598948906,106.07134072497512,113.01689041359336,120.21460224591196,141.27592020881633,120.78
2026-09-28,58,89.32269255468589,115.9303948465702,123.20144571108403,130.9482072760472,153.2700114747663,134.99
2026-09-28,59,97.69939081988348,123.97122794418205,131.1596980202679,138.4232643809403,161.1106098420936,145.51
2026-09-28,60,109.24335591542992,133.93525892590105,140.6387028831115,147.89302068002343,170.69155055240392,151.87
2026-09-28,61,94.78032522373644,125.44161193727152,133.88702358068366,141.23738200919982,165.63926457418648,146.6
2026-09-28,62,112.33494348053966,137.32996072040635,144.06863900957254,151.8599576117594,175.07889672765853,150.9
2026-09-28,63,130.51522359425027,153.26962928918346,159.31575659824196,167.08610750836982,190.58665172005203,151.9
2026-09-28,64,146.4321649765194,166.1205776781968,171.24470127765522,178.99518256811697,202.26301081861527,165.54
2026-09-28,65,118.43739088652345,144.141586384339,151.06566300319724,158.84993778103228,182.79729221221976,156.69
2026-09-28,66,146.25984104891526,167.9930244398305,173.69246207006069,181.56862794612863,205.7291701749621,172.33
2026-09-28,67,168.24127219221384,191.25069044403,197.3628865857356,203.8128216760728,229.84635908838857,198.69
2026-09-28,68,200.1062935656383,217.52160972495028,221.8696925650986,229.2160429604811,255.1508120435864,224.59
2026-09-28,69,157.71252369465398,182.919859460494,189.6604270835884,196.50491155869287,222.8194993327581,207.45
2026-09-28,70,195.23082516849,214.2694903986572,219.1154004539188,226.2173408272801,252.4851003811032,231.26
2026-09-28,71,223.7373207628717,245.80506564328093,251.4286742213169,258.5893224364687,288.149505020364,241.07
2026-09-28,72,274.16444248045593,296.53702973481853,302.1412853410071,308.7715930225117,341.874915986981,266.9
2026-09-28,73,221.99502740847285,247.3363869223232,253.9566763015747,260.41433737081087,291.17567540317907,247.48
2026-09-28,74,279.4397356135112,296.37016362287346,300.3900011975822,307.18096280232146,338.3106097998613,284.36
2026-09-28,75,312.98025062097656,329.51406187576777,333.20350165771174,341.49470337523167,374.98063925808736,319.88
2026-09-28,76,332.20474590586434,363.1602169880698,370.8796942954578,379.6451149031885,420.7822320243209,390.6
2026-09-28,77,359.06670023112065,377.5963341829556,381.8493042855424,388.5124915466528,425.8212935462603,350.0
2026-09-28,78,337.2953844123035,367.98508136523617,375.6220491010795,384.28011003848576,425.6387255911628,354.0
2026-09-28,79,335.07731349198025,369.1023953693163,377.70602458544886,386.28348962866914,428.9243868467442,349.99
2026-09-28,80,329.0557458285125,366.7734661559284,376.2441616287844,387.4412595107933,431.6349119150969,314.86
2026-09-28,81,306.51333220256674,346.59932905949364,356.9191976426044,366.77687048323423,410.2521873301816,320.83
2026-09-28,82,274.17703342609786,309.3403635086042,318.46370260654754,326.85020428208213,365.7490526227231,280.59
2026-09-28,83,260.59805886543256,286.61511224181487,293.2023948660426,301.0886737413963,335.01131829815347,260.91
2026-09-28,84,238.1320518770769,261.24019717666886,267.06044919754345,274.96316414491673,306.0735270114158,246.9
2026-09-28,85,254.08490627988195,272.51533482445456,277.0181710065308,284.06944441652445,314.13388984874206,252.58
2026-09-28,86,230.80364299438983,250.91620585369213,255.9621796784379,263.0942538718061,292.2906645943371,234.44
2026-09-28,87,213.97910956073736,233.42918739843697,238.35685176655065,245.21454097202863,272.9223107659246,223.98
2026-09-28,88,193.6042372250837,215.0910457441493,220.61715661332383,228.0316800920997,255.2928143485568,205.0
2026-09-28,89,206.56068594359763,227.36726319210976,232.6566097563368,240.1235143193145,267.99237820450617,216.93
2026-09-28,90,192.74878474218573,215.2776541584363,221.09642919559275,228.6103446386319,256.2783239409361,208.16
2026-09-28,91,181.7440381153349,208.57414032495643,215.6756516422101,222.93101649581465,251.6680401884513,201.99
2026-09-28,92,172.00428639913324,197.49900690609053,204.2420935590335,211.56357737913143,239.057431186182,186.32
2026-09-28,93,179.41585936547492,203.94520468994423,210.39311010597768,217.680619298099,245.26317981932144,197.01
2026-09-28,94,171.4538740492615,194.8593268963744,201.0182234402152,208.192186716454,234.72101303514955,187.78
2026-09-28,95,161.72144708073486,186.8190482580836,193.49598152798768,200.59992401278407,227.1803387071878,179.24
2026-09-28,96,150.11974891975004,175.41992342670397,182.2073805594227,189.0771652840964,214.91080492211563,161.14
2026-09-30,1,91.8268150434447,110.203282529977,115.20357394174368,121.54327134356296,139.50934442716567,112.61
2026-09-30,2,81.89286509211271,107.17309689926238,114.17153917447888,121.5665045860676,142.2436909121651,101.44
2026-09-30,3,75.8373380909307,100.2941758115394,107.0918658674642,113.7912153630722,133.671073010298,110.12
2026-09-30,4,67.86501602578227,95.40343555097007,103.11685888540995,109.82920810833976,130.69013377028844,114.22
2026-09-30,5,78.3332248952751,100.26575878352256,106.2964711467697,113.90633920530672,132.70081600611888,105.64
2026-09-30,6,72.14368949106711,95.73711125389094,102.29128590092814,109.10057964173652,128.309282674643,102.58
2026-09-30,7,66.42638813023842,94.04434603850008,101.79204694250828,108.26850828757676,129.07602665985723,103.07
2026-09-30,8,63.12315264629448,90.05750503725075,97.61420605304394,104.15324786385628,124.4045085910886,110.7
2026-09-30,9,67.09892698689532,91.78280000075736,98.68349882464544,104.96352139853532,124.37891546978686,97.63
2026-09-30,10,64.15121772393138,89.7233640276991,96.86865612764984,103.84687070250196,123.4919350673774,101.73
2026-09-30,11,64.26538388657269,89.6998360698543,96.8094145229592,103.63854784675706,123.22576852108496,100.05
2026-09-30,12,62.737519805570905,88.4457274054601,95.63098875720306,102.72200913552491,122.33810560794944,107.42
2026-09-30,13,65.10103475534916,89.14065638854923,95.837873242292,102.84471258390568,121.80063293884608,100.1
2026-09-30,14,63.70740119686139,87.68530313274276,94.36792171564034,101.39377296970736,120.2263471674055,103.65
2026-09-30,15,63.27602959232258,87.86760175765477,94.71743344931927,102.1368245761456,121.23619996107136,104.97
2026-09-30,16,61.97099568182659,87.78189182779703,94.99630291452452,102.17831066311916,121.79246432880014,102.77
2026-09-30,17,61.43278353850278,86.6150485167396,93.65097459527632,100.75535205385992,120.02631709091402,107.32
2026-09-30,18,64.16415600327397,89.96059704340381,97.15215044416918,104.74565399457582,124.49289303384614,98.65
2026-09-30,19,65.19720720961783,92.59012573330668,100.25083448290862,107.5515580636776,128.15509926684555,101.6
2026-09-30,20,68.90728461655098,96.66868234827716,104.4313074587794,111.55592656378867,132.58980115425115,109.62
2026-09-30,21,62.33750882034747,92.19439697824244,100.56522918751745,108.27895805287028,129.89524392203987,115.64
2026-09-30,22,69.21733036998086,98.51721062852884,106.71728923517308,114.10305011023812,135.90875899672824,119.08
2026-09-30,23,77.33846295080957,106.69410644437627,114.88695517973946,122.2978089919878,144.67124729143396,124.14
2026-09-30,24,93.8420002495339,121.87998877643572,129.6504846467722,136.8685112708925,159.69698796516153,129.93
2026-09-30,25,82.87842460063334,116.37426342413528,125.74630634176825,133.3652924246223,158.13614531202282,144.69
2026-09-30,26,108.82158383702956,139.59810214336872,148.11343142301308,155.58713252857956,180.7530920463888,159.42
2026-09-30,27,126.0245254295977,153.25897116374705,160.70216250499584,168.0675260711334,192.6424154213641,166.78
2026-09-30,28,143.0648120736704,167.6979161875384,174.3452760973754,181.5050508200389,205.94101934951027,170.57
2026-09-30,29,146.75916349580322,171.6456600118643,178.35009962678393,185.7106996744796,210.5141274136388,189.56
2026-09-30,30,150.1374333777565,176.57891510319718,183.71611337707904,191.368289994658,217.15550664693887,202.12
2026-09-30,31,152.1688403990555,177.98645321181837,184.93329715560003,192.70742396925763,218.3220438786731,204.29
2026-09-30,32,140.95446712905576,169.41653276184962,177.16257834379493,184.909300437786,211.07520894028653,199.67
2026-09-30,33,167.42360998615632,192.2997743561888,198.9300518577184,206.7351194290732,232.9030487663769,218.13
2026-09-30,34,149.71317977960177,175.29131271400513,182.18160165249577,189.756797671266,215.09323298741268,203.6
2026-09-30,35,133.66709763151047,161.5015206894843,169.0875328600971,176.77795859643317,202.1514855996763,187.45
2026-09-30,36,109.05468810753896,141.2695663885915,150.19200096629498,157.9766538878187,183.85948885440297,165.82
2026-09-30,37,144.07583182424207,167.40306096571007,173.65912013171538,181.1360936133381,204.99410469777345,189.23
2026-09-30,38,120.32841272177092,148.95741600201825,156.80741974775782,164.61869965966144,189.4922723637629,170.85
2026-09-30,39,98.8324218281509,128.50210454378464,136.72802427474852,144.07671019245933,168.03624289424064,156.01
2026-09-30,40,77.8347672739356,111.73454235764515,121.22460418797652,129.27689798758118,153.90397795860744,144.76
2026-09-30,41,103.85853495875205,130.70210144839152,138.09304632401643,145.47989671664186,168.38682050287272,140.0
2026-09-30,42,78.69062739061349,111.1279810418506,120.21200190925842,127.59006122816189,151.56612754733482,130.9
2026-09-30,43,64.53815503752867,96.64298863552033,105.67289312244566,112.95631945608112,135.82826489283042,123.18
2026-09-30,44,45.18651698008765,79.42996714477526,89.13459702695926,96.40467549520304,119.03770809185195,95.15
2026-09-30,45,60.096104547309615,90.04246317262341,98.4623421203176,105.6237817089456,127.14257925403037,114.95
2026-09-30,46,39.12285400865871,70.91470920563059,79.94308497378955,86.62301081187869,107.65774969017464,90.16
2026-09-30,47,23.44555030901163,56.582622994781495,66.02781847575346,73.26861357885753,93.91162092252888,77.97
2026-09-30,48,7.941307597083004,38.27262847368042,46.9834894620948,53.03298665343853,71.2838893909002,42.6
2026-09-30,49,18.276733619883267,45.97242164336104,53.89424714400359,59.80205414382134,77.44987661879702,60.08
2026-09-30,50,4.904463277009889,33.771267539525844,42.0544807380748,48.47406559212516,65.79890079862582,43.85
2026-09-30,51,-4.247094802804121,27.84183791157168,37.08055784115382,43.65359687832749,61.94795119953774,37.69
2026-09-30,52,-11.22615299417734,22.492480248929475,32.22963984339567,38.59807783172244,57.23031800364167,30.01
2026-09-30,53,-7.771865177959725,25.43859303493624,35.020657955451384,41.32527363166514,59.93906434834892,26.32
2026-09-30,54,-9.570955266058853,22.79686125513394,32.13578426429278,38.562507983009965,56.641308901615645,20.84
2026-09-30,55,-10.241714596388231,22.81561211415544,32.36133043893042,38.62698725577064,57.00174473613089,13.33
2026-09-30,56,-10.857022081149466,21.28081591162676,30.556314472045745,36.99279849101234,54.87298562709425,19.51
2026-09-30,57,-16.86642159308629,18.98586482994427,29.353250513285897,35.86685396320231,55.16842856068631,13.65
2026-09-30,58,3.484887973376196,34.84102327949852,43.84233247622349,50.523099354397786,68.97116782544532,24.3
2026-09-30,59,17.74888675185739,46.89617294457697,55.24037688201315,61.1538316751862,79.47869792776147,38.14
2026-09-30,60,34.31316270529229,60.81948961275845,68.35521296365502,74.14452010831235,92.27817473142024,73.93
2026-09-30,61,15.939551057826968,49.60718402589716,59.24398688324966,65.93470097054443,86.34609316866728,43.7
2026-09-30,62,44.696260014222126,75.01404533093019,83.59757874609113,90.33347006508733,111.0152084075359,78.46
2026-09-30,63,72.26249708467196,99.23358669765123,106.77398226809242,113.36165557620876,134.23877049045444,106.55
2026-09-30,64,101.2237550700408,123.21478293933976,129.21154135744246,136.39867945018722,156.75197065683966,111.0
2026-09-30,65,64.72563574622828,94.3016911258147,102.58399007825592,110.3112169425015,131.94851925070975,104.98
2026-09-30,66,101.61048988566633,127.66146369416364,134.82166836136588,142.44105856235873,164.80608879327374,132.62
2026-09-30,67,123.47171995782162,148.83206014693363,155.74737835648892,162.8291291447492,186.3184920000222,169.76
2026-09-30,68,152.42692720048578,174.36084793266423,180.19556294879808,187.47227878657523,211.2055034944521,186.5
2026-09-30,69,114.71595661861954,140.88018431229196,148.031341775105,155.8266056423177,179.11730078944453,173.04
2026-09-30,70,144.6268091598721,167.4272742280935,173.52773131879243,181.0460985388609,204.6817344827504,194.45
2026-09-30,71,170.57909068005262,195.21802852409124,201.7837816510632,209.1597541694892,235.42747834627903,211.78
2026-09-30,72,196.34021935434083,219.0272142033359,224.9565789482465,232.2785090004812,259.3044595225384,229.4
2026-09-30,73,166.3443683633405,191.957598452871,198.83516606246167,205.6410821652261,232.11301451236827,213.68
2026-09-30,74,180.4175018917403,207.76631668367224,215.0841125664419,222.6768001987695,250.926190118375,226.5
2026-09-30,75,202.8644983878985,225.96408511978848,231.98050558190428,239.77589432109392,267.43196893203725,232.95
2026-09-30,76,214.8964631226229,239.07408864918523,245.3613429511184,253.4301875026893,282.4124641270124,248.18
2026-09-30,77,216.2133104315211,236.50614360754665,241.6864448721585,248.9809324904418,276.15570435465776,241.78
2026-09-30,78,200.2545387620278,226.38031652728523,233.2903935769599,240.80564896111693,269.7768167738236,246.58
2026-09-30,79,205.3631438911065,230.1260603876181,236.60052355081265,244.96935475583385,273.59980779049977,255.24
2026-09-30,80,209.3537928782236,237.69642038697825,245.22686208211985,252.6546165085284,283.32064002751173,255.37
2026-09-30,81,201.7948123446373,228.5417293090237,235.6266027898729,243.17757730942355,272.5555727863262,245.44
2026-09-30,82,194.28879548213783,219.5920577490945,226.2734420558565,234.009330196014,262.17655805005387,242.99
2026-09-30,83,186.22001679994312,209.64524853504457,215.80021827845897,223.6715328089236,250.37808699886787,227.16
2026-09-30,84,183.2103053410192,203.2914017916464,208.47467439676245,216.67458432793703,241.5351770175483,216.56
2026-09-30,85,191.02955463056293,209.8195459631226,214.61836933871385,222.4289977281198,247.1822276598616,235.36
2026-09-30,86,173.12656541237186,193.63192322546547,198.98056783206235,206.71520216102573,231.11918384011943,215.39
2026-09-30,87,160.34773143292296,182.86887098639508,188.8385696039138,196.55053261089705,221.09309419169736,203.95
2026-09-30,88,143.8633926536728,168.61120960769034,175.27495670571668,182.9154735157464,207.45406903931348,170.0
2026-09-30,89,163.90385089493486,185.09783960929963,190.679267423495,198.1740936529974,222.30531009103385,203.49
2026-09-30,90,149.4005933221167,173.53179812798035,180.00649758626315,187.47469028975613,212.08185560926725,190.78
2026-09-30,91,140.64390380564615,169.09287317942218,176.85427057154516,184.00147463958672,210.14879852048907,184.24
2026-09-30,92,135.03838879908818,162.29589115970353,169.730982278692,176.75730263523857,201.9484876313903,169.04
2026-09-30,93,142.07340469058937,168.4012878258122,175.55130302575776,182.4399107363492,207.64531561861568,178.34
2026-09-30,94,134.4305060184064,160.41381864336864,167.48873855020673,174.2609338298649,198.790037157442,164.76
2026-09-30,95,130.08011909455325,156.7311422436889,164.01305103022634,170.74683636111305,195.3144583131489,171.04
2026-09-30,96,122.43731350957876,148.63691583905575,155.8055720922835,162.65776482503148,186.4933252556248,156.4
2026-10-02,1,160.48780281763652,186.77067413518228,193.84830218384417,201.5543441204179,227.9461659202746,185.11
2026-10-02,2,153.80404423651805,179.22283604459517,186.07577489806152,193.56535792121844,219.1554966374288,177.65
2026-10-02,3,150.47260604398872,175.6273334065607,182.40228138047524,189.96229020370265,215.20703517434984,169.68
2026-10-02,4,144.68521442434803,170.6463031849952,177.67873789498185,185.36704509137667,210.5795320995809,167.69
2026-10-02,5,152.66695192164167,176.96220709908766,183.44219951677303,191.2041495146209,216.18325910478296,168.19
2026-10-02,6,146.00319052299056,170.37295409699138,177.01584433080586,183.60484705885955,208.3162280740412,164.95
2026-10-02,7,145.80187563266043,170.9497262992572,177.74820587710585,185.2085797037316,210.1553419542909,162.32
2026-10-02,8,143.81315356409056,168.8959089464836,175.72050537947274,182.78412782531933,207.61716307179248,160.15
2026-10-02,9,144.38565778236637,169.1218700285125,175.79954199331576,183.2350199418546,207.90678746736947,161.39
2026-10-02,10,143.13953205980357,167.65512311337173,174.2701545589319,181.6875955005611,206.1805635326385,160.34
2026-10-02,11,143.29238277860497,167.83397027815963,174.4545450908288,181.89228415428263,206.4046082958285,160.93
2026-10-02,12,140.74828112813333,165.95162540091246,172.77759634341612,180.3056222244272,204.93791096003343,161.16
2026-10-02,13,140.3253038741551,164.74547921175778,171.418522774244,178.05374413148454,202.40989370757305,159.59
2026-10-02,14,141.16158288554345,164.832287498744,171.29229937097054,177.69816031154056,201.7990077424797,159.07
2026-10-02,15,143.63726679924883,166.88820859633174,173.2196803074557,179.52183502428787,203.6085213867843,160.61
2026-10-02,16,143.37736106427923,167.72864899356404,174.29344362114875,181.6941142279516,206.13080339843427,160.99
2026-10-02,17,141.47071234729128,165.72961007362412,172.35766875863757,178.90250369192387,203.27181542182703,162.92
2026-10-02,18,135.0942776902805,162.70924882394874,170.30410997721927,177.83587596903908,203.18040304545968,162.2
2026-10-02,19,136.70037908785417,164.20662915509757,171.75877654109627,179.3254389233469,204.72244345121183,161.4
2026-10-02,20,144.44515572243887,169.82691786877524,176.70124763659317,184.1764329253911,209.13756858664243,166.02
2026-10-02,21,139.8743772432113,166.43441506481315,173.68858579931128,181.1846479871948,206.3729167120684,163.55
2026-10-02,22,147.65881438057977,173.90891523927388,181.052074400472,188.43229638954844,214.0054651900545,170.49
2026-10-02,23,160.54255693976398,183.81582306126973,189.9814849701144,197.4425649817267,222.5140595229489,184.83
2026-10-02,24,173.08302415396076,197.81546095084303,204.38438646537827,211.9305728640429,238.47063270606827,192.61
2026-10-02,25,171.1663647588503,197.476242589811,204.55403605359305,211.9833934331649,239.12004792969145,195.55
2026-10-02,26,188.91347008381663,214.83611532467967,221.67714761460468,229.67259350187013,257.73399647418745,216.11
2026-10-02,27,201.13322148933923,229.57741291785464,237.18136536727465,244.9812009067678,275.0000382515186,231.79
2026-10-02,28,229.53719783396417,252.24360435862684,257.950493544932,265.91568799954206,295.2007383772292,243.23
2026-10-02,29,219.48411626926355,247.6355446623504,255.11889268097008,262.596957451556,293.72555061761494,246.83
2026-10-02,30,234.10270761978063,260.40265833895336,267.2058648337326,275.233791248705,306.4258163683018,258.54
2026-10-02,31,241.57667239385472,266.4588005943064,272.7749778923063,281.01102974959207,312.03220997447016,266.08
2026-10-02,32,225.2857055752125,256.2952277493728,264.5348452053347,273.1464421794529,305.80848914801305,269.89
2026-10-02,33,258.1948607413319,283.199908597158,289.4226467134041,298.41657546458976,330.4954285137565,288.93
2026-10-02,34,246.57140816492284,275.0343903611793,282.3926319959851,291.1799677657283,324.07393594665007,270.74
2026-10-02,35,232.36186795833947,257.469424681697,263.8613903291416,272.3506907865339,302.839220301916,257.21
2026-10-02,36,208.43217167670755,230.95453060606744,236.7769954747564,243.72369252166183,271.6594412318369,240.27
2026-10-02,37,242.08643165187613,261.77045156497513,266.4732459314634,274.6547934759239,303.3800442998717,261.39
2026-10-02,38,218.61321461359915,238.67950626122632,243.6486752861632,251.1451321725814,278.5815149838547,233.97
2026-10-02,39,190.0648634525295,218.5471582284414,226.2761840985937,233.31611748770663,262.713992762308,220.1
2026-10-02,40,174.54342206972353,204.46834283634624,212.68936351877105,219.8192480176405,248.8365598878249,186.51
2026-10-02,41,206.5909462861508,232.32844273624409,239.37529655767287,244.14253152328504,273.65485471385614,211.67
2026-10-02,42,187.03027340022675,213.66847310157263,220.773789351022,228.41584256284105,256.7161882934656,188.27
2026-10-02,43,167.29559845486938,197.2148566036922,205.4004320578404,213.1107947668617,241.58273026857776,175.21
2026-10-02,44,144.90086710878552,175.5541537662245,184.0464287692747,191.72640592338297,219.0623783626181,172.25
2026-10-02,45,159.7195061869147,188.3640432719724,196.14915601939984,204.1532360472398,231.5212736691484,183.88
2026-10-02,46,145.4848161128512,173.399855482186,181.01046061595025,188.9688364482707,215.08045069418563,173.18
2026-10-02,47,135.0478707251309,161.4178178723157,168.64320495387113,175.99805388935735,200.8006158081517,165.69
2026-10-02,48,121.82901546912926,151.44647420363648,159.7705563678399,166.6859553717088,192.13140717302056,157.52
2026-10-02,49,130.95211270657182,157.83377071527116,165.2246360312975,172.65434028893011,197.40943141273684,154.91
2026-10-02,50,119.16707056713118,148.6691350634078,156.99406822181442,163.63151783808905,188.88269689408253,152.2
2026-10-02,51,119.16458815631924,147.97317173589343,156.0864934763912,162.6827425329677,187.6269302546692,153.69
2026-10-02,52,113.2358651916769,145.21317068910253,154.3473345083114,160.79236954439892,186.78892739516297,149.63
2026-10-02,53,116.29492023435176,145.65956343830746,153.93148041493907,160.76813134301682,185.7460245351852,146.07
2026-10-02,54,110.6453430704289,143.80709881765506,153.2522043712737,160.35964233976455,186.6416488392559,141.96
2026-10-02,55,113.79116418848491,141.4214145083176,149.07101955068467,156.81920292597562,180.7478121154614,140.68
2026-10-02,56,103.68693264499122,137.40811399446122,147.1085463248812,153.63714258481008,179.7810945465638,134.72
2026-10-02,57,113.71096968085452,139.0957722428056,146.0645033485713,153.63860796346998,176.5731802844713,143.79
2026-10-02,58,107.74043620054708,140.00871565717082,149.181237142873,156.3326072574087,182.0174594160595,140.9
2026-10-02,59,114.2587589475359,143.47107599015723,151.60177562536865,159.44505113987742,184.10419205424844,141.41
2026-10-02,60,125.10710440706104,150.47567381977566,157.35521346664018,165.38745669014742,189.00931196107223,143.15
2026-10-02,61,114.2065365815174,142.2254032764729,150.022481698104,157.4909780640501,181.65388760268647,141.08
2026-10-02,62,122.99570438442753,148.15176025608667,154.9884546756099,162.85904618947615,186.26562630910908,143.59
2026-10-02,63,128.96803543076936,153.7269679262399,160.44579191173773,168.0588508416671,191.70869216304155,155.09
2026-10-02,64,141.1914365540544,163.2841819281447,169.09671436667395,177.06716013541387,200.2795247649608,160.64
2026-10-02,65,119.58703941021834,146.51199635213342,153.9010970920339,161.86524675551942,185.83216758669224,156.21
2026-10-02,66,134.53186825904118,159.80076813987736,166.68338367693792,174.05796325037488,198.32964317923623,163.79
2026-10-02,67,157.39945516511602,182.56614510564737,189.2744246663672,197.3053432521949,222.95533133628723,187.3
2026-10-02,68,191.07166522570577,212.89697716868608,218.4332902749065,226.65661175506293,252.99211483264875,216.81
2026-10-02,69,147.4681187873714,176.47562631452143,184.43041747879727,192.27890009887028,219.02426459285363,180.08
2026-10-02,70,182.35887183812395,209.83876214369485,217.1931325187275,225.12017061415537,253.45918550582869,219.62
2026-10-02,71,213.8248153482014,240.15047847236647,247.0612613458277,254.7753340175337,284.6848769150864,238.22
2026-10-02,72,269.2118850961412,283.298610917641,286.2510896393282,293.6107083247582,321.6958890063452,261.49
2026-10-02,73,217.3345617339981,244.6727253552789,251.86456433964275,259.7998918743475,290.3690066601199,239.98
2026-10-02,74,254.45690045926068,279.36282907780657,285.6649407658083,293.6826017957915,325.5848657481877,250.44
2026-10-02,75,269.3889251523389,300.45228947947186,308.5833403171617,316.965093082182,352.5715810793325,276.08
2026-10-02,76,301.8657393784088,331.9447572539267,339.4924204640658,349.55345870725495,386.6537307050594,299.72
2026-10-02,77,303.619849508936,336.6214536258713,344.9465992577726,356.26576089920667,394.6484656857562,328.58
2026-10-02,78,315.30198989255024,339.10292946896186,344.51713589241217,355.9297829731462,390.9339255142068,328.11
2026-10-02,79,293.9181689219931,324.47309940065566,332.2240975818628,341.99962793808487,378.8254104736629,315.28
2026-10-02,80,273.93524462903304,309.7329897525688,319.3268482934187,327.6562071232213,365.6943775525804,307.27
2026-10-02,81,289.5927312131975,316.2565399467108,322.9781645709302,331.0879101175549,366.0746255960649,282.7
2026-10-02,82,256.2789620927924,284.57656069456823,291.8995551668513,300.1984908827462,333.7116842691269,279.83
2026-10-02,83,234.70613799461063,262.96065545930406,270.38207374447006,278.28822096320783,310.4122129171617,261.82
2026-10-02,84,226.3678757110286,248.65700206019028,254.25244140990355,262.1405688315492,291.0391179080427,248.08
2026-10-02,85,236.93961034568343,257.3615319893684,262.40818805209585,269.6199146656184,298.4514971498768,244.78
2026-10-02,86,210.8442164069744,234.6820904947036,240.8711396262244,248.1633772715899,276.80842270639243,238.14
2026-10-02,87,197.37161491013865,220.85195067744425,226.91093424740063,234.84448613398143,262.3705855565271,224.99
2026-10-02,88,183.35418563138785,205.3689624409837,211.04060044163413,218.7596743600621,244.73243520496223,211.92
2026-10-02,89,194.7212176333152,216.48353859770992,222.04100755796296,229.734155777292,256.34227261094685,220.23
2026-10-02,90,186.5146119102208,208.5879646619028,214.2900660588496,221.78049057929147,248.0134373824984,215.0
2026-10-02,91,170.90398847260485,197.9472607279276,205.24130288372743,212.7985528175611,240.232704251502,209.39
2026-10-02,92,165.3394799185703,190.90015113009093,197.76529459578447,205.186326452184,231.6050011455051,201.39
2026-10-02,93,171.32389258146964,196.0406996617564,202.594950232911,210.2983949857542,236.6977821870904,201.62
2026-10-02,94,162.80289739608656,187.2923209809016,193.82417232805184,201.3307830734704,227.091761307408,197.52
2026-10-02,95,161.13831946471424,184.7479535016754,191.03353010798003,198.3218858960961,223.60363705499043,194.55
2026-10-02,96,145.74492513187636,171.47803744516287,178.47407244249467,185.78156358224416,211.0052943634721,185.1
2026-10-04,1,164.2234679989045,192.47168094252788,200.04813892820167,207.89636396157127,234.2484741201766,205.83
2026-10-04,2,158.33684766770716,185.5335109597175,192.845661966056,200.58886957692263,226.15966444533944,201.45
2026-10-04,3,155.57075111871723,181.2168015108801,188.09720144825263,195.9237754834521,220.7066844746775,188.81
2026-10-04,4,149.62296495545976,175.09587336601425,182.0188191767297,189.1137770881889,213.38259346162897,180.21
2026-10-04,5,156.4445600325698,181.6712830071221,188.41072817295944,196.45364598665645,221.1430852431131,191.68
2026-10-04,6,151.1899259831519,177.79270129022737,184.9776296985814,192.5591983562097,217.46124713012284,189.72
2026-10-04,7,151.84306256674043,176.588457831598,183.2344585109361,191.010704254638,215.2033091003161,190.8
2026-10-04,8,150.29112378341856,174.68135470429013,181.24948682721072,188.86090662239715,212.7939440192497,182.18
2026-10-04,9,149.8445573814528,174.68902324065425,181.3944464523956,188.91168996236945,212.9951890277593,192.54
2026-10-04,10,149.34699965137244,174.56602429965525,181.35164245513505,189.12984851121985,213.3822099414812,180.23
2026-10-04,11,148.1176203246243,174.67554757989768,181.8157089379588,189.82157670205788,214.5997814137716,180.1
2026-10-04,12,145.62381470086336,172.30607488981988,179.52720362730267,187.1427991282121,211.77486105206825,177.9
2026-10-04,13,146.39988515116758,172.7403655835017,179.87415081755293,187.3849637239356,211.90124491648865,183.09
2026-10-04,14,146.14750577942985,173.00173014765664,180.2768914068756,187.8140423573636,212.53488259780192,180.85
2026-10-04,15,145.60727672982674,171.97899293383475,179.12956044064916,186.5836503695677,211.060354566742,180.25
2026-10-04,16,144.0185351595957,171.66231951935148,179.14881961009831,186.84178638816044,211.7982389063566,174.74
2026-10-04,17,146.82087358168533,172.9185879401516,179.98525459457576,187.4772262811089,211.912580731934,175.7
2026-10-04,18,141.77649391109438,169.28050900015822,176.733437447105,184.4428922580749,209.2192954225129,175.7
2026-10-04,19,140.82632733903432,168.53076100108825,176.03916478197704,183.78261172672927,208.59526571016937,178.67
2026-10-04,20,142.5533420416706,168.60932456139892,175.70802218563117,182.8927963569869,207.02714412590143,176.87
2026-10-04,21,144.8541723070501,170.19634100539074,177.0373206364905,184.7446908344052,208.78867018348632,176.91
2026-10-04,22,143.03660761004303,170.23046511291918,177.6176369557705,185.077543576439,209.75597495065915,176.9
2026-10-04,23,141.16550059503425,170.47322547102235,178.43855895824427,186.0691772659104,211.5527253055245,181.87
2026-10-04,24,142.2016586779385,172.83164490577136,181.17064253944824,188.7163977406233,214.796410859048,189.63
2026-10-04,25,153.1124310847232,178.95882480142242,185.9435928862762,193.35631813801115,218.0231691028941,179.68
2026-10-04,26,147.99696889281907,177.57903788338498,185.59515988484628,193.2694737419907,219.252775025582,185.34
2026-10-04,27,147.95683934897704,178.8815714588632,187.2650087065115,195.01050868625703,221.5631049990419,192.05
2026-10-04,28,153.77636865883338,182.4235110298441,190.16120138054208,197.83333754831224,223.7461616284984,201.46
2026-10-04,29,168.17083467862832,193.2223996386042,199.93017792392848,207.4277617120084,232.61009543140705,200.45
2026-10-04,30,158.4780998056136,186.70203385334747,194.3026878921556,202.0192171343648,228.0226560074228,201.19
2026-10-04,31,153.88452242785647,183.4647434919868,191.4478434866959,199.26499403815103,225.59564536241447,193.93
2026-10-04,32,145.20402077734977,176.44047355483855,184.8780275686706,193.04272821263007,219.63727599747347,190.55
2026-10-04,33,167.10271320017847,194.1608127174165,201.38443996259304,209.35556898291745,235.3891622342638,200.74
2026-10-04,34,156.5891365745948,184.3118284213981,191.76450001457928,199.6247853441758,225.3363414856344,192.58
2026-10-04,35,149.06346286767294,175.00814905519167,182.01105500761903,189.6458717288353,214.1635037644223,187.44
2026-10-04,36,135.0879039049355,161.57487680214652,168.75295709817303,176.58706649778796,200.5873693329339,166.0
2026-10-04,37,154.3452368069143,180.8488473859176,187.9604962777265,195.904556312458,220.99564474657728,190.78
2026-10-04,38,134.09643709837692,164.66822450621976,173.0020950026794,180.69225444897185,206.32104922962736,178.23
2026-10-04,39,120.96918110382124,148.06410507113114,155.48884217752675,162.98791517243737,186.4083854577276,170.09
2026-10-04,40,115.44574072737184,140.90634023204274,147.84851142731617,155.79679690263652,178.29779240041267,153.27
2026-10-04,41,122.23574014208768,149.1948589107993,156.56229089637617,164.21836104443642,187.67639370453296,162.75
2026-10-04,42,107.53578052365918,135.25857038002098,142.91611961482607,150.25496640335038,173.1687128841411,149.18
2026-10-04,43,97.896064323316,124.68631937381043,132.12554775580287,139.34843904634013,161.32094027841677,136.24
2026-10-04,44,78.95883463881086,109.87293171941796,118.50940854116348,125.84709003335122,148.50977995479474,126.73
2026-10-04,45,88.49588680393688,116.45211420724,124.27945629956996,131.16037066960703,153.04639711279822,127.93
2026-10-04,46,66.53065096301421,98.72852991084294,107.75774113676016,115.13527087318566,137.65149278927672,115.41
2026-10-04,47,51.13460475516912,83.17049949762612,92.17310058151888,99.85062298908883,121.4922131198357,108.02
2026-10-04,48,34.199325144337216,65.74027502198116,74.66632302667529,82.25835413034035,102.741861680399,90.85
2026-10-04,49,45.755333607635386,73.0271759026744,80.81473201828373,87.52024289572756,106.72553252298448,87.26
2026-10-04,50,31.45616453307911,58.20966087993512,65.84291001300795,73.10117178683679,91.3825963740954,81.31
2026-10-04,51,24.028028619599816,50.06648833290808,57.512068173647,64.8879525468443,82.4773175862117,74.08
2026-10-04,52,14.47800991107487,40.47465518906211,47.9473485859807,55.233002305944055,72.2619372358406,64.97
2026-10-04,53,18.1543353273074,43.86860857605632,51.29876980728156,58.101462161681326,75.14208357644435,60.76
2026-10-04,54,11.475576901863398,37.14123625407328,44.565090060508005,51.50601774171149,68.177510544226,50.72
2026-10-04,55,2.9947104449149435,31.2051008635984,39.36624306757653,46.29172925991354,63.5534526462725,44.47
2026-10-04,56,-0.872715042288597,26.89049894940797,34.94524435610473,41.808486918403645,58.65967438048409,44.81
2026-10-04,57,4.672758474633859,32.57436808702659,40.63693127415592,47.63609329761525,64.87317140270373,42.33
2026-10-04,58,11.565007543640306,36.5683078274178,43.81052304820949,50.71854069098612,67.11338717604536,48.94
2026-10-04,59,15.03809350639446,43.78515584411223,52.05220759593717,59.038564911031415,77.20097576374516,59.77
2026-10-04,60,24.894790603849124,53.20526271167829,61.34101799251346,68.11248375339092,86.60575237960796,72.28
2026-10-04,61,20.516039861509302,50.31478839620007,58.81478097182662,66.23731224904817,85.20926534209592,65.84
2026-10-04,62,39.72429729886917,68.61855791029917,76.80797427312982,84.21451029705173,103.87061162169792,85.2
2026-10-04,63,59.8004876508596,87.95184146808721,95.87865038034502,103.2119587805237,123.6589792745811,96.46
2026-10-04,64,77.73551076646626,104.969097813687,112.5748260121405,120.00141899274853,141.0732668523689,112.5
2026-10-04,65,63.75606385690123,92.22319223698082,100.1581699099464,108.17514944513093,129.0780785385892,109.5
2026-10-04,66,89.91284060716467,118.7027115116338,126.66643441659484,134.474832012839,156.92974659968485,136.74
2026-10-04,67,117.14386434826994,143.5373682388137,150.79602541374837,158.11826385018125,181.0067952673137,160.26
2026-10-04,68,138.92058570286883,167.27295080300183,174.91901162433695,183.1578225003911,208.2114239193349,190.74
2026-10-04,69,105.78021591671347,137.18428433918132,145.79167537659194,153.95796647752778,178.43843434538263,164.41
2026-10-04,70,129.87649142160765,169.4243399444751,180.21375449151995,188.50559036901296,217.7406283573597,190.33
2026-10-04,71,155.69463558112116,193.89099760423284,204.2496938801747,212.2710991909922,242.33083767364533,214.99
2026-10-04,72,172.40889294534506,205.05147998895552,213.85205353088497,221.44746700516228,250.04906731933,225.86
2026-10-04,73,163.54237255067946,197.59980738361668,206.7963407465565,214.65621137243727,243.3978679446085,213.91
2026-10-04,74,173.54428910405463,200.24464524811776,207.32498139249807,215.53363311407,241.8112058434877,222.2
2026-10-04,75,181.36538554515585,209.250650296523,216.6751206882851,224.4952516393793,251.641272799128,226.39
2026-10-04,76,187.64668497858744,214.8402986078308,221.960936191796,230.7073979469478,258.05479457211624,234.97
2026-10-04,77,198.55221543224505,218.0955380537104,223.1040303820217,231.30152974727145,255.97473419601644,232.42
2026-10-04,78,189.85935538013533,218.0965835896176,225.58863978813395,233.4487928692342,261.2185238866185,240.33
2026-10-04,79,194.4514170374867,222.9223731567045,230.45969421802,238.3757633575296,266.5060883235186,244.9
2026-10-04,80,205.2818317161755,231.58301174961207,238.52705164045423,245.98384671589903,273.7378322128133,237.19
2026-10-04,81,197.32721771069484,223.34694271949505,230.2355775828673,237.71095928717384,264.90955037604994,234.5
2026-10-04,82,192.20669423073824,217.66209704500463,224.3842604116913,232.1149889953169,258.83343522346325,237.12
2026-10-04,83,190.74911296133976,214.87545034668125,221.232154070354,228.9587497772125,255.04088516688893,228.22
2026-10-04,84,174.31693564457942,203.325973566172,211.06593068742845,219.0863008061,246.3417252718775,219.72
2026-10-04,85,188.2461955388892,212.8035886732989,219.2960811119674,226.9434183629594,253.0546927407236,222.06
2026-10-04,86,180.7012629266168,205.4950791734041,212.0289439138693,220.1638069264972,246.0305670536717,216.93
2026-10-04,87,161.02674973912397,190.85845250589148,198.8278999534577,207.26729307788705,234.19414245691468,213.99
2026-10-04,88,154.71528103314813,183.58753121459085,191.3448467279627,199.4241018754242,225.54540389252867,213.63
2026-10-04,89,169.84988088504596,195.58579253237977,202.44916980622835,210.24957501775063,235.85713468258308,214.98
2026-10-04,90,154.66004752463502,184.4602022056904,192.454680660148,200.7530756545732,227.2923658098341,214.92
2026-10-04,91,158.5895142044345,185.7824432765398,193.0730153632736,201.01632319538265,226.63026161961204,213.99
2026-10-04,92,150.8840519814582,178.01052224635248,185.311141498835,193.20910458032844,218.3614097088202,205.25
2026-10-04,93,157.99418365738995,183.8679723253177,190.8025633430474,198.646404220386,223.6613213342248,212.69
2026-10-04,94,150.21159365315867,176.40480714576876,183.4534475903655,191.2903361941617,216.00635376439027,197.84
2026-10-04,95,143.18841251349988,170.5289582395845,177.91192889014465,185.82385443243663,210.64130074364712,188.14
2026-10-04,96,134.97399946562754,162.12286387322416,169.4640962819546,177.51788767824908,201.82194402001696,171.02
2026-10-05,1,164.9350097377117,191.57751997753053,198.699697963736,207.7602247654939,233.07572298833227,161.27
2026-10-05,2,153.55520131584586,183.5920462105475,191.72617589203423,200.26576204366185,226.22261579762124,167.29
2026-10-05,3,147.0503856756322,175.3028587013734,182.99107770903072,190.6516663449289,215.5488995613114,172.81
2026-10-05,4,139.44903253952944,165.21476469224046,172.24330720615825,179.6161986835501,203.15193024564152,168.07
2026-10-05,5,148.32711174570366,174.0349213599141,180.98135796998983,189.3069256844056,213.3395407035425,167.38
2026-10-05,6,139.80378420912538,168.5691093941084,176.37931752950837,185.41672652207504,210.1658509089159,157.66
2026-10-05,7,136.07973572411615,165.9287557854006,174.06886915382182,182.75500976517424,207.69692372203727,164.2
2026-10-05,8,132.6972299500995,159.05396943289907,166.26415479246285,173.88745572532466,197.2885846577764,158.55
2026-10-05,9,134.05790436578351,161.2590700713854,168.70551707456568,176.20436607753317,199.9930421837165,161.07
2026-10-05,10,131.23824285523398,155.63381745496775,162.33380760624848,168.9718131103895,191.51684652339,153.12
2026-10-05,11,129.39835433687412,154.04838703611586,160.8154694410639,167.7669094750472,190.3198029516152,154.33
2026-10-05,12,126.54736890873272,152.14747613940875,159.18134574126034,166.4210873112515,189.18817270972616,151.25
2026-10-05,13,128.92504888018107,152.898949261288,159.49740098641865,165.89909952166408,188.15046883848507,150.54
2026-10-05,14,125.76142734466106,150.7382150715676,157.61936941256045,164.31051493556137,186.7790390517252,149.83
2026-10-05,15,123.93477130602272,149.21048348143762,156.18091111148308,162.90753397281586,185.3908272948113,149.81
2026-10-05,16,122.19120792490236,148.25425909068264,155.44744589126225,162.30103000191892,184.9912125055251,149.67
2026-10-05,17,123.99208074924428,148.92581266512695,155.79972027757586,162.5373160546989,184.89522023886187,151.79
2026-10-05,18,122.47073880831005,148.3026802965657,155.4328551857718,162.20566728338898,184.82084389288724,152.17
2026-10-05,19,124.23102066792018,149.8935295125925,156.94377169246275,164.4567089638755,187.131828317708,146.6
2026-10-05,20,128.09922773712026,153.7301004421414,160.76241164508392,168.13096533564052,190.99888471005167,149.38
2026-10-05,21,127.01380078062036,152.64138311576187,159.67885994738603,166.9868717262236,189.7922600215638,151.11
2026-10-05,22,131.09491339390064,156.76867249961248,163.80449224554667,171.1041634075497,194.1484311944704,152.2
2026-10-05,23,139.38645690026016,163.95703253138447,170.64544038583645,178.16423468453996,201.25156081657263,154.08
2026-10-05,24,151.00144078666492,175.62941563319754,182.28629570014127,189.9536738398212,213.69950901737528,163.17
2026-10-05,25,144.78852566618187,172.8749173218053,180.52234001517195,188.2532904672224,212.9676689289477,171.44
2026-10-05,26,160.35381614701086,189.1933547156724,196.9954692150549,204.7186850139821,230.56259220648164,193.66
2026-10-05,27,171.03183729266394,200.1824929669177,208.0293454241049,215.85338544728603,242.39871309739672,212.02
2026-10-05,28,188.8156022567489,214.6204796995808,221.46725983071505,229.19562424587195,255.4424704629812,215.0
2026-10-05,29,192.4186895661973,218.74682723694863,225.7177984650021,233.7147230144882,260.3648559761088,206.13
2026-10-05,30,197.85349487179903,224.14208150079563,231.0716640704984,239.366274756352,266.30817670225133,213.46
2026-10-05,31,201.5096120498698,226.7429674875798,233.37334551622249,241.379109685292,268.1109116618778,230.0
2026-10-05,32,194.22560062766075,219.73577633723056,226.461134135324,234.7308939028139,261.1812436166277,237.6
2026-10-05,33,218.3622889096662,242.9039245231052,249.26673176921847,257.6144953770218,285.01440132786564,260.02
2026-10-05,34,207.9364763700424,232.6294279435573,239.08955009382183,246.9586872292969,273.83083780185825,238.01
2026-10-05,35,194.34184908441765,219.7645348589581,226.4726194539671,234.5232321017767,260.9385810441229,223.58
2026-10-05,36,174.7989165185467,199.9161722563321,206.62547404753727,214.2336999923912,239.45501454728,204.19
2026-10-05,37,206.8548454054637,228.3290693605931,233.8904851881139,241.75397216441164,267.3537181411154,221.8
2026-10-05,38,174.87037670669437,202.94491194371943,210.48438402137177,218.06659267383813,244.40564760436607,202.08
2026-10-05,39,152.16954115685735,179.20774275069937,186.5316724407604,194.3345026929277,219.05758738888264,173.89
2026-10-05,40,138.48949734306123,164.0560649145056,170.9904868605838,179.55305499579103,203.0068121167372,154.27
2026-10-05,41,156.25338791744892,181.9227132826257,188.8608239563424,196.2914775489705,220.70629846622555,169.09
2026-10-05,42,136.45668065790767,162.09045329071694,169.08700876227502,176.62796227835278,199.95772011740988,155.74
2026-10-05,43,121.1428893188677,146.3889325093961,153.34142190124845,160.63244219629388,182.97429424943064,143.4
2026-10-05,44,99.999834725365,126.77061011931632,134.22134043693302,141.70187965143103,163.4767166616203,116.2
2026-10-05,45,111.90837481294352,138.07657982699828,145.31827132398786,152.70003201454193,174.89112428920237,131.92
2026-10-05,46,90.75911324343907,119.05883101069728,126.97049742313418,134.4987821884612,156.34963308996643,94.96
2026-10-05,47,74.59088892823013,103.71523169030672,111.91639057121232,119.46901885363286,140.7530007214763,81.85
2026-10-05,48,60.03018154848531,87.81868471769869,95.70436588585656,103.08445080041396,123.06697498613582,61.06
2026-10-05,49,69.11984631400591,95.18919789446052,102.5584088498746,109.96857987659158,129.79813576741245,85.58
2026-10-05,50,54.81130511482056,81.05246533817906,88.51885879115771,96.02186137639028,115.14211705643672,60.43
2026-10-05,51,48.14271131123942,74.10747342100227,81.52580196872775,88.88310821040294,107.53121817386238,52.11
2026-10-05,52,40.19736384825331,66.74388153858855,74.34671812328625,81.92303845279822,100.36700036529776,40.47
2026-10-05,53,44.49621432646723,70.95754128533625,78.53797566713682,85.62452512288269,104.25136322844185,10.66
2026-10-05,54,40.13390352972648,64.84800158522407,71.94935078235501,79.17595649731211,96.91237447847617,6.03
2026-10-05,55,34.01140291387021,59.9900093423273,67.47297073081124,74.56965326474831,92.44509986792691,5.1
2026-10-05,56,29.22171210651323,55.494138125383486,63.08941728130743,69.83250717842337,87.54497219961937,5.03
2026-10-05,57,34.895418012965514,60.92952838165445,68.42758299318896,75.44585181542227,93.38728173921604,12.59
2026-10-05,58,37.6010045395935,63.13152209334447,70.47171874901285,77.6814462483296,95.58734825752153,24.37
2026-10-05,59,41.08199211457072,66.53582279069137,73.83994437877058,81.10247166438367,99.17064733469384,44.4
2026-10-05,60,45.48469702080069,72.78669129028428,80.58986446827113,87.9459001107039,106.9536263226172,62.42
2026-10-05,61,45.020490286067805,71.07073777336782,78.51080067124467,86.2568534338109,104.78229962367556,42.26
2026-10-05,62,54.12873980206019,82.39396280975451,90.43007605011807,97.94797880749496,117.79474603890829,60.02
2026-10-05,63,68.61644014673197,97.20498628788978,105.2849084672823,112.63132053627191,133.38078900963868,85.35
2026-10-05,64,87.37753055683206,113.2352908625991,120.48743360284232,127.64255810397944,148.37486333265218,94.92
2026-10-05,65,71.4587387228166,97.60275388734124,104.9966764737582,112.05616953613908,132.02764069175933,74.07
2026-10-05,66,95.41291529478994,122.16932340863684,129.65358059257883,136.5413287119031,158.03892357748722,129.11
2026-10-05,67,117.31744840871292,145.4180139575493,153.17709353774953,160.69811532543886,183.91693069424284,148.43
2026-10-05,68,146.67851772420758,172.62134597403775,179.67467979887374,187.0044176583133,210.99815786671704,164.27
2026-10-05,69,110.1240181885048,140.70695418305803,149.17887484985076,156.97715585000506,180.7514028623278,152.16
2026-10-05,70,141.09080737889522,174.09698310603557,183.13334538520976,190.99432514841268,217.3673754910173,172.66
2026-10-05,71,169.8920955481853,200.3599882797696,208.5733362211241,216.6011276240796,243.588843237868,198.46
2026-10-05,72,187.5079582452588,216.62987717319584,224.3319630028309,234.33664472851788,261.8494854265712,213.97
2026-10-05,73,165.90873221901902,196.3221609300246,204.48029302645207,214.0603036685472,240.87005465590727,197.97
2026-10-05,74,183.1176949592102,210.51083870771023,217.79173678424257,226.4373908526784,253.0082262009923,219.44
2026-10-05,75,196.33397464152165,223.84473445441108,231.1332123626984,239.1279247438895,266.43657989926044,230.99
2026-10-05,76,207.82293036677603,238.5198130632296,246.63932310788604,255.2244445039,284.3810442386022,250.49
2026-10-05,77,214.0722375464489,237.37024851383103,243.3913714874928,251.9816507427429,278.68881157887165,243.31
2026-10-05,78,215.71929544437475,243.43817460645857,250.70789566316395,258.88344822920294,287.33093893939355,252.51
2026-10-05,79,219.4619715678402,249.9831711280108,258.02784250170606,266.13031902362195,295.8348559376711,261.43
2026-10-05,80,229.2773670717401,256.8710663925228,264.06454802442033,272.0013098529344,301.1293425947169,250.96
2026-10-05,81,226.433412054044,251.5521644829657,258.0772602105883,265.5737836398811,293.5975001565739,251.3
2026-10-05,82,209.5194143127398,236.7226914642692,243.8859980437212,251.61789134008183,279.51719855540074,220.98
2026-10-05,83,204.3200008869416,231.3540692282604,238.4965445638909,246.0106113017554,273.5552806025857,215.0
2026-10-05,84,204.2222433724928,228.78118172097152,235.2484941756801,242.22824202387915,268.8141900320291,200.06
2026-10-05,85,210.19770185347755,235.5852900773585,242.2229420994455,250.35016302157112,277.61688422957087,212.92
2026-10-05,86,195.95950116364693,222.9804497549012,230.1486787835541,237.69394488935555,264.7805020458953,202.83
2026-10-05,87,185.9293566881239,212.68574989534568,219.7969287552499,227.89682605720856,254.35965729389835,204.62
2026-10-05,88,174.95089989678834,198.12475936018976,204.27422854601548,212.28569998757067,236.79798401353872,180.41
2026-10-05,89,180.02284261303433,206.70153610114232,213.8298386815981,221.435431434859,247.52917787407205,205.73
2026-10-05,90,173.15776462715166,199.51428119341733,206.57744675672453,214.1783259994654,239.77735365586625,194.69
2026-10-05,91,166.1573951639524,193.6501374231273,201.03354768010567,209.31900745518163,234.991977781418,189.23
2026-10-05,92,157.6767718434841,183.7862281672164,190.80093090685887,199.41865774169392,224.1219094656129,167.39
2026-10-05,93,161.81612037338746,187.66938863984765,194.6226321085303,202.513405233374,227.3173796828165,192.13
2026-10-05,94,152.9923125442963,180.14090569615382,187.4927320274068,195.2973807089137,220.1068640776975,167.61
2026-10-05,95,147.0360638539823,174.0812493136524,181.42296165958425,189.30902496908385,213.7589287046345,161.71
2026-10-05,96,135.8880453471702,162.75054595628018,170.0904986115734,177.72654617482536,201.4922292152982,148.63
2026-10-06,1,145.79505779501824,170.2071285930049,176.84512334327363,184.75913982723225,207.9353218002138,160.55
2026-10-06,2,133.85900040083996,159.9917087036924,167.16299470366056,175.06073130706753,198.24476716701423,152.98
2026-10-06,3,130.8734831992179,156.4932783047805,163.5290637181357,171.0511379808217,193.85896289669847,148.16
2026-10-06,4,125.84930883379693,151.8525945794881,159.0111548818414,166.5780961375897,189.25807278698835,145.34
2026-10-06,5,132.2915235283684,156.84789544803144,163.56196061318576,171.2977599738489,193.7764302615395,150.27
2026-10-06,6,127.96259795994196,153.5255933539503,160.54436735879602,168.33378559299018,190.96600948967665,148.69
2026-10-06,7,127.13546188708074,153.69176700562934,161.01103374945933,168.55767228137873,191.52365130151887,147.89
2026-10-06,8,127.19753174089684,152.81516769703367,159.86702926854522,167.03156896443113,189.6243029453848,152.69
2026-10-06,9,127.05339906608654,151.9672201482267,158.8106143258409,166.03015888485854,188.34249812383467,155.4
2026-10-06,10,125.77305073625884,151.86521222678005,159.0541932715788,166.45555487353008,189.161042904002,150.89
2026-10-06,11,127.81078187425848,153.02802620354427,159.9527847483754,167.43419850206132,189.91434476095444,151.51
2026-10-06,12,126.72647327782128,152.00476822288846,158.95009134457456,166.42215420373714,188.8656953107835,149.71
2026-10-06,13,124.82075788676944,150.70031772411818,157.8282184292529,165.2491108127102,187.81961617495,151.38
2026-10-06,14,129.30867205791765,153.5431133189785,160.1828639028563,167.3430737852461,189.5141639680221,151.29
2026-10-06,15,129.4860786202796,154.16560321789132,160.9318476699869,168.26725597537452,190.6266143019044,150.78
2026-10-06,16,130.259627633033,154.8723513362395,161.61944292730317,168.8649480779324,191.23853234532288,152.69
2026-10-06,17,126.32754073246304,152.65467350702698,159.91145908915652,167.32295859879494,190.1509613462688,150.09
2026-10-06,18,124.6696480256324,151.8697544510938,159.3862146499668,166.84623885196407,189.92365739515373,152.98
2026-10-06,19,126.54666756143394,153.64300404380072,161.1257784355508,168.5470005529449,191.6869147281073,153.69
2026-10-06,20,132.24271661919877,158.02622144789314,165.1092589925209,172.55140117129426,195.49650841075265,156.04
2026-10-06,21,127.60043887770964,155.3390930590395,163.01008045686848,170.38302004782835,193.83000163227013,145.83
2026-10-06,22,135.383754739026,162.32307261476922,169.73971261744987,177.1922562769232,200.7617688252596,154.65
2026-10-06,23,145.5390476055922,170.98725784949556,177.9377110053953,185.58544882319865,209.1430264634936,169.33
2026-10-06,24,158.79603844638635,185.5524304247468,192.8671092719659,200.2167606769772,225.00969837238864,197.96
2026-10-06,25,150.68735726843792,179.881275427606,187.9235712693056,195.61109410124183,220.91354162524064,191.35
2026-10-06,26,173.84708786264775,201.5002183072351,209.03454555542191,216.8784918814146,242.86931751568096,204.64
2026-10-06,27,189.43341681487271,218.3508451189076,226.2269337177903,233.9561736945685,261.2997690344282,211.38
2026-10-06,28,216.65324333498617,242.21873590826897,249.06048680664065,256.28647003141566,283.81895191366664,222.19
2026-10-06,29,213.1810388037584,238.3048177970859,245.0108756843704,252.7671702116405,279.9508030714356,222.55
2026-10-06,30,216.34149835899925,248.48124120536383,257.2514593814389,264.87596032228856,294.9624771890333,241.72
2026-10-06,31,224.12283478025952,251.6641611575397,259.0493326928868,267.2031603609535,295.9461844063763,247.77
2026-10-06,32,212.350947476463,243.96904758762795,252.5789345302772,260.8234603114901,290.5039141177241,252.0
2026-10-06,33,245.4649344956712,269.3487010043198,275.6079115088103,283.83913056458897,312.3433253729793,286.08
2026-10-06,34,230.4197991978796,252.79844188191805,258.6641876465698,266.17691725504227,293.2400977031552,255.39
2026-10-06,35,206.9003435211904,231.271927400762,237.7772145263073,245.23393078014328,271.7677852328135,244.68
2026-10-06,36,178.73430015895192,204.65438170570337,211.67638655155912,219.15346645904955,244.7296545192054,213.05
2026-10-06,37,214.4165257475215,235.4018490646905,240.89218903753053,248.37777314472712,274.0106735170991,259.0
2026-10-06,38,192.324186984754,212.31539253277543,217.57701049224204,224.3883061769548,248.3898409262069,221.84
2026-10-06,39,164.9892456717422,190.4102740158729,197.3114791955765,204.9275090920078,229.5516345386264,203.06
2026-10-06,40,144.77353469647514,170.54850306098535,177.61846451533256,184.38776695796432,208.00432636780488,157.49
2026-10-06,41,174.051733052564,193.1927860861724,198.22707337042056,205.70042836058897,228.37763338877443,198.27
2026-10-06,42,154.93877619224915,176.78164823182487,182.660098355358,189.8647331129021,212.5265942630678,172.96
2026-10-06,43,139.05070883093535,165.01804753746737,172.1378597556033,179.69000843354385,203.0872663423941,167.04
2026-10-06,44,123.92979908870647,148.6000770548206,155.36194251790184,163.2539532871419,185.3180972338996,149.22
2026-10-06,45,137.7763296987268,161.50198548150638,167.9611610003554,175.62408689835078,198.08119208390005,153.97
2026-10-06,46,123.9005929488264,150.24726484036657,157.50081275904853,165.49266490068803,188.21080727138167,144.02
2026-10-06,47,112.13056945863954,140.80938531022065,148.78101954348818,156.55566146081316,179.5230400294758,137.84
2026-10-06,48,103.6088053623392,130.53630852488158,138.01677707013647,145.52341700813403,167.32873506581495,132.45
2026-10-06,49,108.63273934702391,135.98910320428283,143.5825324591131,151.19438423871728,173.44822572584008,132.57
2026-10-06,50,99.36836838220748,126.98896154626748,134.69186934062753,141.8312325282128,163.66057276777036,133.34
2026-10-06,51,96.57278395392024,125.34321865654492,133.3930785960784,140.44967806924348,162.5693135577776,133.67
2026-10-06,52,92.93335869990702,121.0893841531588,128.96507216092257,136.0605581514466,157.74040147324305,130.37
2026-10-06,53,95.37108757375292,122.86592439805622,130.54129367410695,137.64438460477447,159.20214096842318,129.42
2026-10-06,54,91.6120692287448,120.63777287683536,128.78127718792,135.52422156890745,157.45907149980326,128.34
2026-10-06,55,91.80043915095544,118.63213968217052,126.11982771241124,133.22104047008708,154.3226478224127,124.33
2026-10-06,56,89.80983121203207,115.71709010772987,122.93727412275578,130.01204937113457,150.64262665604136,126.0
2026-10-06,57,90.65788235543276,116.49586823414256,123.68892886680575,130.96241288571005,151.6188622040668,130.01
2026-10-06,58,92.01292594223644,124.52769020106538,133.69888796647223,140.43127631649625,163.74645844704713,133.32
2026-10-06,59,101.57774547331098,130.3990707350251,138.45542609742196,145.41794529015348,167.83203943191864,138.08
2026-10-06,60,113.47121324714196,139.32929091470237,146.4831910650286,153.58558421143692,175.50929953427703,145.28
2026-10-06,61,105.3167670557414,130.01380508300693,136.83001128220295,144.46738151302063,165.50280218242344,144.32
2026-10-06,62,114.08042459254546,140.26022963366833,147.50179208450783,154.84228198093786,176.93201973248793,152.69
2026-10-06,63,127.13731113982668,152.9561354944114,160.05985633762592,167.53274784144045,190.20953339927627,155.0
2026-10-06,64,142.3115670761447,164.53956674965812,170.55219951269683,178.02580051303713,200.1456226700724,166.19
2026-10-06,65,112.90917504244132,141.267457291669,149.14323820113393,156.90578987494516,179.7911729276293,155.77
2026-10-06,66,137.07314557417217,161.9883506786585,168.80861025880807,176.10553938343628,198.9760534874056,169.19
2026-10-06,67,161.56757854952954,187.59069664565504,194.6750912935937,202.3583897025208,227.02925583008687,201.39
2026-10-06,68,204.526608100122,222.2078620065564,226.7304566195354,234.84084135572928,258.6575313050574,233.65
2026-10-06,69,149.1856074653762,178.2037579111405,186.204919187358,193.5898518420764,218.7317392747064,194.67
2026-10-06,70,188.8495148796299,212.12776538759792,218.33368534146027,226.44786283460536,251.57485689509863,225.0
2026-10-06,71,238.40530175534687,260.1521357396659,265.8130312779798,273.382541391506,300.644013703764,256.04
2026-10-06,72,343.64656347774223,358.1405601243606,361.47794793464345,367.3603830677037,397.5816716236383,324.32
2026-10-06,73,245.12056429864927,275.1409210756516,283.2305993676315,290.60017092778725,321.44917214247226,276.65
2026-10-06,74,340.0588771462192,362.7235525304772,368.4615567116711,374.96377867485006,408.1855783284857,310.91
2026-10-06,75,432.57340900502425,433.0699935854025,433.9517016426388,445.536006761889,475.7732030748231,365.04
2026-10-06,76,478.0360961466142,502.7718897993086,508.8565597080665,513.9603120097566,555.5950272232659,406.0
2026-10-06,77,475.2773620785768,493.0940411779429,496.9994833305262,508.0530490843839,547.0157821680524,404.99
2026-10-06,78,455.8013974067586,470.68834676911104,473.8416032666402,482.0747727613738,518.7344992543467,383.05
2026-10-06,79,395.0543622560697,432.32209946778994,442.2248089928827,449.5556740579278,491.5355703679362,390.36
2026-10-06,80,338.8554448301869,380.8405135239248,392.2007203060163,401.7405924727509,442.5070978803998,350.88
2026-10-06,81,387.55989087116,407.3975586146826,412.20626908521297,418.4438193362657,453.1900108212761,343.76
2026-10-06,82,297.3126028743311,324.68347199554626,331.8974098170751,338.53898505614205,371.2278898260954,297.02
2026-10-06,83,260.54141733818005,284.74910804851373,291.10303865316143,298.0373252827388,327.4651746116816,280.42
2026-10-06,84,236.2840624674945,262.55801399978424,269.57144401750315,276.5819690703062,305.4720245749466,263.51
2026-10-06,85,272.1511309597271,287.2460881431319,290.8859172358792,297.95498116532576,324.4823453766587,274.7
2026-10-06,86,238.33362527651323,258.7982944851139,264.0917410514635,271.2423572958498,297.9883545121759,252.73
2026-10-06,87,219.1964980204052,241.56657066072265,247.46559875110765,254.50697999930043,280.9309042865983,245.85
2026-10-06,88,199.8272828710328,221.3240402011452,226.9941809502227,234.5793903807842,259.60570329210253,222.62
2026-10-06,89,209.7512332585019,235.174736724412,241.97927208339763,249.6241532582125,276.7311038793431,231.11
2026-10-06,90,198.27921418707248,222.07919487266764,228.43647218709185,235.81855529969988,261.64982856997705,226.1
2026-10-06,91,182.277990475749,210.4049812009924,218.06483769783569,225.7423119106787,252.38003656702267,226.15
2026-10-06,92,172.71352145163263,199.01036489694687,206.15351119597952,213.74895086480984,239.141591464276,219.29
2026-10-06,93,182.85532675237755,207.4494067011019,214.0703738357452,221.60186293149005,246.89180191623825,217.0
2026-10-06,94,171.1560138773703,196.7138663120149,203.64714076184745,211.05671660473035,236.06985168626056,211.99
2026-10-06,95,163.8133564810897,189.0673705373911,195.9249319416154,203.4171036403721,227.90738944073337,207.78
2026-10-06,96,151.55074891299867,176.8877211696948,183.8014453914679,191.08067273275068,214.91732405743056,201.63
2026-10-07,1,168.6331864396868,194.99298507380544,201.86858390830315,209.81403025102435,234.1496425058616,209.71
2026-10-07,2,161.6743518619998,187.92173585850028,194.800436856706,202.7305825456639,226.6808458476292,201.53
2026-10-07,3,155.6028984518839,181.8700978187281,188.614286635252,195.48541751333303,218.82679960610704,192.24
2026-10-07,4,148.1469912419267,176.11177025511347,183.45915432436183,190.776369491842,214.5981708688469,189.04
2026-10-07,5,157.17602199202503,182.4672230238024,188.9991337983904,196.34484168343232,219.5043802587641,190.04
2026-10-07,6,151.18366228092714,176.76720868383163,183.35505445337205,190.3276675204721,213.2055400204636,188.22
2026-10-07,7,148.4823954731093,175.43715864714835,182.38511503256169,189.052483314739,212.27335601341656,183.05
2026-10-07,8,145.16242705295758,172.4235290507341,179.51763353216683,186.4274158676844,209.6899213321413,178.93
2026-10-07,9,147.00600742200993,173.61320640685878,180.5209153414144,187.5052163535973,210.6089903953258,180.03
2026-10-07,10,146.1329577752074,172.06458338673704,178.86497873995606,186.35430881015057,209.2922470452953,177.63
2026-10-07,11,144.1684290969537,171.6420575147022,178.9216998047208,186.5572697752117,210.08291637456324,178.47
2026-10-07,12,142.03163182270134,169.91545703863014,177.31667747191233,184.90119956256248,208.47801738726423,180.73
2026-10-07,13,142.76613030187067,170.17964005748786,177.4441749408191,185.0465456880397,208.4698035905,177.33
2026-10-07,14,140.9171912561566,168.73405217279824,176.1494698119182,183.90143093113457,207.44852169050108,183.38
2026-10-07,15,143.85802958168816,170.5158367989959,177.55219168035148,185.1280531370137,208.2833687830536,182.0
2026-10-07,16,144.36645915235206,170.70007903052354,177.6455062095173,185.25383186451973,208.3095983367981,182.72
2026-10-07,17,140.82723186130852,168.4260739373465,175.73398563252152,183.21024573698185,206.57820148122755,183.89
2026-10-07,18,139.79902761875448,167.91581350584218,175.38304933896956,182.88606074768177,206.42685737340867,186.36
2026-10-07,19,141.52631833883413,168.63799048079187,175.82141686686998,183.41853576406808,206.65592701330235,187.31
2026-10-07,20,147.4743213120411,172.5163559953044,179.0614865768093,186.6029668134203,209.2538004924024,186.67
2026-10-07,21,144.1342713269736,170.3506765845585,177.22360887504263,184.58781852046903,207.50897623504312,181.5
2026-10-07,22,149.02163677293595,175.72159772626023,182.71734211566832,190.14323860488363,213.5178633184973,177.26
2026-10-07,23,163.76419897274982,188.74762117689983,195.2008353510909,202.82767684883493,226.2628551522988,190.17
2026-10-07,24,181.20803283183395,207.96642192736843,214.849833676626,222.5607197637931,247.5928367403809,205.49
2026-10-07,25,176.11591783812446,202.7210084722629,209.58745095495487,217.29472544191856,242.01784383783507,213.74
2026-10-07,26,197.51070995299403,224.26210485158268,231.20149892640097,239.8105797445218,265.89880510490354,238.99
2026-10-07,27,212.5079972088845,240.585727308126,247.91227335233967,257.0508353348045,284.5700458042816,251.49
2026-10-07,28,230.12908567753,255.67080394058067,262.0416806808597,270.3969360637095,297.4738538213346,263.04
2026-10-07,29,230.9480024026555,257.92885790221607,264.8049947206087,273.7393711779455,301.6282168469017,277.57
2026-10-07,30,233.7125953076132,262.6295363746144,269.9542956639892,278.31174616044285,306.9559778296033,276.88
2026-10-07,31,230.16992009297803,259.1354348692864,266.44298310256573,274.49157842129347,302.89081557857014,277.41
2026-10-07,32,217.45363165525168,250.4256494880249,258.90944127979134,266.6628546744557,296.01603130916544,256.0
2026-10-07,33,252.89880422763736,273.1363142309825,277.8037973059646,285.8551516620447,311.74064980023195,280.42
2026-10-07,34,236.3565709208941,260.45883360359016,266.23326660658,273.6881672797125,300.1927008514149,264.88
2026-10-07,35,215.72429601422192,241.6457284269396,248.0594266104966,255.52695845941795,281.79612934273973,244.02
2026-10-07,36,181.5309732352884,211.02542022257407,218.6905659422385,226.3689203291929,252.5370046225549,224.97
2026-10-07,37,235.8816144705704,255.29811805714647,259.70089563030183,267.0134116299293,291.51535955848567,259.37
2026-10-07,38,199.18674692094305,224.45961501018223,230.81378364641472,238.50795835120329,263.78459954623605,235.4
2026-10-07,39,171.48389874918686,199.2105190520965,206.4335312332812,214.1891732197292,239.1680853958038,217.78
2026-10-07,40,146.34163072153893,176.49324923862935,184.552951780892,192.30975319257507,217.0834932138627,184.54
2026-10-07,41,174.66808723756333,204.81785520226444,212.7703598632185,220.82086037463543,247.0444894681322,212.01
2026-10-07,42,155.05867399496853,185.3163088802808,193.38623637871808,201.30966621788147,226.59706023278773,191.31
2026-10-07,43,137.22300541906822,168.26138943333734,176.61002453324758,184.2657779787129,208.9369213745432,175.47
2026-10-07,44,119.69740060521048,150.7816082764988,159.35048988648435,167.68595133515203,191.7432617628848,161.14
2026-10-07,45,129.56634992026878,161.8512599505536,170.57818479936978,178.09394058993803,202.86936999172616,171.42
2026-10-07,46,116.32489777875747,146.9096025192056,155.26816918318983,163.08614251941452,186.61605957750567,158.07
2026-10-07,47,106.6130822136393,134.37491722195324,142.03254184471825,150.21607531582393,172.22560892553537,155.18
2026-10-07,48,94.08770487174267,121.5388287552695,129.0935367259089,136.7776883722074,157.9038272026702,150.09
2026-10-07,49,99.4555922696634,127.99211699807962,135.87607757643616,143.83903625394154,165.7571147784961,140.41
2026-10-07,50,90.1039869685356,119.3984246226788,127.4391283785346,134.71280243959134,156.28306463287322,126.97
2026-10-07,51,85.90353078262844,116.98285267888885,125.57621769739076,132.94223040910066,155.0766048023093,125.69
2026-10-07,52,81.71353245439857,113.63270852524391,122.40453043671022,129.2418150279767,151.35946294249385,125.25
2026-10-07,53,85.51873538234663,113.89862928931788,121.71930472160388,129.10652452962833,150.11361478902484,122.91
2026-10-07,54,82.21863662816087,111.31108983984916,119.30178007609643,126.36255119543168,147.4052282388871,124.07
2026-10-07,55,83.28225178744975,109.86489089892542,117.1213304675398,124.1525233047746,144.2002105437399,124.43
2026-10-07,56,82.66092828814432,108.98644861666972,116.17060219340809,123.19232078911288,143.10102319059018,124.15
2026-10-07,57,81.9312368655948,109.2229066640468,116.59095673012956,123.01024146323854,143.0979277717316,126.95
2026-10-07,58,86.88473656202524,117.78952294871748,126.24854326889476,133.1341095709572,155.09583007350693,129.44
2026-10-07,59,95.9293564964081,125.17492635019843,133.17250002827427,140.4631765130761,162.29823867707,141.09
2026-10-07,60,107.2782663359588,134.30722119128868,141.5988411343941,148.85966991658577,170.31475468805678,149.36
2026-10-07,61,96.51272071481075,126.61524599881304,134.75582049061893,141.43037720264337,163.45816113890095,143.9
2026-10-07,62,108.24823465706912,137.9576718145658,146.02986844577387,153.37054666947634,176.00425031032336,153.15
2026-10-07,63,122.56593743918754,151.415900196213,159.14605048982867,166.38880167950416,189.32491060254603,159.69
2026-10-07,64,139.13375246721142,165.32303203127444,172.1806140382733,179.3319852090848,201.9363687959618,177.09
2026-10-07,65,116.54835951567964,144.6764292729419,152.29844958650318,159.95115024465625,182.42599562906253,157.52
2026-10-07,66,135.0885828609084,164.30795430914532,172.12326139711547,179.65347657579855,203.4319688239925,173.4
2026-10-07,67,165.1191458361356,190.51638312811843,197.1085834337329,204.9008333994794,228.62289711419209,189.15
2026-10-07,68,196.4632208528189,225.7424034878829,233.1421315102714,240.07672075204133,266.6443957449487,206.21
2026-10-07,69,149.40665025262214,182.81004404392988,191.82516527096453,199.79361598738384,226.12313961454333,196.03
2026-10-07,70,184.39645860409163,219.9063153898817,229.2905785792424,236.9719083824264,265.7639086643179,224.33
2026-10-07,71,209.6971129663788,248.86679455626697,259.11591054383035,266.4791676536645,297.9006094917256,244.05
2026-10-07,72,254.80219308406288,273.8908520987493,278.16695581219,285.9144047216153,311.3232386660792,254.78
2026-10-07,73,225.59600241179064,254.98078336142007,262.45747619661074,270.6482498528484,299.0447495299136,240.45
2026-10-07,74,240.60190643331896,260.3271508238915,264.8843641445916,272.7539577720588,297.78137759334857,252.44
2026-10-07,75,232.0308536439356,256.26966917717726,262.2410116002921,270.51376247033323,297.11833557857653,255.33
2026-10-07,76,226.8658825799428,255.17980054255915,262.4337376492157,271.1920194514254,299.3814791599857,254.23
2026-10-07,77,258.92719565704465,275.0264154503176,278.5130958589384,286.8406922369933,311.39079114763183,254.74
2026-10-07,78,226.6460254101277,253.42527449588025,260.1514699295442,268.38152858554344,295.7640029245441,241.39
2026-10-07,79,210.0585710822508,238.9734835176478,246.44098172149225,254.8845353051412,282.41840109918235,235.25
2026-10-07,80,194.47025747181635,226.71736666523475,235.1197437647592,242.88549120549663,270.8391652296834,226.72
2026-10-07,81,206.25461749866244,233.62496054452603,240.3895371910025,247.132792668562,273.3232215043402,224.19
2026-10-07,82,182.1685779925444,210.4724660024854,217.7937090748024,225.48933083289765,251.20144031837543,212.07
2026-10-07,83,167.48644747760827,195.08680651349425,202.3484914355144,210.42927472870588,235.26397203952249,203.64
2026-10-07,84,155.92003766221055,183.8522351599837,191.25190368287736,199.20517956105672,223.5823133664676,182.93
2026-10-07,85,170.70695463636605,195.9342395582664,202.4481752418245,210.24812677683187,234.17069446161705,193.71
2026-10-07,86,157.4398775443045,183.08662659434552,189.7215958370168,197.07947583424752,220.4023289188281,173.11
2026-10-07,87,146.93349698230998,171.0564386066313,177.41862751181827,185.4431212139812,207.83669289136628,169.74
2026-10-07,88,128.2921758022885,152.95589354777346,159.496263610883,167.0347852659227,188.60717250701293,168.06
2026-10-07,89,146.3132638043234,169.33058599625204,175.3231180995479,183.016049070186,204.8211204787251,179.91
2026-10-07,90,134.51907608844388,159.18044672454172,165.72055108195983,173.4693531130616,195.4044483017463,178.89
2026-10-07,91,123.9298099696432,152.01432674509888,159.5779347246365,167.19686320429662,189.99783028780377,175.63
2026-10-07,92,112.37535368420588,141.84243811510137,149.85428859243422,157.39085412283927,180.18283637632183,162.04
2026-10-07,93,122.0857113559401,148.99875728860383,156.21986645467558,163.74821905147482,185.9487681558745,158.39
2026-10-07,94,110.37194599376348,139.2167445914586,147.01217366887772,154.25583973730463,176.60447626758236,151.61
2026-10-07,95,103.6063357125998,132.90431508319398,140.8555690532268,148.02721498597762,170.21603660251748,148.09
2026-10-07,96,94.5777570551312,122.60860165116765,130.22286672727307,137.26631713308458,158.45859634089072,137.09
2026-10-08,1,121.98661053566624,148.51414533052298,155.56773340729865,162.09682585943844,183.62523865777715,178.0
2026-10-08,2,113.62215777029812,140.85497566434836,148.18753747003245,154.81810605652643,176.28575024666523,151.47
2026-10-08,3,107.77540354671588,134.69199362209596,142.09977525313292,149.46971304383646,170.72048749248657,142.27
2026-10-08,4,101.01025343394925,128.26368200019832,135.8153665457972,143.18188108360536,164.25673823122062,137.9
2026-10-08,5,107.90474727839438,135.12727563508608,142.6562085895453,150.22679900640463,171.6741348459706,141.0
2026-10-08,6,101.0262729775873,128.71187620741517,136.24905319769957,142.79580904660304,163.83755191286602,136.64
2026-10-08,7,98.34053398403508,126.4972859830427,134.2432042619854,141.1102372976686,162.31964066990022,133.34
2026-10-08,8,95.75024371071504,122.96036205995452,130.5924399719953,138.2892098912878,159.18369387131,130.43
2026-10-08,9,97.88602937285606,125.5004309761662,133.20030889066356,140.6986828581054,161.81976622154593,128.57
2026-10-08,10,95.75674184167072,122.17856990251084,129.52196458397512,136.85446487528438,157.30067420214337,128.06
2026-10-08,11,93.41954924422852,120.67442476855037,128.26263433043363,135.5276124713673,156.21177333949274,129.15
2026-10-08,12,91.08514304289557,119.15976287308226,127.06042287246784,134.68001353680367,155.71224059432484,130.1
2026-10-08,13,94.84363181279002,120.9991125368154,128.31991547911505,135.93396778842143,156.29594649261065,130.53
2026-10-08,14,90.7709617652374,118.1737716542306,125.80679608721672,132.97507866862725,153.57129712558634,129.15
2026-10-08,15,88.74108151828932,116.05789118698124,123.60324257982674,130.315835942063,150.65175149289695,128.3
2026-10-08,16,86.81726091851849,114.59870081773184,122.27074012215536,128.86174527883168,149.27764196304534,129.96
2026-10-08,17,89.5803871873295,115.99057224389212,123.22248860529932,129.66036554546417,149.56013307586286,130.3
2026-10-08,18,89.02031403668502,117.6226964910492,125.6895528092619,133.30768019439597,154.47402631076235,130.12
2026-10-08,19,89.15947378956503,118.11407000057105,126.2245678503509,133.50736915593524,154.7440997081953,129.87
2026-10-08,20,89.86844605346107,118.9429436414576,127.02091342638616,133.93718088362183,155.16027965566937,130.7
2026-10-08,21,88.65700925490762,118.39207741353631,126.7596668125138,134.2129082135706,155.81750664279397,130.11
2026-10-08,22,90.60583589604347,120.15685210004172,128.38828301445014,135.43120447595814,156.93510463771688,131.29
2026-10-08,23,97.25993139347791,125.63889819222578,133.4614893396915,140.35868829880295,161.62289823281924,129.11
2026-10-08,24,105.31363743424998,134.0859529214921,141.98368636214235,148.98983607360574,170.84353695486797,133.49
2026-10-08,25,99.49566999936796,132.4464876750665,141.66670666843697,149.13716049464907,172.68756698517123,131.76
2026-10-08,26,113.97314356849144,146.89581132066388,156.05508407271475,163.81383447035856,188.1241495179732,143.76
2026-10-08,27,124.37437814127892,156.0433792762963,164.80136435106036,172.75313157623765,197.06006256626443,157.05
2026-10-08,28,137.77468876845776,166.61337974515686,174.39894518693484,181.97593704040003,205.57001049753248,160.37
2026-10-08,29,136.52675474066038,166.7058674512964,174.8975283053015,182.54195956886613,206.68755998183812,178.46
2026-10-08,30,144.17412638106964,175.3352841569436,183.76525937065244,191.4644969048751,216.42560843325884,173.65
2026-10-08,31,151.22552879636464,182.64042565840444,191.13399317043985,199.0697681319824,224.5456568486628,176.93
2026-10-08,32,154.4952289559416,185.8779018685796,194.305704019154,202.04349057711443,227.60735036600505,180.83
2026-10-08,33,163.62676728223832,193.46217752294592,201.47528154386532,209.77339411953537,235.24405255991795,204.4
2026-10-08,34,164.83157870359818,193.9746031662847,201.777661021268,210.06251265891817,235.28102931403464,199.52
2026-10-08,35,164.4110151922892,192.41212835099253,199.83585064390104,207.80460425213536,232.4112378880428,191.29
2026-10-08,36,165.18967946059433,188.8884769157299,194.9960930293404,202.53974794555825,225.16438500671907,178.11
2026-10-08,37,182.9665916068861,207.0407882495629,213.13459120057985,220.69560565652708,244.3422349170148,190.18
2026-10-08,38,156.55923765376937,184.97948528888767,192.56547012338868,200.4542448280935,224.84831113289945,177.59
2026-10-08,39,138.2754594604149,164.6262443288169,171.65925859633495,179.042806877943,201.5075426382799,163.09
2026-10-08,40,115.16842181907488,142.53483890381978,150.12501924002026,158.1138619853967,180.08743609527633,155.67
2026-10-08,41,137.76738848147855,163.4085447579161,170.45975983332482,179.13617987407622,201.6176274767265,161.03
2026-10-08,42,115.47542205637004,143.6675314634738,151.41997746440055,158.9759793608635,181.2105949457791,148.64
2026-10-08,43,103.9705286698393,131.85096942537106,139.53271734371194,146.72403524577146,168.16983548103454,138.84
2026-10-08,44,93.4447581033198,120.65764515868514,128.1711637204198,135.0675071271554,155.63312660255835,132.09
2026-10-08,45,102.32393585057775,132.63125036108832,140.9338638438117,147.59724340338371,169.89252617922423,137.43
2026-10-08,46,94.59935956494144,124.32492162888975,132.55546513473814,139.4619954159035,161.1968717307137,134.16
2026-10-08,47,87.85598863163568,117.5266304831861,125.79677141981963,132.7508764542056,154.15162926252918,127.65
2026-10-08,48,80.35761573417189,110.5469310534062,119.1355059849722,126.77728254045284,148.23710781414448,125.49
2026-10-08,49,86.07362039132852,115.42181567281702,123.78282980060784,131.74785125094078,153.19813221205962,120.0
2026-10-08,50,76.52256240193387,106.04351616034876,114.5046551531996,122.37116869234374,143.4134753078418,114.33
2026-10-08,51,72.36987725442144,101.95847295904515,110.51209410651192,118.63753430305,139.58197837881093,112.29
2026-10-08,52,67.07035350250419,94.33335295761484,102.22902179150594,110.20317544741545,129.823894012191,109.44
2026-10-08,53,71.81544711902578,97.8701359366418,105.3236798009978,112.93804299172356,132.1528707602236,115.12
2026-10-08,54,65.49284725483592,90.81312959166831,98.08193335655308,105.5917741964378,124.15039215607156,108.55
2026-10-08,55,60.36483124354778,84.16729500617004,91.0723143389466,98.80177657292302,116.50390706202168,103.58
2026-10-08,56,53.85203138304516,76.06466519872129,82.55566160446466,90.2730821957985,106.95698681865056,96.84
2026-10-08,57,58.965419187048525,83.28179657617665,90.39123160768976,98.39606192901392,116.33403188834052,103.27
2026-10-08,58,57.983882925785565,81.75334561640342,88.68479466072048,96.52770500144948,114.13237241980016,97.8
2026-10-08,59,57.21718595834514,82.0510882763192,89.30040692555804,97.17892569474786,115.22737955336692,98.9
2026-10-08,60,57.73847411509267,84.20959773338089,91.86565569265665,99.38418300913102,118.0828149684915,100.84
2026-10-08,61,58.47303084437111,82.45271977948924,89.45720861556458,97.3943058423923,115.14121481210888,95.59
2026-10-08,62,58.85533544957423,85.07671313805768,92.5890410706653,99.72972601511697,118.26768502918937,100.28
2026-10-08,63,61.909956365644746,90.85007980335342,99.0818948683386,105.97574772791197,125.7945282456472,114.65
2026-10-08,64,67.56146627555731,96.7880661470644,105.07107890072712,112.01456928201507,132.24427417761748,113.48
2026-10-08,65,57.59793386888373,85.59601472816405,93.59961131809462,100.56857393519,119.78489909997876,104.45
2026-10-08,66,65.01084551516539,96.45170350368744,105.3560237456757,112.0981721451164,133.12968891247723,110.68
2026-10-08,67,80.94669100610776,112.27542575160076,121.00788364074644,127.58658579505912,149.28671643547383,121.78
2026-10-08,68,94.6553270701542,126.65132988440712,135.61262090000895,142.9766451160269,165.84382280088144,125.05
2026-10-08,69,77.02187403187001,108.22504272250166,116.94412547363731,123.49457256201283,144.9434863534223,113.62
2026-10-08,70,95.9605696129578,124.6535941051364,132.58114930060606,139.51036338402048,160.86002802633365,135.8
2026-10-08,71,115.43481892742156,143.4046937575728,151.10264425619647,158.71298270874595,180.86228964856812,153.05
2026-10-08,72,138.77543364224263,162.74522635019653,169.1576687422284,176.94533810742635,198.4919932687937,171.1
2026-10-08,73,119.23845362219384,145.73710307068757,152.90413878083615,160.03831395085314,181.58844069963823,152.87
2026-10-08,74,130.35853537062252,156.55710672825222,163.74207153774512,171.95341046971677,194.1989510453727,159.26
2026-10-08,75,143.4219823427592,168.87351123268888,175.67401259208626,183.42678644580224,205.84162037042384,163.31
2026-10-08,76,154.69420069196931,179.52590493663695,186.08871919528127,193.95910911584892,216.67187161831723,169.68
2026-10-08,77,146.4243964110524,170.44915590836266,176.80475209349623,184.48046213889072,206.3869522667284,171.39
2026-10-08,78,147.34012543006483,174.24452565365254,181.44554659382555,189.25587658702813,212.51662145330496,174.97
2026-10-08,79,150.70975819474387,174.8056264389379,181.24539267692765,189.474951697346,211.77010112008304,173.59
2026-10-08,80,154.99332187366113,179.54488488566184,186.02397761069847,193.8886544651799,216.49028552192155,174.83
2026-10-08,81,150.3377620246836,175.88152763020082,182.52075661757385,189.45114626787367,212.0121978865899,162.51
2026-10-08,82,143.37885996403628,169.390082173038,176.3358618469743,183.99319517517344,206.62728044634588,159.23
2026-10-08,83,133.07648124200566,160.15661603512936,167.62856323752442,176.14852626943912,198.99877143562784,162.56
2026-10-08,84,125.53615444530529,152.19623938349932,159.56892237562806,167.90417348089048,190.1569076045532,155.87
2026-10-08,85,137.74426232150307,162.25458053589352,168.9044658320375,177.1325620289305,198.9897617654929,152.46
2026-10-08,86,127.4292332360331,152.04647267516083,158.83576806534185,167.27759601340384,188.74682607731225,156.59
2026-10-08,87,119.27879788391164,144.0336165715506,150.9235111333643,159.3875209949441,180.533411787316,148.24
2026-10-08,88,107.87142643672868,131.68571719543448,138.1587956012141,145.2874082851768,165.10462048969993,123.78
2026-10-08,89,119.99062127978152,144.3179296882371,150.83404818764956,157.84717261619843,178.43986306544363,135.34
2026-10-08,90,112.81418464779142,138.0029512357193,144.95952518752665,152.81145463387455,173.67170377715252,136.61
2026-10-08,91,107.64121439153952,135.42322018524095,143.09046094070553,150.51567575005873,172.15790771144592,130.51
2026-10-08,92,97.87990951808744,126.87723621065145,134.8220798262854,141.41562190794852,162.8996289471195,123.34
2026-10-08,93,106.1726969936406,132.52987758396327,139.68949132617075,146.47855504700328,167.24576651738377,127.2
2026-10-08,94,95.93302745308615,123.92609361662984,131.50301627327994,137.55054986039713,158.34735781753213,116.76
2026-10-08,95,91.8804472046167,120.55015963409002,128.3997993323649,134.73934902103397,155.7214885724099,107.11
2026-10-08,96,85.20610922263353,112.0971659056392,119.49837522363865,125.93702987362784,145.84021123126973,100.96
2026-10-09,1,68.58275879874675,96.08921485926902,104.05867650577606,111.4091672136879,130.90336802490214,107.03
2026-10-09,2,62.97873514579577,90.27285474636288,98.09646084455798,104.27068580917616,123.12410235785522,103.02
2026-10-09,3,55.17882244489499,83.44924300677155,91.50939455741768,96.96950053348966,115.74375806767804,99.97
2026-10-09,4,51.68152795300641,80.33141003683772,88.61470555412356,94.99982748691563,113.98410897988092,96.16
2026-10-09,5,57.14488822310845,84.67372150154267,92.51451239018571,97.90299601685416,116.40429775041804,90.31
2026-10-09,6,52.47699337400343,78.2900953348917,85.6613565858399,90.67768087330424,108.04062524766732,87.97
2026-10-09,7,47.13456004131079,75.87188480417134,84.01694992009753,88.60740964830124,107.01180301453364,90.31
2026-10-09,8,42.07834230771145,68.83163764036723,76.37812660655004,80.03721184277988,97.0323093552756,88.57
2026-10-09,9,48.48335668603396,73.23312443574392,80.33713648242944,85.27837797854458,101.91486894388017,86.87
2026-10-09,10,45.24967824245629,69.75198551090895,76.8304845261531,81.95770032303813,98.35442790575004,81.31
2026-10-09,11,40.57350247088529,69.30641314229462,77.50198722306517,82.17679639706118,100.26906155473792,85.08
2026-10-09,12,40.821151809170445,71.08896670311114,79.93373360257571,86.85154712180237,106.18497980512277,91.15
2026-10-09,13,43.42398912656067,70.04101469311681,77.58772127524867,81.6739856590611,98.76492501019708,86.44
2026-10-09,14,38.13036538723411,67.33594083349405,75.56262763155986,79.1905482892203,97.15725487347272,83.01
2026-10-09,15,37.01196734257144,66.2641997423571,74.55175901485937,78.56508380951803,96.5828077876022,82.85
2026-10-09,16,35.67628379632502,64.79327650924137,73.05653578419448,77.10067881863424,94.99342599373232,83.17
2026-10-09,17,37.87941450025709,65.22578262678047,73.04572559708397,77.52138792796647,94.7700112716085,82.77
2026-10-09,18,40.91587685204627,70.46501600235243,78.84209402569239,83.18644857424911,101.61475622905236,83.16
2026-10-09,19,43.05843015185205,72.46065466378457,80.89765977673649,86.30486220797155,105.00341578345846,86.29
2026-10-09,20,45.95227095958239,74.8203270376923,83.07369082346521,88.27902241466869,106.82195266526344,87.9
2026-10-09,21,37.56092661448049,70.77844092228364,80.24965533952592,85.4220880404164,105.62366032578602,89.52
2026-10-09,22,44.56968727971643,75.82984121238917,84.74727408383376,90.07823931868062,109.72680906694175,93.6
2026-10-09,23,57.44644769559774,84.80403328828274,92.6037501806566,98.0562765979318,116.50461113385218,92.86
2026-10-09,24,69.88454959851143,96.55217137616438,104.10494732971158,109.7366341056994,128.5162218108388,104.19
2026-10-09,25,60.83852599186688,92.92173048854464,102.1582919293978,109.40542544211638,130.68420857837071,109.02
2026-10-09,26,80.89109732469096,112.24830867296656,121.15817422509696,128.39183820929588,150.32357319033397,114.62
2026-10-09,27,93.98789163187624,123.54117414982608,131.8938094336223,139.23925747810205,160.98616058494105,117.14
2026-10-09,28,104.68915839395817,131.50537693463446,139.04963124066649,146.35272441423837,167.3134480983706,125.9
2026-10-09,29,108.85134591094248,136.67190947024858,144.50964675168177,152.29271402039,174.0489613194847,137.99
2026-10-09,30,112.67002560480807,142.40291379153382,150.70586555852444,158.27396027881568,181.09138432842417,143.55
2026-10-09,31,114.3751642180231,144.6712667187837,153.11855466668123,160.7274805847114,183.90937880144625,145.63
2026-10-09,32,112.27406744120744,142.13715620001514,150.4475432617595,157.7335289309719,180.531614919302,140.73
2026-10-09,33,131.12343579412124,158.5580607103751,166.15927363054726,174.0545733298976,196.7656126958556,166.56
2026-10-09,34,121.9330714434982,150.52107809451343,158.48791809510223,166.34959906516497,189.14623590220089,154.25
2026-10-09,35,112.2366528589073,140.87884265383948,148.90842026560972,156.63024443624963,178.9366179450018,145.69
2026-10-09,36,88.21710856032873,118.41234493872211,127.04308073828524,135.0296909975713,156.93633078754937,125.72
2026-10-09,37,126.52767272085836,149.91240362442682,156.33717098078088,163.1068394065266,183.39816346026169,134.45
2026-10-09,38,94.6010769305664,122.39853359641124,130.28557111319824,137.7191503733552,158.6739981122835,123.26
2026-10-09,39,77.10735108850018,105.12187340262068,113.18009402025405,120.60520018358294,140.786319988326,112.57
2026-10-09,40,55.85905948990613,86.28020925450951,95.12005658024394,102.524090490409,122.79085071284187,67.29
2026-10-09,41,78.41617111850341,105.90400132828364,113.79391558815034,121.0454226836958,141.00134619933067,117.33
2026-10-09,42,57.16207744514499,88.80426801720779,97.96518131702248,105.38800427198196,126.30976360561272,90.41
2026-10-09,43,41.62248580373748,73.69898046266039,83.08065929220756,90.53278961995586,110.89115911740984,60.08
2026-10-09,44,23.64468296339389,55.8329034786663,65.29536823448562,72.12644886175015,91.50179470519612,55.0
2026-10-09,45,39.69297124627883,70.74339744134241,79.8675500466674,87.36807697731722,107.14834278363368,46.06
2026-10-09,46,25.40585929750162,55.26338930400564,64.12086049775206,71.24914206169885,89.66012049491478,26.36
2026-10-09,47,14.21130438334196,42.6125564203309,51.14881176165008,58.24491717533359,75.3898286905942,14.49
2026-10-09,48,0.7947734070898349,29.55864329234334,38.26914875662459,45.26820411995416,61.893902972164,0.11
2026-10-09,49,7.91157411553808,35.627150971098715,44.02438078946519,51.1571227292156,67.6657719431448,13.33
2026-10-09,50,-5.874280535865921,23.84787575552719,32.856850914262026,39.83717667755607,56.58442405447916,0.2
2026-10-09,51,-12.270258790472631,18.642591814519363,28.02429567228745,35.11436343231941,52.13651376277903,0.08
2026-10-09,52,-17.194882732262965,13.575890415350417,22.94650992503976,29.989439717957595,46.686501760856416,1.5
2026-10-09,53,-14.086562057380728,15.19874551944442,24.153476506154817,31.22284649542283,47.36891311837218,8.94
2026-10-09,54,-18.109882338907877,10.97053143675188,19.887927816662053,26.877006206132634,42.70570741891012,9.28
2026-10-09,55,-20.928658740147405,8.385767565945425,17.38386148693392,24.36897698451854,40.1678967173341,4.69
2026-10-09,56,-22.191935782567548,7.135159129901279,16.163318642252946,23.321492919965067,39.1012389487465,1.09
2026-10-09,57,-24.31762401953576,6.494907492125588,15.92286780994694,22.96373904458397,39.32371528448974,0.08
2026-10-09,58,-14.890202660023649,13.81508093902373,22.615220720863924,29.64490030273156,45.46382246059432,1.1
2026-10-09,59,-9.145741541106853,19.38351694982649,28.114847358586275,35.29274267375751,51.34743822201106,13.3
2026-10-09,60,-4.728873551621824,23.92852917971449,32.68679023467429,40.064559889030726,56.44577994621554,27.83
2026-10-09,61,-13.233291689177708,17.46521369030889,26.802637472637542,33.95791332567578,50.84335955372505,29.61
2026-10-09,62,-2.871710893130178,25.96630272680003,34.82435257249408,42.79721871569087,59.48875181720176,32.4
2026-10-09,63,9.465714189306553,37.550644332778255,46.16598386255512,54.51041590521823,71.54014405631331,49.62
2026-10-09,64,22.823208718247123,48.65908289785634,56.44739458829278,63.50849967762741,79.84656773604759,50.0
2026-10-09,65,6.767508423642518,34.18405269346676,42.50936210110757,49.6500684915868,65.95975971797347,51.0
2026-10-09,66,24.64150794440017,52.38480351971912,60.80839301451992,69.14030377327649,86.76333705162669,60.21
2026-10-09,67,40.05095434804194,66.21617916912246,73.97031667964801,80.9338899926162,98.27115442269007,64.87
2026-10-09,68,49.17846987161306,74.96716535162949,82.48149894896486,88.70017773692773,106.15030837160042,71.63
2026-10-09,69,35.50495390249205,62.369321566461686,70.25829337376507,76.4497147234244,93.7250817845305,78.0
2026-10-09,70,52.09153438400547,76.88268023167413,84.05183765556446,89.72048813091017,106.71725255637556,85.0
2026-10-09,71,65.68410631565507,91.1651489173806,98.55750073154714,105.4139290279811,123.68306525945628,87.77
2026-10-09,72,79.76137455244542,104.23354499521396,111.27749330602872,118.263854046959,136.78255875975665,89.05
2026-10-09,73,64.85181115597068,90.44109566865204,97.85355200928748,104.57535905765631,122.8251678662308,97.0
2026-10-09,74,72.14656160008961,97.60790043351923,105.02865905888343,112.5958312052366,131.33520934826836,100.0
2026-10-09,75,76.52292463618147,101.60342376526276,108.89697184442096,116.49635675992424,135.27929456054005,113.17
2026-10-09,76,82.29968716110129,107.60183113470484,115.00633965228724,123.4417135316318,142.80381812546975,114.4
2026-10-09,77,78.48123293430199,105.29565680047764,113.03419096600682,120.5642086024862,140.26158268704305,120.99
2026-10-09,78,74.21929334292155,103.35050818550224,111.74189528663888,119.30601769763062,139.9086318344362,114.93
2026-10-09,79,76.79113991093031,103.89035498322812,111.7359968472958,119.45096348669996,139.24091623512967,111.41
2026-10-09,80,72.83169895650789,104.72002047749186,113.85717113114676,121.3944479496632,143.24402582073623,107.26
2026-10-09,81,77.65014390485676,107.30209356109896,115.69836680516674,122.2072470011396,142.9996547804685,102.01
2026-10-09,82,67.0245642147275,98.41667390033444,107.58228363137049,116.28083084396285,137.8566733069747,94.01
2026-10-09,83,55.88508347871327,87.63925243914036,97.00483155131234,105.98808973074595,127.24231411239674,90.31
2026-10-09,84,45.979426085036366,75.89357765806537,84.71426702191917,92.61127164016442,112.24842650018368,95.0
2026-10-09,85,63.84169967263078,90.37595974033368,98.20384219754008,106.38330933062332,125.35589093561848,96.9
2026-10-09,86,53.0248725830081,75.89278461979049,82.86255384523062,91.55788767499324,108.34370154603003,93.08
2026-10-09,87,40.57260521038107,66.58972575789011,74.42721869718507,82.57746585927093,100.13043582063317,76.67
2026-10-09,88,25.847099652508703,44.84426715796824,50.70909077272346,57.11977029880314,70.18648338560327,64.95
2026-10-09,89,54.287363101576986,69.25134749133352,73.87256488922321,80.50278168389674,93.1074537403526,81.92
2026-10-09,90,38.410307790392736,61.91639816907294,69.00877608717964,76.35585076243537,92.41983379684548,72.03
2026-10-09,91,26.073338076440407,53.70514573517328,61.95506833521684,69.02560681730439,86.38984366075528,74.43
2026-10-09,92,9.223955571400047,40.14329495252546,49.2084595828395,54.62486661638538,72.35885322491407,64.11
2026-10-09,93,21.56963632589686,49.10903664928043,57.18337554683171,62.564081139458246,79.28736072619556,56.85
2026-10-09,94,9.38315050590282,37.5405074853288,45.73400108723975,49.93320626078367,66.0831627100149,48.17
2026-10-09,95,0.0070851548730033,33.049164782119014,42.69877647271568,47.69329666823656,65.89119807278847,45.44
2026-10-09,96,-1.3450965788113365,19.981911133085248,26.520098800171265,31.724242845981397,44.28178409363584,40.03
2026-10-10,1,-21.074462818526893,12.516163340184619,22.628374428744966,28.29054344022406,44.7532641032834,
2026-10-10,2,-22.390698486215868,9.234855421226492,18.802368118724623,20.90336244810699,33.43863710507642,
2026-10-10,3,-27.932830370882627,3.86132391637331,13.508042374402189,16.142677116853704,28.909108842941887,
2026-10-10,4,-25.90903952110905,4.580770367603831,13.819783178079096,20.73095802420162,36.30075841150108,
2026-10-10,5,-19.71237272964222,4.595384168197372,12.028355618565977,14.892041675635207,24.302202930790656,
2026-10-10,6,-33.97206824069613,-7.524130767596509,-7.509290778670845,-6.470710613716463,0.6793695230317469,
2026-10-10,7,-32.310565863588096,2.85609671153842,13.505970929085132,15.601487129612035,29.5001390178305,
2026-10-10,8,-36.506910394870765,0.5673085292760032,11.77847998036209,17.297719173780862,34.70509514835494,
2026-10-10,9,-29.601433478347914,0.6146344353809106,9.810447570529552,13.498669603762965,26.182077709002606,
2026-10-10,10,-28.985324892119944,0.47002617960411897,9.428798632342446,16.20604842214299,30.96735938690417,
2026-10-10,11,-30.312029991967123,2.2698071423333257,12.13953547141949,19.0702803669585,35.53748793790487,
2026-10-10,12,-34.46977124399733,0.2591944107185391,10.777770256002198,16.89130320233865,33.634182282553624,
2026-10-10,13,-29.23342968515268,3.533868626603507,13.454742192772656,19.48873009615802,35.3977579146124,
2026-10-10,14,-36.857330612673515,-1.2646625350656358,9.52034343283196,15.031982096072461,31.632989800834768,
2026-10-10,15,-37.608384207930655,-2.052143353142137,8.729956831575542,13.513763007617126,29.480551238559976,
2026-10-10,16,-38.938391275707886,-2.5248636593151197,8.511100394621744,13.712380484788813,30.395504765651335,
2026-10-10,17,-35.79028318734495,-0.5248575136616864,10.157993839918426,15.954301599025262,32.66217557411868,
2026-10-10,18,-34.79473203213637,0.34133040561129846,10.983047385391238,16.286576610141164,32.58597688994583,
2026-10-10,19,-25.871871375330713,5.615219635225252,15.15253480998771,19.720020185849275,33.9607737489847,
2026-10-10,20,-26.210286054383914,6.413102997661738,16.282643136453885,20.4490553011099,34.95496301435003,
2026-10-10,21,-41.70291719764901,0.1002005307977143,12.7097537291203,18.081128121493556,37.60584918569809,
2026-10-10,22,-39.37497026220083,2.5853611789375286,15.230758231998855,19.646310850980257,38.614433732574206,
2026-10-10,23,-28.937039667620077,7.956646098907051,19.075465679239546,23.533652963152598,40.38828925405023,
2026-10-10,24,-24.659235082152176,9.41399695429996,19.688113284393108,25.0795234904758,41.400865562490594,
2026-10-10,25,-42.40578719810614,-5.880078037038727,5.2069585590012935,10.837831844412484,27.744991675621222,
2026-10-10,26,-29.985432989653678,8.973553294369442,20.692728680768038,25.807037055662168,44.219540804778624,
2026-10-10,27,-14.200502401364915,18.880006808346852,28.797816020154944,35.893201076516,53.57088811549207,
2026-10-10,28,-0.4375810022023501,31.015848543338983,40.38578478876794,46.58392388504831,63.38849590810943,
2026-10-10,29,-9.9484670322379,21.839373070088655,31.356825966188776,38.80005979352846,56.286157894907916,
2026-10-10,30,0.9065416554655954,35.11040068727565,45.266030321466054,51.78916346432169,70.37229338524145,
2026-10-10,31,10.181358239662984,45.072117430532906,55.368149192686815,62.63989988595978,82.64932111126143,
2026-10-10,32,18.830670595896706,52.11823641547954,61.900175861248066,69.0501705762179,88.55461247999095,
2026-10-10,33,15.516168097106608,53.00231020537721,64.01024389896223,72.83273595962255,95.71265635211024,
2026-10-10,34,24.346884017387758,57.33650706007737,66.9933878486893,75.58243183368441,96.3497244546045,
2026-10-10,35,24.385463248857853,55.83055037640475,65.04388621414098,72.90883628143085,92.28828124334356,
2026-10-10,36,19.74128376303053,51.687138400900544,61.07042831042289,69.45920264997511,89.28299136681434,
2026-10-10,37,32.77678974105287,59.925315973907495,67.85439673300165,74.02182981452692,90.21151262147195,
2026-10-10,38,25.045447675312793,54.61742113921783,63.28839983564307,70.46416172886187,88.34136008906765,
2026-10-10,39,7.622783837423121,38.55655554850946,47.725876534167384,54.54089183039119,71.96845265248342,
2026-10-10,40,-16.599904226472937,16.099959997385447,25.923906874936346,32.568144331109934,49.565560176270786,
2026-10-10,41,10.399053979658724,38.2980511752182,46.57267232759191,53.617922817736996,69.76566008783527,
2026-10-10,42,-17.706013183536975,13.503409808434128,22.903369137352872,29.476922999515057,45.57497194772346,
2026-10-10,43,-35.29643966232069,-1.5640959037940636,8.669585106846451,15.170756055709406,31.65256210856112,
2026-10-10,44,-48.5144221749517,-14.873032193952241,-4.588592347795705,2.1817496985873,18.15895089884441,
2026-10-10,45,-28.27778046208176,2.32387148098047,11.610906197920059,18.13909397020471,33.344345345546586,
2026-10-10,46,-32.5916919919415,-3.3798698074287374,5.528265397135648,12.668006608483724,27.40522876922688,
2026-10-10,47,-35.69522307032953,-6.000304692465684,3.0653355984827577,10.322071386722703,25.249915149479826,
2026-10-10,48,-37.35299987275198,-7.594122093439088,1.5004378909008602,8.61527207608484,23.380402807021337,
2026-10-10,49,-37.400502897422626,-7.092524438786244,2.1627695684908144,8.882911214840053,23.62282885979744,
2026-10-10,50,-38.78127391210141,-9.188418117383023,-0.13357251851152097,7.021358472480698,21.65818744520479,
2026-10-10,51,-47.22903535246559,-13.811272053153749,-3.6023653498846517,3.919328766508108,20.439107914019992,
2026-10-10,52,-53.51607478644904,-18.5736320092158,-7.8879332644573505,-0.10167553713449884,17.11453168102273,
2026-10-10,53,-49.315951408974215,-16.57285096681155,-6.548652440054826,1.438646716765291,17.865345654335915,
2026-10-10,54,-51.46643545894749,-18.073145925347106,-7.847679537290667,0.004458099007503158,16.558472722900966,
2026-10-10,55,-54.93492317516912,-20.503988846950342,-9.958048874922095,-2.1045249243848563,14.822901361934026,
2026-10-10,56,-54.9380723520907,-20.71001944100542,-10.222488825549958,-2.4191048849499985,14.361252704325896,
2026-10-10,57,-58.409595772694765,-22.7804349186991,-11.867406526381334,-4.048850007647967,13.307681219407208,
2026-10-10,58,-54.77146892939651,-20.531473626376744,-10.040833159775932,-2.384796502957819,14.293519058595724,
2026-10-10,59,-50.777395509520254,-17.13325043914068,-6.8381690512909685,0.7443054038830406,17.252001746274846,
2026-10-10,60,-48.94686346523187,-15.355222772310118,-5.086087305184562,2.481506848412409,19.042450241784486,
2026-10-10,61,-58.548936694231166,-22.071579309210044,-10.914030341332797,-2.7537797549196075,15.314565134154407,
2026-10-10,62,-50.723779753770216,-17.691402959378056,-7.573619444575478,0.04009051429043886,16.252115134427637,
2026-10-10,63,-39.25065326553529,-9.810419498114824,-0.7972415079507833,6.432542000655687,21.024295307236084,
2026-10-10,64,-40.62814608208936,-11.172352410102143,-2.146158799255365,4.999968695762844,19.463816950562606,
2026-10-10,65,-60.15217363026001,-23.076080419567443,-11.735606430461818,-3.6577496276494,14.58029419521184,
2026-10-10,66,-37.91264565196871,-8.794653307181015,0.12206393336076315,6.296893039481656,19.950041316260126,
2026-10-10,67,-22.22490307833649,4.387247777109481,12.48491068350782,19.082430123340675,32.54207981496879,
2026-10-10,68,9.93593651362184,29.171529118574398,34.953245131104445,40.009572289559046,49.9811508386025,
2026-10-10,69,-22.86965957336831,4.88803102154373,13.32046149229172,19.961453910109995,34.02798056703128,
2026-10-10,70,15.570522937225206,41.4361215189557,49.10083450755193,54.20182211625725,67.99647119679959,
2026-10-10,71,51.69567859886259,78.14954611385087,85.76591704811739,91.91932174529849,108.6898067118695,
2026-10-10,72,82.28952730552979,107.85979477008055,115.0368604301363,121.83629884353833,140.20269284081024,
2026-10-10,73,51.230695610413115,82.28816903946469,91.23604188413236,97.85102592969757,117.39552611791633,
2026-10-10,74,76.53947512900427,105.14909219877714,113.23842471068421,120.11780804422825,139.86158668206036,
2026-10-10,75,99.90305949015541,124.81019709214243,131.6893485863295,138.94262562577615,158.21116981206978,
2026-10-10,76,120.88970108359467,143.838485849621,150.0260189005299,157.57995477117814,177.11602740608402,
2026-10-10,77,98.38405921983437,125.05019702518257,132.44667333175616,139.7319735275491,159.8780519111382,
2026-10-10,78,104.36600726840655,131.05899806535606,138.42643717455334,146.03159577279038,166.74857176560636,
2026-10-10,79,107.18892136682868,133.16700939205543,140.31109857601984,147.91307430301126,168.39297395110356,
2026-10-10,80,104.50274466004362,132.89464010190383,140.75138161056228,148.5835090290908,170.38471496622213,
2026-10-10,81,105.45796954837243,132.44102120686145,139.88790065571308,147.0226719401254,167.57535673637494,
2026-10-10,82,93.79508343002843,122.59668182546244,130.63291144368955,138.9949988587604,160.88999844103063,
2026-10-10,83,81.71599957314584,111.40862737276598,119.7709553403392,128.81028358312713,151.1005571762774,
2026-10-10,84,66.4006420812463,98.06735891471968,107.09184260737257,115.93302001123668,138.33276377450778,
2026-10-10,85,90.28233497733356,116.52387372396203,123.84026203619152,132.33808195422696,152.81036216796343,
2026-10-10,86,74.31326945420943,101.35692360569061,108.99832744446144,117.80759341485742,138.14108275402089,
2026-10-10,87,64.24552311787522,91.76140651382903,99.5996831071763,108.22986528144655,128.16058825704476,
2026-10-10,88,58.033445908960395,82.33687924473034,89.2879659781643,96.849042079194,113.92062298121975,
2026-10-10,89,74.53080429608181,99.49889318751187,106.54203720539564,114.6617522514914,133.36334424790135,
2026-10-10,90,65.11150617310227,92.84831112075628,100.74827381064776,108.70329700007206,128.2594436756329,
2026-10-10,91,58.463560986085064,88.77989735950797,97.46624097002177,105.10746074437257,125.44049729970006,
2026-10-10,92,51.03291608633217,80.00337807462,88.34840063930511,95.12992282407173,113.6940051496591,
2026-10-10,93,60.41787274348879,88.69137962503726,96.77761263949253,103.96624550839736,122.96052865576137,
2026-10-10,94,52.5951667677572,80.650762513963,88.72194071592398,95.53502425922805,113.72005214489998,
2026-10-10,95,49.28585703608095,79.21972821296407,87.85403516326966,94.53212320684764,113.43456516793312,
2026-10-10,96,44.740474026217065,73.43722512728408,81.74276762005346,87.97448119457663,105.63926538694886,
