delivery_date,mtu,y_pred,y_true
2026-07-19,1,146.55971231188363,145.59
2026-07-19,2,139.87828651254782,142.6
2026-07-19,3,133.7057261300777,135.63
2026-07-19,4,127.8715023800551,130.97
2026-07-19,5,134.64671046313285,135.0
2026-07-19,6,129.03322836212823,132.23
2026-07-19,7,125.81465214714058,130.06
2026-07-19,8,122.39017952779896,125.68
2026-07-19,9,126.17116485721006,127.55
2026-07-19,10,123.85429592796795,122.31
2026-07-19,11,123.05669314047104,120.85
2026-07-19,12,121.25181977651484,116.89
2026-07-19,13,122.10297950439065,121.07
2026-07-19,14,120.86935195186956,120.09
2026-07-19,15,119.51929439683394,118.93
2026-07-19,16,118.56313045393608,115.5
2026-07-19,17,119.4297509106562,119.53
2026-07-19,18,114.17260300074808,116.11
2026-07-19,19,115.19852344536156,113.85
2026-07-19,20,112.3767603725168,111.61
2026-07-19,21,117.9991020174332,113.18
2026-07-19,22,113.10722872084438,110.1
2026-07-19,23,116.3148611205395,108.94
2026-07-19,24,114.09151814388017,105.45
2026-07-19,25,118.87575734985072,109.53
2026-07-19,26,117.44701787436848,103.79
2026-07-19,27,107.04970998963482,101.23
2026-07-19,28,98.74379539207108,92.84
2026-07-19,29,118.87219363708698,100.73
2026-07-19,30,103.91041178203636,92.07
2026-07-19,31,95.4182539538404,88.25
2026-07-19,32,90.5304001841658,72.79
2026-07-19,33,103.52494177761476,74.18
2026-07-19,34,91.18779374582844,57.66
2026-07-19,35,67.393109649308,30.29
2026-07-19,36,21.033846982719936,10.5
2026-07-19,37,53.23378609544642,10.51
2026-07-19,38,20.440527998628795,4.43
2026-07-19,39,9.788804474170377,1.45
2026-07-19,40,6.57621713899222,0.27
2026-07-19,41,2.9794622241540623,0.06
2026-07-19,42,-0.976255806260724,0.0
2026-07-19,43,-5.07858635687262,0.0
2026-07-19,44,-4.000719058215452,0.0
2026-07-19,45,-3.025882285413914,-0.01
2026-07-19,46,-6.762207743538291,-0.02
2026-07-19,47,18.376212675929523,-0.04
2026-07-19,48,26.34116853122392,-0.11
2026-07-19,49,24.074288210248845,-0.44
2026-07-19,50,20.022116967906,-0.73
2026-07-19,51,16.690136488803862,-0.8
2026-07-19,52,14.354556535492552,-1.0
2026-07-19,53,17.439654217770055,-1.19
2026-07-19,54,22.595222148746004,-2.36
2026-07-19,55,16.678331654577065,-3.09
2026-07-19,56,-3.011416956265718,-4.07
2026-07-19,57,21.048201581161543,-4.62
2026-07-19,58,17.556302291460753,-5.0
2026-07-19,59,15.712486602442352,-5.0
2026-07-19,60,10.012589906053826,-5.37
2026-07-19,61,10.670900160964788,-5.69
2026-07-19,62,9.158364644398915,-5.29
2026-07-19,63,3.588856665178501,-4.83
2026-07-19,64,-6.759886340756697,-4.01
2026-07-19,65,8.240909515295577,-2.31
2026-07-19,66,6.552863950821951,-2.84
2026-07-19,67,19.951594091540613,-3.4
2026-07-19,68,18.654101464039712,-1.2
2026-07-19,69,16.993784417727234,-1.2
2026-07-19,70,20.43608685487797,-0.97
2026-07-19,71,27.563868694665445,-0.01
2026-07-19,72,41.860910399468494,0.6
2026-07-19,73,42.97331111516045,0.68
2026-07-19,74,72.03113571738751,29.42
2026-07-19,75,92.25361989867764,62.58
2026-07-19,76,110.98736329914904,98.69
2026-07-19,77,94.10086805072984,87.8
2026-07-19,78,109.6055835443244,109.62
2026-07-19,79,111.4481058095826,131.67
2026-07-19,80,111.78460031001546,139.55
2026-07-19,81,108.87082433458812,128.5
2026-07-19,82,108.86617797243956,140.1
2026-07-19,83,107.37801765362538,150.91
2026-07-19,84,111.609484214766,156.98
2026-07-19,85,109.96768148254836,152.54
2026-07-19,86,111.40365636345877,150.38
2026-07-19,87,123.5704074852085,149.65
2026-07-19,88,133.0196723679344,146.15
2026-07-19,89,128.13097862745113,159.18
2026-07-19,90,131.43737114941425,150.91
2026-07-19,91,150.6360897705678,148.2
2026-07-19,92,142.1574433206588,140.34
2026-07-19,93,147.6443178636479,151.71
2026-07-19,94,137.13677843169452,137.02
2026-07-19,95,141.46265289621118,135.65
2026-07-19,96,135.49081098291833,128.43
2026-07-20,1,139.84573423327927,167.33
2026-07-20,2,132.1680863370973,150.11
2026-07-20,3,125.9522843786558,140.74
2026-07-20,4,121.15938149231997,131.63
2026-07-20,5,129.7851511935052,148.25
2026-07-20,6,122.03685355547294,140.01
2026-07-20,7,120.01079716759146,135.68
2026-07-20,8,116.16421231520872,129.99
2026-07-20,9,119.60382532783794,132.41
2026-07-20,10,117.33502363868509,128.37
2026-07-20,11,116.49607239957707,128.49
2026-07-20,12,114.54962468374738,126.15
2026-07-20,13,116.61109623713392,126.92
2026-07-20,14,116.55508902432386,122.69
2026-07-20,15,117.108176347272,122.69
2026-07-20,16,117.85478357614862,121.82
2026-07-20,17,112.75852819333144,125.04
2026-07-20,18,109.31871709519064,130.26
2026-07-20,19,112.6187943977641,133.62
2026-07-20,20,117.03925693679189,136.16
2026-07-20,21,115.97107864233288,132.84
2026-07-20,22,118.32092552096812,138.22
2026-07-20,23,117.07838842755856,139.35
2026-07-20,24,127.27513714560205,144.75
2026-07-20,25,130.06627999075357,147.63
2026-07-20,26,134.33997458014463,150.01
2026-07-20,27,133.14153632423017,150.41
2026-07-20,28,123.84484526953308,149.19
2026-07-20,29,143.6045258248113,159.92
2026-07-20,30,136.33445806827663,152.96
2026-07-20,31,131.34584969163683,148.99
2026-07-20,32,119.9489202881909,140.24
2026-07-20,33,133.5131441433806,159.0
2026-07-20,34,123.94442653555151,140.0
2026-07-20,35,112.35531734648944,120.7
2026-07-20,36,99.22823483890772,104.29
2026-07-20,37,115.05219878170978,113.72
2026-07-20,38,101.14839701966812,102.0
2026-07-20,39,90.27113107856252,89.33
2026-07-20,40,73.47793531235178,65.82
2026-07-20,41,88.15490613103928,83.1
2026-07-20,42,73.70683497326394,73.36
2026-07-20,43,62.97673928624175,58.47
2026-07-20,44,52.07272966686296,26.16
2026-07-20,45,61.48334880408572,31.71
2026-07-20,46,49.62279460106095,19.47
2026-07-20,47,43.083472954075845,10.0
2026-07-20,48,39.07721675373139,1.97
2026-07-20,49,42.79192120974981,16.21
2026-07-20,50,31.672503447494822,4.12
2026-07-20,51,26.969357746791367,6.98
2026-07-20,52,19.356988627883737,3.34
2026-07-20,53,25.518136570229306,0.05
2026-07-20,54,18.39838623836464,0.01
2026-07-20,55,17.16697303129727,0.0
2026-07-20,56,13.92473354259178,0.0
2026-07-20,57,15.319465345394818,0.0
2026-07-20,58,15.619184951559408,0.0
2026-07-20,59,16.775914778850005,0.02
2026-07-20,60,18.23940316842265,0.01
2026-07-20,61,15.956214785761846,0.01
2026-07-20,62,17.580749324662264,0.03
2026-07-20,63,26.41154235378212,0.07
2026-07-20,64,28.86108916218875,3.72
2026-07-20,65,23.192698051250822,0.03
2026-07-20,66,30.71180424040062,0.09
2026-07-20,67,42.56597625427935,14.9
2026-07-20,68,56.10366507576569,45.4
2026-07-20,69,39.921589287322135,23.43
2026-07-20,70,67.30995271591797,79.41
2026-07-20,71,78.90129493461822,90.1
2026-07-20,72,91.9554086607165,106.11
2026-07-20,73,74.25821841540825,95.51
2026-07-20,74,96.58193867958742,106.67
2026-07-20,75,112.932278569866,127.06
2026-07-20,76,138.38432661803012,144.41
2026-07-20,77,109.62998853992302,142.32
2026-07-20,78,135.06736239810832,152.87
2026-07-20,79,156.88451143872427,161.99
2026-07-20,80,183.362487122814,177.87
2026-07-20,81,160.32446841018253,165.17
2026-07-20,82,177.7901623774333,171.39
2026-07-20,83,193.13051867769687,181.65
2026-07-20,84,201.1503861232308,194.77
2026-07-20,85,194.249602116306,180.53
2026-07-20,86,181.310784393208,180.47
2026-07-20,87,176.9244981840468,179.92
2026-07-20,88,161.58653375470362,178.0
2026-07-20,89,180.6196289805235,186.34
2026-07-20,90,164.07629190903933,175.98
2026-07-20,91,160.55921914602536,171.94
2026-07-20,92,145.9306998957433,165.0
2026-07-20,93,155.9445673162838,168.33
2026-07-20,94,143.4082581654072,161.96
2026-07-20,95,142.63025045611542,158.28
2026-07-20,96,136.6799687032585,149.3
2026-07-21,1,164.23540188472822,153.81
2026-07-21,2,153.60611026980305,150.03
2026-07-21,3,145.02205823202567,146.26
2026-07-21,4,139.24239292759867,145.01
2026-07-21,5,150.96253352352323,151.84
2026-07-21,6,140.59704862586725,150.56
2026-07-21,7,140.90190620104082,149.25
2026-07-21,8,133.26981281416795,146.43
2026-07-21,9,136.35673093505636,146.63
2026-07-21,10,135.06424887037963,144.03
2026-07-21,11,133.56047058515915,142.98
2026-07-21,12,131.1505306833963,139.92
2026-07-21,13,134.00086811802794,140.27
2026-07-21,14,132.31776373847617,138.09
2026-07-21,15,131.39571896292853,138.18
2026-07-21,16,130.1203735787122,138.93
2026-07-21,17,130.00490636284067,135.03
2026-07-21,18,131.90175853288116,137.3
2026-07-21,19,131.65709668606544,140.95
2026-07-21,20,136.0624055244213,143.73
2026-07-21,21,133.46362724730113,140.34
2026-07-21,22,139.37263194561197,143.19
2026-07-21,23,140.84769875638116,146.91
2026-07-21,24,145.17662636397648,149.21
2026-07-21,25,149.24586568284457,155.0
2026-07-21,26,154.76766938684855,159.33
2026-07-21,27,157.2324773695347,159.79
2026-07-21,28,153.62611641132335,156.48
2026-07-21,29,167.90163164194644,167.0
2026-07-21,30,155.02979508433015,159.35
2026-07-21,31,151.24866162943104,155.01
2026-07-21,32,136.36690662167229,136.35
2026-07-21,33,153.25756670697265,164.78
2026-07-21,34,136.25350051631395,149.0
2026-07-21,35,127.80477132584376,142.16
2026-07-21,36,103.21229922186215,125.57
2026-07-21,37,127.32333002279236,153.01
2026-07-21,38,106.02614912742472,120.16
2026-07-21,39,93.13990268468592,107.37
2026-07-21,40,77.92509431637093,79.27
2026-07-21,41,92.96113493685291,103.18
2026-07-21,42,79.67884245669798,86.15
2026-07-21,43,65.1454917490935,79.37
2026-07-21,44,47.976903524805806,66.06
2026-07-21,45,57.86064656851487,66.11
2026-07-21,46,49.49409544287074,59.09
2026-07-21,47,44.22055409054469,36.89
2026-07-21,48,36.92108641767873,12.46
2026-07-21,49,42.64500201188207,16.31
2026-07-21,50,31.844524007357723,5.46
2026-07-21,51,28.01244246747809,3.85
2026-07-21,52,23.970360197544856,2.59
2026-07-21,53,27.471066001548973,2.52
2026-07-21,54,23.400335259634275,1.44
2026-07-21,55,17.174005844369894,0.08
2026-07-21,56,14.412053786005115,0.0
2026-07-21,57,15.86173800671968,0.04
2026-07-21,58,16.548988698283587,0.09
2026-07-21,59,17.76701953225541,0.1
2026-07-21,60,17.295693359773416,3.78
2026-07-21,61,18.688389702160407,3.3
2026-07-21,62,23.02626879155915,6.49
2026-07-21,63,28.359501653169087,11.51
2026-07-21,64,31.58763655360257,33.38
2026-07-21,65,24.99065238362873,30.47
2026-07-21,66,30.13548169741489,64.0
2026-07-21,67,52.17729229947679,71.46
2026-07-21,68,67.56910597728904,83.0
2026-07-21,69,51.37531031802931,77.06
2026-07-21,70,78.86073771149312,94.26
2026-07-21,71,95.30493414724071,112.0
2026-07-21,72,105.08802840108336,126.94
2026-07-21,73,90.55082376362904,113.81
2026-07-21,74,108.62914049253229,130.62
2026-07-21,75,127.24175113257036,142.99
2026-07-21,76,147.2941338134107,154.04
2026-07-21,77,131.14428509797185,140.91
2026-07-21,78,149.12142224968363,150.92
2026-07-21,79,167.9405445754184,158.07
2026-07-21,80,190.93883826537103,164.54
2026-07-21,81,176.41216259682196,166.51
2026-07-21,82,190.2962728811304,172.0
2026-07-21,83,204.27409110919305,174.59
2026-07-21,84,211.727592221758,174.9
2026-07-21,85,206.038051860596,177.29
2026-07-21,86,195.2009850502662,177.19
2026-07-21,87,187.37524855181047,174.6
2026-07-21,88,174.20306401751182,169.17
2026-07-21,89,189.047398874714,175.9
2026-07-21,90,173.7125208075999,168.57
2026-07-21,91,178.44158226394157,170.06
2026-07-21,92,161.28472691103286,158.74
2026-07-21,93,171.37961048693364,165.16
2026-07-21,94,163.6156662011737,156.09
2026-07-21,95,159.01887070345265,153.42
2026-07-21,96,151.6347801175465,146.08
2026-07-22,1,156.48804690624868,156.4
2026-07-22,2,150.44685360710463,155.25
2026-07-22,3,144.90865360599918,151.39
2026-07-22,4,139.51119130391913,145.72
2026-07-22,5,147.2893935958706,156.37
2026-07-22,6,141.0965270386012,148.57
2026-07-22,7,138.01387719698306,145.66
2026-07-22,8,131.84917130126257,142.55
2026-07-22,9,135.71755472000606,146.94
2026-07-22,10,132.71430967270462,144.88
2026-07-22,11,131.17989414031462,143.04
2026-07-22,12,128.68493766040297,138.07
2026-07-22,13,130.49520080377454,142.08
2026-07-22,14,128.95418650267115,134.75
2026-07-22,15,128.33503072671743,132.02
2026-07-22,16,127.54657995668202,130.8
2026-07-22,17,126.77152746576355,130.3
2026-07-22,18,127.39056877050342,129.8
2026-07-22,19,128.1695756753249,131.0
2026-07-22,20,154.26904998805247,131.56
2026-07-22,21,129.40607192677317,128.24
2026-07-22,22,140.97959980938572,132.75
2026-07-22,23,156.7430490904099,138.93
2026-07-22,24,151.26137690335383,143.91
2026-07-22,25,162.82214066394164,144.26
2026-07-22,26,168.86282347436898,150.01
2026-07-22,27,164.68360146853283,156.08
2026-07-22,28,156.13735325888328,147.29
2026-07-22,29,164.80684486583573,156.89
2026-07-22,30,158.66463733097237,150.03
2026-07-22,31,147.93189718866472,145.16
2026-07-22,32,137.67630939404893,129.3
2026-07-22,33,156.74358710294223,158.11
2026-07-22,34,142.10246906433974,141.28
2026-07-22,35,132.4242577050595,121.54
2026-07-22,36,116.84922564263096,107.0
2026-07-22,37,129.93357094700966,114.48
2026-07-22,38,114.4603178248756,102.42
2026-07-22,39,98.26689336841268,86.34
2026-07-22,40,78.35271562967593,60.53
2026-07-22,41,94.766987312872,92.11
2026-07-22,42,82.0321497678951,68.71
2026-07-22,43,72.3272763230241,57.8
2026-07-22,44,58.68012652411544,45.99
2026-07-22,45,61.58768765247868,49.24
2026-07-22,46,53.869470817192,37.27
2026-07-22,47,50.46329704595206,21.69
2026-07-22,48,44.34073469989615,15.54
2026-07-22,49,46.90584252870117,21.08
2026-07-22,50,37.331458487593146,9.99
2026-07-22,51,34.48628782958507,6.94
2026-07-22,52,31.85154504843648,3.53
2026-07-22,53,33.79603977887318,3.99
2026-07-22,54,28.686388279769,0.99
2026-07-22,55,23.836292931976573,0.15
2026-07-22,56,20.462301495224843,0.03
2026-07-22,57,21.805297241062927,0.03
2026-07-22,58,20.090882372880387,0.08
2026-07-22,59,19.593403611376424,0.03
2026-07-22,60,20.964372380078288,0.01
2026-07-22,61,21.99785247347829,0.05
2026-07-22,62,24.15272934823788,0.09
2026-07-22,63,27.882862595800034,0.77
2026-07-22,64,35.50655804332514,1.08
2026-07-22,65,29.456360759720194,1.9
2026-07-22,66,39.992129054509554,5.44
2026-07-22,67,49.42010539983413,6.89
2026-07-22,68,58.332615965625536,22.37
2026-07-22,69,49.52594293568563,24.99
2026-07-22,70,62.73746994758943,59.6
2026-07-22,71,70.81834399597264,68.63
2026-07-22,72,78.98656683709089,99.62
2026-07-22,73,71.11473325220206,82.67
2026-07-22,74,88.75420533671598,102.38
2026-07-22,75,110.93640287378524,114.93
2026-07-22,76,121.96966227312562,132.42
2026-07-22,77,114.36801956222746,122.97
2026-07-22,78,124.38715438348088,134.85
2026-07-22,79,132.77352679353746,144.48
2026-07-22,80,142.44066499687344,149.01
2026-07-22,81,134.03411639103416,151.37
2026-07-22,82,140.5992129160251,154.68
2026-07-22,83,148.26942700465622,158.27
2026-07-22,84,151.64506921889134,163.72
2026-07-22,85,149.88595986383808,166.36
2026-07-22,86,147.1241750628725,162.43
2026-07-22,87,144.06703804338545,161.95
2026-07-22,88,140.85510374234656,156.3
2026-07-22,89,150.39065285250507,167.24
2026-07-22,90,147.632823751874,159.44
2026-07-22,91,149.50291692893893,155.94
2026-07-22,92,142.13917915685747,147.82
2026-07-22,93,144.1538506747622,153.17
2026-07-22,94,139.92402884179742,143.94
2026-07-22,95,138.77320265338983,140.56
2026-07-22,96,135.08367474712054,136.5
2026-07-23,1,143.77538082652498,153.4
2026-07-23,2,140.87766572654505,147.31
2026-07-23,3,135.31764661544238,139.23
2026-07-23,4,130.0983798613094,131.08
2026-07-23,5,138.34652931767803,142.47
2026-07-23,6,131.5605762291779,137.83
2026-07-23,7,129.0761516996624,136.34
2026-07-23,8,123.46557569499788,132.74
2026-07-23,9,127.8391000272521,135.04
2026-07-23,10,124.50493133165698,133.28
2026-07-23,11,123.48032296100436,133.78
2026-07-23,12,121.25644952917747,132.54
2026-07-23,13,123.75645775077928,132.42
2026-07-23,14,120.91126434107164,134.73
2026-07-23,15,120.96783709442104,132.35
2026-07-23,16,120.06189819419816,132.36
2026-07-23,17,119.86528094614138,133.0
2026-07-23,18,120.52341693720416,133.54
2026-07-23,19,121.748662836707,137.38
2026-07-23,20,123.76543003472142,141.04
2026-07-23,21,122.94735321856592,132.23
2026-07-23,22,129.65227064604517,138.07
2026-07-23,23,132.50014645225497,147.78
2026-07-23,24,135.89603481137976,154.1
2026-07-23,25,134.4926241934302,148.92
2026-07-23,26,146.57835947905463,162.15
2026-07-23,27,150.14764351548249,161.64
2026-07-23,28,145.5630669777007,164.01
2026-07-23,29,154.11632466332978,172.95
2026-07-23,30,150.07667443103145,173.72
2026-07-23,31,144.33878330366946,163.82
2026-07-23,32,131.1826632026867,161.0
2026-07-23,33,150.0602077217098,174.01
2026-07-23,34,137.1608879784193,162.8
2026-07-23,35,122.94130255747888,159.96
2026-07-23,36,103.84016268404568,143.04
2026-07-23,37,117.69811712624048,162.67
2026-07-23,38,98.48718392628766,144.64
2026-07-23,39,85.33690493195405,119.0
2026-07-23,40,62.108950878272935,111.0
2026-07-23,41,86.94995093529629,117.29
2026-07-23,42,66.73978107189085,107.38
2026-07-23,43,55.008552210519326,99.74
2026-07-23,44,43.566059281055885,83.51
2026-07-23,45,48.71746495712078,96.47
2026-07-23,46,42.32367665685263,84.74
2026-07-23,47,27.15821514762853,77.53
2026-07-23,48,27.99543705359312,59.42
2026-07-23,49,30.35427156787033,60.42
2026-07-23,50,22.07813173711001,35.99
2026-07-23,51,22.254621704090788,20.66
2026-07-23,52,19.073647680753467,7.3
2026-07-23,53,19.27452616994325,11.37
2026-07-23,54,14.412172111016906,4.84
2026-07-23,55,8.660322542864334,1.0
2026-07-23,56,2.780321606012897,0.0
2026-07-23,57,8.714514413200982,0.0
2026-07-23,58,6.7763350427891496,0.0
2026-07-23,59,7.392044028968232,0.0
2026-07-23,60,5.111231668517725,0.0
2026-07-23,61,5.258175236304263,0.0
2026-07-23,62,6.126429933052029,0.0
2026-07-23,63,13.127622594995772,0.03
2026-07-23,64,15.14444399171277,0.09
2026-07-23,65,10.63040442361524,0.0
2026-07-23,66,21.218359761806585,3.11
2026-07-23,67,31.988387264803613,24.79
2026-07-23,68,50.60513044391403,60.09
2026-07-23,69,37.242074504324094,52.99
2026-07-23,70,64.74632526284802,94.82
2026-07-23,71,82.79149532096382,113.51
2026-07-23,72,94.30199161271209,125.5
2026-07-23,73,72.12801079450453,111.39
2026-07-23,74,99.45960767691336,139.21
2026-07-23,75,119.85654908144215,154.96
2026-07-23,76,140.40912442951924,165.0
2026-07-23,77,133.07045864622967,152.77
2026-07-23,78,144.24809596706305,164.67
2026-07-23,79,163.60943400472917,168.27
2026-07-23,80,185.78811335466247,178.69
2026-07-23,81,166.3827540118794,172.79
2026-07-23,82,183.91721491097337,184.29
2026-07-23,83,200.28876971202044,185.48
2026-07-23,84,209.20052855535192,197.5
2026-07-23,85,203.94376075276,192.84
2026-07-23,86,195.4646700460866,191.79
2026-07-23,87,188.66061358769107,189.7
2026-07-23,88,176.5232695057008,185.67
2026-07-23,89,191.02501759237705,195.92
2026-07-23,90,175.56103727281558,188.96
2026-07-23,91,165.06759677131137,184.29
2026-07-23,92,160.92602696435117,177.0
2026-07-23,93,175.4600261030548,181.68
2026-07-23,94,159.47659178926864,170.66
2026-07-23,95,155.9727640039106,166.94
2026-07-23,96,153.23164339532343,162.4
2026-07-24,1,170.4641707259459,168.22
2026-07-24,2,162.3910941338779,163.65
2026-07-24,3,157.32069126326553,160.58
2026-07-24,4,150.70002038187116,151.56
2026-07-24,5,162.86955359946057,162.69
2026-07-24,6,153.0521988807144,158.03
2026-07-24,7,148.6707662294394,155.89
2026-07-24,8,145.25579103363577,151.94
2026-07-24,9,147.83128820712477,155.26
2026-07-24,10,144.97344287222606,151.69
2026-07-24,11,143.85299560230584,150.67
2026-07-24,12,142.94607607304906,149.63
2026-07-24,13,144.4898472011439,156.19
2026-07-24,14,148.15359490859373,153.21
2026-07-24,15,149.52083188291118,151.78
2026-07-24,16,148.37369507298416,152.13
2026-07-24,17,142.25246632903236,150.58
2026-07-24,18,143.27828685982212,152.91
2026-07-24,19,146.04632808555303,153.93
2026-07-24,20,148.1082395834643,165.22
2026-07-24,21,160.92600915831753,152.92
2026-07-24,22,181.4862272143445,158.44
2026-07-24,23,188.49270264185787,164.71
2026-07-24,24,183.5401902625776,168.6
2026-07-24,25,186.63709249996288,167.75
2026-07-24,26,186.94451883129705,176.4
2026-07-24,27,200.5750875900437,174.67
2026-07-24,28,181.6922087438849,171.34
2026-07-24,29,176.9622971124903,177.93
2026-07-24,30,186.99063495915885,172.09
2026-07-24,31,177.9575060706659,167.0
2026-07-24,32,163.67190178875475,152.53
2026-07-24,33,184.6270323584413,174.0
2026-07-24,34,176.79117439536154,166.76
2026-07-24,35,161.6485181381145,159.3
2026-07-24,36,146.26801794644211,139.93
2026-07-24,37,158.38651723192638,169.66
2026-07-24,38,117.46743427082431,133.6
2026-07-24,39,120.51909391204208,116.06
2026-07-24,40,101.85132524243934,111.09
2026-07-24,41,122.64384866633182,116.41
2026-07-24,42,106.00364449302364,106.02
2026-07-24,43,93.11737930968802,98.58
2026-07-24,44,82.52571297643645,88.25
2026-07-24,45,86.94637147496601,86.08
2026-07-24,46,79.3149828671218,77.2
2026-07-24,47,73.39000573171178,74.12
2026-07-24,48,59.660204432675386,65.25
2026-07-24,49,66.67929377172277,65.15
2026-07-24,50,45.98868317876836,50.97
2026-07-24,51,35.35614420860207,37.8
2026-07-24,52,28.071440849397217,25.05
2026-07-24,53,33.25771154449317,36.1
2026-07-24,54,26.24427627906465,22.9
2026-07-24,55,22.115075195424573,16.89
2026-07-24,56,19.96848567764916,8.21
2026-07-24,57,19.939295196020808,6.01
2026-07-24,58,20.97156921148933,5.2
2026-07-24,59,20.96596724496389,5.85
2026-07-24,60,22.09699709369377,8.88
2026-07-24,61,18.973876500327155,3.23
2026-07-24,62,23.19014264263669,4.7
2026-07-24,63,32.45198670114483,17.13
2026-07-24,64,44.28822151142508,32.1
2026-07-24,65,28.80540337238161,32.07
2026-07-24,66,46.55698318677079,60.07
2026-07-24,67,67.773656171907,81.52
2026-07-24,68,89.19744288132661,102.2
2026-07-24,69,80.93936948461683,77.07
2026-07-24,70,109.7425318018436,112.18
2026-07-24,71,125.1602907883404,125.2
2026-07-24,72,139.7457826138255,141.62
2026-07-24,73,120.76884253569078,127.09
2026-07-24,74,144.93134320166135,147.56
2026-07-24,75,160.22547392653246,163.05
2026-07-24,76,176.33137268850498,180.96
2026-07-24,77,176.53478689998786,149.16
2026-07-24,78,186.87148417125604,176.2
2026-07-24,79,207.0959403654173,190.23
2026-07-24,80,242.14599742506704,204.95
2026-07-24,81,233.0897186880184,188.24
2026-07-24,82,257.0143594415866,194.07
2026-07-24,83,275.9214907309199,205.89
2026-07-24,84,292.7795872126054,211.97
2026-07-24,85,284.99517419112004,209.26
2026-07-24,86,275.32696013790775,206.84
2026-07-24,87,258.60787030426485,201.25
2026-07-24,88,234.7683599972229,195.34
2026-07-24,89,249.2238018974623,207.44
2026-07-24,90,216.72517967493485,197.49
2026-07-24,91,202.9664517707467,188.64
2026-07-24,92,201.24964107085617,184.5
2026-07-24,93,193.6821512636786,185.48
2026-07-24,94,199.2675049181439,183.0
2026-07-24,95,186.93592169976367,181.31
2026-07-24,96,186.7644511973326,170.67
2026-07-25,1,176.24033955346388,175.92
2026-07-25,2,168.47679737738466,168.63
2026-07-25,3,162.67252649682308,165.98
2026-07-25,4,154.7354531763309,158.01
2026-07-25,5,165.68814485966053,170.01
2026-07-25,6,160.39382673701755,156.79
2026-07-25,7,153.78860560761802,161.32
2026-07-25,8,149.7934596532398,158.32
2026-07-25,9,153.1535966059046,162.0
2026-07-25,10,151.00354157701312,158.72
2026-07-25,11,148.96886805885703,162.25
2026-07-25,12,147.5938187452976,158.74
2026-07-25,13,151.79410166318976,162.0
2026-07-25,14,146.545532576031,161.32
2026-07-25,15,149.69178071449977,160.98
2026-07-25,16,149.51447536365563,155.11
2026-07-25,17,147.5221080547675,156.89
2026-07-25,18,145.890211191653,151.99
2026-07-25,19,145.39196356587712,149.4
2026-07-25,20,141.72722900829126,149.77
2026-07-25,21,146.75604963649235,150.12
2026-07-25,22,160.0997719767344,147.0
2026-07-25,23,163.2197130020825,147.84
2026-07-25,24,155.0994187359015,140.05
2026-07-25,25,154.2834341780101,157.71
2026-07-25,26,150.18942579267028,136.12
2026-07-25,27,146.20370246439884,130.01
2026-07-25,28,139.96233106057213,117.68
2026-07-25,29,146.62765641411096,136.39
2026-07-25,30,141.5527759262005,119.99
2026-07-25,31,135.03851200163055,107.52
2026-07-25,32,120.1630869996442,97.32
2026-07-25,33,146.90483481517413,122.67
2026-07-25,34,134.75938617179028,102.71
2026-07-25,35,120.60822182934272,79.93
2026-07-25,36,98.9560708477821,28.73
2026-07-25,37,117.55756109266036,39.61
2026-07-25,38,92.68392285294811,5.05
2026-07-25,39,68.15238837698341,0.01
2026-07-25,40,48.8055691999149,0.0
2026-07-25,41,74.62680245997187,0.0
2026-07-25,42,58.39609625634009,-0.01
2026-07-25,43,51.81721454883228,-0.07
2026-07-25,44,42.08128956532899,-0.39
2026-07-25,45,46.66540764842037,-0.82
2026-07-25,46,37.33359271736509,-1.19
2026-07-25,47,37.33219170418792,-3.41
2026-07-25,48,30.16183120694,-5.01
2026-07-25,49,27.27685117567342,-4.82
2026-07-25,50,20.094688792543856,-5.0
2026-07-25,51,3.1118068751658967,-5.54
2026-07-25,52,0.7980977570858272,-8.46
2026-07-25,53,1.972435393786359,-7.99
2026-07-25,54,-4.3164366544139305,-9.98
2026-07-25,55,-2.8771829720398614,-10.44
2026-07-25,56,-6.078149167998124,-11.38
2026-07-25,57,-7.372889248291892,-15.01
2026-07-25,58,-8.166612392467805,-14.31
2026-07-25,59,-6.732644048013684,-11.81
2026-07-25,60,-7.591423518520003,-7.99
2026-07-25,61,-5.885145746467257,-6.47
2026-07-25,62,-5.862055285279995,-3.72
2026-07-25,63,-3.33585995246721,-2.01
2026-07-25,64,-3.7293101984151633,-1.21
2026-07-25,65,3.035697790822713,-1.06
2026-07-25,66,10.252397572793164,-0.12
2026-07-25,67,19.16262737263049,-0.09
2026-07-25,68,43.77453064828888,-0.01
2026-07-25,69,33.67306068506619,-0.01
2026-07-25,70,66.84522364943875,0.0
2026-07-25,71,87.14903070626701,2.59
2026-07-25,72,103.03203663884824,42.42
2026-07-25,73,81.42563903106236,21.95
2026-07-25,74,108.99772922480896,99.1
2026-07-25,75,125.08363275526716,119.75
2026-07-25,76,138.11866653826624,139.98
2026-07-25,77,125.34294087925808,138.92
2026-07-25,78,141.95086996787654,150.0
2026-07-25,79,154.50342231930208,163.89
2026-07-25,80,166.4777622683913,176.87
2026-07-25,81,158.6816340386765,163.01
2026-07-25,82,169.66870776052957,172.99
2026-07-25,83,179.5230461864282,173.49
2026-07-25,84,189.57373147913768,171.75
2026-07-25,85,183.93779318537264,174.48
2026-07-25,86,180.23034737077705,171.54
2026-07-25,87,181.8558251011381,165.5
2026-07-25,88,179.5249569568385,164.78
2026-07-25,89,186.42802118398268,173.22
2026-07-25,90,174.20291951129977,165.16
2026-07-25,91,167.59988001163657,164.99
2026-07-25,92,161.05325603568718,158.56
2026-07-25,93,167.8960275250437,166.84
2026-07-25,94,160.3350815030711,160.33
2026-07-25,95,154.76390108223154,160.64
2026-07-25,96,152.33462560191003,152.19
2026-07-26,1,158.79244094639017,148.59
2026-07-26,2,153.58178387266494,154.88
2026-07-26,3,147.66257216017553,154.92
2026-07-26,4,140.96899932112458,153.73
2026-07-26,5,148.4857159584125,150.01
2026-07-26,6,144.30999218558696,148.82
2026-07-26,7,141.26090134770337,143.68
2026-07-26,8,137.19909384564016,143.31
2026-07-26,9,140.68661065079,145.58
2026-07-26,10,137.8379438172895,147.15
2026-07-26,11,136.37575773638045,148.84
2026-07-26,12,134.81135227068057,150.53
2026-07-26,13,135.85103548357017,149.01
2026-07-26,14,133.8578420864579,156.83
2026-07-26,15,132.7528823933748,155.54
2026-07-26,16,129.56739518530563,152.99
2026-07-26,17,133.24001505196577,154.24
2026-07-26,18,131.923126115387,146.32
2026-07-26,19,128.88802381184388,144.84
2026-07-26,20,126.61045478438884,142.92
2026-07-26,21,133.00080086717782,139.91
2026-07-26,22,131.30403363189308,139.83
2026-07-26,23,132.2935006497651,137.98
2026-07-26,24,127.25378665872972,134.25
2026-07-26,25,131.94777192070322,134.87
2026-07-26,26,125.11237462800348,127.87
2026-07-26,27,121.24107677320151,122.77
2026-07-26,28,111.61135517970712,113.94
2026-07-26,29,117.33722379105038,120.34
2026-07-26,30,117.38488640836631,114.25
2026-07-26,31,104.7899941010948,107.52
2026-07-26,32,87.6933684686675,98.6
2026-07-26,33,111.15463208716253,111.17
2026-07-26,34,95.64330817741984,102.28
2026-07-26,35,75.58848615723718,89.05
2026-07-26,36,14.201890309021408,72.54
2026-07-26,37,35.6498623562603,95.05
2026-07-26,38,9.998950285159736,71.77
2026-07-26,39,-13.507213654157738,43.87
2026-07-26,40,-23.29264690421084,10.04
2026-07-26,41,-29.622881374755792,22.85
2026-07-26,42,-33.01517087537519,5.64
2026-07-26,43,-36.001890767902154,0.07
2026-07-26,44,-23.69465377522205,0.0
2026-07-26,45,-34.97035067902411,0.0
2026-07-26,46,-27.631262547063827,0.0
2026-07-26,47,-22.05681515252797,-0.01
2026-07-26,48,-19.352576542132567,-0.01
2026-07-26,49,-25.63652107281573,-0.05
2026-07-26,50,-22.19291980499758,-0.06
2026-07-26,51,-21.68565112914424,-0.08
2026-07-26,52,-22.4339970960084,-0.11
2026-07-26,53,-24.17416707988986,-0.12
2026-07-26,54,-33.54252469575187,-0.12
2026-07-26,55,-22.7723014737962,-0.12
2026-07-26,56,-19.875750452213467,-0.71
2026-07-26,57,-18.79439288730862,-0.7
2026-07-26,58,-19.65202287315941,-0.66
2026-07-26,59,-25.79775462819161,-0.66
2026-07-26,60,-27.51342798733908,-0.66
2026-07-26,61,-16.980798480636295,-0.82
2026-07-26,62,-19.00026949934045,-0.85
2026-07-26,63,-22.09050791226595,-0.89
2026-07-26,64,-35.947163002980254,-0.88
2026-07-26,65,-21.94039459524457,-0.07
2026-07-26,66,-27.47154800957912,-0.01
2026-07-26,67,-28.817759633015623,0.0
2026-07-26,68,-6.408359352592655,3.53
2026-07-26,69,-11.03893947923713,5.25
2026-07-26,70,5.947798747043066,35.76
2026-07-26,71,21.55243877928661,62.92
2026-07-26,72,46.96352545933959,103.36
2026-07-26,73,35.69535898406167,79.45
2026-07-26,74,88.52571772242223,110.7
2026-07-26,75,90.63867520730204,119.87
2026-07-26,76,109.94976868949072,126.98
2026-07-26,77,95.60824562849751,130.39
2026-07-26,78,103.95715541691408,138.36
2026-07-26,79,104.60663743005972,141.97
2026-07-26,80,95.99574770859648,146.44
2026-07-26,81,98.76517532755727,144.94
2026-07-26,82,93.25672783699748,152.74
2026-07-26,83,90.14486200423744,152.82
2026-07-26,84,89.49610166989832,156.23
2026-07-26,85,92.27811978979376,156.05
2026-07-26,86,88.84360081157897,152.17
2026-07-26,87,101.97587069807987,148.6
2026-07-26,88,116.38382621321566,146.95
2026-07-26,89,109.33623545256856,154.96
2026-07-26,90,116.90371076443031,149.21
2026-07-26,91,130.38128847068722,147.98
2026-07-26,92,131.0869680641867,139.84
2026-07-26,93,135.75902423544147,145.35
2026-07-26,94,131.5138169265203,138.09
2026-07-26,95,128.04836289676996,136.73
2026-07-26,96,124.84814826806884,127.01
2026-07-27,1,138.7652581969969,84.26
2026-07-27,2,133.47596426693826,88.77
2026-07-27,3,128.46183029712088,86.68
2026-07-27,4,122.7399816301205,84.46
2026-07-27,5,132.8580125482299,82.4
2026-07-27,6,124.0586437640577,75.45
2026-07-27,7,122.20601165404044,68.95
2026-07-27,8,116.44130461602272,55.83
2026-07-27,9,119.36666585724868,60.82
2026-07-27,10,116.68432796050134,50.8
2026-07-27,11,117.58542680210545,72.21
2026-07-27,12,114.213200780031,62.97
2026-07-27,13,118.61722370511625,69.26
2026-07-27,14,118.73852718242952,60.42
2026-07-27,15,118.87174913536953,59.72
2026-07-27,16,121.44310346066705,61.15
2026-07-27,17,113.5599915197852,66.38
2026-07-27,18,113.68768875446132,66.52
2026-07-27,19,123.50051793256124,66.8
2026-07-27,20,126.31314190296284,85.0
2026-07-27,21,121.95912237089247,60.43
2026-07-27,22,128.40328598213284,86.66
2026-07-27,23,133.5648462424262,100.99
2026-07-27,24,140.62580306739622,116.0
2026-07-27,25,146.49980411308428,102.69
2026-07-27,26,152.46003541945845,116.63
2026-07-27,27,150.6958689977654,121.24
2026-07-27,28,145.7007984167618,129.67
2026-07-27,29,158.79324779971063,133.85
2026-07-27,30,152.53385799493688,132.87
2026-07-27,31,147.3767205306415,125.74
2026-07-27,32,142.7576108666893,123.44
2026-07-27,33,153.30843254471117,141.48
2026-07-27,34,145.12061447343874,130.69
2026-07-27,35,129.00580097085344,111.85
2026-07-27,36,110.11628305142752,91.88
2026-07-27,37,125.94340043888718,107.83
2026-07-27,38,110.96243610470776,87.45
2026-07-27,39,97.3539817713172,72.2
2026-07-27,40,84.65381877666736,32.26
2026-07-27,41,98.97299998096324,55.3
2026-07-27,42,85.61599609359294,19.75
2026-07-27,43,75.60465669235404,15.16
2026-07-27,44,69.45186270552345,4.94
2026-07-27,45,72.04489362951195,3.45
2026-07-27,46,62.5843581578438,0.45
2026-07-27,47,56.319436148424366,0.02
2026-07-27,48,40.90150309042562,0.0
2026-07-27,49,45.49045273701686,0.0
2026-07-27,50,34.07821341647963,-0.01
2026-07-27,51,25.971521240102646,-0.01
2026-07-27,52,28.02198893964539,-0.02
2026-07-27,53,19.92759668132788,-0.01
2026-07-27,54,17.366554356303116,-0.03
2026-07-27,55,13.43841293798348,-0.07
2026-07-27,56,4.333136247010405,-0.48
2026-07-27,57,10.233329744498718,-0.87
2026-07-27,58,3.69491115764549,-1.0
2026-07-27,59,5.93735639019966,-0.7
2026-07-27,60,9.15299406748187,-0.25
2026-07-27,61,6.883525912846817,-0.12
2026-07-27,62,9.638699940081608,-0.09
2026-07-27,63,14.451071307334631,-0.05
2026-07-27,64,26.566655530591888,-0.06
2026-07-27,65,16.62916126849222,-0.04
2026-07-27,66,16.752639878306205,-0.01
2026-07-27,67,32.859897117582854,-0.01
2026-07-27,68,48.45787566912132,0.01
2026-07-27,69,32.2276244333611,0.01
2026-07-27,70,56.36541172985476,2.88
2026-07-27,71,63.31752356386521,10.1
2026-07-27,72,78.68720829571096,44.62
2026-07-27,73,66.09699340558933,50.37
2026-07-27,74,95.9710354435186,91.19
2026-07-27,75,119.00528573849353,113.61
2026-07-27,76,138.88025358997197,133.99
2026-07-27,77,118.29102329362956,120.01
2026-07-27,78,135.34589919588572,147.93
2026-07-27,79,150.52442682622623,154.58
2026-07-27,80,141.98711788930757,174.0
2026-07-27,81,153.69447049111105,155.6
2026-07-27,82,160.15832041715714,172.2
2026-07-27,83,168.48628720446635,180.04
2026-07-27,84,180.8288321450092,187.05
2026-07-27,85,170.9755448664085,183.1
2026-07-27,86,170.75423983506957,181.08
2026-07-27,87,176.00035028139703,178.93
2026-07-27,88,169.90968521122622,172.87
2026-07-27,89,175.45613664337768,180.23
2026-07-27,90,168.23140992180026,173.14
2026-07-27,91,167.76151614237125,174.5
2026-07-27,92,161.88448073503605,156.56
2026-07-27,93,165.3623376905973,161.31
2026-07-27,94,159.48663991201818,161.03
2026-07-27,95,156.33324522380332,160.83
2026-07-27,96,149.4313239605943,148.78
2026-07-28,1,152.4831969825471,178.01
2026-07-28,2,147.05207857854526,169.91
2026-07-28,3,141.01360676723888,152.34
2026-07-28,4,135.20937023384866,143.75
2026-07-28,5,143.59377396034225,154.96
2026-07-28,6,138.92978278830117,149.56
2026-07-28,7,136.9628088293756,145.28
2026-07-28,8,132.54512960075002,143.43
2026-07-28,9,136.04016053392294,147.09
2026-07-28,10,133.1539379440317,141.52
2026-07-28,11,132.72233099828168,138.91
2026-07-28,12,131.05005169981357,137.8
2026-07-28,13,132.91959137314575,136.5
2026-07-28,14,131.257952757908,136.25
2026-07-28,15,130.24033382241038,135.16
2026-07-28,16,127.24289228666592,135.57
2026-07-28,17,130.46625046123273,133.25
2026-07-28,18,130.28519677001577,135.87
2026-07-28,19,131.3545277608444,141.35
2026-07-28,20,136.7254115360893,149.27
2026-07-28,21,132.8303058490149,140.53
2026-07-28,22,135.5177251633224,143.75
2026-07-28,23,139.5627360886866,154.19
2026-07-28,24,153.89734116163032,160.5
2026-07-28,25,149.50510914116106,165.45
2026-07-28,26,154.17164713924683,174.29
2026-07-28,27,156.2642051084936,170.33
2026-07-28,28,149.1820251727815,160.15
2026-07-28,29,165.53104055550983,177.04
2026-07-28,30,158.23127119175342,167.39
2026-07-28,31,145.50787734240328,156.72
2026-07-28,32,141.0246515377254,147.95
2026-07-28,33,149.7795136400173,165.67
2026-07-28,34,142.79800588587844,152.28
2026-07-28,35,130.53139300217984,143.43
2026-07-28,36,109.4907907932342,115.26
2026-07-28,37,124.555866240594,160.11
2026-07-28,38,108.587831088401,115.62
2026-07-28,39,100.41203532898632,94.8
2026-07-28,40,91.57689742938612,65.56
2026-07-28,41,100.8646499821992,85.32
2026-07-28,42,91.56048913228295,41.74
2026-07-28,43,83.85414962897597,15.06
2026-07-28,44,71.51880691616057,4.95
2026-07-28,45,82.42146333051892,7.61
2026-07-28,46,74.62066284899694,4.45
2026-07-28,47,66.58810761544416,1.66
2026-07-28,48,50.54046830307146,0.0
2026-07-28,49,65.08727948325335,0.0
2026-07-28,50,47.386156783580766,-0.01
2026-07-28,51,43.805975670481786,-0.01
2026-07-28,52,39.90050185391405,-0.03
2026-07-28,53,45.75472595595474,-0.01
2026-07-28,54,48.33799336605934,-0.05
2026-07-28,55,49.98011927218443,-0.1
2026-07-28,56,45.00244082121364,-0.19
2026-07-28,57,43.56739707629787,-0.09
2026-07-28,58,49.66156938515861,-0.03
2026-07-28,59,61.49733786835843,0.0
2026-07-28,60,49.60412532995408,0.0
2026-07-28,61,39.185868445146426,0.0
2026-07-28,62,52.04972282295724,0.91
2026-07-28,63,63.793892084003446,2.66
2026-07-28,64,76.54845814571921,10.04
2026-07-28,65,65.24863985990292,4.26
2026-07-28,66,88.08172191596113,15.48
2026-07-28,67,99.7803067018172,61.68
2026-07-28,68,118.1833508724946,97.54
2026-07-28,69,96.0391904534179,60.03
2026-07-28,70,118.64884794024506,101.86
2026-07-28,71,132.62542130402892,120.25
2026-07-28,72,153.77155624578967,148.37
2026-07-28,73,130.69088104828882,125.01
2026-07-28,74,158.460739853118,156.96
2026-07-28,75,169.00593807639075,167.25
2026-07-28,76,191.54714718081453,178.67
2026-07-28,77,184.5050989119403,174.9
2026-07-28,78,195.55893778924093,187.15
2026-07-28,79,213.72695711257936,202.71
2026-07-28,80,243.32611828669351,230.67
2026-07-28,81,223.4527854058512,200.87
2026-07-28,82,236.1316542552139,208.01
2026-07-28,83,254.66650543008143,219.85
2026-07-28,84,274.74232729487125,238.29
2026-07-28,85,260.3423121188708,219.99
2026-07-28,86,251.206032967108,213.91
2026-07-28,87,240.00619102359016,205.71
2026-07-28,88,214.3804419878059,200.1
2026-07-28,89,232.21803441170243,210.79
2026-07-28,90,204.20298806307807,197.06
2026-07-28,91,189.75099492865155,187.55
2026-07-28,92,181.0352155643364,180.43
2026-07-28,93,180.5887438906598,188.33
2026-07-28,94,169.95022753797502,173.99
2026-07-28,95,165.7589284043338,165.95
2026-07-28,96,147.4586891966373,160.78
2026-07-29,1,168.89028889016316,170.39
2026-07-29,2,161.60945656055813,158.08
2026-07-29,3,157.59538803497043,154.26
2026-07-29,4,151.70069391668704,144.3
2026-07-29,5,157.2612119083882,155.48
2026-07-29,6,152.49646129246187,150.5
2026-07-29,7,149.51608439184105,146.95
2026-07-29,8,148.13073379200193,140.87
2026-07-29,9,149.198915062555,140.9
2026-07-29,10,147.0133773516639,138.32
2026-07-29,11,146.8152619729848,135.71
2026-07-29,12,144.35382025338183,133.9
2026-07-29,13,143.89872561102754,135.01
2026-07-29,14,143.0995135890459,135.15
2026-07-29,15,142.36224172495,135.03
2026-07-29,16,141.80501236768322,134.82
2026-07-29,17,142.36010235309843,134.22
2026-07-29,18,142.77308514406528,138.11
2026-07-29,19,144.98652278476484,141.35
2026-07-29,20,148.07581806088942,147.63
2026-07-29,21,146.02701108151305,137.93
2026-07-29,22,148.3207870337565,142.48
2026-07-29,23,149.95157799592292,151.3
2026-07-29,24,146.65808209378224,162.33
2026-07-29,25,164.0569687218512,160.56
2026-07-29,26,167.8571846892135,171.28
2026-07-29,27,169.26072066985273,171.75
2026-07-29,28,149.85997289887993,170.7
2026-07-29,29,175.70982727629465,172.87
2026-07-29,30,155.84323966763145,170.7
2026-07-29,31,148.8142106695188,158.97
2026-07-29,32,148.1344230481779,141.84
2026-07-29,33,164.88731318889873,166.9
2026-07-29,34,155.73469675374457,151.19
2026-07-29,35,153.11044305596013,143.42
2026-07-29,36,116.44817828112367,123.18
2026-07-29,37,141.94043437743258,153.33
2026-07-29,38,119.72973010809292,124.78
2026-07-29,39,107.04287172614596,109.69
2026-07-29,40,91.55032543137575,100.64
2026-07-29,41,106.94200864880062,109.94
2026-07-29,42,93.25160312142556,101.6
2026-07-29,43,82.64487262663526,79.51
2026-07-29,44,70.43630551952025,50.1
2026-07-29,45,80.85365601285602,62.23
2026-07-29,46,71.74925498818001,32.8
2026-07-29,47,63.48803142925644,12.68
2026-07-29,48,56.01970622657765,8.43
2026-07-29,49,63.408281155602026,5.02
2026-07-29,50,46.79487773653617,0.0
2026-07-29,51,34.86587927332289,-0.01
2026-07-29,52,24.02419125100589,-0.06
2026-07-29,53,26.533300326523765,-0.01
2026-07-29,54,22.9853632417022,-0.01
2026-07-29,55,24.37198630055175,-0.05
2026-07-29,56,25.133311551567864,-0.1
2026-07-29,57,19.958968254067766,-0.04
2026-07-29,58,23.28712228012208,-0.04
2026-07-29,59,21.62158004323313,-0.01
2026-07-29,60,34.58646292723508,0.0
2026-07-29,61,30.580893512487663,0.0
2026-07-29,62,34.018062687980326,0.74
2026-07-29,63,43.49471124151142,6.01
2026-07-29,64,56.64181322093629,22.75
2026-07-29,65,46.80484998970356,24.99
2026-07-29,66,64.175900599718,73.59
2026-07-29,67,85.0708223531779,97.26
2026-07-29,68,103.44333559827552,109.56
2026-07-29,69,80.13054593892238,100.3
2026-07-29,70,110.12795532723176,115.38
2026-07-29,71,124.84132214407124,134.72
2026-07-29,72,144.2642037293728,150.97
2026-07-29,73,126.78003454880628,127.72
2026-07-29,74,138.45091177698083,148.84
2026-07-29,75,146.38271034591656,170.2
2026-07-29,76,157.78497824390104,202.5
2026-07-29,77,145.46106793840224,172.69
2026-07-29,78,160.9922929431738,204.82
2026-07-29,79,174.04407605023684,247.71
2026-07-29,80,203.12110905094136,352.36
2026-07-29,81,188.41339084672512,251.36
2026-07-29,82,200.36999695153665,265.97
2026-07-29,83,221.95705477676697,275.9
2026-07-29,84,231.47757614402607,261.36
2026-07-29,85,227.39285935580648,254.43
2026-07-29,86,217.41211009808003,225.09
2026-07-29,87,196.44699111283788,217.3
2026-07-29,88,193.0751386145841,202.0
2026-07-29,89,205.7490719120921,206.99
2026-07-29,90,186.739949664452,198.3
2026-07-29,91,174.34588065546373,190.39
2026-07-29,92,153.42168975955323,176.02
2026-07-29,93,171.7014929334855,179.05
2026-07-29,94,161.14089967602683,173.72
2026-07-29,95,149.26524068149877,170.38
2026-07-29,96,147.3646727852718,146.1
2026-07-30,1,163.14386790707954,162.16
2026-07-30,2,153.22825810003323,152.0
2026-07-30,3,145.0774911106883,142.66
2026-07-30,4,139.3585282775049,142.2
2026-07-30,5,146.53649392161265,144.05
2026-07-30,6,139.84842283102054,141.88
2026-07-30,7,137.56017152887108,145.61
2026-07-30,8,134.13336502763826,138.0
2026-07-30,9,136.6493463874025,143.0
2026-07-30,10,134.03630271016985,142.63
2026-07-30,11,132.23009562515384,137.99
2026-07-30,12,130.28435768966887,136.37
2026-07-30,13,131.4312722904485,135.94
2026-07-30,14,130.147640521166,135.0
2026-07-30,15,129.32253464870044,134.66
2026-07-30,16,131.2710188935678,136.52
2026-07-30,17,128.98860733791452,132.03
2026-07-30,18,130.55214119744676,132.36
2026-07-30,19,133.26861222202075,132.96
2026-07-30,20,139.1449072732291,133.54
2026-07-30,21,133.80271143087944,133.51
2026-07-30,22,136.4091833199309,133.85
2026-07-30,23,145.47687713066648,139.53
2026-07-30,24,147.6782672215018,143.54
2026-07-30,25,150.8012195535537,143.34
2026-07-30,26,154.86687299403593,151.75
2026-07-30,27,154.87172316803174,150.6
2026-07-30,28,158.89521562082658,148.15
2026-07-30,29,165.7230122843525,166.47
2026-07-30,30,166.11731161934367,153.95
2026-07-30,31,176.76726313703895,142.6
2026-07-30,32,165.79772656424285,127.96
2026-07-30,33,174.8540082633234,163.38
2026-07-30,34,175.05457696849447,146.05
2026-07-30,35,154.5419771390673,131.04
2026-07-30,36,131.5721793800986,115.71
2026-07-30,37,134.9066028442303,139.67
2026-07-30,38,111.3094765512968,122.81
2026-07-30,39,97.96836546639908,110.54
2026-07-30,40,83.48371784205021,99.44
2026-07-30,41,99.31626463775687,109.01
2026-07-30,42,85.71052233101511,94.27
2026-07-30,43,76.05058188647551,80.88
2026-07-30,44,63.03219580510831,55.84
2026-07-30,45,73.54899506113722,70.3
2026-07-30,46,61.76876389961324,35.96
2026-07-30,47,50.26904801685716,19.81
2026-07-30,48,41.87116957944157,12.33
2026-07-30,49,47.93986201204756,8.97
2026-07-30,50,17.69396950150508,8.0
2026-07-30,51,10.124449711674082,4.5
2026-07-30,52,8.404178213689123,3.94
2026-07-30,53,11.763567885014444,4.56
2026-07-30,54,11.56306404271589,2.31
2026-07-30,55,16.22059336965636,1.38
2026-07-30,56,13.524113090203771,2.43
2026-07-30,57,7.559850478755546,4.18
2026-07-30,58,3.8025338499547368,6.19
2026-07-30,59,23.13919778644292,16.36
2026-07-30,60,25.54269645188042,32.96
2026-07-30,61,21.68515296092384,40.04
2026-07-30,62,25.11215655773703,57.45
2026-07-30,63,33.11386719584011,69.11
2026-07-30,64,44.19178714777205,83.13
2026-07-30,65,35.867758796648985,73.54
2026-07-30,66,50.522372652399866,87.66
2026-07-30,67,65.14760217913111,106.5
2026-07-30,68,86.4265924855429,124.91
2026-07-30,69,64.9387098805693,105.84
2026-07-30,70,93.35937620375528,115.01
2026-07-30,71,106.17149245524632,131.76
2026-07-30,72,124.11173464315702,154.6
2026-07-30,73,102.32663443827136,130.34
2026-07-30,74,144.53471497574577,145.71
2026-07-30,75,161.70047295596996,160.56
2026-07-30,76,206.68761616683696,160.5
2026-07-30,77,168.15003984105968,149.9
2026-07-30,78,206.27644343836664,172.61
2026-07-30,79,208.2094926470345,181.2
2026-07-30,80,240.0418292617084,191.37
2026-07-30,81,208.99362197369288,183.7
2026-07-30,82,235.67698116723395,188.39
2026-07-30,83,258.4504604845466,199.44
2026-07-30,84,270.7917848459062,221.71
2026-07-30,85,263.6086232576752,218.14
2026-07-30,86,245.93228502665056,212.28
2026-07-30,87,232.53634610680885,203.9
2026-07-30,88,213.39867707525804,193.8
2026-07-30,89,228.0815946550215,201.3
2026-07-30,90,209.020470440082,194.09
2026-07-30,91,192.7467902539428,187.25
2026-07-30,92,179.85994250389012,178.55
2026-07-30,93,192.75487432234425,181.29
2026-07-30,94,178.6213240204134,172.65
2026-07-30,95,172.50748718670658,169.78
2026-07-30,96,161.51854871717836,159.6
2026-07-31,1,168.57887655366346,177.28
2026-07-31,2,162.05876886949758,170.09
2026-07-31,3,155.2226248973443,164.6
2026-07-31,4,149.68967185513196,160.87
2026-07-31,5,156.01777138940756,172.99
2026-07-31,6,150.60701443720603,167.17
2026-07-31,7,149.02320341867255,157.61
2026-07-31,8,145.40581016449536,154.04
2026-07-31,9,148.85172327988553,157.15
2026-07-31,10,145.98803327910895,154.5
2026-07-31,11,143.7482800294681,154.05
2026-07-31,12,142.62179944745054,154.94
2026-07-31,13,142.80099140789835,153.96
2026-07-31,14,142.13182149480667,154.65
2026-07-31,15,141.4567761024025,154.01
2026-07-31,16,146.41820436906036,154.07
2026-07-31,17,141.946870524491,154.91
2026-07-31,18,143.75406329458716,152.67
2026-07-31,19,144.4848144097439,156.78
2026-07-31,20,148.18259118093712,165.0
2026-07-31,21,145.15720454868065,154.3
2026-07-31,22,148.5598262865936,159.22
2026-07-31,23,157.4976808791546,173.89
2026-07-31,24,161.7004379363491,174.64
2026-07-31,25,166.98329873970647,172.04
2026-07-31,26,171.8772482100204,182.29
2026-07-31,27,173.94712857633772,183.6
2026-07-31,28,171.6155393749175,178.42
2026-07-31,29,186.96574114037344,187.3
2026-07-31,30,177.7723261640722,180.0
2026-07-31,31,164.13850939663723,172.61
2026-07-31,32,154.09248223643925,150.2
2026-07-31,33,192.12325324317004,182.6
2026-07-31,34,171.92046195698867,170.72
2026-07-31,35,158.79536751188076,153.29
2026-07-31,36,126.92088698460444,129.7
2026-07-31,37,145.49039841429564,159.97
2026-07-31,38,120.8999424516792,144.3
2026-07-31,39,108.79389968493815,129.15
2026-07-31,40,96.46243459291176,124.13
2026-07-31,41,110.96821113175967,135.42
2026-07-31,42,95.26379681442005,128.59
2026-07-31,43,86.67218162959453,112.6
2026-07-31,44,73.09240001093565,101.81
2026-07-31,45,82.9864955008005,113.8
2026-07-31,46,75.67885940249147,99.94
2026-07-31,47,66.8981029120905,98.75
2026-07-31,48,58.89387893764299,92.19
2026-07-31,49,66.27608471579438,97.71
2026-07-31,50,54.78963863388917,95.74
2026-07-31,51,48.68473776453437,96.03
2026-07-31,52,46.35942797529442,86.99
2026-07-31,53,55.204688517411945,85.01
2026-07-31,54,48.06892488521833,84.46
2026-07-31,55,44.98801746214964,82.25
2026-07-31,56,55.94261023864734,81.35
2026-07-31,57,43.39079518353775,80.4
2026-07-31,58,47.74588592773615,81.99
2026-07-31,59,56.01384102956243,87.81
2026-07-31,60,67.56480635496905,94.94
2026-07-31,61,57.13573013624762,90.11
2026-07-31,62,70.04291414116886,98.77
2026-07-31,63,78.43163340294404,104.72
2026-07-31,64,87.81550105044225,118.94
2026-07-31,65,76.53261982251789,110.0
2026-07-31,66,87.19552576702245,113.67
2026-07-31,67,106.0573349173328,123.8
2026-07-31,68,121.7004757112265,135.99
2026-07-31,69,103.62382636155196,123.97
2026-07-31,70,118.42442052044794,135.07
2026-07-31,71,132.94584392825092,164.01
2026-07-31,72,169.12130108852352,166.92
2026-07-31,73,137.40386000786168,140.45
2026-07-31,74,166.86562104869068,160.29
2026-07-31,75,181.9949294375383,168.14
2026-07-31,76,206.1786092256521,180.35
2026-07-31,77,195.275619523176,165.01
2026-07-31,78,203.252912944494,177.8
2026-07-31,79,229.20603468958308,192.93
2026-07-31,80,274.4230136973125,203.8
2026-07-31,81,235.86822540568687,184.96
2026-07-31,82,258.37982972015857,190.66
2026-07-31,83,281.81429349681105,196.27
2026-07-31,84,295.7952457522645,199.07
2026-07-31,85,288.4359413164957,192.09
2026-07-31,86,267.46654559584766,193.75
2026-07-31,87,245.7183018229057,197.33
2026-07-31,88,224.17443861065289,199.39
2026-07-31,89,245.35981964096496,204.05
2026-07-31,90,217.8023808032545,201.34
2026-07-31,91,200.42454265977423,184.12
2026-07-31,92,190.3380391778105,175.01
2026-07-31,93,196.0551137853172,178.22
2026-07-31,94,186.0706924142421,169.88
2026-07-31,95,178.77752910708574,167.36
2026-07-31,96,184.95460924618536,165.13
2026-08-01,1,170.65626139279297,183.75
2026-08-01,2,167.58508912828685,173.56
2026-08-01,3,161.57614834397972,164.44
2026-08-01,4,154.30783632643653,156.0
2026-08-01,5,163.24241048772112,169.43
2026-08-01,6,156.9023688178414,166.63
2026-08-01,7,151.35776576595313,157.66
2026-08-01,8,147.20357520718125,156.91
2026-08-01,9,151.49313698037008,160.91
2026-08-01,10,148.93016053639536,159.09
2026-08-01,11,146.46317773619904,155.88
2026-08-01,12,144.40983007162544,152.1
2026-08-01,13,147.04666440970044,157.01
2026-08-01,14,145.52911928047,153.37
2026-08-01,15,144.4074566403851,155.0
2026-08-01,16,139.41785527611418,153.05
2026-08-01,17,144.2119499234217,154.91
2026-08-01,18,144.07329590095725,158.34
2026-08-01,19,142.02519028471443,153.54
2026-08-01,20,141.7972310455802,151.3
2026-08-01,21,143.92915906840165,152.78
2026-08-01,22,141.61531630331788,157.0
2026-08-01,23,140.9675020131914,155.47
2026-08-01,24,138.99885161760773,156.82
2026-08-01,25,143.91946665001927,160.52
2026-08-01,26,141.39743954516413,156.94
2026-08-01,27,139.94386287307418,151.9
2026-08-01,28,133.380604320408,149.8
2026-08-01,29,149.05536244734654,162.96
2026-08-01,30,133.943351514648,147.0
2026-08-01,31,128.59997602681412,141.73
2026-08-01,32,115.02708121767104,134.0
2026-08-01,33,137.3566944024918,160.86
2026-08-01,34,125.2523866187638,143.7
2026-08-01,35,105.95124187833495,133.18
2026-08-01,36,76.78590383314285,123.89
2026-08-01,37,89.75929099525375,145.41
2026-08-01,38,65.11663426653098,122.44
2026-08-01,39,57.58504041228039,117.65
2026-08-01,40,25.18433691220153,107.59
2026-08-01,41,49.28295220794908,116.41
2026-08-01,42,25.89017922679708,104.39
2026-08-01,43,18.50106333327281,101.6
2026-08-01,44,3.1450252887093484,81.29
2026-08-01,45,15.308035664097034,83.0
2026-08-01,46,10.96072425729443,67.98
2026-08-01,47,12.677564084369948,51.16
2026-08-01,48,11.500475751828752,26.47
2026-08-01,49,18.736449316176152,31.63
2026-08-01,50,12.923637968668231,19.62
2026-08-01,51,7.986724557126674,11.7
2026-08-01,52,3.126435108373332,3.91
2026-08-01,53,9.047937058538851,1.63
2026-08-01,54,5.521628855548023,0.0
2026-08-01,55,5.0270787505349634,0.0
2026-08-01,56,-6.754676143174877,0.0
2026-08-01,57,-2.914148680108587,0.0
2026-08-01,58,-7.380437333866624,0.0
2026-08-01,59,-6.961272472991206,0.0
2026-08-01,60,-2.958723694182432,0.0
2026-08-01,61,-4.794340302724848,0.02
2026-08-01,62,1.4798434772314475,0.29
2026-08-01,63,5.159772917255527,2.8
2026-08-01,64,14.611855372801752,9.2
2026-08-01,65,8.545733372907742,6.5
2026-08-01,66,21.1734533109465,24.13
2026-08-01,67,31.058869460098407,64.03
2026-08-01,68,50.11128075770343,87.41
2026-08-01,69,33.16500457596904,87.12
2026-08-01,70,62.76205478552567,101.14
2026-08-01,71,77.65580304899531,119.08
2026-08-01,72,100.54593940733962,122.92
2026-08-01,73,80.27809187044488,119.38
2026-08-01,74,110.23937873670718,133.0
2026-08-01,75,133.30804294549102,160.82
2026-08-01,76,159.4592784221521,167.34
2026-08-01,77,136.9671457601715,150.92
2026-08-01,78,164.0724785776328,160.26
2026-08-01,79,181.82394249103112,175.47
2026-08-01,80,203.81667601543987,187.49
2026-08-01,81,183.9031646152933,174.17
2026-08-01,82,200.373828702633,180.23
2026-08-01,83,214.1128876513829,183.4
2026-08-01,84,225.18570182826497,186.05
2026-08-01,85,223.3252398002633,184.85
2026-08-01,86,212.66358347053605,181.6
2026-08-01,87,205.2487844199621,182.41
2026-08-01,88,202.6192009925936,173.85
2026-08-01,89,208.98188939309813,190.2
2026-08-01,90,195.36434277328263,179.69
2026-08-01,91,184.61783837241268,175.2
2026-08-01,92,175.48774694353804,169.1
2026-08-01,93,183.38627877094703,172.11
2026-08-01,94,171.5742007161057,171.94
2026-08-01,95,167.47149853127732,171.23
2026-08-01,96,163.64473854068984,164.72
2026-08-02,1,175.15244184130142,188.4
2026-08-02,2,169.51887494677254,170.98
2026-08-02,3,162.46562096905564,161.1
2026-08-02,4,155.82526425063185,158.02
2026-08-02,5,166.949815004597,160.86
2026-08-02,6,159.47821986277265,156.81
2026-08-02,7,153.87480734172522,162.01
2026-08-02,8,149.52492097947626,159.98
2026-08-02,9,153.41697981049552,158.74
2026-08-02,10,152.43790670441985,156.5
2026-08-02,11,149.34855387288982,157.31
2026-08-02,12,149.26766803384365,154.8
2026-08-02,13,150.248255920169,155.36
2026-08-02,14,149.56059373710394,153.75
2026-08-02,15,149.7641883217809,153.88
2026-08-02,16,148.26652124103683,154.78
2026-08-02,17,149.290043363597,155.01
2026-08-02,18,147.43187004957576,153.16
2026-08-02,19,144.91123039586552,152.94
2026-08-02,20,142.15248380288918,153.26
2026-08-02,21,144.68608909547527,159.03
2026-08-02,22,140.69318457996138,160.83
2026-08-02,23,141.24374548934142,159.73
2026-08-02,24,137.4137666491007,157.72
2026-08-02,25,142.1207570065785,161.13
2026-08-02,26,132.75047618194995,153.7
2026-08-02,27,127.83082392183034,151.62
2026-08-02,28,117.28980675172572,139.14
2026-08-02,29,131.59057345389326,153.77
2026-08-02,30,124.2186357841874,142.6
2026-08-02,31,121.29589766245878,136.11
2026-08-02,32,106.16128524966888,122.32
2026-08-02,33,118.47116383702335,152.74
2026-08-02,34,115.58450270716804,130.33
2026-08-02,35,98.23477505944432,112.43
2026-08-02,36,74.02724622828553,93.22
2026-08-02,37,95.14778487554705,104.46
2026-08-02,38,70.42170204134351,84.19
2026-08-02,39,54.36469723490841,51.64
2026-08-02,40,38.406414163787765,10.45
2026-08-02,41,46.55783946616058,10.21
2026-08-02,42,16.414539317681587,2.47
2026-08-02,43,5.472226110253999,-0.01
2026-08-02,44,3.6865647839949673,-0.05
2026-08-02,45,3.531669177271496,-0.09
2026-08-02,46,0.9005392965561967,-0.13
2026-08-02,47,-13.952828925855826,-0.34
2026-08-02,48,-10.80751186071955,-0.48
2026-08-02,49,-12.49055357144291,-0.71
2026-08-02,50,-9.730282505578831,-1.08
2026-08-02,51,-6.704348935573352,-1.44
2026-08-02,52,-10.271497807627902,-1.87
2026-08-02,53,-10.306550869436624,-2.77
2026-08-02,54,-9.810274939607194,-3.1
2026-08-02,55,0.1429009515652208,-4.28
2026-08-02,56,-6.210573507679457,-4.77
2026-08-02,57,0.4272412961604102,-2.42
2026-08-02,58,0.6019663596068244,-1.99
2026-08-02,59,-4.996697168688147,-1.64
2026-08-02,60,1.196011330501387,-1.09
2026-08-02,61,3.890473651468959,-1.29
2026-08-02,62,4.250378673365678,-1.25
2026-08-02,63,7.996533102140532,-1.19
2026-08-02,64,16.791722196479913,-0.98
2026-08-02,65,10.575995370999197,-1.01
2026-08-02,66,22.20713091479533,-0.04
2026-08-02,67,34.693449434120666,0.0
2026-08-02,68,51.767560764266015,12.71
2026-08-02,69,41.89441114742384,41.97
2026-08-02,70,66.97190258506413,92.84
2026-08-02,71,86.65026101403349,116.55
2026-08-02,72,103.74952316933032,130.29
2026-08-02,73,88.43323477790501,123.89
2026-08-02,74,112.91477473777636,138.13
2026-08-02,75,123.42627120872076,157.0
2026-08-02,76,131.5534272938529,173.61
2026-08-02,77,131.7257977746023,160.15
2026-08-02,78,142.3993065533496,170.59
2026-08-02,79,143.72689661417712,183.9
2026-08-02,80,157.38939492339625,192.93
2026-08-02,81,152.27450807605172,182.99
2026-08-02,82,156.1846310036711,181.78
2026-08-02,83,159.32029234637292,185.66
2026-08-02,84,157.3596312223586,192.32
2026-08-02,85,160.95639300232568,190.7
2026-08-02,86,150.42161761522584,181.18
2026-08-02,87,150.53252631054244,174.37
2026-08-02,88,151.65243391411224,164.51
2026-08-02,89,154.837692501734,181.59
2026-08-02,90,153.467208915825,167.84
2026-08-02,91,153.1391229716275,163.65
2026-08-02,92,148.2562808839453,157.83
2026-08-02,93,155.35155120136392,160.11
2026-08-02,94,146.33695829765767,155.09
2026-08-02,95,147.33753396374863,152.96
2026-08-02,96,139.8983184977033,143.17
2026-08-03,1,146.55492814499837,146.32
2026-08-03,2,142.43457696483756,141.85
2026-08-03,3,138.04835866314377,136.95
2026-08-03,4,133.30920566124558,134.05
2026-08-03,5,137.39988743429672,137.95
2026-08-03,6,133.8733057409701,134.42
2026-08-03,7,132.6786073815045,135.44
2026-08-03,8,129.1509988004434,132.63
2026-08-03,9,131.80952143820986,133.59
2026-08-03,10,130.01844433587596,131.84
2026-08-03,11,127.8242179382243,131.4
2026-08-03,12,128.12234914087347,130.93
2026-08-03,13,129.51857367882016,129.25
2026-08-03,14,129.02956446889596,128.84
2026-08-03,15,128.46227179409232,129.5
2026-08-03,16,128.5189777111309,131.56
2026-08-03,17,127.63560313948238,128.7
2026-08-03,18,128.12207113088994,131.24
2026-08-03,19,129.39343000718554,133.6
2026-08-03,20,131.84178729223024,137.41
2026-08-03,21,128.51225749206108,139.13
2026-08-03,22,129.59640183436375,141.73
2026-08-03,23,133.55605042776227,144.67
2026-08-03,24,145.9790966845397,151.67
2026-08-03,25,141.262888509434,164.9
2026-08-03,26,146.69135177866647,171.38
2026-08-03,27,147.22426865047342,173.41
2026-08-03,28,146.07131623391138,167.21
2026-08-03,29,156.52473773628415,173.56
2026-08-03,30,157.9682446390497,166.94
2026-08-03,31,153.08167499494246,161.83
2026-08-03,32,148.22564993961876,155.63
2026-08-03,33,158.07406487734025,167.27
2026-08-03,34,168.62617879550967,156.95
2026-08-03,35,146.58585697601654,150.23
2026-08-03,36,129.12186151001717,125.55
2026-08-03,37,145.0689803036282,163.11
2026-08-03,38,122.83124110010418,134.68
2026-08-03,39,105.42308823386726,124.22
2026-08-03,40,81.52622331789195,118.48
2026-08-03,41,98.66320588710892,127.99
2026-08-03,42,83.8933840242475,117.09
2026-08-03,43,73.49672134721513,109.3
2026-08-03,44,57.44826862099086,88.76
2026-08-03,45,65.43302961797744,90.05
2026-08-03,46,55.83388282953658,74.45
2026-08-03,47,49.2778676555578,62.48
2026-08-03,48,51.56650105587349,51.73
2026-08-03,49,52.64025129318174,42.44
2026-08-03,50,40.92358492139519,25.1
2026-08-03,51,27.720836756949424,21.36
2026-08-03,52,14.2150773968527,15.22
2026-08-03,53,22.87365795763109,23.27
2026-08-03,54,15.800229415246244,20.1
2026-08-03,55,9.132604346950988,11.28
2026-08-03,56,4.497255440503697,10.9
2026-08-03,57,7.616513269158246,10.09
2026-08-03,58,11.966106865306529,13.36
2026-08-03,59,16.036392125723403,26.04
2026-08-03,60,25.53568806682448,40.73
2026-08-03,61,23.396889902371857,41.35
2026-08-03,62,28.09388438068472,58.8
2026-08-03,63,36.615840093463866,68.01
2026-08-03,64,46.26493718170167,75.09
2026-08-03,65,35.47353469796668,88.22
2026-08-03,66,53.27206011289821,96.18
2026-08-03,67,73.202443504284,106.57
2026-08-03,68,87.43163996020651,120.26
2026-08-03,69,78.82838097172048,117.1
2026-08-03,70,99.58674322823992,123.8
2026-08-03,71,114.18520915402584,145.59
2026-08-03,72,143.01378335976003,172.71
2026-08-03,73,124.65405844838378,155.17
2026-08-03,74,152.55693911373183,162.78
2026-08-03,75,147.84937600079115,170.7
2026-08-03,76,154.82318532911876,187.46
2026-08-03,77,147.07495136581952,177.61
2026-08-03,78,156.0348495124545,189.78
2026-08-03,79,175.78411064295435,208.69
2026-08-03,80,200.0369525823646,246.99
2026-08-03,81,183.518003172437,207.26
2026-08-03,82,192.39388039254243,201.41
2026-08-03,83,199.7194015122824,194.5
2026-08-03,84,205.0499709184852,199.53
2026-08-03,85,200.6361064352353,196.48
2026-08-03,86,189.3295046065651,188.91
2026-08-03,87,181.4295469918561,184.83
2026-08-03,88,167.13713719545123,173.01
2026-08-03,89,178.86729811921046,184.05
2026-08-03,90,166.76666039680126,175.64
2026-08-03,91,159.56194511653285,173.01
2026-08-03,92,149.8828555186344,165.02
2026-08-03,93,153.81057436810062,166.58
2026-08-03,94,148.19678234003044,160.0
2026-08-03,95,146.58643251147268,155.7
2026-08-03,96,141.02522308225113,146.27
2026-08-04,1,159.8916100415212,168.81
2026-08-04,2,152.72467063410625,152.23
2026-08-04,3,146.73116628596986,151.15
2026-08-04,4,140.75704256467145,143.81
2026-08-04,5,148.8489515518303,151.26
2026-08-04,6,143.10103178202354,144.52
2026-08-04,7,139.6532850106477,143.87
2026-08-04,8,136.04567650015971,139.22
2026-08-04,9,137.7037713822296,140.8
2026-08-04,10,138.3665924598439,140.25
2026-08-04,11,137.00059493125838,139.17
2026-08-04,12,135.19626680757753,135.76
2026-08-04,13,134.9044674444685,134.42
2026-08-04,14,133.3432615764964,136.01
2026-08-04,15,132.52228664853357,138.33
2026-08-04,16,132.70833570938822,139.66
2026-08-04,17,131.34376494886928,139.17
2026-08-04,18,132.3557148317645,139.73
2026-08-04,19,135.07860323085214,142.47
2026-08-04,20,140.52876653649398,151.29
2026-08-04,21,135.5574876933344,151.75
2026-08-04,22,139.99923280103673,152.65
2026-08-04,23,148.55761122725897,156.0
2026-08-04,24,155.60053027569677,167.41
2026-08-04,25,153.19634718669536,166.64
2026-08-04,26,157.06965131949545,174.41
2026-08-04,27,159.72912364545482,170.78
2026-08-04,28,160.1628996431178,171.9
2026-08-04,29,168.43927454704635,178.09
2026-08-04,30,163.9451859979216,172.31
2026-08-04,31,165.62325413423306,171.95
2026-08-04,32,152.91461193376736,154.78
2026-08-04,33,164.52383947120728,177.98
2026-08-04,34,165.21145234439635,168.1
2026-08-04,35,153.25108932866826,157.05
2026-08-04,36,138.78797354513424,142.83
2026-08-04,37,161.3604413483976,174.24
2026-08-04,38,131.42982193366464,156.6
2026-08-04,39,118.05486405924847,134.08
2026-08-04,40,92.04557008927908,121.23
2026-08-04,41,108.26636360312304,143.5
2026-08-04,42,87.46055318136573,122.39
2026-08-04,43,78.82030373001865,117.57
2026-08-04,44,65.07487284093781,114.58
2026-08-04,45,72.83200847820052,113.9
2026-08-04,46,60.91072792570039,106.83
2026-08-04,47,55.102299639016245,98.05
2026-08-04,48,43.80225764034242,96.17
2026-08-04,49,52.18628906736178,94.99
2026-08-04,50,31.70145519374207,85.7
2026-08-04,51,27.863187427982783,85.01
2026-08-04,52,22.799804416299228,83.55
2026-08-04,53,21.93083097497321,81.95
2026-08-04,54,21.216622447922568,80.59
2026-08-04,55,20.689922264790628,72.34
2026-08-04,56,24.77373835037384,70.98
2026-08-04,57,21.03403170855552,81.65
2026-08-04,58,24.573313522462765,84.32
2026-08-04,59,30.9269979984888,85.01
2026-08-04,60,32.52279909557727,85.27
2026-08-04,61,25.071593012966783,96.37
2026-08-04,62,27.803669570698577,101.61
2026-08-04,63,37.92184471784808,117.07
2026-08-04,64,51.82953047507658,122.78
2026-08-04,65,41.28422020165301,119.5
2026-08-04,66,64.00028992342237,123.46
2026-08-04,67,92.94110452229512,124.08
2026-08-04,68,115.04098134603342,142.71
2026-08-04,69,95.65105906048066,137.21
2026-08-04,70,119.37935192015382,149.41
2026-08-04,71,142.75980601779233,165.9
2026-08-04,72,166.6424267333716,167.33
2026-08-04,73,143.69105889566833,155.95
2026-08-04,74,181.0962650697932,156.4
2026-08-04,75,192.2747636026612,176.28
2026-08-04,76,185.7004846830597,213.56
2026-08-04,77,177.86601490978396,170.39
2026-08-04,78,195.79003549663,201.19
2026-08-04,79,204.66256326130025,236.85
2026-08-04,80,238.92341005944309,303.57
2026-08-04,81,213.1632951863287,240.01
2026-08-04,82,230.89115538161008,248.74
2026-08-04,83,240.7950331957382,241.06
2026-08-04,84,249.7065065751792,230.21
2026-08-04,85,245.0472324175637,239.71
2026-08-04,86,235.34992124204672,214.07
2026-08-04,87,222.2994785744244,203.55
2026-08-04,88,204.0655626806989,190.85
2026-08-04,89,219.10112194515685,198.68
2026-08-04,90,204.9539897551291,181.42
2026-08-04,91,193.31856628587,184.89
2026-08-04,92,179.98698679123652,175.52
2026-08-04,93,184.8454865121681,170.88
2026-08-04,94,172.9138544588062,166.5
2026-08-04,95,167.6021617105715,163.1
2026-08-04,96,161.22024532488248,151.78
2026-08-05,1,169.7946604945966,162.65
2026-08-05,2,158.9072269550696,156.5
2026-08-05,3,152.8045736835564,151.55
2026-08-05,4,146.05222758100572,150.07
2026-08-05,5,153.98829570541525,152.76
2026-08-05,6,146.92373710504503,148.53
2026-08-05,7,142.95571456247157,148.29
2026-08-05,8,138.80245739020958,147.81
2026-08-05,9,141.88556026727255,152.68
2026-08-05,10,139.1154570667698,147.52
2026-08-05,11,137.78826132696585,146.1
2026-08-05,12,134.6550068703697,145.9
2026-08-05,13,137.0302182906618,147.72
2026-08-05,14,134.42726546139176,147.4
2026-08-05,15,133.25008340426697,142.75
2026-08-05,16,131.04979680312766,139.15
2026-08-05,17,134.26500175958745,139.61
2026-08-05,18,135.45594246592043,138.16
2026-08-05,19,137.57671563239668,140.61
2026-08-05,20,141.8330597466945,139.0
2026-08-05,21,139.96235357329522,135.8
2026-08-05,22,141.5110652988948,140.47
2026-08-05,23,147.80131770217096,146.29
2026-08-05,24,153.11919064806037,154.45
2026-08-05,25,156.3752669620309,154.81
2026-08-05,26,159.44966259121705,156.68
2026-08-05,27,160.19228982889416,160.23
2026-08-05,28,158.89731455193316,157.0
2026-08-05,29,170.51705848232865,166.09
2026-08-05,30,161.2915177472413,162.24
2026-08-05,31,155.7463708249735,154.41
2026-08-05,32,143.36590771936312,136.0
2026-08-05,33,166.23228590094317,162.64
2026-08-05,34,151.80299391253996,147.91
2026-08-05,35,139.80984034964382,131.74
2026-08-05,36,119.99704935261953,116.9
2026-08-05,37,139.55156485262177,145.09
2026-08-05,38,121.36439119026738,120.15
2026-08-05,39,108.12515625324912,104.5
2026-08-05,40,95.98813079290896,78.41
2026-08-05,41,109.58675710470315,100.0
2026-08-05,42,97.18612170265295,85.71
2026-08-05,43,89.0591186032503,54.6
2026-08-05,44,75.76513824699911,17.49
2026-08-05,45,83.56990704244117,24.88
2026-08-05,46,63.08590991572004,8.35
2026-08-05,47,59.8948145223786,0.1
2026-08-05,48,44.63194288376398,0.0
2026-08-05,49,50.893126758430526,0.0
2026-08-05,50,29.098860389113334,-0.01
2026-08-05,51,20.511805961763933,-0.04
2026-08-05,52,13.347595704569004,-0.1
2026-08-05,53,18.95597975670168,-0.17
2026-08-05,54,11.873773360042774,-0.34
2026-08-05,55,5.667152712670236,-0.91
2026-08-05,56,11.92834152045902,-0.75
2026-08-05,57,16.462961849660317,-0.19
2026-08-05,58,16.619482319201474,-0.14
2026-08-05,59,17.127643070706696,-0.13
2026-08-05,60,22.00884109419104,-0.1
2026-08-05,61,19.135065337138524,-0.06
2026-08-05,62,23.262450009906185,-0.01
2026-08-05,63,30.692756260629807,0.0
2026-08-05,64,42.14028328118677,0.0
2026-08-05,65,38.74414912264412,0.0
2026-08-05,66,55.306106071149664,0.07
2026-08-05,67,65.5776981575726,2.25
2026-08-05,68,83.87490261005013,24.99
2026-08-05,69,77.3604751848754,15.65
2026-08-05,70,84.60246822851276,60.05
2026-08-05,71,101.35015952273636,87.47
2026-08-05,72,112.22781754697606,126.17
2026-08-05,73,98.86875249351304,94.66
2026-08-05,74,120.91800635129094,126.61
2026-08-05,75,145.58783713702368,152.98
2026-08-05,76,159.14485575851617,166.07
2026-08-05,77,141.4659800664571,155.06
2026-08-05,78,158.35004984150007,158.78
2026-08-05,79,180.4136842286537,172.39
2026-08-05,80,205.9281177203289,209.36
2026-08-05,81,183.36459451119785,177.77
2026-08-05,82,200.52978710097625,186.45
2026-08-05,83,218.1603515472067,190.63
2026-08-05,84,237.55808332263763,195.0
2026-08-05,85,226.7868336990417,193.32
2026-08-05,86,214.9367531943796,199.52
2026-08-05,87,206.0097646441978,217.11
2026-08-05,88,192.52074570353489,205.0
2026-08-05,89,206.11998843282964,225.86
2026-08-05,90,190.2214889737685,187.9
2026-08-05,91,181.74183054153443,178.54
2026-08-05,92,172.35408426702398,170.95
2026-08-05,93,174.95742259664118,175.43
2026-08-05,94,168.41779875369545,167.09
2026-08-05,95,161.6014438715847,164.92
2026-08-05,96,149.353952012904,156.98
2026-08-06,1,165.08869136874782,171.83
2026-08-06,2,159.94783534606975,162.64
2026-08-06,3,153.3679104509249,160.0
2026-08-06,4,146.11384443465363,155.58
2026-08-06,5,155.612915105732,166.55
2026-08-06,6,149.11249443124422,160.0
2026-08-06,7,145.81418022016533,151.66
2026-08-06,8,141.43018262451693,142.6
2026-08-06,9,144.9085604133477,158.43
2026-08-06,10,141.76777769128344,150.54
2026-08-06,11,141.23542823622753,140.25
2026-08-06,12,138.2318698985565,137.57
2026-08-06,13,138.77260277209376,144.69
2026-08-06,14,139.37832571485336,137.55
2026-08-06,15,138.01818451272803,136.15
2026-08-06,16,133.10697449820626,132.93
2026-08-06,17,135.0370076852375,133.62
2026-08-06,18,138.80340331298515,133.75
2026-08-06,19,138.9627450385494,134.05
2026-08-06,20,140.46561169254497,134.82
2026-08-06,21,138.34263029830169,132.59
2026-08-06,22,141.96862896862785,133.09
2026-08-06,23,144.22806293987497,136.23
2026-08-06,24,146.65024967804703,141.1
2026-08-06,25,154.03484870836874,149.96
2026-08-06,26,154.86996270531571,160.25
2026-08-06,27,153.32205971885617,160.9
2026-08-06,28,147.84924483490693,153.08
2026-08-06,29,160.59846632805,161.04
2026-08-06,30,152.50114481634685,152.72
2026-08-06,31,141.85096254805694,152.05
2026-08-06,32,126.4599624723166,131.51
2026-08-06,33,152.70779232537654,170.27
2026-08-06,34,138.23856970094607,145.0
2026-08-06,35,122.46891503034618,130.85
2026-08-06,36,103.11774434581866,110.77
2026-08-06,37,119.601255250581,135.38
2026-08-06,38,103.25678908180174,109.16
2026-08-06,39,89.41926945380318,89.63
2026-08-06,40,68.04853326910128,48.11
2026-08-06,41,83.18752865682973,66.54
2026-08-06,42,72.4776786909031,27.88
2026-08-06,43,61.67638967651828,5.52
2026-08-06,44,39.21727746043072,0.4
2026-08-06,45,50.00911844074714,0.7
2026-08-06,46,35.02262295325232,0.0
2026-08-06,47,26.20608731564453,-0.01
2026-08-06,48,20.58749696129177,-0.11
2026-08-06,49,21.944912088026136,-0.01
2026-08-06,50,15.464851334467475,-0.08
2026-08-06,51,-8.101462456256836,-0.09
2026-08-06,52,-11.039425809900626,-0.16
2026-08-06,53,-4.799841547373366,-1.01
2026-08-06,54,-12.1159384201495,-1.11
2026-08-06,55,-14.878177924908613,-1.47
2026-08-06,56,-9.460094263320688,-1.84
2026-08-06,57,-12.52441127199332,-1.49
2026-08-06,58,-14.607460841850465,-1.57
2026-08-06,59,-9.909186035366767,-1.09
2026-08-06,60,-1.165263690122226,-1.01
2026-08-06,61,1.1838928415618968,-1.0
2026-08-06,62,5.393401555473201,-0.19
2026-08-06,63,6.727805002973224,-0.11
2026-08-06,64,4.886424255791297,-0.04
2026-08-06,65,7.722175502207156,-0.04
2026-08-06,66,10.868041296679484,-0.01
2026-08-06,67,29.616544532222303,0.0
2026-08-06,68,41.18995803521928,0.08
2026-08-06,69,20.07702041051452,2.49
2026-08-06,70,61.139660962439976,24.4
2026-08-06,71,71.47129772925146,50.0
2026-08-06,72,82.77929858475545,76.81
2026-08-06,73,78.22472475407571,74.76
2026-08-06,74,101.70377147659752,96.82
2026-08-06,75,123.64349687283438,127.0
2026-08-06,76,143.24772835864306,159.34
2026-08-06,77,125.17191435515906,129.83
2026-08-06,78,147.07395392411422,137.63
2026-08-06,79,153.92689936753763,150.54
2026-08-06,80,173.97788392875466,154.71
2026-08-06,81,155.1724308249019,152.09
2026-08-06,82,168.49276034265696,159.99
2026-08-06,83,178.81745219307967,166.47
2026-08-06,84,190.74645689155244,172.22
2026-08-06,85,185.50079422067805,167.0
2026-08-06,86,184.2441124306152,168.3
2026-08-06,87,180.54535898573823,168.25
2026-08-06,88,172.37571760699126,165.01
2026-08-06,89,184.690467978934,172.05
2026-08-06,90,173.34713206410936,170.85
2026-08-06,91,166.7922375464896,171.35
2026-08-06,92,160.15569570391338,163.57
2026-08-06,93,164.8257904787325,165.21
2026-08-06,94,156.35839017990685,158.55
2026-08-06,95,152.57101190165767,157.53
2026-08-06,96,143.95772184536096,152.5
2026-08-07,1,159.9761477514278,152.93
2026-08-07,2,155.7165725733363,148.16
2026-08-07,3,160.32433550419609,144.02
2026-08-07,4,152.4355330640058,135.18
2026-08-07,5,152.8531226174572,142.0
2026-08-07,6,147.17791493013328,138.02
2026-08-07,7,143.08245570900925,138.61
2026-08-07,8,158.45872738566536,135.99
2026-08-07,9,142.24201626036472,137.76
2026-08-07,10,138.76888743459284,130.76
2026-08-07,11,157.55495715031086,127.59
2026-08-07,12,150.88714160067016,128.37
2026-08-07,13,158.49323507802038,128.84
2026-08-07,14,162.06723045523194,128.62
2026-08-07,15,150.51233099159413,128.83
2026-08-07,16,150.01777715814788,129.98
2026-08-07,17,151.7533862822092,127.31
2026-08-07,18,135.46239490513497,129.76
2026-08-07,19,138.93406766144673,133.39
2026-08-07,20,144.33565946293982,135.84
2026-08-07,21,144.8716673395538,129.25
2026-08-07,22,150.92740349480346,136.82
2026-08-07,23,159.43795943128998,149.04
2026-08-07,24,159.3653134519675,150.22
2026-08-07,25,155.1506736410222,150.57
2026-08-07,26,161.05479053987736,154.25
2026-08-07,27,159.15460961900234,159.33
2026-08-07,28,155.1047651340739,160.52
2026-08-07,29,169.941569198784,168.32
2026-08-07,30,158.53433160736355,163.09
2026-08-07,31,153.39435753766182,153.18
2026-08-07,32,138.5777292489792,135.3
2026-08-07,33,158.2336442046117,165.72
2026-08-07,34,149.5291577199778,151.27
2026-08-07,35,132.4783356231643,144.03
2026-08-07,36,106.13309221548948,121.29
2026-08-07,37,134.47538694828464,150.42
2026-08-07,38,99.888060651923,130.12
2026-08-07,39,90.28800001420842,114.18
2026-08-07,40,72.99423289149107,109.75
2026-08-07,41,87.82690541255937,109.69
2026-08-07,42,69.0804608067211,103.26
2026-08-07,43,60.14992209537466,100.0
2026-08-07,44,49.283693870357766,95.7
2026-08-07,45,56.47589005166583,85.37
2026-08-07,46,48.48842901193108,75.07
2026-08-07,47,40.65207537320853,61.68
2026-08-07,48,32.15449174849714,43.93
2026-08-07,49,34.96926888153679,39.99
2026-08-07,50,26.750851105745667,27.61
2026-08-07,51,16.262981887300516,24.91
2026-08-07,52,6.725840732093205,20.09
2026-08-07,53,12.8392403565474,22.46
2026-08-07,54,4.320204596456422,12.18
2026-08-07,55,-1.650252300196416,9.75
2026-08-07,56,-1.8910785605726548,7.68
2026-08-07,57,-2.7418039461739854,10.04
2026-08-07,58,4.235418846182718,15.25
2026-08-07,59,6.397197864286125,20.18
2026-08-07,60,10.695936909395556,29.44
2026-08-07,61,9.474541040216344,24.26
2026-08-07,62,16.51534554224603,33.85
2026-08-07,63,22.71792711680512,50.49
2026-08-07,64,37.06009133403227,68.76
2026-08-07,65,29.776978130556163,66.76
2026-08-07,66,35.12255172035056,83.2
2026-08-07,67,56.27059092599688,91.69
2026-08-07,68,83.99413029917204,107.71
2026-08-07,69,58.64223765572697,104.25
2026-08-07,70,92.75603684693476,111.54
2026-08-07,71,108.02204361240112,123.95
2026-08-07,72,128.02294582726398,134.93
2026-08-07,73,105.75533210603942,125.82
2026-08-07,74,140.14448541055896,142.24
2026-08-07,75,163.93551904995053,147.9
2026-08-07,76,176.0468172386892,162.88
2026-08-07,77,158.26541570253886,150.64
2026-08-07,78,176.3511676200492,170.99
2026-08-07,79,175.1520705853801,175.18
2026-08-07,80,169.83667165139593,193.6
2026-08-07,81,190.0776100664465,181.0
2026-08-07,82,202.7179965802904,194.38
2026-08-07,83,180.0055239227228,203.06
2026-08-07,84,189.4317354318856,202.05
2026-08-07,85,180.8747721587682,211.2
2026-08-07,86,181.85207412629128,197.84
2026-08-07,87,176.7678680648094,188.78
2026-08-07,88,189.1930459759984,180.78
2026-08-07,89,188.76721923388385,189.17
2026-08-07,90,190.9409275415329,177.42
2026-08-07,91,184.5695565598001,175.05
2026-08-07,92,172.82191992774926,170.71
2026-08-07,93,181.63225786268708,172.02
2026-08-07,94,171.08536283603274,167.05
2026-08-07,95,170.34368431312862,164.05
2026-08-07,96,160.91921204498533,161.26
2026-08-08,1,173.32801984471132,163.38
2026-08-08,2,166.8845023427087,157.14
2026-08-08,3,159.8634674640117,155.24
2026-08-08,4,153.41300392367668,147.2
2026-08-08,5,161.70919634491426,155.2
2026-08-08,6,156.83092393627965,150.66
2026-08-08,7,152.46176616724978,147.14
2026-08-08,8,150.02918543376472,143.0
2026-08-08,9,151.12064026621567,148.61
2026-08-08,10,148.5962618149105,145.34
2026-08-08,11,146.88660798853334,144.62
2026-08-08,12,145.57940884315778,142.38
2026-08-08,13,147.42104265367155,146.92
2026-08-08,14,145.72573737730738,146.23
2026-08-08,15,145.30423978490785,146.11
2026-08-08,16,145.0729912821553,144.42
2026-08-08,17,144.98449783418172,141.96
2026-08-08,18,145.28828470715465,144.47
2026-08-08,19,148.12980146303062,144.76
2026-08-08,20,155.13271887097315,144.27
2026-08-08,21,166.25833001486075,139.91
2026-08-08,22,162.22268403368503,141.33
2026-08-08,23,164.52708298765003,147.81
2026-08-08,24,155.04409673269268,153.73
2026-08-08,25,154.66170921909014,155.08
2026-08-08,26,152.3917041127503,148.32
2026-08-08,27,147.8226941992866,143.93
2026-08-08,28,139.87139404385204,137.72
2026-08-08,29,148.02372154177712,155.0
2026-08-08,30,140.2914932852557,142.87
2026-08-08,31,136.0664655143413,134.9
2026-08-08,32,124.80293445783506,118.02
2026-08-08,33,144.78646766566595,145.88
2026-08-08,34,127.79352455205824,124.56
2026-08-08,35,111.31680101808814,106.7
2026-08-08,36,91.86685797783036,82.99
2026-08-08,37,120.77616983847776,107.54
2026-08-08,38,87.39419980592734,87.67
2026-08-08,39,90.5535594129213,44.94
2026-08-08,40,27.20086881385015,10.03
2026-08-08,41,61.95033554325204,12.32
2026-08-08,42,29.294373067777634,3.21
2026-08-08,43,25.17737296834901,0.0
2026-08-08,44,21.425746218449788,-0.09
2026-08-08,45,24.655559267958743,-1.14
2026-08-08,46,20.71993377689822,-1.21
2026-08-08,47,14.957162635748382,-1.71
2026-08-08,48,11.027980599854072,-2.01
2026-08-08,49,13.310090480627627,-3.83
2026-08-08,50,8.562294827800784,-5.01
2026-08-08,51,7.230960626842719,-6.81
2026-08-08,52,-6.355121879301757,-8.3
2026-08-08,53,-12.46669970371286,-8.77
2026-08-08,54,-9.692868601473814,-10.06
2026-08-08,55,-5.822202258529499,-12.29
2026-08-08,56,0.254197284672731,-12.87
2026-08-08,57,2.035570195624929,-18.49
2026-08-08,58,2.1145218148638385,-12.99
2026-08-08,59,4.613268477547868,-10.0
2026-08-08,60,9.639088384763404,-7.13
2026-08-08,61,7.5180361502249085,-6.97
2026-08-08,62,9.68919473688589,-8.85
2026-08-08,63,14.469328482112752,-5.48
2026-08-08,64,26.18629065354257,-6.75
2026-08-08,65,18.635513038945337,-1.44
2026-08-08,66,34.701940586727,-0.54
2026-08-08,67,51.50657037778532,-0.28
2026-08-08,68,74.24635849058724,0.01
2026-08-08,69,56.27951214471732,1.93
2026-08-08,70,94.35680587204992,34.8
2026-08-08,71,115.25427358585765,106.04
2026-08-08,72,140.1598764258441,129.89
2026-08-08,73,116.64439570629914,106.31
2026-08-08,74,153.10339768350255,133.37
2026-08-08,75,151.53543485628722,157.0
2026-08-08,76,152.33527002803046,163.32
2026-08-08,77,151.84590351629794,148.76
2026-08-08,78,159.29238101778552,160.26
2026-08-08,79,174.11387263918192,170.72
2026-08-08,80,192.9889291573841,191.72
2026-08-08,81,181.1407294123373,185.76
2026-08-08,82,178.4914400444135,186.37
2026-08-08,83,183.6054655069368,183.16
2026-08-08,84,169.63788697152643,183.34
2026-08-08,85,177.00204773554452,186.66
2026-08-08,86,162.7771513822205,187.16
2026-08-08,87,155.0657789177816,178.53
2026-08-08,88,165.94188519141497,165.64
2026-08-08,89,157.90045114125363,185.18
2026-08-08,90,150.17155479841742,170.48
2026-08-08,91,153.4099167822476,167.9
2026-08-08,92,155.73526986871673,159.84
2026-08-08,93,155.18166607706243,161.96
2026-08-08,94,153.46700106006833,155.9
2026-08-08,95,150.091995046062,155.25
2026-08-08,96,142.78998492643316,144.57
2026-08-09,1,155.16314236993426,155.2
2026-08-09,2,149.37513806504566,147.95
2026-08-09,3,143.66784829348444,143.81
2026-08-09,4,136.38252648751154,134.14
2026-08-09,5,145.4431750122498,139.99
2026-08-09,6,139.86251970526328,140.12
2026-08-09,7,134.83072540464758,141.23
2026-08-09,8,131.37369922488142,136.04
2026-08-09,9,134.3882476822764,141.06
2026-08-09,10,131.02837229722556,136.28
2026-08-09,11,130.46110750741886,135.19
2026-08-09,12,129.07800568507622,133.24
2026-08-09,13,129.97036923511962,135.01
2026-08-09,14,131.78388782360713,134.87
2026-08-09,15,130.7959835000473,133.57
2026-08-09,16,129.4460533997407,132.35
2026-08-09,17,130.29573767926428,133.52
2026-08-09,18,129.38216236507816,134.92
2026-08-09,19,131.68376247142584,133.86
2026-08-09,20,132.6855034017612,133.81
2026-08-09,21,129.70910835757147,136.99
2026-08-09,22,130.6226603921096,134.99
2026-08-09,23,134.98993562900736,135.7
2026-08-09,24,134.7065886808596,132.32
2026-08-09,25,133.5961337201501,143.37
2026-08-09,26,128.10911142526356,134.18
2026-08-09,27,127.47908779253795,128.88
2026-08-09,28,124.2292171998098,120.76
2026-08-09,29,126.5356460099689,133.27
2026-08-09,30,118.17237972867476,123.65
2026-08-09,31,118.05566978102304,113.87
2026-08-09,32,100.95755611259084,101.96
2026-08-09,33,125.59941956141512,115.96
2026-08-09,34,111.50593206303216,106.41
2026-08-09,35,94.8256599591475,83.71
2026-08-09,36,74.98600766531378,60.43
2026-08-09,37,97.9951303882648,73.51
2026-08-09,38,67.19205839129262,30.79
2026-08-09,39,43.53770530234623,4.99
2026-08-09,40,10.121493876649978,0.67
2026-08-09,41,13.484191393526372,1.12
2026-08-09,42,4.062934343797394,0.12
2026-08-09,43,0.4838945917516923,-0.01
2026-08-09,44,-1.4955564398271193,-0.02
2026-08-09,45,-5.84559532334049,-0.01
2026-08-09,46,-5.569954381956514,-0.03
2026-08-09,47,-8.158981008815324,-0.04
2026-08-09,48,-9.37307645324693,-0.11
2026-08-09,49,-12.811614807005263,-1.0
2026-08-09,50,-12.873338756633895,-1.62
2026-08-09,51,-16.711648383511392,-2.99
2026-08-09,52,-30.45184561202913,-4.99
2026-08-09,53,-30.67688524659173,-4.99
2026-08-09,54,-28.43185346205689,-5.3
2026-08-09,55,-28.310489215246616,-5.01
2026-08-09,56,-18.52871607941837,-5.02
2026-08-09,57,-26.5830629050966,-4.9
2026-08-09,58,-19.58579484932228,-2.15
2026-08-09,59,-16.71227175293863,-1.01
2026-08-09,60,-13.49733159690408,-0.19
2026-08-09,61,-12.798646782803388,-0.1
2026-08-09,62,-12.561084722154083,-0.01
2026-08-09,63,-8.457121950690048,-0.01
2026-08-09,64,-7.77327467426964,-0.01
2026-08-09,65,-4.338227540004285,-0.01
2026-08-09,66,1.3151495801727968,-0.01
2026-08-09,67,7.665032120189238,0.62
2026-08-09,68,36.12796906577802,14.52
2026-08-09,69,18.360216117368267,6.83
2026-08-09,70,62.341395789720345,72.1
2026-08-09,71,89.82144700672751,106.28
2026-08-09,72,115.88020292571916,144.59
2026-08-09,73,91.9263086557848,121.9
2026-08-09,74,124.50840020466896,151.0
2026-08-09,75,145.6200318653393,160.95
2026-08-09,76,173.4429000654695,170.9
2026-08-09,77,136.2695963928114,154.94
2026-08-09,78,160.39296597668036,161.51
2026-08-09,79,161.307694810543,172.0
2026-08-09,80,178.68943035220667,187.66
2026-08-09,81,162.65612979433303,171.97
2026-08-09,82,171.54718081034832,176.85
2026-08-09,83,179.89818872059837,178.54
2026-08-09,84,187.8867843573372,177.0
2026-08-09,85,183.700348968514,175.23
2026-08-09,86,182.08492143162312,175.73
2026-08-09,87,181.65839607181223,175.31
2026-08-09,88,178.62880150983105,170.26
2026-08-09,89,184.85195763932103,174.05
2026-08-09,90,172.57212272054068,171.1
2026-08-09,91,167.34514706253503,170.89
2026-08-09,92,159.4761167365132,163.96
2026-08-09,93,163.37335663700617,163.89
2026-08-09,94,153.15770422839117,158.12
2026-08-09,95,155.89418193735045,157.94
2026-08-09,96,146.5614702049666,148.65
2026-08-10,1,157.0314888615723,154.12
2026-08-10,2,150.28229179074896,151.91
2026-08-10,3,144.99784000044752,144.02
2026-08-10,4,138.17672118194386,135.84
2026-08-10,5,144.37845441569047,146.04
2026-08-10,6,140.77434136909972,139.45
2026-08-10,7,137.61670325294995,136.45
2026-08-10,8,134.03140779206552,130.12
2026-08-10,9,136.91904649503525,135.72
2026-08-10,10,133.7576516531675,133.08
2026-08-10,11,132.68349720066368,130.08
2026-08-10,12,132.0241783976344,127.1
2026-08-10,13,132.6622607781384,126.17
2026-08-10,14,133.18602033644044,127.64
2026-08-10,15,132.3253370948405,126.8
2026-08-10,16,133.40137650783848,127.09
2026-08-10,17,132.7075674878807,125.18
2026-08-10,18,132.40112649506875,127.14
2026-08-10,19,134.90510556082978,127.23
2026-08-10,20,137.90151689842506,130.35
2026-08-10,21,133.2211562246983,131.62
2026-08-10,22,137.2848634315469,139.38
2026-08-10,23,146.81589537627764,148.31
2026-08-10,24,155.10994564244325,152.99
2026-08-10,25,150.97026195566198,157.75
2026-08-10,26,156.2149279982124,165.0
2026-08-10,27,158.48481044653687,165.12
2026-08-10,28,155.8445817663139,165.1
2026-08-10,29,168.1137993602463,170.0
2026-08-10,30,161.86130660732414,170.0
2026-08-10,31,158.42227195976693,162.88
2026-08-10,32,145.00797670457123,155.95
2026-08-10,33,172.53914251636752,179.91
2026-08-10,34,157.5560371035544,165.0
2026-08-10,35,137.00581312591495,155.08
2026-08-10,36,124.5991073613458,143.55
2026-08-10,37,146.20172486873537,163.56
2026-08-10,38,125.19887917483749,151.97
2026-08-10,39,108.746858634735,125.53
2026-08-10,40,84.58389969663313,114.47
2026-08-10,41,102.19854432515278,133.73
2026-08-10,42,85.78397229176325,115.0
2026-08-10,43,73.99494802361458,105.17
2026-08-10,44,55.488007040621206,92.53
2026-08-10,45,65.09064453884716,98.77
2026-08-10,46,52.56474614654196,87.13
2026-08-10,47,43.94222240370979,71.14
2026-08-10,48,34.1988430682673,59.51
2026-08-10,49,39.47491086253006,59.99
2026-08-10,50,31.417412518671057,40.55
2026-08-10,51,26.901715542918616,29.99
2026-08-10,52,20.525666213588384,16.61
2026-08-10,53,24.1661937932411,15.0
2026-08-10,54,16.89771517505844,10.04
2026-08-10,55,14.116807606821215,7.54
2026-08-10,56,11.410629171323304,3.99
2026-08-10,57,13.238471729984475,4.2
2026-08-10,58,14.145395270929546,3.66
2026-08-10,59,17.172199025701335,4.5
2026-08-10,60,17.455487919436347,4.99
2026-08-10,61,20.308794008975028,4.56
2026-08-10,62,22.62064408773045,9.0
2026-08-10,63,24.894234563385226,10.03
2026-08-10,64,36.73256480787175,16.41
2026-08-10,65,26.20318794674402,14.89
2026-08-10,66,38.973363665668046,37.71
2026-08-10,67,54.03423471502766,58.48
2026-08-10,68,67.7746729874755,84.71
2026-08-10,69,54.75957171645461,69.62
2026-08-10,70,81.05343782649041,104.76
2026-08-10,71,96.05056392323236,112.45
2026-08-10,72,118.5968693508242,137.8
2026-08-10,73,102.30674898860852,118.64
2026-08-10,74,127.7948532832715,127.76
2026-08-10,75,146.61688453587365,144.79
2026-08-10,76,170.6380718204141,159.61
2026-08-10,77,145.7487447211728,148.7
2026-08-10,78,159.41961797458058,157.0
2026-08-10,79,167.01977682625662,166.74
2026-08-10,80,192.2730669819665,190.39
2026-08-10,81,170.3096999359514,167.0
2026-08-10,82,182.54581181218583,169.6
2026-08-10,83,193.9551235082208,180.85
2026-08-10,84,204.58497739015712,190.36
2026-08-10,85,195.91210401625725,199.51
2026-08-10,86,194.30454002973,186.73
2026-08-10,87,187.55615573053987,176.59
2026-08-10,88,177.2082467162131,163.3
2026-08-10,89,190.46497359456265,181.61
2026-08-10,90,177.2639427276626,167.57
2026-08-10,91,171.7083325221495,168.04
2026-08-10,92,162.72964908332602,159.52
2026-08-10,93,166.84107277858956,157.67
2026-08-10,94,159.11072036361736,154.93
2026-08-10,95,156.32292032767833,152.51
2026-08-10,96,148.79956840592885,140.65
2026-08-11,1,155.03003746718576,147.37
2026-08-11,2,147.9456561842541,145.77
2026-08-11,3,142.97989438858843,138.77
2026-08-11,4,137.90066963544857,124.88
2026-08-11,5,145.5167698282879,142.14
2026-08-11,6,138.9946611367126,138.91
2026-08-11,7,136.96384466295103,144.85
2026-08-11,8,132.9786106323399,138.05
2026-08-11,9,137.49253513034543,143.8
2026-08-11,10,133.53372704658054,135.94
2026-08-11,11,132.5250137048344,133.72
2026-08-11,12,130.9462702383606,131.33
2026-08-11,13,130.33319946710932,129.89
2026-08-11,14,131.12112838415115,129.58
2026-08-11,15,130.0164740325898,128.38
2026-08-11,16,130.88058188702556,127.08
2026-08-11,17,128.23487711967462,126.65
2026-08-11,18,128.13251408258654,127.87
2026-08-11,19,130.82315153191794,130.43
2026-08-11,20,133.8298061509883,134.74
2026-08-11,21,130.47407763277516,128.4
2026-08-11,22,134.48554609097428,134.53
2026-08-11,23,142.7445505760085,143.45
2026-08-11,24,146.29748800453694,153.78
2026-08-11,25,146.63917257190528,154.98
2026-08-11,26,151.72923333852222,157.0
2026-08-11,27,152.81155574417696,157.82
2026-08-11,28,154.76252946970752,157.37
2026-08-11,29,164.51787638997055,166.72
2026-08-11,30,157.90664407361277,161.5
2026-08-11,31,153.48820751430475,155.58
2026-08-11,32,139.1686243149844,147.64
2026-08-11,33,162.6182809872215,163.26
2026-08-11,34,148.26503067020045,152.18
2026-08-11,35,140.90659174278937,141.17
2026-08-11,36,119.98646959287208,118.54
2026-08-11,37,142.3043963628848,141.8
2026-08-11,38,122.03234452942098,116.85
2026-08-11,39,104.19810485322316,104.57
2026-08-11,40,87.06923873994315,80.08
2026-08-11,41,99.03270483987004,97.18
2026-08-11,42,78.43796618918272,73.27
2026-08-11,43,72.64610389112786,38.65
2026-08-11,44,55.77689270782283,22.29
2026-08-11,45,63.57334394571826,25.41
2026-08-11,46,54.003470386169255,9.87
2026-08-11,47,46.06438848277655,2.66
2026-08-11,48,36.53915455524879,0.19
2026-08-11,49,40.27382610771501,0.08
2026-08-11,50,32.37542550127379,0.0
2026-08-11,51,27.11332248436659,0.0
2026-08-11,52,21.997055925436044,-0.01
2026-08-11,53,22.710060069038303,-0.01
2026-08-11,54,18.8915886319256,-0.08
2026-08-11,55,14.77664117092951,-0.15
2026-08-11,56,11.466403440116958,-0.17
2026-08-11,57,12.472128785378926,-0.18
2026-08-11,58,14.070758830171528,-0.16
2026-08-11,59,17.151366533022625,-0.01
2026-08-11,60,21.040663203678445,-0.01
2026-08-11,61,19.677922572604995,0.0
2026-08-11,62,22.585947499549103,0.07
2026-08-11,63,29.72239539167775,2.47
2026-08-11,64,41.34476413374158,10.01
2026-08-11,65,30.87256796390291,7.93
2026-08-11,66,50.85331877277856,22.39
2026-08-11,67,62.18112765507034,60.43
2026-08-11,68,79.53389787215703,87.18
2026-08-11,69,65.47594554073571,77.75
2026-08-11,70,90.06425803836923,103.57
2026-08-11,71,106.4714362243084,119.29
2026-08-11,72,130.63820092745942,138.89
2026-08-11,73,113.94067348858653,118.57
2026-08-11,74,141.42609814982114,143.69
2026-08-11,75,156.31119930921193,156.74
2026-08-11,76,210.9629147015389,166.99
2026-08-11,77,155.08501812472548,157.94
2026-08-11,78,168.6289930973486,168.74
2026-08-11,79,177.7338326604161,181.52
2026-08-11,80,201.08098134717363,204.96
2026-08-11,81,183.516727401777,194.69
2026-08-11,82,194.6970083213552,200.09
2026-08-11,83,203.1846864161548,201.18
2026-08-11,84,213.38988622857147,199.95
2026-08-11,85,207.45426169699496,203.65
2026-08-11,86,202.1044611408645,192.27
2026-08-11,87,197.6072085864898,188.11
2026-08-11,88,188.38494834864505,173.33
2026-08-11,89,202.5256790644324,180.34
2026-08-11,90,187.52892326051835,172.95
2026-08-11,91,178.6319987504724,171.78
2026-08-11,92,166.86987182685488,166.61
2026-08-11,93,171.32525836700196,163.01
2026-08-11,94,165.9251880730164,153.52
2026-08-11,95,162.66762224999272,152.08
2026-08-11,96,153.49639017309426,147.79
2026-08-12,1,159.10798898471626,163.11
2026-08-12,2,153.2983251554915,159.03
2026-08-12,3,149.41242428144528,153.99
2026-08-12,4,143.69826393409127,145.0
2026-08-12,5,149.46538375173623,154.42
2026-08-12,6,144.56472046138978,149.9
2026-08-12,7,142.23647757160555,147.87
2026-08-12,8,138.76909268905402,145.83
2026-08-12,9,141.60476808703783,145.09
2026-08-12,10,139.94071026846183,142.39
2026-08-12,11,137.15401595740178,142.86
2026-08-12,12,135.92325813704514,142.86
2026-08-12,13,135.61281084504446,139.14
2026-08-12,14,134.95565355515893,139.19
2026-08-12,15,135.46292517305378,139.99
2026-08-12,16,135.84544535598502,140.69
2026-08-12,17,133.7747814142312,137.05
2026-08-12,18,134.77500411762188,139.11
2026-08-12,19,138.41676149829752,139.15
2026-08-12,20,141.48962286977795,144.29
2026-08-12,21,136.4638398581049,144.62
2026-08-12,22,141.83978737580645,149.01
2026-08-12,23,150.76793671551502,158.36
2026-08-12,24,156.15167028333389,162.01
2026-08-12,25,158.77840465364807,171.5
2026-08-12,26,163.00087882437057,175.0
2026-08-12,27,164.8921526453622,172.64
2026-08-12,28,159.23396069636516,171.16
2026-08-12,29,166.00846385100112,181.5
2026-08-12,30,166.1811083211917,171.5
2026-08-12,31,165.7029889754548,165.85
2026-08-12,32,152.51834638850855,151.32
2026-08-12,33,169.13078646165678,175.49
2026-08-12,34,163.71893771517284,160.13
2026-08-12,35,154.06923281408086,146.22
2026-08-12,36,130.6976936714915,139.01
2026-08-12,37,154.71715640880635,162.2
2026-08-12,38,131.34160597130457,136.18
2026-08-12,39,111.2815942374097,116.45
2026-08-12,40,100.19274076748648,100.08
2026-08-12,41,110.17578601215126,118.22
2026-08-12,42,92.40429747822192,98.67
2026-08-12,43,79.42093288919533,81.58
2026-08-12,44,65.92680533254583,51.87
2026-08-12,45,74.77507108217617,64.13
2026-08-12,46,65.20053746015282,42.0
2026-08-12,47,55.41354694728384,36.2
2026-08-12,48,45.68428459824397,19.04
2026-08-12,49,48.31981419460705,26.26
2026-08-12,50,37.86917395883168,16.21
2026-08-12,51,33.85486400281207,10.03
2026-08-12,52,28.21571593363064,6.5
2026-08-12,53,30.91751897439614,9.26
2026-08-12,54,26.119633768769287,4.93
2026-08-12,55,19.765163433323288,0.01
2026-08-12,56,15.126262179900271,0.0
2026-08-12,57,15.181677741917714,12.0
2026-08-12,58,18.90425564273407,15.47
2026-08-12,59,25.93681988934716,15.48
2026-08-12,60,31.38107885371393,16.93
2026-08-12,61,29.488405851612296,17.05
2026-08-12,62,35.002198588335176,27.47
2026-08-12,63,45.710946504990936,44.35
2026-08-12,64,62.282866548782536,74.08
2026-08-12,65,51.801964579514966,67.43
2026-08-12,66,69.97488016160288,93.15
2026-08-12,67,83.07409468575298,110.71
2026-08-12,68,99.1006404996367,119.54
2026-08-12,69,85.60324020406354,110.2
2026-08-12,70,107.291973067856,131.49
2026-08-12,71,124.60006580385702,147.14
2026-08-12,72,152.42585173285264,173.52
2026-08-12,73,132.52736977147606,155.8
2026-08-12,74,149.14729024677317,173.62
2026-08-12,75,161.97522252756684,185.4
2026-08-12,76,169.09720241081465,219.27
2026-08-12,77,162.33081148736383,210.0
2026-08-12,78,171.90288353119882,241.53
2026-08-12,79,193.26838792427407,287.3
2026-08-12,80,227.53221670547111,461.17
2026-08-12,81,202.4187205744128,402.5
2026-08-12,82,215.09893332271645,314.82
2026-08-12,83,222.02630720880663,251.34
2026-08-12,84,225.08794987443423,232.17
2026-08-12,85,227.33190779440272,253.0
2026-08-12,86,212.5095768807797,243.12
2026-08-12,87,199.58254615221543,223.39
2026-08-12,88,188.26611081561967,198.97
2026-08-12,89,204.00010519533723,205.64
2026-08-12,90,183.67141583734923,193.4
2026-08-12,91,175.2603672232133,188.49
2026-08-12,92,165.39443098430644,175.12
2026-08-12,93,168.88784451444295,180.29
2026-08-12,94,159.95127438583947,174.1
2026-08-12,95,158.09409481821748,173.91
2026-08-12,96,148.16560550977204,160.1
2026-08-13,1,169.0923786522215,164.47
2026-08-13,2,161.52531298905114,156.56
2026-08-13,3,156.7502410215056,152.26
2026-08-13,4,151.48592607773196,143.12
2026-08-13,5,158.3576614915362,153.0
2026-08-13,6,152.97090112438013,148.01
2026-08-13,7,152.7087096500401,147.29
2026-08-13,8,146.8582691345643,142.07
2026-08-13,9,150.80729779584203,143.58
2026-08-13,10,147.55649929412417,143.17
2026-08-13,11,147.75447438354357,144.38
2026-08-13,12,146.50545872854678,142.56
2026-08-13,13,144.624631305177,140.87
2026-08-13,14,146.4067346641969,141.82
2026-08-13,15,145.6115873500192,143.76
2026-08-13,16,145.55824962922765,144.44
2026-08-13,17,144.6103363849929,140.99
2026-08-13,18,143.64489527847363,143.06
2026-08-13,19,144.95039470516355,146.55
2026-08-13,20,148.44779903623555,149.08
2026-08-13,21,146.87144450504937,149.15
2026-08-13,22,150.03620073663714,154.5
2026-08-13,23,155.15909034639105,159.68
2026-08-13,24,161.47369105446506,166.26
2026-08-13,25,164.7393338377284,170.61
2026-08-13,26,168.91688541528367,174.09
2026-08-13,27,171.57454580052536,177.24
2026-08-13,28,166.1641939868441,174.99
2026-08-13,29,175.44080287781298,182.47
2026-08-13,30,167.01297059870814,174.91
2026-08-13,31,156.84946038522142,169.99
2026-08-13,32,147.25262087344623,157.02
2026-08-13,33,171.91952452864956,172.99
2026-08-13,34,152.85014731830236,162.7
2026-08-13,35,141.04923686898582,153.31
2026-08-13,36,130.961257383516,138.2
2026-08-13,37,152.84802851851566,158.82
2026-08-13,38,135.26720610538783,143.73
2026-08-13,39,114.0619043329185,124.51
2026-08-13,40,91.81309498481193,115.54
2026-08-13,41,111.73425298694713,134.95
2026-08-13,42,90.49732703230352,122.58
2026-08-13,43,76.65689353041354,101.19
2026-08-13,44,55.13758988912472,79.66
2026-08-13,45,62.12811247851064,99.52
2026-08-13,46,50.55575305874463,68.04
2026-08-13,47,43.92673039430136,39.29
2026-08-13,48,33.094144546936064,0.06
2026-08-13,49,37.14186270173005,10.06
2026-08-13,50,28.78497176764549,1.16
2026-08-13,51,24.98987991690742,0.0
2026-08-13,52,19.917123908060866,0.0
2026-08-13,53,22.131120650100023,0.0
2026-08-13,54,17.71834939419821,0.0
2026-08-13,55,12.279446151664809,0.0
2026-08-13,56,8.464045466176925,0.0
2026-08-13,57,12.15392764961758,-0.01
2026-08-13,58,13.728128319483783,0.0
2026-08-13,59,17.93345726801319,0.0
2026-08-13,60,19.73925990740476,10.09
2026-08-13,61,17.82589739092426,10.06
2026-08-13,62,19.693984916869244,35.47
2026-08-13,63,27.091704220500738,57.62
2026-08-13,64,41.4001512389244,74.61
2026-08-13,65,31.59793959587146,78.4
2026-08-13,66,55.01249027232846,112.09
2026-08-13,67,71.29899249491463,123.55
2026-08-13,68,86.9037438662581,131.87
2026-08-13,69,80.8461754942118,125.07
2026-08-13,70,102.83434118864224,135.9
2026-08-13,71,125.30576053138589,160.03
2026-08-13,72,144.8081286016457,179.03
2026-08-13,73,134.8200191223991,165.0
2026-08-13,74,144.70907123824696,188.0
2026-08-13,75,158.26862272785093,209.06
2026-08-13,76,173.6139822313669,253.93
2026-08-13,77,160.90247460549537,229.16
2026-08-13,78,173.35351585762334,262.69
2026-08-13,79,191.9898285455708,327.17
2026-08-13,80,227.07371272408847,487.38
2026-08-13,81,200.2901196020352,414.96
2026-08-13,82,208.0209132659276,371.94
2026-08-13,83,212.1281098243469,300.14
2026-08-13,84,202.9332984849689,268.41
2026-08-13,85,220.18889768947983,353.92
2026-08-13,86,201.9694396446142,268.97
2026-08-13,87,199.0792417525627,240.0
2026-08-13,88,182.35335596037527,217.15
2026-08-13,89,187.58990224173152,233.38
2026-08-13,90,179.82518150448996,215.51
2026-08-13,91,173.8681226551601,212.01
2026-08-13,92,166.16696136147695,193.03
2026-08-13,93,168.12977772691028,190.84
2026-08-13,94,164.64956903711234,179.71
2026-08-13,95,162.25738779517704,172.93
2026-08-13,96,152.86502159636763,161.21
2026-08-14,1,167.96448026916,168.41
2026-08-14,2,159.82339124021237,159.2
2026-08-14,3,156.00053974980864,156.53
2026-08-14,4,150.7586264983513,151.33
2026-08-14,5,158.73182364434098,159.66
2026-08-14,6,152.77102273867752,152.81
2026-08-14,7,151.9781579192216,148.62
2026-08-14,8,145.8916022480319,146.35
2026-08-14,9,151.34663080171103,147.4
2026-08-14,10,146.80349682088942,146.34
2026-08-14,11,145.19035945298137,146.31
2026-08-14,12,144.8970778372405,142.87
2026-08-14,13,145.26931435899527,143.09
2026-08-14,14,144.16015175669912,141.62
2026-08-14,15,142.45054469642042,141.68
2026-08-14,16,143.46078993466904,141.81
2026-08-14,17,143.2579713785205,140.0
2026-08-14,18,143.40195074562405,142.55
2026-08-14,19,146.40795385539417,145.65
2026-08-14,20,151.25533506982308,147.43
2026-08-14,21,146.05451167247162,145.86
2026-08-14,22,148.59339861916473,152.23
2026-08-14,23,159.72771239696186,157.69
2026-08-14,24,167.2120425500349,163.01
2026-08-14,25,164.9187634616914,168.9
2026-08-14,26,179.24708525990204,172.48
2026-08-14,27,190.09446266519592,173.14
2026-08-14,28,183.03979976475176,173.32
2026-08-14,29,185.238524702137,178.27
2026-08-14,30,181.01446543870568,175.01
2026-08-14,31,171.75406373694616,168.05
2026-08-14,32,154.3785758535322,159.0
2026-08-14,33,177.09072603782056,173.0
2026-08-14,34,166.8356843679463,161.61
2026-08-14,35,172.4548391255817,145.6
2026-08-14,36,151.50097098920048,127.13
2026-08-14,37,173.25500719429778,156.43
2026-08-14,38,140.58060540561303,138.08
2026-08-14,39,122.98396189383752,125.0
2026-08-14,40,107.59546018701548,121.29
2026-08-14,41,124.0182443411172,124.62
2026-08-14,42,101.26073927110374,112.1
2026-08-14,43,86.18796876323538,100.35
2026-08-14,44,67.29891409961587,80.78
2026-08-14,45,73.48167175959762,97.42
2026-08-14,46,59.02515495404339,70.02
2026-08-14,47,50.91017629327573,56.96
2026-08-14,48,37.09342411589852,30.06
2026-08-14,49,39.894188044487485,44.72
2026-08-14,50,32.40293292640635,26.99
2026-08-14,51,26.940600637949448,18.28
2026-08-14,52,19.702021247913315,10.01
2026-08-14,53,22.69450471565087,10.02
2026-08-14,54,16.867494892923695,11.06
2026-08-14,55,13.152253615283223,10.07
2026-08-14,56,11.538694847358409,0.86
2026-08-14,57,12.119903183369168,0.01
2026-08-14,58,14.210089319528564,7.41
2026-08-14,59,18.752400140443697,17.81
2026-08-14,60,26.16307581338675,43.99
2026-08-14,61,21.279240193834983,25.09
2026-08-14,62,27.71999318367609,56.56
2026-08-14,63,38.91614684208893,80.0
2026-08-14,64,56.5595457442479,101.51
2026-08-14,65,48.46111493380116,87.0
2026-08-14,66,75.63578119340073,108.58
2026-08-14,67,100.78274967003416,124.96
2026-08-14,68,120.36955719662336,144.74
2026-08-14,69,102.3315117107513,124.21
2026-08-14,70,137.26330780495616,136.78
2026-08-14,71,167.75395040435487,147.72
2026-08-14,72,207.1281370960348,165.91
2026-08-14,73,175.27147279258674,149.99
2026-08-14,74,216.8615378436126,172.96
2026-08-14,75,216.3282296330385,186.1
2026-08-14,76,200.85339233862408,210.91
2026-08-14,77,204.9065180591807,199.1
2026-08-14,78,232.5392519489189,225.19
2026-08-14,79,245.25300894404108,259.46
2026-08-14,80,302.6811772163282,303.49
2026-08-14,81,253.2728489276809,273.8
2026-08-14,82,273.5558669500493,271.98
2026-08-14,83,273.5084343015001,259.13
2026-08-14,84,275.0965935728363,249.99
2026-08-14,85,281.0592174383087,252.5
2026-08-14,86,270.3174989952877,234.83
2026-08-14,87,259.01096695519067,229.0
2026-08-14,88,226.0483003852821,209.95
2026-08-14,89,243.03248453149035,212.33
2026-08-14,90,214.3503083360985,198.29
2026-08-14,91,199.0739643709752,194.0
2026-08-14,92,189.7656018142956,187.38
2026-08-14,93,188.1498812214764,186.06
2026-08-14,94,179.8815208997653,182.02
2026-08-14,95,172.15767285400145,175.0
2026-08-14,96,162.11748164649993,166.99
2026-08-15,1,175.95634815180205,177.73
2026-08-15,2,166.06140424061036,170.01
2026-08-15,3,163.45846376451752,168.58
2026-08-15,4,155.7690275927,161.47
2026-08-15,5,163.28144810573664,170.01
2026-08-15,6,157.96999318215856,161.32
2026-08-15,7,155.06031692207446,161.49
2026-08-15,8,150.40458939138873,156.77
2026-08-15,9,156.2505885833357,158.96
2026-08-15,10,152.15309728075442,157.64
2026-08-15,11,153.03115465727558,156.73
2026-08-15,12,151.78964947643155,154.28
2026-08-15,13,150.04005422563995,156.79
2026-08-15,14,151.2518453664394,157.63
2026-08-15,15,151.47137953922632,156.77
2026-08-15,16,150.3163354485528,156.56
2026-08-15,17,147.69436913417468,155.37
2026-08-15,18,146.62419688976738,154.18
2026-08-15,19,145.62965219022237,154.37
2026-08-15,20,145.51532735150735,154.14
2026-08-15,21,147.25815581196252,149.49
2026-08-15,22,149.36256380976886,150.4
2026-08-15,23,155.41592726307223,155.12
2026-08-15,24,153.272688991455,160.36
2026-08-15,25,156.51744571415347,164.51
2026-08-15,26,152.998927906904,162.85
2026-08-15,27,150.8351859421599,155.59
2026-08-15,28,142.49354136116537,144.98
2026-08-15,29,155.28277373396514,170.91
2026-08-15,30,147.98677899228218,161.14
2026-08-15,31,137.31567722916816,147.83
2026-08-15,32,122.92227181939168,127.86
2026-08-15,33,153.2897329936557,163.9
2026-08-15,34,135.55742127512093,150.75
2026-08-15,35,122.66906451442712,125.09
2026-08-15,36,100.07654226286137,109.39
2026-08-15,37,123.68655917549978,138.87
2026-08-15,38,104.42473091172651,112.64
2026-08-15,39,83.0311463024725,97.65
2026-08-15,40,59.40868717376592,89.54
2026-08-15,41,76.48745260199449,99.64
2026-08-15,42,58.42280087684359,69.72
2026-08-15,43,43.47563498463533,44.52
2026-08-15,44,26.166609035836046,30.1
2026-08-15,45,23.341838577012343,33.63
2026-08-15,46,18.949044930797527,25.75
2026-08-15,47,16.866295800629008,15.47
2026-08-15,48,10.061702672040992,10.01
2026-08-15,49,11.515228778672888,5.83
2026-08-15,50,7.395390742894437,4.37
2026-08-15,51,5.83002073505368,3.76
2026-08-15,52,2.687273756263871,3.51
2026-08-15,53,3.801351449033098,0.97
2026-08-15,54,2.4072408128501865,0.58
2026-08-15,55,2.4734644715906926,1.31
2026-08-15,56,0.3329922331356143,1.17
2026-08-15,57,1.1019869849510988,0.6
2026-08-15,58,2.730285400172369,3.7
2026-08-15,59,5.143071449068596,5.02
2026-08-15,60,7.050479524032076,7.96
2026-08-15,61,7.121884612548174,7.66
2026-08-15,62,8.558531559923427,9.97
2026-08-15,63,11.517941390639134,16.08
2026-08-15,64,18.82846473778363,26.68
2026-08-15,65,13.04071038085224,22.35
2026-08-15,66,27.08366139822962,40.78
2026-08-15,67,40.07547709219551,92.29
2026-08-15,68,53.39311308908657,118.93
2026-08-15,69,50.21217044411682,94.58
2026-08-15,70,88.36908154080197,113.44
2026-08-15,71,117.1841133258322,146.31
2026-08-15,72,144.45225542140648,167.52
2026-08-15,73,122.4310282385567,149.7
2026-08-15,74,147.33744670067634,160.17
2026-08-15,75,162.53493463592585,174.54
2026-08-15,76,174.52896121553607,173.64
2026-08-15,77,163.33275443841342,163.07
2026-08-15,78,170.48113282692165,172.0
2026-08-15,79,183.6942542576308,185.69
2026-08-15,80,212.4429315412024,199.1
2026-08-15,81,192.26692005252576,173.38
2026-08-15,82,197.8299393365104,182.92
2026-08-15,83,197.47654111163607,189.49
2026-08-15,84,199.1920274734708,194.17
2026-08-15,85,203.1075274099205,190.79
2026-08-15,86,193.6474605892852,186.25
2026-08-15,87,190.12990060137884,179.59
2026-08-15,88,179.41118127240088,176.74
2026-08-15,89,187.6784785068368,189.45
2026-08-15,90,173.18624033131903,179.87
2026-08-15,91,167.69129506811052,178.01
2026-08-15,92,163.9669248230383,171.04
2026-08-15,93,164.86121669060662,186.99
2026-08-15,94,158.06064046628094,170.41
2026-08-15,95,156.79678964176415,173.52
2026-08-15,96,151.6481796924986,165.04
2026-08-16,1,167.75698922859027,188.25
2026-08-16,2,161.47360654251912,175.26
2026-08-16,3,155.50453294947403,168.8
2026-08-16,4,150.91114609831294,164.94
2026-08-16,5,157.5272485139483,180.07
2026-08-16,6,152.8969537846126,172.2
2026-08-16,7,151.45338312028517,164.94
2026-08-16,8,146.82015054028258,157.14
2026-08-16,9,151.93713497328892,163.0
2026-08-16,10,148.9815394064431,172.43
2026-08-16,11,146.23722998027023,167.97
2026-08-16,12,143.72820258758662,157.92
2026-08-16,13,148.25913783331566,160.34
2026-08-16,14,146.11945694735445,157.45
2026-08-16,15,145.5717622887145,156.85
2026-08-16,16,143.56623902475613,155.5
2026-08-16,17,146.12877111181763,158.41
2026-08-16,18,144.23162995904167,155.77
2026-08-16,19,143.59390310002328,156.45
2026-08-16,20,143.03753318876258,156.97
2026-08-16,21,144.77714401966577,151.91
2026-08-16,22,143.4127200709376,154.76
2026-08-16,23,145.43834059283884,160.0
2026-08-16,24,141.70048729802278,161.11
2026-08-16,25,149.04343874551168,161.2
2026-08-16,26,143.43632606265558,160.0
2026-08-16,27,136.73174769900288,153.58
2026-08-16,28,128.3153107885788,151.62
2026-08-16,29,144.4148961666316,160.0
2026-08-16,30,131.16846229086644,154.6
2026-08-16,31,122.31278909816402,147.33
2026-08-16,32,98.5665412648024,139.55
2026-08-16,33,135.04386104296935,170.45
2026-08-16,34,119.4099353211814,154.5
2026-08-16,35,96.21146132452397,137.97
2026-08-16,36,63.300001053242525,120.41
2026-08-16,37,92.81062534789297,148.0
2026-08-16,38,60.63205597968184,126.04
2026-08-16,39,49.03260497515431,115.38
2026-08-16,40,30.57840135791539,108.04
2026-08-16,41,36.595395413555565,115.16
2026-08-16,42,21.1021270765072,107.57
2026-08-16,43,14.387001163954992,83.87
2026-08-16,44,2.626550035970517,81.0
2026-08-16,45,-1.2156352310921932,74.9
2026-08-16,46,-2.3034435410064447,58.79
2026-08-16,47,-3.3017246721973947,59.32
2026-08-16,48,-7.862458507416864,51.91
2026-08-16,49,-11.260225200040146,56.02
2026-08-16,50,-9.863352535349048,55.22
2026-08-16,51,-11.13110345284094,39.99
2026-08-16,52,-10.441612545833683,22.89
2026-08-16,53,-11.070682307096558,31.04
2026-08-16,54,-12.917366525719588,23.05
2026-08-16,55,-10.679520961356705,25.02
2026-08-16,56,-9.860416465170209,30.24
2026-08-16,57,-10.23003463838231,25.29
2026-08-16,58,-9.08994364974856,29.99
2026-08-16,59,-9.095792032787791,39.9
2026-08-16,60,-11.252111616729344,51.05
2026-08-16,61,-7.933611870476949,48.3
2026-08-16,62,-8.865938661248796,63.63
2026-08-16,63,-11.704939355876636,77.98
2026-08-16,64,-12.79506423012072,80.9
2026-08-16,65,-8.404848173432256,89.9
2026-08-16,66,-9.181592934253658,110.4
2026-08-16,67,4.4218075780016335,117.97
2026-08-16,68,23.188828508503263,146.27
2026-08-16,69,18.965841324911523,118.12
2026-08-16,70,58.787499698926645,133.05
2026-08-16,71,104.49674105623106,155.13
2026-08-16,72,122.94980866453818,175.0
2026-08-16,73,106.85070579750676,155.0
2026-08-16,74,129.0117647008751,161.42
2026-08-16,75,141.87268433884012,175.09
2026-08-16,76,150.61606126645103,186.24
2026-08-16,77,141.2863251360813,172.2
2026-08-16,78,147.2229801536315,181.6
2026-08-16,79,155.39701556300383,194.17
2026-08-16,80,162.8240825531252,203.91
2026-08-16,81,153.59923513502176,188.0
2026-08-16,82,158.24517466438107,197.99
2026-08-16,83,158.1573453502013,202.8
2026-08-16,84,162.10742894198285,211.28
2026-08-16,85,160.49914114865788,212.4
2026-08-16,86,162.47663168253445,208.21
2026-08-16,87,164.94475747028454,202.99
2026-08-16,88,165.91713334177263,199.1
2026-08-16,89,168.77854971989595,215.04
2026-08-16,90,162.8119374026083,210.95
2026-08-16,91,163.3464537850819,202.8
2026-08-16,92,158.71510927567547,197.35
2026-08-16,93,163.0769814545825,203.55
2026-08-16,94,154.7667928191384,194.0
2026-08-16,95,156.02843998010957,188.27
2026-08-16,96,151.03879583363496,184.77
2026-08-17,1,183.9091064635093,205.0
2026-08-17,2,173.1618000563101,196.0
2026-08-17,3,164.69601653699735,188.7
2026-08-17,4,160.8452593149386,178.81
2026-08-17,5,168.91969438960356,187.15
2026-08-17,6,163.17651320898355,181.54
2026-08-17,7,159.79348235254005,178.54
2026-08-17,8,156.35696237860088,168.01
2026-08-17,9,161.3768234379019,172.39
2026-08-17,10,158.06303825182673,164.41
2026-08-17,11,155.50516855815752,160.15
2026-08-17,12,154.23337628688256,158.65
2026-08-17,13,156.908220865006,162.09
2026-08-17,14,154.70555150492405,160.72
2026-08-17,15,156.2290615011009,158.25
2026-08-17,16,157.6902445865982,160.06
2026-08-17,17,155.47952004583732,157.74
2026-08-17,18,154.2001164554609,155.25
2026-08-17,19,153.63903732486884,159.29
2026-08-17,20,156.12295242442642,164.0
2026-08-17,21,153.59240777618936,162.9
2026-08-17,22,158.7076905814979,169.13
2026-08-17,23,161.80526281418972,177.7
2026-08-17,24,170.9169411396208,190.14
2026-08-17,25,173.66632206424146,192.62
2026-08-17,26,179.10323021880984,197.5
2026-08-17,27,180.6704043192138,198.5
2026-08-17,28,174.99454226638596,200.98
2026-08-17,29,192.10898028979813,207.0
2026-08-17,30,178.85402975350735,208.9
2026-08-17,31,166.0247249252538,205.0
2026-08-17,32,154.97107872172617,199.7
2026-08-17,33,180.0852194772808,212.08
2026-08-17,34,168.88037994694753,208.46
2026-08-17,35,148.15869001603335,213.01
2026-08-17,36,137.27234053921424,200.9
2026-08-17,37,159.14255226768492,212.49
2026-08-17,38,140.60776577224118,204.32
2026-08-17,39,115.86912596042544,195.99
2026-08-17,40,100.89183450035358,182.36
2026-08-17,41,119.09486440315771,190.2
2026-08-17,42,101.28390873843718,180.0
2026-08-17,43,85.69851809495744,169.15
2026-08-17,44,63.7215583119179,162.6
2026-08-17,45,72.65281382707106,176.67
2026-08-17,46,62.081976431351,173.36
2026-08-17,47,53.259290870479774,161.29
2026-08-17,48,43.01897865021797,156.57
2026-08-17,49,48.34304718579479,158.83
2026-08-17,50,39.5569739442641,156.07
2026-08-17,51,33.60826828885094,155.82
2026-08-17,52,24.31012177347896,146.42
2026-08-17,53,28.82569003630936,158.36
2026-08-17,54,23.62945286945038,158.21
2026-08-17,55,22.261796926131087,147.39
2026-08-17,56,19.076610958682178,136.81
2026-08-17,57,21.1665115936018,142.54
2026-08-17,58,21.227955213318896,136.92
2026-08-17,59,24.30544977403333,142.17
2026-08-17,60,25.873210005978446,143.56
2026-08-17,61,25.557049010346123,142.67
2026-08-17,62,32.64362309382052,137.86
2026-08-17,63,39.6146830226631,138.17
2026-08-17,64,45.69289699043077,140.84
2026-08-17,65,44.32320348538673,135.4
2026-08-17,66,59.78840180898424,139.78
2026-08-17,67,70.23444585507352,142.37
2026-08-17,68,86.14756624771303,142.79
2026-08-17,69,78.17233204589571,136.66
2026-08-17,70,97.65405101712167,147.49
2026-08-17,71,116.23298341168112,154.57
2026-08-17,72,132.42248229056858,169.37
2026-08-17,73,118.90939345680565,157.75
2026-08-17,74,137.71915816337207,170.46
2026-08-17,75,156.81704516755906,185.71
2026-08-17,76,172.81251714139796,194.48
2026-08-17,77,163.92034514927445,184.66
2026-08-17,78,170.0451227549098,200.57
2026-08-17,79,180.97822338060763,212.04
2026-08-17,80,211.1078864113641,219.14
2026-08-17,81,188.6338395201013,206.58
2026-08-17,82,199.88499218829887,213.69
2026-08-17,83,205.80076033958773,216.04
2026-08-17,84,211.85292078754293,217.29
2026-08-17,85,210.8717889439044,219.05
2026-08-17,86,203.8906184449164,213.86
2026-08-17,87,196.6874963341625,210.0
2026-08-17,88,181.35798010946544,197.1
2026-08-17,89,195.39295579316504,205.4
2026-08-17,90,185.5695579833835,199.19
2026-08-17,91,175.15463034600774,199.24
2026-08-17,92,179.21312311826497,186.99
2026-08-17,93,178.3081495961254,192.75
2026-08-17,94,164.08707834660223,184.4
2026-08-17,95,171.29403655658425,176.53
2026-08-17,96,168.61323233559554,166.0
2026-08-18,1,176.8900857626964,187.93
2026-08-18,2,166.9617705131933,179.97
2026-08-18,3,161.64841870232496,167.81
2026-08-18,4,156.37370562176005,158.56
2026-08-18,5,163.938737271024,167.15
2026-08-18,6,158.76562906941575,161.93
2026-08-18,7,158.30706588077763,160.0
2026-08-18,8,152.37226987216235,150.07
2026-08-18,9,156.74876271254792,152.55
2026-08-18,10,153.38706016077714,150.08
2026-08-18,11,151.6582882700575,149.66
2026-08-18,12,148.7732741209592,150.93
2026-08-18,13,150.5229553874052,148.34
2026-08-18,14,148.48239753281177,146.98
2026-08-18,15,147.78680543829185,148.18
2026-08-18,16,146.56391132463557,150.07
2026-08-18,17,147.4411438297052,148.4
2026-08-18,18,147.04584587963186,147.05
2026-08-18,19,146.8944198029137,149.3
2026-08-18,20,149.1630956351165,152.13
2026-08-18,21,149.20333210878292,147.12
2026-08-18,22,154.27319358716085,155.99
2026-08-18,23,156.2084925093859,159.44
2026-08-18,24,161.62503571717988,173.57
2026-08-18,25,164.1961207275434,172.39
2026-08-18,26,170.20792147441955,190.44
2026-08-18,27,171.0143026929348,192.51
2026-08-18,28,163.747529758021,195.78
2026-08-18,29,177.25497649898102,199.7
2026-08-18,30,169.7627624638582,193.79
2026-08-18,31,170.2792276951834,188.86
2026-08-18,32,161.0948557478929,187.94
2026-08-18,33,170.3921867883506,201.38
2026-08-18,34,174.93185585909632,196.16
2026-08-18,35,161.09282175077234,180.0
2026-08-18,36,143.33285140625725,163.34
2026-08-18,37,155.64929447416006,174.56
2026-08-18,38,124.82864431232947,167.97
2026-08-18,39,108.93312905286228,156.37
2026-08-18,40,90.88942320774927,146.82
2026-08-18,41,108.15968327863116,160.98
2026-08-18,42,91.83240819062456,155.17
2026-08-18,43,76.79736829310498,147.9
2026-08-18,44,63.773858072504304,145.48
2026-08-18,45,74.93348346029236,148.95
2026-08-18,46,59.36293082323076,144.56
2026-08-18,47,50.29077031099022,141.93
2026-08-18,48,39.55654193631861,147.13
2026-08-18,49,46.10115184941902,137.31
2026-08-18,50,38.183209555594125,137.16
2026-08-18,51,33.119047363240995,136.41
2026-08-18,52,25.74110476429986,135.42
2026-08-18,53,28.835654432583,133.77
2026-08-18,54,24.541726409413307,133.15
2026-08-18,55,22.789896533453263,131.76
2026-08-18,56,19.31776304274001,128.73
2026-08-18,57,19.457828554743728,129.85
2026-08-18,58,20.00775748928267,130.24
2026-08-18,59,23.66706618145936,131.96
2026-08-18,60,28.6848140466402,130.1
2026-08-18,61,27.109915544926302,131.79
2026-08-18,62,31.46231792904034,130.35
2026-08-18,63,36.8641276228496,131.72
2026-08-18,64,45.40860815040115,135.91
2026-08-18,65,41.83466528052094,132.03
2026-08-18,66,56.35812792715844,134.74
2026-08-18,67,68.54424475009887,139.72
2026-08-18,68,86.97121605003534,149.3
2026-08-18,69,74.50064760927818,138.26
2026-08-18,70,93.99796072202494,150.66
2026-08-18,71,106.40510841566152,160.5
2026-08-18,72,134.69512890682634,167.19
2026-08-18,73,130.3508722216483,159.01
2026-08-18,74,140.02153436860982,174.44
2026-08-18,75,149.73271561705647,187.57
2026-08-18,76,165.39400496285808,193.2
2026-08-18,77,154.02829097177926,192.0
2026-08-18,78,166.0894174761503,195.01
2026-08-18,79,183.82022379669672,200.16
2026-08-18,80,213.69649036398664,203.56
2026-08-18,81,188.8792026347521,198.56
2026-08-18,82,195.6602999544336,202.56
2026-08-18,83,199.58083822783672,202.0
2026-08-18,84,205.2579045611176,198.46
2026-08-18,85,202.01776220841825,203.6
2026-08-18,86,196.09210112739328,208.53
2026-08-18,87,187.7846762351968,196.03
2026-08-18,88,174.2980359046885,187.02
2026-08-18,89,185.6323604788272,200.23
2026-08-18,90,176.67479980387455,195.0
2026-08-18,91,172.87856005781595,188.25
2026-08-18,92,168.3143269353259,182.06
2026-08-18,93,168.70232034405188,191.52
2026-08-18,94,161.41090329178695,177.9
2026-08-18,95,157.01091814381394,174.25
2026-08-18,96,155.53976697655028,164.9
2026-08-19,1,176.54560811235186,192.0
2026-08-19,2,167.34117711807667,179.12
2026-08-19,3,160.51697486539513,174.36
2026-08-19,4,154.3670167106285,160.92
2026-08-19,5,162.89448428150916,163.46
2026-08-19,6,156.3758574736441,157.81
2026-08-19,7,156.72035796919886,156.13
2026-08-19,8,150.007588229756,153.0
2026-08-19,9,155.20222489721695,156.88
2026-08-19,10,151.22666548064632,151.89
2026-08-19,11,149.98563092564896,150.39
2026-08-19,12,148.4204388774166,146.49
2026-08-19,13,149.01405128199642,147.52
2026-08-19,14,148.5138522368619,147.94
2026-08-19,15,146.96857175238478,146.48
2026-08-19,16,146.33766718252437,147.26
2026-08-19,17,147.97388443781134,148.07
2026-08-19,18,147.7735227070801,148.82
2026-08-19,19,151.18816539208186,150.0
2026-08-19,20,153.60818760455555,149.09
2026-08-19,21,149.20605678190748,155.03
2026-08-19,22,154.49079964659933,155.34
2026-08-19,23,156.75383441846867,161.45
2026-08-19,24,164.48742101011848,174.84
2026-08-19,25,165.12773354194104,173.09
2026-08-19,26,178.08726344222285,184.71
2026-08-19,27,178.33540912100307,188.92
2026-08-19,28,173.37142830592884,192.23
2026-08-19,29,181.21691153051944,197.0
2026-08-19,30,179.53972370088294,192.85
2026-08-19,31,176.81162141032854,191.72
2026-08-19,32,165.1970586808398,188.95
2026-08-19,33,176.08782853241462,202.0
2026-08-19,34,178.32465250370856,194.13
2026-08-19,35,159.9535476054062,186.99
2026-08-19,36,137.3969592288681,180.34
2026-08-19,37,157.56890556574226,200.0
2026-08-19,38,134.68895009887797,179.92
2026-08-19,39,120.92654486841876,155.0
2026-08-19,40,88.02150409265299,143.78
2026-08-19,41,100.93634466869928,163.0
2026-08-19,42,89.03540653847674,154.9
2026-08-19,43,75.48632815318017,146.43
2026-08-19,44,59.49078386560898,146.34
2026-08-19,45,65.99448768997071,145.69
2026-08-19,46,56.59425534165024,146.02
2026-08-19,47,49.58680443994887,142.13
2026-08-19,48,36.49088015342258,138.0
2026-08-19,49,41.38480918623209,143.44
2026-08-19,50,34.60226637096285,135.42
2026-08-19,51,30.5505149001192,134.6
2026-08-19,52,24.581122646255743,130.87
2026-08-19,53,25.80295548210566,133.2
2026-08-19,54,22.68972321794748,129.43
2026-08-19,55,21.755542530924743,126.39
2026-08-19,56,17.178489083059247,123.8
2026-08-19,57,14.636876716476731,128.08
2026-08-19,58,15.855540423064207,129.28
2026-08-19,59,18.15392270591284,126.8
2026-08-19,60,20.91515578595869,126.93
2026-08-19,61,17.965599157910475,125.48
2026-08-19,62,18.514530884318454,129.36
2026-08-19,63,23.61320878905663,132.95
2026-08-19,64,30.62353833665584,136.24
2026-08-19,65,27.84715122934136,130.0
2026-08-19,66,42.63423352187799,135.0
2026-08-19,67,63.17098329912808,140.56
2026-08-19,68,80.78360514120283,147.71
2026-08-19,69,70.42050391116757,138.08
2026-08-19,70,89.89952979604166,146.02
2026-08-19,71,96.75781019853696,156.97
2026-08-19,72,106.29626663648106,173.5
2026-08-19,73,104.38469341893205,164.67
2026-08-19,74,127.7622812368714,180.0
2026-08-19,75,145.66767251163066,192.0
2026-08-19,76,161.52081716022212,198.27
2026-08-19,77,146.3357053506831,187.42
2026-08-19,78,167.67410536090833,205.02
2026-08-19,79,189.12827826310613,215.99
2026-08-19,80,215.03990512693096,221.78
2026-08-19,81,183.4852879696984,199.57
2026-08-19,82,194.48206244924955,208.87
2026-08-19,83,201.65471552964925,212.6
2026-08-19,84,206.454453844946,216.74
2026-08-19,85,203.56745008834983,212.86
2026-08-19,86,204.7152207445729,211.1
2026-08-19,87,202.0841262205223,203.54
2026-08-19,88,191.10922698350765,196.99
2026-08-19,89,201.61542606187973,206.89
2026-08-19,90,189.84555182838628,201.18
2026-08-19,91,183.81684940039528,198.0
2026-08-19,92,174.5245121587535,190.32
2026-08-19,93,182.68570601095084,196.0
2026-08-19,94,177.86350010313922,190.1
2026-08-19,95,163.28740450401222,185.0
2026-08-19,96,160.84274763177683,175.09
2026-08-20,1,189.14768744104,185.0
2026-08-20,2,176.98444281104008,178.23
2026-08-20,3,169.03707674574227,168.62
2026-08-20,4,162.44299341001056,159.0
2026-08-20,5,168.85147193138852,166.11
2026-08-20,6,162.9717549420642,162.91
2026-08-20,7,163.3871723514657,162.11
2026-08-20,8,157.58968657646423,158.27
2026-08-20,9,161.29433381334275,158.91
2026-08-20,10,157.41653087395684,154.99
2026-08-20,11,155.54932198247494,151.5
2026-08-20,12,153.42099264898977,149.53
2026-08-20,13,154.43709107491,149.15
2026-08-20,14,154.1440637425948,146.95
2026-08-20,15,153.05093631683928,148.89
2026-08-20,16,153.1045807218141,146.97
2026-08-20,17,155.02864550821806,145.9
2026-08-20,18,154.98904208964157,146.91
2026-08-20,19,156.85101054986356,149.56
2026-08-20,20,157.28084534914944,151.6
2026-08-20,21,156.9903196163098,148.71
2026-08-20,22,162.0957430484061,154.65
2026-08-20,23,164.87515780432938,162.13
2026-08-20,24,176.82471722208695,172.71
2026-08-20,25,177.0991736191499,171.64
2026-08-20,26,189.9367846103208,183.99
2026-08-20,27,190.0451504292081,188.22
2026-08-20,28,189.88214050754075,187.35
2026-08-20,29,193.7545314619605,195.14
2026-08-20,30,190.47545733809943,188.66
2026-08-20,31,187.3669793838145,185.68
2026-08-20,32,173.12733046773255,176.25
2026-08-20,33,202.1212291560344,188.96
2026-08-20,34,187.11166141714807,177.63
2026-08-20,35,174.84520914207684,165.0
2026-08-20,36,151.85796519033238,155.4
2026-08-20,37,175.09565127850513,170.0
2026-08-20,38,151.46417474716287,165.11
2026-08-20,39,131.88600129899845,147.12
2026-08-20,40,115.16944976042596,135.79
2026-08-20,41,132.25332578114376,154.89
2026-08-20,42,100.95023246873048,137.18
2026-08-20,43,87.98631516539547,133.0
2026-08-20,44,73.99879786635007,117.89
2026-08-20,45,83.16117866163512,132.96
2026-08-20,46,71.15872919979711,112.6
2026-08-20,47,60.40528413109672,103.04
2026-08-20,48,46.64365437011723,89.22
2026-08-20,49,51.66102661232453,99.77
2026-08-20,50,43.97929533204342,83.69
2026-08-20,51,39.87853966544755,78.09
2026-08-20,52,34.16817251521144,72.97
2026-08-20,53,36.0640171947637,73.47
2026-08-20,54,34.30197940618091,68.25
2026-08-20,55,33.40162972997413,60.42
2026-08-20,56,30.16745613462401,52.69
2026-08-20,57,28.129816187621763,66.88
2026-08-20,58,28.72552574320827,65.18
2026-08-20,59,31.329151303423306,72.77
2026-08-20,60,34.62990839905149,72.93
2026-08-20,61,30.310719810507265,78.7
2026-08-20,62,34.65150284279633,85.36
2026-08-20,63,43.03231898900374,97.36
2026-08-20,64,51.864538364151095,103.41
2026-08-20,65,45.89758680007968,73.87
2026-08-20,66,61.43663800378699,99.0
2026-08-20,67,82.8351399585597,119.24
2026-08-20,68,100.98268207059812,131.91
2026-08-20,69,83.51805686185351,128.09
2026-08-20,70,112.11783414980796,135.63
2026-08-20,71,131.22987129255543,151.07
2026-08-20,72,145.7514007130316,162.01
2026-08-20,73,139.32465666698133,140.81
2026-08-20,74,160.15815830972497,156.73
2026-08-20,75,175.6110677041148,177.35
2026-08-20,76,183.9040376232633,182.09
2026-08-20,77,177.24399828927238,180.59
2026-08-20,78,178.8243693436329,189.29
2026-08-20,79,192.5817892742636,196.2
2026-08-20,80,215.5647693882636,202.81
2026-08-20,81,187.5437879407556,198.85
2026-08-20,82,199.36441048217748,199.99
2026-08-20,83,204.44394988237468,201.56
2026-08-20,84,210.9868691544696,202.0
2026-08-20,85,207.4832861851056,200.64
2026-08-20,86,206.7074254079856,197.67
2026-08-20,87,201.0974375167193,195.01
2026-08-20,88,188.0717826739101,189.15
2026-08-20,89,200.52357284638515,193.65
2026-08-20,90,191.4894651266136,190.0
2026-08-20,91,184.8383695699172,187.99
2026-08-20,92,191.7475853697033,180.07
2026-08-20,93,191.4323462724589,180.09
2026-08-20,94,188.86526836912392,176.0
2026-08-20,95,183.59332442771893,170.93
2026-08-20,96,168.9473421730616,165.04
2026-08-21,1,178.1582482795868,183.05
2026-08-21,2,169.93105555103034,175.0
2026-08-21,3,164.1859175958338,166.45
2026-08-21,4,156.55535290624752,156.9
2026-08-21,5,163.30456690946264,165.55
2026-08-21,6,157.8871758489098,162.28
2026-08-21,7,155.83354161773983,159.74
2026-08-21,8,151.6367363260184,154.39
2026-08-21,9,156.6916922473814,154.94
2026-08-21,10,150.29425390433397,152.71
2026-08-21,11,149.0065909153604,151.0
2026-08-21,12,148.3615680939919,151.3
2026-08-21,13,147.98238829333073,152.65
2026-08-21,14,148.43415444904565,151.11
2026-08-21,15,147.64231108237712,151.53
2026-08-21,16,147.89039871972307,150.61
2026-08-21,17,148.339159211047,150.88
2026-08-21,18,148.89517623993754,151.49
2026-08-21,19,150.83915709718468,152.57
2026-08-21,20,151.64285288274968,157.9
2026-08-21,21,151.2610862246251,152.1
2026-08-21,22,157.13082989270328,157.08
2026-08-21,23,161.54041384528935,169.32
2026-08-21,24,170.41894074256865,185.0
2026-08-21,25,173.3793228998507,181.71
2026-08-21,26,184.11725041913616,189.94
2026-08-21,27,184.18508617507243,189.93
2026-08-21,28,183.6382799124156,195.26
2026-08-21,29,193.5076747793232,193.58
2026-08-21,30,187.1628439007848,194.66
2026-08-21,31,178.99727236754472,195.32
2026-08-21,32,168.65688338955357,192.0
2026-08-21,33,186.205255292352,211.88
2026-08-21,34,168.72324433214993,204.71
2026-08-21,35,164.37188598833987,188.2
2026-08-21,36,149.76034021835312,165.55
2026-08-21,37,164.55445873080168,193.04
2026-08-21,38,150.88541759852106,175.59
2026-08-21,39,137.19277471306776,158.24
2026-08-21,40,123.20786025309084,144.45
2026-08-21,41,140.8887407092912,166.0
2026-08-21,42,122.72117515972587,154.69
2026-08-21,43,81.87244073099868,142.59
2026-08-21,44,72.00622796323402,132.72
2026-08-21,45,78.75801697953587,139.8
2026-08-21,46,66.04431064607441,142.14
2026-08-21,47,58.44861228379841,137.0
2026-08-21,48,47.75497784464132,136.59
2026-08-21,49,50.96550145900126,134.38
2026-08-21,50,45.20017990474789,134.62
2026-08-21,51,41.64342073055119,134.77
2026-08-21,52,34.28365773799469,137.07
2026-08-21,53,37.7087498505359,140.65
2026-08-21,54,35.44349377450738,138.01
2026-08-21,55,31.003492888170666,142.81
2026-08-21,56,25.01598909305044,140.51
2026-08-21,57,24.85718383618136,134.35
2026-08-21,58,33.15590755202332,142.05
2026-08-21,59,38.24283386740533,144.34
2026-08-21,60,43.82790753137783,143.95
2026-08-21,61,41.005613036652775,144.78
2026-08-21,62,47.02690909207253,145.0
2026-08-21,63,57.26933785515568,144.12
2026-08-21,64,66.09609784135027,165.09
2026-08-21,65,58.2465664485713,148.6
2026-08-21,66,73.25311043565267,157.97
2026-08-21,67,89.24476085871265,167.88
2026-08-21,68,104.48223392888418,191.51
2026-08-21,69,90.41565034766762,160.6
2026-08-21,70,143.54079960319504,180.84
2026-08-21,71,164.73116313465778,196.0
2026-08-21,72,168.04356093958847,207.39
2026-08-21,73,164.3018012013339,193.49
2026-08-21,74,172.2231447712512,199.99
2026-08-21,75,187.821062610438,196.37
2026-08-21,76,188.57186381650035,198.11
2026-08-21,77,184.27722696187385,205.0
2026-08-21,78,190.45827825645964,204.34
2026-08-21,79,198.78367299731303,199.99
2026-08-21,80,223.52100397537603,208.33
2026-08-21,81,206.0450300370468,206.99
2026-08-21,82,207.87376859886444,199.56
2026-08-21,83,213.8742851832188,200.76
2026-08-21,84,217.5450170674516,208.31
2026-08-21,85,214.14268977097484,205.32
2026-08-21,86,206.26863092102337,204.01
2026-08-21,87,198.5033996027448,195.96
2026-08-21,88,187.2545514029194,189.57
2026-08-21,89,198.7214645221121,192.71
2026-08-21,90,185.9909161272564,188.27
2026-08-21,91,181.4755399673068,189.26
2026-08-21,92,173.87975759098242,179.19
2026-08-21,93,178.09538030137404,182.37
2026-08-21,94,172.11966115703945,175.8
2026-08-21,95,170.77546905604495,171.92
2026-08-21,96,164.49803772851624,163.91
2026-08-22,1,182.8502712369768,176.56
2026-08-22,2,172.8840878692131,171.6
2026-08-22,3,165.5963011098792,166.27
2026-08-22,4,156.82093730991602,157.6
2026-08-22,5,165.05826655810438,164.97
2026-08-22,6,159.1460596417163,161.34
2026-08-22,7,155.7027086827786,160.01
2026-08-22,8,150.63570050764451,159.82
2026-08-22,9,156.66696726488752,159.97
2026-08-22,10,153.1772583537646,156.91
2026-08-22,11,151.17342238458798,159.9
2026-08-22,12,149.05875710961132,158.07
2026-08-22,13,151.21602326618097,160.23
2026-08-22,14,154.8924609558001,155.99
2026-08-22,15,148.44004824436723,153.7
2026-08-22,16,149.68637025450275,147.64
2026-08-22,17,147.91980371921477,154.29
2026-08-22,18,146.6932606000954,149.62
2026-08-22,19,145.6293874734515,145.26
2026-08-22,20,145.2299656118809,144.83
2026-08-22,21,146.20044062306923,147.67
2026-08-22,22,146.39945135025758,143.8
2026-08-22,23,152.2040508383864,144.19
2026-08-22,24,156.17485534777418,146.37
2026-08-22,25,154.79006867649767,153.82
2026-08-22,26,152.83687694045463,156.7
2026-08-22,27,153.41161940052896,155.67
2026-08-22,28,148.1948228253688,149.37
2026-08-22,29,161.82922654798662,159.74
2026-08-22,30,149.1194244124185,146.89
2026-08-22,31,146.61398432223777,139.3
2026-08-22,32,137.35895667270063,130.09
2026-08-22,33,159.15659392569782,147.32
2026-08-22,34,145.56890043924088,138.0
2026-08-22,35,127.0837139881816,124.51
2026-08-22,36,113.95610352285728,102.69
2026-08-22,37,129.9519813594687,110.75
2026-08-22,38,114.29262188097884,98.63
2026-08-22,39,93.41283237297388,85.01
2026-08-22,40,74.525200249829,66.68
2026-08-22,41,91.08769527965488,78.38
2026-08-22,42,76.01327823279524,64.13
2026-08-22,43,59.49224120852522,38.57
2026-08-22,44,36.70977401305635,20.1
2026-08-22,45,38.33214272735072,41.97
2026-08-22,46,45.64614701266679,20.59
2026-08-22,47,33.71810588034667,10.22
2026-08-22,48,19.46639161029076,6.47
2026-08-22,49,23.221291612067063,3.02
2026-08-22,50,14.605310722714654,0.96
2026-08-22,51,8.38497898176082,0.01
2026-08-22,52,11.362765993609488,0.0
2026-08-22,53,2.908616494104417,0.0
2026-08-22,54,2.7489508672967484,0.0
2026-08-22,55,1.0309074112669472,-0.01
2026-08-22,56,-1.145049192277683,-0.01
2026-08-22,57,-2.707100661298219,-0.01
2026-08-22,58,9.058673229861196,-0.01
2026-08-22,59,11.794301790236648,-0.01
2026-08-22,60,11.367178300761502,-0.01
2026-08-22,61,11.28960492387198,-0.06
2026-08-22,62,10.96428547865101,-0.14
2026-08-22,63,13.330678965419168,-0.1
2026-08-22,64,16.226295270667485,-0.09
2026-08-22,65,14.993797176354828,-0.01
2026-08-22,66,21.048660695117224,0.0
2026-08-22,67,30.31800535728432,0.0
2026-08-22,68,40.43972523261491,0.0
2026-08-22,69,42.8126852631834,0.01
2026-08-22,70,69.3737802270646,2.05
2026-08-22,71,90.08696443895548,39.51
2026-08-22,72,104.06666653878176,71.99
2026-08-22,73,97.216274121671,76.32
2026-08-22,74,116.4162931347488,95.15
2026-08-22,75,133.007364924969,113.99
2026-08-22,76,139.1488712997624,134.83
2026-08-22,77,126.32851111712912,132.5
2026-08-22,78,144.02578936939796,141.86
2026-08-22,79,152.05140284351927,157.56
2026-08-22,80,147.56203301339025,164.68
2026-08-22,81,142.12977106027657,146.99
2026-08-22,82,148.29326202097653,156.78
2026-08-22,83,141.52929244819146,169.75
2026-08-22,84,133.42126523909084,183.13
2026-08-22,85,145.89985432506728,172.56
2026-08-22,86,149.47389207907617,170.74
2026-08-22,87,151.06214455245706,165.85
2026-08-22,88,152.41666426463937,163.66
2026-08-22,89,154.23328757134337,166.18
2026-08-22,90,156.47445751587026,158.41
2026-08-22,91,156.8658019965808,152.26
2026-08-22,92,155.8457716545438,145.98
2026-08-22,93,156.5859439217369,146.75
2026-08-22,94,154.47381501143252,142.34
2026-08-22,95,152.1005003892435,139.28
2026-08-22,96,147.57871559487975,136.11
2026-08-23,1,148.85867868312724,140.99
2026-08-23,2,145.4055747272021,133.96
2026-08-23,3,138.70554395422675,129.02
2026-08-23,4,132.42891811357623,126.72
2026-08-23,5,139.32419665119397,131.2
2026-08-23,6,136.15471186869374,126.69
2026-08-23,7,135.4589280674096,124.79
2026-08-23,8,130.87820688082869,120.6
2026-08-23,9,136.40912332240435,126.28
2026-08-23,10,131.30789337317674,119.75
2026-08-23,11,129.8742602723926,117.56
2026-08-23,12,128.49606176802152,113.87
2026-08-23,13,128.58608113870423,117.57
2026-08-23,14,129.4785754329897,116.43
2026-08-23,15,127.73148994246614,115.74
2026-08-23,16,126.20340571713312,115.1
2026-08-23,17,128.13899746758082,117.63
2026-08-23,18,128.62897009240612,113.72
2026-08-23,19,127.50987727184044,113.64
2026-08-23,20,131.4255018568214,113.98
2026-08-23,21,128.23205275746574,116.5
2026-08-23,22,128.3006149770955,115.39
2026-08-23,23,134.03947529363333,117.78
2026-08-23,24,133.85189806471763,117.27
2026-08-23,25,139.04227472468455,119.5
2026-08-23,26,135.76732842087904,117.25
2026-08-23,27,135.7067277713037,116.62
2026-08-23,28,133.9461127580121,113.46
2026-08-23,29,143.65190629870625,115.99
2026-08-23,30,126.59455156599356,111.99
2026-08-23,31,113.15131988619072,100.0
2026-08-23,32,109.50932592063629,80.39
2026-08-23,33,131.43157508068597,95.58
2026-08-23,34,122.87166224827386,72.0
2026-08-23,35,92.12429737385396,25.56
2026-08-23,36,66.59366634417232,6.18
2026-08-23,37,81.55246845097034,4.48
2026-08-23,38,46.37691371157385,0.05
2026-08-23,39,41.84447994701039,-0.13
2026-08-23,40,34.50887072560624,-0.38
2026-08-23,41,37.05021948285122,-0.19
2026-08-23,42,37.40064296430786,-0.44
2026-08-23,43,11.498530706587246,-0.64
2026-08-23,44,8.487542665757182,-1.01
2026-08-23,45,6.062451052992145,-1.0
2026-08-23,46,5.297915305129408,-1.62
2026-08-23,47,-5.159015702874726,-2.03
2026-08-23,48,-6.602460670663795,-2.67
2026-08-23,49,5.62461205768788,-2.99
2026-08-23,50,-8.290534071496786,-3.17
2026-08-23,51,-8.793901542790682,-2.99
2026-08-23,52,-8.967669604727703,-2.99
2026-08-23,53,-9.420293789194735,-3.52
2026-08-23,54,-9.349448513672158,-4.99
2026-08-23,55,-9.779065288963547,-5.44
2026-08-23,56,-3.31336998688834,-6.04
2026-08-23,57,1.0980106233374496,-6.21
2026-08-23,58,-10.829341476143153,-5.07
2026-08-23,59,-8.424877360205613,-3.04
2026-08-23,60,-7.447859620149972,-2.61
2026-08-23,61,-7.254640214463739,-2.01
2026-08-23,62,-5.410709263650304,-1.73
2026-08-23,63,-4.430559805651976,-1.0
2026-08-23,64,-2.7656842265855737,-1.17
2026-08-23,65,-1.8748940624236567,-1.03
2026-08-23,66,2.5317755002859883,-1.0
2026-08-23,67,13.68928089077042,-0.1
2026-08-23,68,33.33959792505511,0.0
2026-08-23,69,20.856713805489846,0.07
2026-08-23,70,26.16398269098579,10.71
2026-08-23,71,85.86019720030997,70.68
2026-08-23,72,110.07875459107083,112.04
2026-08-23,73,101.1198094320772,104.2
2026-08-23,74,132.81577471393695,129.33
2026-08-23,75,135.7816529164557,161.71
2026-08-23,76,145.79919406331163,182.45
2026-08-23,77,134.996465460333,165.07
2026-08-23,78,145.68026147430209,177.63
2026-08-23,79,161.81652462832358,189.05
2026-08-23,80,174.96967968168892,189.05
2026-08-23,81,156.92211862217547,188.4
2026-08-23,82,162.5877045882105,187.17
2026-08-23,83,168.67686252361395,185.37
2026-08-23,84,175.00834492070223,182.62
2026-08-23,85,169.44866278033902,179.93
2026-08-23,86,171.2345883848246,179.07
2026-08-23,87,167.16480419675463,176.95
2026-08-23,88,163.79079555811683,176.25
2026-08-23,89,167.86258594219498,174.86
2026-08-23,90,163.36528846925836,173.54
2026-08-23,91,162.08630345528843,172.48
2026-08-23,92,157.40467405292335,169.83
2026-08-23,93,158.0172563051729,168.91
2026-08-23,94,148.02947714977273,166.69
2026-08-23,95,152.45306132930986,166.12
2026-08-23,96,149.24747635323283,160.08
2026-08-24,1,163.63372699694202,164.69
2026-08-24,2,159.56654990789414,162.16
2026-08-24,3,152.5616914011951,161.58
2026-08-24,4,145.72453777354016,155.29
2026-08-24,5,152.2867936191741,160.04
2026-08-24,6,150.0289930273933,154.13
2026-08-24,7,149.18208340170628,149.59
2026-08-24,8,143.98353371962983,146.73
2026-08-24,9,147.15459249240442,148.2
2026-08-24,10,143.12927153828184,147.5
2026-08-24,11,141.70400147150875,147.83
2026-08-24,12,140.07713929912563,148.0
2026-08-24,13,141.01675309170832,149.54
2026-08-24,14,141.364871889292,149.94
2026-08-24,15,141.56338791448272,148.36
2026-08-24,16,141.23567870498565,147.1
2026-08-24,17,140.29035303559957,147.16
2026-08-24,18,140.98241213281094,149.0
2026-08-24,19,144.33498020273896,151.54
2026-08-24,20,148.41190602263373,157.49
2026-08-24,21,143.66618320232033,152.5
2026-08-24,22,148.64158798373245,166.85
2026-08-24,23,162.72060795079966,179.34
2026-08-24,24,169.61889862596993,191.99
2026-08-24,25,171.50917941322095,180.77
2026-08-24,26,181.7414553092613,196.38
2026-08-24,27,191.110687446202,222.35
2026-08-24,28,180.8502262497393,223.18
2026-08-24,29,201.10797860040608,233.26
2026-08-24,30,194.78030471846463,220.85
2026-08-24,31,186.8842511212869,192.17
2026-08-24,32,178.51262736331418,179.32
2026-08-24,33,187.1632181301746,204.1
2026-08-24,34,180.5884205894437,180.13
2026-08-24,35,169.90809606654233,170.39
2026-08-24,36,159.45665302452772,152.5
2026-08-24,37,166.16958523219947,175.0
2026-08-24,38,149.9734573926096,150.19
2026-08-24,39,124.0771923681649,126.7
2026-08-24,40,101.96444868915349,113.49
2026-08-24,41,132.28848408817646,136.35
2026-08-24,42,104.33824803155858,119.76
2026-08-24,43,96.91715492136548,110.24
2026-08-24,44,56.58448706116438,83.94
2026-08-24,45,62.85527677499871,104.54
2026-08-24,46,50.09604685754264,82.3
2026-08-24,47,42.87282344492034,74.15
2026-08-24,48,33.9461521512295,60.05
2026-08-24,49,64.27152304330245,62.04
2026-08-24,50,27.28267882156195,52.84
2026-08-24,51,22.535214468574416,57.68
2026-08-24,52,17.148074278342463,49.97
2026-08-24,53,19.837355300362624,48.81
2026-08-24,54,32.28466283466963,40.64
2026-08-24,55,25.73250169030227,27.0
2026-08-24,56,9.9908273922554,20.13
2026-08-24,57,19.660210828715268,31.67
2026-08-24,58,15.666116292946388,39.89
2026-08-24,59,19.40333634224171,33.63
2026-08-24,60,23.624333864064333,37.44
2026-08-24,61,23.88850476611678,50.24
2026-08-24,62,30.4337177446402,59.01
2026-08-24,63,38.86147827083295,84.32
2026-08-24,64,51.15277838327262,96.42
2026-08-24,65,49.85456462715696,71.89
2026-08-24,66,69.14847962797667,99.39
2026-08-24,67,80.20889352939174,110.25
2026-08-24,68,95.6555308448747,126.82
2026-08-24,69,85.78155023581164,112.65
2026-08-24,70,108.74712814650516,130.4
2026-08-24,71,132.4641516762242,156.43
2026-08-24,72,174.69025406313165,174.36
2026-08-24,73,166.7009802508135,155.96
2026-08-24,74,162.07482380167735,173.53
2026-08-24,75,171.82046078903718,184.38
2026-08-24,76,182.5787121218031,215.47
2026-08-24,77,172.2357503174471,188.3
2026-08-24,78,179.4806595601147,209.39
2026-08-24,79,195.6735694160916,229.87
2026-08-24,80,222.0211244906492,249.92
2026-08-24,81,205.34828506297188,239.9
2026-08-24,82,206.9105431368956,224.86
2026-08-24,83,206.32648568944256,216.36
2026-08-24,84,208.4069966145263,196.99
2026-08-24,85,208.2823190461114,199.0
2026-08-24,86,199.5111028412161,193.23
2026-08-24,87,189.89751499579023,183.05
2026-08-24,88,180.62088337769427,176.83
2026-08-24,89,192.1099163283865,176.54
2026-08-24,90,182.86447983187085,173.52
2026-08-24,91,181.2462419484986,169.99
2026-08-24,92,168.06501599993427,167.05
2026-08-24,93,173.00908192528087,163.19
2026-08-24,94,162.94918649982884,157.08
2026-08-24,95,154.99149122986222,154.12
2026-08-24,96,147.11487614159216,144.51
2026-08-25,1,158.9176439639816,155.82
2026-08-25,2,154.08958066582164,154.66
2026-08-25,3,146.35066760589606,151.45
2026-08-25,4,134.88046528631168,147.43
2026-08-25,5,149.59777328784742,152.74
2026-08-25,6,143.205769312927,145.42
2026-08-25,7,142.66596643541632,144.74
2026-08-25,8,137.5940633582662,144.4
2026-08-25,9,141.83967960092122,144.01
2026-08-25,10,137.14473594156132,141.92
2026-08-25,11,136.89797873643056,142.19
2026-08-25,12,134.55037348549646,141.54
2026-08-25,13,135.27630143812544,139.87
2026-08-25,14,134.11293534370185,139.8
2026-08-25,15,133.35702965441303,139.86
2026-08-25,16,132.84763470733796,140.49
2026-08-25,17,134.13664315977678,139.94
2026-08-25,18,133.53799012761328,141.0
2026-08-25,19,135.6024002621945,141.55
2026-08-25,20,138.46253487713906,143.99
2026-08-25,21,136.7775469890864,144.99
2026-08-25,22,141.09307915341523,145.66
2026-08-25,23,149.08371836999405,150.6
2026-08-25,24,157.02765256692857,157.07
2026-08-25,25,159.2124904464063,164.7
2026-08-25,26,159.83092870677146,170.99
2026-08-25,27,162.90151271183515,173.37
2026-08-25,28,167.3586230875605,176.6
2026-08-25,29,165.78489300338896,184.84
2026-08-25,30,167.3046064502689,185.05
2026-08-25,31,163.52402744230014,181.76
2026-08-25,32,158.6743724162212,170.99
2026-08-25,33,169.89270205346708,187.63
2026-08-25,34,161.94282606857857,173.97
2026-08-25,35,155.2648171583665,166.16
2026-08-25,36,147.6327912828998,157.86
2026-08-25,37,155.70411611842917,165.47
2026-08-25,38,149.2510344007868,152.68
2026-08-25,39,127.89231967309364,135.91
2026-08-25,40,111.88430205455384,127.69
2026-08-25,41,135.64583700531784,140.49
2026-08-25,42,117.45436677325954,122.67
2026-08-25,43,102.9063293412467,113.0
2026-08-25,44,89.5442091342994,93.68
2026-08-25,45,98.36070150004528,108.4
2026-08-25,46,68.53505436590073,92.72
2026-08-25,47,68.55187164022493,72.98
2026-08-25,48,46.72311353771275,58.48
2026-08-25,49,43.35132009565025,79.08
2026-08-25,50,42.153252886571664,62.6
2026-08-25,51,17.245583534257353,67.03
2026-08-25,52,12.961335263296943,59.92
2026-08-25,53,14.063984781463502,69.99
2026-08-25,54,11.853337800186146,62.38
2026-08-25,55,12.884454570761507,58.53
2026-08-25,56,11.484739974662611,57.93
2026-08-25,57,5.8234498790737295,56.63
2026-08-25,58,7.818409491780394,60.02
2026-08-25,59,29.86242962202101,73.79
2026-08-25,60,34.52332145185358,83.41
2026-08-25,61,33.56314717862341,67.26
2026-08-25,62,39.03182295475932,78.57
2026-08-25,63,47.35270846198806,92.24
2026-08-25,64,56.1311610946848,101.92
2026-08-25,65,54.16726381872533,91.07
2026-08-25,66,69.18687236968672,111.5
2026-08-25,67,79.63637428590435,118.01
2026-08-25,68,93.14906012623244,137.03
2026-08-25,69,82.79432548777116,118.68
2026-08-25,70,101.3240116509825,138.7
2026-08-25,71,126.38297345298596,159.85
2026-08-25,72,155.4240194140642,170.98
2026-08-25,73,134.50782447074124,154.99
2026-08-25,74,155.7965579795397,172.0
2026-08-25,75,160.25853657123017,186.91
2026-08-25,76,175.14442897707943,201.23
2026-08-25,77,158.94042968244952,193.07
2026-08-25,78,170.47271652712055,205.65
2026-08-25,79,191.65239496509952,219.86
2026-08-25,80,207.6321177795212,218.65
2026-08-25,81,192.18191681347807,200.32
2026-08-25,82,196.86827796451385,212.58
2026-08-25,83,197.8401439466324,211.73
2026-08-25,84,199.89126422700417,195.94
2026-08-25,85,200.70755687996763,192.1
2026-08-25,86,193.37864064910875,186.95
2026-08-25,87,186.16466538633463,178.93
2026-08-25,88,176.60858158333238,171.99
2026-08-25,89,173.76742212373486,175.87
2026-08-25,90,164.4825830556102,172.57
2026-08-25,91,164.47819266140093,176.25
2026-08-25,92,158.48031790967374,164.38
2026-08-25,93,158.94300611524534,167.84
2026-08-25,94,156.61800311367085,161.33
2026-08-25,95,139.47900878701472,161.29
2026-08-25,96,139.52050622651348,148.18
2026-08-26,1,162.21339678530384,180.19
2026-08-26,2,159.91828511398808,165.74
2026-08-26,3,160.45533023540025,157.29
2026-08-26,4,151.75816853965085,152.89
2026-08-26,5,152.54092789164477,161.06
2026-08-26,6,146.7402356990837,156.44
2026-08-26,7,146.00203006098403,156.64
2026-08-26,8,141.54911429429578,154.09
2026-08-26,9,144.91882249856116,152.29
2026-08-26,10,140.6300077494303,151.95
2026-08-26,11,141.45843604680064,151.23
2026-08-26,12,139.9294342031015,151.1
2026-08-26,13,139.44300845390978,149.78
2026-08-26,14,138.59432036443533,148.95
2026-08-26,15,137.34038917096677,150.01
2026-08-26,16,136.38988359192527,149.66
2026-08-26,17,137.0991223528201,149.86
2026-08-26,18,137.42391074300232,150.39
2026-08-26,19,138.39578642120827,151.95
2026-08-26,20,140.97728945808845,154.83
2026-08-26,21,140.1702562224014,150.58
2026-08-26,22,145.1930390874382,156.97
2026-08-26,23,152.24509025986106,163.26
2026-08-26,24,161.27450821565142,171.05
2026-08-26,25,164.4442553409769,173.79
2026-08-26,26,177.383035566611,185.5
2026-08-26,27,184.459342621208,190.07
2026-08-26,28,185.62389492566544,191.16
2026-08-26,29,198.5679960298997,199.35
2026-08-26,30,188.3836299883868,198.92
2026-08-26,31,186.15845924560983,194.48
2026-08-26,32,177.03522104887597,189.4
2026-08-26,33,183.64551093999552,212.12
2026-08-26,34,177.4469468109669,204.49
2026-08-26,35,175.59531026240614,186.55
2026-08-26,36,156.1829208728107,170.92
2026-08-26,37,162.48112521659834,191.26
2026-08-26,38,156.30316576564337,173.42
2026-08-26,39,130.44978461179358,157.54
2026-08-26,40,131.61908384849627,144.27
2026-08-26,41,146.25518130109094,165.21
2026-08-26,42,138.64831305413213,135.93
2026-08-26,43,115.09025134265111,128.23
2026-08-26,44,105.85283350797656,120.55
2026-08-26,45,131.23146639283254,132.06
2026-08-26,46,114.66451565095495,125.1
2026-08-26,47,112.35707248442144,119.8
2026-08-26,48,58.23618511570452,105.68
2026-08-26,49,116.39500546837208,112.77
2026-08-26,50,53.40469934432343,94.25
2026-08-26,51,131.16328887286167,97.47
2026-08-26,52,137.8044144288449,89.93
2026-08-26,53,158.68566845039783,101.01
2026-08-26,54,153.56634297663993,91.06
2026-08-26,55,121.4916615018694,85.01
2026-08-26,56,70.85735565926232,81.08
2026-08-26,57,77.69759282427188,90.48
2026-08-26,58,132.1789874770132,90.76
2026-08-26,59,41.70905059208428,91.87
2026-08-26,60,45.02158314198421,94.77
2026-08-26,61,44.75690221173094,93.62
2026-08-26,62,52.09394741698135,100.66
2026-08-26,63,59.41981043444552,104.3
2026-08-26,64,67.98259170989472,111.63
2026-08-26,65,62.966091223078166,108.35
2026-08-26,66,75.46755719073437,117.55
2026-08-26,67,88.11431945685499,122.93
2026-08-26,68,96.82094846356232,141.2
2026-08-26,69,89.7653184698143,125.31
2026-08-26,70,121.01365017549212,149.7
2026-08-26,71,131.94267784538957,173.0
2026-08-26,72,155.13911257244976,179.87
2026-08-26,73,149.43129602200978,160.51
2026-08-26,74,169.6026100052187,173.58
2026-08-26,75,179.92896939338894,191.78
2026-08-26,76,197.0244029224437,216.63
2026-08-26,77,177.6910682943944,193.34
2026-08-26,78,200.049286305986,206.64
2026-08-26,79,222.70471422566544,218.91
2026-08-26,80,249.1618522928822,226.09
2026-08-26,81,191.07663888442525,218.8
2026-08-26,82,198.0740451716057,206.45
2026-08-26,83,197.1396521554953,195.66
2026-08-26,84,196.7655567343802,186.2
2026-08-26,85,196.9764589470708,188.82
2026-08-26,86,190.7737523686237,180.72
2026-08-26,87,183.33315866303485,177.31
2026-08-26,88,175.92731500305922,167.92
2026-08-26,89,180.73603626082624,172.29
2026-08-26,90,173.26616764192414,165.95
2026-08-26,91,173.96563126536185,164.16
2026-08-26,92,169.0820601416631,151.95
2026-08-26,93,164.63761854259482,161.94
2026-08-26,94,156.97351474185717,152.79
2026-08-26,95,159.93433202906633,150.0
2026-08-26,96,155.1314373705386,139.72
2026-08-27,1,160.0949154357849,155.22
2026-08-27,2,153.52574858871782,149.8
2026-08-27,3,145.2862171734043,147.17
2026-08-27,4,138.66986021077994,142.03
2026-08-27,5,148.56888838471187,149.56
2026-08-27,6,142.2748767614463,142.95
2026-08-27,7,140.89109014231948,141.73
2026-08-27,8,138.995887490954,134.46
2026-08-27,9,139.46090696007616,138.69
2026-08-27,10,136.29929810535165,134.86
2026-08-27,11,136.17900082738734,134.18
2026-08-27,12,134.6182383253011,132.95
2026-08-27,13,133.51093080660826,135.43
2026-08-27,14,133.84519793236203,134.02
2026-08-27,15,132.33226706381345,134.31
2026-08-27,16,131.67077444858913,133.93
2026-08-27,17,132.89198411287526,133.7
2026-08-27,18,133.45519977038373,134.13
2026-08-27,19,133.88120050636317,136.66
2026-08-27,20,134.54811859535215,140.27
2026-08-27,21,137.47463621145778,139.14
2026-08-27,22,139.94119875257334,139.4
2026-08-27,23,142.84274555230883,147.27
2026-08-27,24,149.71372146128624,160.43
2026-08-27,25,153.55519212782784,160.45
2026-08-27,26,165.6154533903738,169.22
2026-08-27,27,168.2145218494049,170.35
2026-08-27,28,171.22625921042743,170.31
2026-08-27,29,177.32779075036805,176.04
2026-08-27,30,171.53841530861183,176.34
2026-08-27,31,170.0202091601251,174.79
2026-08-27,32,166.64377725471152,169.41
2026-08-27,33,176.0241888685835,176.02
2026-08-27,34,174.86557401235527,170.22
2026-08-27,35,157.70137470461674,157.54
2026-08-27,36,150.49591292316052,137.77
2026-08-27,37,152.4857620410525,151.28
2026-08-27,38,149.32184496254166,132.34
2026-08-27,39,129.34498537097767,116.91
2026-08-27,40,120.54737692697142,98.08
2026-08-27,41,136.402254331983,126.98
2026-08-27,42,120.38310192699626,116.1
2026-08-27,43,111.60248922661964,94.98
2026-08-27,44,97.72417048951168,78.35
2026-08-27,45,116.25723158435927,105.06
2026-08-27,46,100.75670184573433,71.31
2026-08-27,47,89.6988033601593,40.0
2026-08-27,48,66.3581073446812,13.94
2026-08-27,49,72.44170159365268,31.59
2026-08-27,50,55.3800060381773,23.84
2026-08-27,51,53.62705739696664,20.09
2026-08-27,52,53.15922463146742,11.21
2026-08-27,53,56.30013107298146,10.02
2026-08-27,54,50.69712902622575,10.05
2026-08-27,55,53.77686758710305,6.16
2026-08-27,56,56.95332730600133,0.06
2026-08-27,57,47.25404413187957,0.09
2026-08-27,58,60.39382922961474,10.03
2026-08-27,59,69.95554483658358,20.05
2026-08-27,60,89.62915994046925,26.6
2026-08-27,61,35.16489551798874,22.36
2026-08-27,62,37.82012851978726,30.01
2026-08-27,63,42.36812099112374,54.58
2026-08-27,64,50.99908583313731,74.58
2026-08-27,65,48.19054694858933,51.04
2026-08-27,66,64.41602662518343,93.31
2026-08-27,67,76.5623151453108,112.93
2026-08-27,68,90.8034790662846,127.32
2026-08-27,69,82.59939524470876,115.08
2026-08-27,70,101.9055285920438,128.97
2026-08-27,71,124.1194287767786,154.02
2026-08-27,72,155.19450343614372,168.73
2026-08-27,73,142.9565144489558,151.75
2026-08-27,74,155.18908127455103,169.48
2026-08-27,75,159.69834798255374,177.02
2026-08-27,76,174.6977606724821,197.0
2026-08-27,77,162.06856122655805,184.45
2026-08-27,78,178.01930585569815,194.52
2026-08-27,79,183.54507886400503,205.99
2026-08-27,80,194.0459155984774,212.09
2026-08-27,81,183.69019369407064,205.74
2026-08-27,82,183.9733683391785,192.87
2026-08-27,83,182.76381869094524,187.8
2026-08-27,84,181.7286422755438,179.54
2026-08-27,85,184.0538054473772,192.13
2026-08-27,86,178.9529979323841,180.12
2026-08-27,87,174.1810918193036,171.99
2026-08-27,88,175.7494335045399,159.44
2026-08-27,89,170.5668772331142,175.56
2026-08-27,90,175.09321411252307,170.0
2026-08-27,91,165.17475282281876,159.68
2026-08-27,92,156.93549311643116,154.44
2026-08-27,93,163.83745913628985,159.9
2026-08-27,94,151.6881127120813,153.16
2026-08-27,95,151.75348839051537,149.08
2026-08-27,96,144.75041739289802,139.42
2026-08-28,1,152.34353937535062,141.01
2026-08-28,2,151.26585976691254,141.92
2026-08-28,3,149.07289799037744,139.0
2026-08-28,4,144.2566771318356,136.16
2026-08-28,5,144.78286680429972,141.81
2026-08-28,6,139.93719044864653,138.66
2026-08-28,7,139.23948608764942,138.02
2026-08-28,8,134.73898564601976,138.66
2026-08-28,9,137.39473941436393,137.18
2026-08-28,10,135.26114452226437,138.68
2026-08-28,11,135.0804271799376,140.51
2026-08-28,12,133.38502404473988,136.6
2026-08-28,13,134.3682625860471,140.89
2026-08-28,14,133.1973732599642,139.62
2026-08-28,15,132.37091308332694,138.26
2026-08-28,16,131.76994367579056,136.43
2026-08-28,17,132.91211882620829,137.11
2026-08-28,18,133.98323437446433,139.44
2026-08-28,19,136.7315540347799,139.96
2026-08-28,20,139.5538722070747,139.85
2026-08-28,21,137.00860103979656,137.37
2026-08-28,22,140.73612927851747,141.3
2026-08-28,23,149.70669535542177,148.48
2026-08-28,24,158.5121252703196,159.92
2026-08-28,25,158.5439221118864,164.48
2026-08-28,26,173.92722891379393,172.23
2026-08-28,27,181.50654714348804,174.29
2026-08-28,28,182.7190334399584,173.03
2026-08-28,29,180.59796650574737,179.81
2026-08-28,30,179.55492427062345,180.26
2026-08-28,31,181.156237665047,177.41
2026-08-28,32,167.2290275052363,174.44
2026-08-28,33,176.95488579049166,187.4
2026-08-28,34,172.39583659219488,172.74
2026-08-28,35,153.0576458638823,162.59
2026-08-28,36,146.44198800098138,155.15
2026-08-28,37,156.91920031968297,161.87
2026-08-28,38,139.90970654320478,161.77
2026-08-28,39,126.05627092713472,151.21
2026-08-28,40,124.82490160735324,145.76
2026-08-28,41,144.54835355204855,155.0
2026-08-28,42,103.37421539643044,142.59
2026-08-28,43,88.07012155623092,130.66
2026-08-28,44,70.61557643547789,122.31
2026-08-28,45,87.82284542061696,129.06
2026-08-28,46,66.53079860661221,122.65
2026-08-28,47,56.43865938695649,117.81
2026-08-28,48,43.30585858161165,116.81
2026-08-28,49,50.7086237745285,112.08
2026-08-28,50,40.40953894564849,108.98
2026-08-28,51,35.86830061039225,112.94
2026-08-28,52,27.444884754790635,109.56
2026-08-28,53,120.37093299592524,98.45
2026-08-28,54,107.85460572784696,93.85
2026-08-28,55,124.5964612412356,100.58
2026-08-28,56,18.480349710398755,92.07
2026-08-28,57,19.845771844645554,102.01
2026-08-28,58,21.73350077577492,100.0
2026-08-28,59,26.204608674341337,106.26
2026-08-28,60,33.463772487254246,107.73
2026-08-28,61,29.24495544969946,109.55
2026-08-28,62,36.28880288510594,112.23
2026-08-28,63,48.83577586697263,116.41
2026-08-28,64,59.460693063006914,119.29
2026-08-28,65,59.06234893799232,111.35
2026-08-28,66,78.5954756525903,118.32
2026-08-28,67,91.1278994480154,122.23
2026-08-28,68,106.11630643399565,126.34
2026-08-28,69,95.26145205305534,116.99
2026-08-28,70,113.47283750684842,135.97
2026-08-28,71,143.42325000559285,156.76
2026-08-28,72,163.85967135831697,163.09
2026-08-28,73,175.84736957778492,144.39
2026-08-28,74,175.8955938752605,160.89
2026-08-28,75,180.92182840316795,167.3
2026-08-28,76,200.70581604808143,169.34
2026-08-28,77,182.22182527891044,154.89
2026-08-28,78,218.5524178001316,165.82
2026-08-28,79,209.265007932044,175.5
2026-08-28,80,222.12526543974403,193.95
2026-08-28,81,207.57261512503464,174.88
2026-08-28,82,206.2106014980947,177.73
2026-08-28,83,202.70144014597727,180.83
2026-08-28,84,200.74892100377468,173.64
2026-08-28,85,202.81563344494072,176.3
2026-08-28,86,195.1252953053048,168.12
2026-08-28,87,186.9774057267645,166.01
2026-08-28,88,176.43237225768831,154.01
2026-08-28,89,181.9522558889265,171.44
2026-08-28,90,174.112755456916,162.3
2026-08-28,91,172.51367626586983,161.4
2026-08-28,92,164.83548128051203,150.64
2026-08-28,93,168.60634443250115,157.08
2026-08-28,94,158.9310550354857,150.8
2026-08-28,95,154.9430983281319,141.55
2026-08-28,96,147.2575098661174,131.1
2026-08-29,1,153.206828498641,141.58
2026-08-29,2,143.87334873143388,135.4
2026-08-29,3,136.7930138630209,127.97
2026-08-29,4,130.30292594233603,117.12
2026-08-29,5,139.6788375099795,117.5
2026-08-29,6,133.63170551561666,114.51
2026-08-29,7,132.60658552775055,110.37
2026-08-29,8,128.14791746853786,107.04
2026-08-29,9,130.35001242932066,107.51
2026-08-29,10,127.4612943324488,101.93
2026-08-29,11,131.69714379211692,100.07
2026-08-29,12,129.1620521152654,91.68
2026-08-29,13,129.33543692818398,97.47
2026-08-29,14,129.5255240177111,91.82
2026-08-29,15,129.28987541874773,91.19
2026-08-29,16,127.01207353884251,92.52
2026-08-29,17,128.86433350557613,96.99
2026-08-29,18,130.09274407822457,93.91
2026-08-29,19,127.83136059558626,91.6
2026-08-29,20,125.76270089180323,89.52
2026-08-29,21,129.55508636430022,99.26
2026-08-29,22,125.64143174157142,95.12
2026-08-29,23,130.45652985550106,95.23
2026-08-29,24,135.12703329474004,96.71
2026-08-29,25,135.61149354539657,97.2
2026-08-29,26,141.3466547750766,97.47
2026-08-29,27,122.47014379941216,97.19
2026-08-29,28,123.79802711478928,96.68
2026-08-29,29,135.30764733319882,107.2
2026-08-29,30,126.32271502695004,103.88
2026-08-29,31,121.09853541797936,100.79
2026-08-29,32,130.1337974584931,93.09
2026-08-29,33,128.99394060030963,106.11
2026-08-29,34,131.5874385736171,83.69
2026-08-29,35,106.36599705245229,41.79
2026-08-29,36,83.92392233781032,10.09
2026-08-29,37,87.62960854718261,18.4
2026-08-29,38,72.30701873903539,0.06
2026-08-29,39,58.92937730953708,-0.01
2026-08-29,40,60.03297711885074,-0.15
2026-08-29,41,58.698315010095456,-0.01
2026-08-29,42,55.98460308686744,-0.1
2026-08-29,43,49.79661038769806,-0.51
2026-08-29,44,43.788668630031,-0.75
2026-08-29,45,49.18419096181588,-1.1
2026-08-29,46,40.754414987887344,-1.35
2026-08-29,47,34.7406903113238,-1.39
2026-08-29,48,25.95867407659269,-1.58
2026-08-29,49,28.67355298692485,-1.57
2026-08-29,50,27.999266196910536,-1.78
2026-08-29,51,4.559339522753483,-1.88
2026-08-29,52,17.048717263539032,-2.02
2026-08-29,53,-0.530513401102807,-1.91
2026-08-29,54,-1.3704386754931193,-1.89
2026-08-29,55,3.094618556423775,-1.69
2026-08-29,56,1.3078064075671147,-1.56
2026-08-29,57,8.22739010817835,-1.53
2026-08-29,58,9.750760788443491,-1.29
2026-08-29,59,12.18238913896375,-1.0
2026-08-29,60,14.461345470233706,-0.88
2026-08-29,61,10.571194384678662,-0.08
2026-08-29,62,12.507793216762163,-0.01
2026-08-29,63,16.263370135778484,0.0
2026-08-29,64,19.62873264811125,0.0
2026-08-29,65,17.424543521089227,0.0
2026-08-29,66,22.55855111252462,1.66
2026-08-29,67,33.30130846153084,30.88
2026-08-29,68,45.905258051308834,65.78
2026-08-29,69,35.68217696839175,51.44
2026-08-29,70,52.984592483894346,100.78
2026-08-29,71,79.40031057820269,131.42
2026-08-29,72,113.37448823543473,168.33
2026-08-29,73,94.98507753307322,146.48
2026-08-29,74,127.1354357175468,152.72
2026-08-29,75,155.03032306031275,185.46
2026-08-29,76,158.04970307247044,201.35
2026-08-29,77,146.51162592518855,183.9
2026-08-29,78,155.26159682538156,191.92
2026-08-29,79,164.07812552634067,205.57
2026-08-29,80,171.49152666879206,214.47
2026-08-29,81,159.19680057057573,217.5
2026-08-29,82,167.61066016450744,198.94
2026-08-29,83,172.14450651234117,181.76
2026-08-29,84,172.9504394668384,180.92
2026-08-29,85,175.62138172510078,205.71
2026-08-29,86,170.32726660555917,179.29
2026-08-29,87,163.30279601165415,166.74
2026-08-29,88,154.8958546207975,158.33
2026-08-29,89,168.09330761888685,181.9
2026-08-29,90,160.10399408871191,162.32
2026-08-29,91,154.45023757396763,158.1
2026-08-29,92,144.2978770680999,151.65
2026-08-29,93,152.17029458494562,150.77
2026-08-29,94,145.23415792360953,146.47
2026-08-29,95,142.82666530547075,145.54
2026-08-29,96,135.81945857552546,139.68
2026-08-30,1,147.12292077580625,135.07
2026-08-30,2,143.11561116271423,124.31
2026-08-30,3,136.55146895536467,110.72
2026-08-30,4,130.80708372054536,99.62
2026-08-30,5,137.5133789507894,108.66
2026-08-30,6,131.97416901107465,103.92
2026-08-30,7,126.20022868734344,101.17
2026-08-30,8,122.1736906769458,96.6
2026-08-30,9,126.54295392977974,98.6
2026-08-30,10,126.39134599422717,88.17
2026-08-30,11,125.58429537057243,80.99
2026-08-30,12,121.494121871466,76.38
2026-08-30,13,125.8783965856538,89.37
2026-08-30,14,125.21160819299774,79.85
2026-08-30,15,123.62894868423686,75.68
2026-08-30,16,120.0065830188028,66.85
2026-08-30,17,124.44414781721974,71.26
2026-08-30,18,122.11144754045502,67.43
2026-08-30,19,121.8312791999455,68.94
2026-08-30,20,120.6123387145916,69.88
2026-08-30,21,120.98326408122968,74.01
2026-08-30,22,116.23600665356564,71.36
2026-08-30,23,104.9335376762138,72.66
2026-08-30,24,108.6220353388692,73.82
2026-08-30,25,126.91409609786812,67.01
2026-08-30,26,123.70634356211204,70.42
2026-08-30,27,120.17237325579632,72.91
2026-08-30,28,108.04519279348452,73.24
2026-08-30,29,114.81649144055064,75.74
2026-08-30,30,112.11353922518173,62.34
2026-08-30,31,99.92578137112552,55.88
2026-08-30,32,99.7390873468211,42.22
2026-08-30,33,97.20354108358468,35.0
2026-08-30,34,79.31542875845254,20.02
2026-08-30,35,49.135663031862535,8.83
2026-08-30,36,27.494583389877832,0.09
2026-08-30,37,72.59817846115811,0.85
2026-08-30,38,50.98519568102441,0.0
2026-08-30,39,73.79946420961399,-0.08
2026-08-30,40,22.609975552883355,-0.82
2026-08-30,41,84.96595072277441,-0.08
2026-08-30,42,29.13363251121132,-0.09
2026-08-30,43,27.14019252053004,-0.12
2026-08-30,44,-13.518511230261891,-0.12
2026-08-30,45,-6.341868274377092,-0.15
2026-08-30,46,-12.546373040137055,-0.14
2026-08-30,47,-5.113669278850423,-0.15
2026-08-30,48,-3.087680099470802,-0.17
2026-08-30,49,-4.500161078558612,-0.99
2026-08-30,50,-6.094964051566063,-1.0
2026-08-30,51,3.6953329794001695,-1.0
2026-08-30,52,-4.186604182064668,-1.09
2026-08-30,53,-3.1342785346846025,-1.02
2026-08-30,54,-3.2430635446021814,-1.04
2026-08-30,55,5.121092946676612,-1.06
2026-08-30,56,1.0341793067575271,-1.09
2026-08-30,57,-6.151698264821734,-1.19
2026-08-30,58,-7.978131448307884,-1.03
2026-08-30,59,-13.972732226421783,-1.0
2026-08-30,60,-15.68133510609404,-1.0
2026-08-30,61,-14.40211025218094,-0.14
2026-08-30,62,-15.47509595134565,-0.12
2026-08-30,63,-11.596768131219507,-0.12
2026-08-30,64,-12.14978514186692,-0.11
2026-08-30,65,-9.67453907764,-0.45
2026-08-30,66,4.992575484044075,-0.1
2026-08-30,67,10.378431705311996,-0.01
2026-08-30,68,22.332249284155893,0.52
2026-08-30,69,5.371937133949444,4.15
2026-08-30,70,47.43808979550383,33.64
2026-08-30,71,36.0536198251076,74.59
2026-08-30,72,100.43600643546118,137.41
2026-08-30,73,64.79160177364966,110.7
2026-08-30,74,106.7136006430942,161.07
2026-08-30,75,133.56645806360146,181.26
2026-08-30,76,152.9001757495449,200.54
2026-08-30,77,140.4113900537598,169.46
2026-08-30,78,148.66646116847164,180.69
2026-08-30,79,169.14553923477035,187.98
2026-08-30,80,189.74523073185503,198.53
2026-08-30,81,176.44662706576696,174.45
2026-08-30,82,169.9665915413437,184.63
2026-08-30,83,171.73120512165758,201.43
2026-08-30,84,177.23755340955654,212.27
2026-08-30,85,180.10091935066288,203.93
2026-08-30,86,172.73628041162254,200.01
2026-08-30,87,163.08621654787922,187.92
2026-08-30,88,161.01425403218383,179.83
2026-08-30,89,163.4160168710898,189.32
2026-08-30,90,155.669925005727,180.06
2026-08-30,91,155.12581236443913,181.03
2026-08-30,92,152.1762336176388,175.34
2026-08-30,93,154.45701764329922,178.71
2026-08-30,94,143.4518315945266,167.37
2026-08-30,95,141.24457616648607,166.57
2026-08-30,96,139.1098860572991,162.5
2026-08-31,1,166.19738799079354,188.79
2026-08-31,2,159.3676291206442,174.97
2026-08-31,3,157.24475760493038,170.0
2026-08-31,4,147.12892030267514,166.15
2026-08-31,5,160.42362400506315,168.52
2026-08-31,6,151.60633644557154,165.32
2026-08-31,7,144.91341055520732,159.92
2026-08-31,8,140.68801600839134,158.69
2026-08-31,9,146.88808327161124,164.22
2026-08-31,10,142.65538381359394,153.74
2026-08-31,11,138.08437752659765,148.26
2026-08-31,12,134.07981496599024,146.74
2026-08-31,13,138.74726567437307,152.12
2026-08-31,14,134.26190387366236,149.14
2026-08-31,15,131.880954734075,146.18
2026-08-31,16,129.43733272385373,143.75
2026-08-31,17,128.76136262450734,143.1
2026-08-31,18,131.75710891534987,141.57
2026-08-31,19,137.25993678058407,141.91
2026-08-31,20,139.20002251316652,143.06
2026-08-31,21,133.24057953117708,142.29
2026-08-31,22,139.2498119298345,141.18
2026-08-31,23,143.98768689213685,143.09
2026-08-31,24,149.07056305831836,150.27
2026-08-31,25,149.14927054653782,150.71
2026-08-31,26,158.26935309318563,154.47
2026-08-31,27,164.2120572669861,157.17
2026-08-31,28,163.89542975611306,158.65
2026-08-31,29,168.34190746484973,164.35
2026-08-31,30,166.64188317275685,165.12
2026-08-31,31,149.39684000539603,165.69
2026-08-31,32,131.73631608816186,164.69
2026-08-31,33,167.4178038323469,184.41
2026-08-31,34,147.99788893225522,174.58
2026-08-31,35,135.67056460894983,160.51
2026-08-31,36,122.81695301770138,130.0
2026-08-31,37,149.08028728045062,174.51
2026-08-31,38,119.42435893321787,136.66
2026-08-31,39,103.55276904454462,108.97
2026-08-31,40,78.30999647001526,85.99
2026-08-31,41,97.5653690731296,91.0
2026-08-31,42,72.58296677233015,47.39
2026-08-31,43,46.492906171562296,15.0
2026-08-31,44,7.929342321616389,0.01
2026-08-31,45,34.76571699476281,0.08
2026-08-31,46,-3.3436141686060807,0.0
2026-08-31,47,-8.091652284666338,0.0
2026-08-31,48,42.05126040208056,0.0
2026-08-31,49,-2.0070904896366883,-0.01
2026-08-31,50,10.691620763587892,-0.04
2026-08-31,51,16.60967698996979,-0.08
2026-08-31,52,13.581911564975623,-0.1
2026-08-31,53,6.833211377679847,-0.76
2026-08-31,54,8.501038809106134,-1.0
2026-08-31,55,4.786137911073437,-1.01
2026-08-31,56,0.7200770087319086,-1.01
2026-08-31,57,2.4372207685812484,-1.09
2026-08-31,58,-2.6041213707806365,-1.01
2026-08-31,59,-2.625970133043979,-1.01
2026-08-31,60,-18.22052173399525,-1.0
2026-08-31,61,-3.9025359216397417,-0.18
2026-08-31,62,-10.88698390195627,-0.1
2026-08-31,63,18.02635094103123,-0.04
2026-08-31,64,35.67509601206926,-0.01
2026-08-31,65,-20.3980875672395,-0.02
2026-08-31,66,-6.098917263886733,-0.01
2026-08-31,67,59.00289349358381,0.0
2026-08-31,68,79.60723727738115,4.03
2026-08-31,69,34.42276285586103,6.56
2026-08-31,70,97.2698831355976,60.42
2026-08-31,71,115.47660612195467,105.82
2026-08-31,72,141.93226616414043,119.28
2026-08-31,73,124.1066116868433,122.86
2026-08-31,74,146.48802453564096,142.02
2026-08-31,75,165.67319592404507,166.99
2026-08-31,76,179.5169138142481,199.84
2026-08-31,77,163.05082674313724,166.99
2026-08-31,78,171.61351419923488,177.6
2026-08-31,79,186.90762823323143,180.34
2026-08-31,80,212.8632566044433,207.51
2026-08-31,81,186.13620988422483,177.57
2026-08-31,82,185.3227516343889,190.95
2026-08-31,83,184.89613884548305,197.6
2026-08-31,84,185.37520595853923,190.48
2026-08-31,85,185.24625737540828,207.61
2026-08-31,86,180.60244341867755,181.8
2026-08-31,87,174.5199867242458,175.94
2026-08-31,88,165.5196488262327,163.8
2026-08-31,89,176.152121288227,176.2
2026-08-31,90,170.6012835646359,170.0
2026-08-31,91,170.39837130348832,172.94
2026-08-31,92,162.13376136752845,167.06
2026-08-31,93,161.92992884435347,163.85
2026-08-31,94,153.66317149760997,156.54
2026-08-31,95,148.4811677467266,154.05
2026-08-31,96,142.9769205294435,146.69
2026-09-01,1,149.41037068051693,163.91
2026-09-01,2,147.46643596370555,157.62
2026-09-01,3,143.34310229389132,149.56
2026-09-01,4,136.15991802217016,147.26
2026-09-01,5,145.17445042527933,149.84
2026-09-01,6,140.88576910007637,146.05
2026-09-01,7,136.37693361494493,146.19
2026-09-01,8,132.38566691319815,144.35
2026-09-01,9,134.38931947737157,141.7
2026-09-01,10,132.81227516327792,145.1
2026-09-01,11,130.4316030961845,139.15
2026-09-01,12,128.3306989629753,139.53
2026-09-01,13,128.05870748497162,140.14
2026-09-01,14,126.78485562691216,142.21
2026-09-01,15,126.74059220118411,143.87
2026-09-01,16,129.34980775429975,142.99
2026-09-01,17,126.59221227219751,146.9
2026-09-01,18,128.1427689802798,144.61
2026-09-01,19,131.57215513524693,145.1
2026-09-01,20,135.46313206637993,146.99
2026-09-01,21,128.99609526953142,146.84
2026-09-01,22,132.44637050064495,150.59
2026-09-01,23,131.68759576727686,161.45
2026-09-01,24,139.52203943366334,167.83
2026-09-01,25,147.64293604926374,177.72
2026-09-01,26,152.99941485333275,188.86
2026-09-01,27,154.42833037336055,191.95
2026-09-01,28,158.41074592841875,195.3
2026-09-01,29,161.39238081024274,206.59
2026-09-01,30,159.31406503667822,210.78
2026-09-01,31,161.41873434650827,206.63
2026-09-01,32,155.78793628201765,196.6
2026-09-01,33,165.40108756349335,215.93
2026-09-01,34,154.3572615955195,202.0
2026-09-01,35,149.79785051418483,187.5
2026-09-01,36,132.40164120445624,165.55
2026-09-01,37,150.24238705671442,185.44
2026-09-01,38,131.09536732326706,162.85
2026-09-01,39,121.96341171804598,135.55
2026-09-01,40,109.91447017632238,113.99
2026-09-01,41,116.05095595078124,134.9
2026-09-01,42,95.85775503981031,121.51
2026-09-01,43,79.39970301795368,116.87
2026-09-01,44,55.13388188746268,105.77
2026-09-01,45,61.82887706633988,111.31
2026-09-01,46,32.85421217112671,96.33
2026-09-01,47,32.71212428289208,81.06
2026-09-01,48,27.290457006304635,71.29
2026-09-01,49,29.38669489076432,65.06
2026-09-01,50,25.88720745216317,52.58
2026-09-01,51,15.046609268130569,45.97
2026-09-01,52,11.96032063973211,40.0
2026-09-01,53,12.6254854150386,36.88
2026-09-01,54,11.060434362142033,31.73
2026-09-01,55,9.366421296816004,25.81
2026-09-01,56,7.645348900615508,22.07
2026-09-01,57,5.827844093415402,27.77
2026-09-01,58,6.77712011716509,34.71
2026-09-01,59,12.523686649748168,29.82
2026-09-01,60,18.26568934396931,40.09
2026-09-01,61,15.802296270217768,36.54
2026-09-01,62,12.527415135450918,40.78
2026-09-01,63,26.38668823153025,59.05
2026-09-01,64,40.89999305302551,68.37
2026-09-01,65,40.19398922161735,60.01
2026-09-01,66,63.00511610468166,83.65
2026-09-01,67,91.00990466426128,110.45
2026-09-01,68,109.72996518657548,122.16
2026-09-01,69,96.11349569792252,111.16
2026-09-01,70,102.31809207188957,126.97
2026-09-01,71,116.79993429800464,151.65
2026-09-01,72,142.86756074076098,170.25
2026-09-01,73,135.8696846875175,140.7
2026-09-01,74,161.8782206672795,173.85
2026-09-01,75,165.92696718633388,191.08
2026-09-01,76,183.3013933445993,203.4
2026-09-01,77,163.06428274666794,197.88
2026-09-01,78,180.1513928041727,204.88
2026-09-01,79,190.94397674645293,221.05
2026-09-01,80,202.9161872099021,233.13
2026-09-01,81,187.37835434914348,223.64
2026-09-01,82,197.0967629483192,231.81
2026-09-01,83,199.95102218446672,236.92
2026-09-01,84,201.14151377561635,234.03
2026-09-01,85,203.1926509755184,228.5
2026-09-01,86,194.109116093147,220.07
2026-09-01,87,188.17812809400888,217.07
2026-09-01,88,178.9080312392732,206.0
2026-09-01,89,187.45734862556915,212.26
2026-09-01,90,181.07001216144,199.62
2026-09-01,91,179.39032643839653,195.1
2026-09-01,92,172.2525097455346,190.9
2026-09-01,93,170.05139114461377,188.9
2026-09-01,94,166.28526632116706,179.81
2026-09-01,95,164.65559212383755,176.62
2026-09-01,96,152.47932056463983,172.04
2026-09-02,1,183.0338262536756,189.59
2026-09-02,2,175.85009322107646,177.14
2026-09-02,3,172.52377230806565,165.59
2026-09-02,4,163.82528079641503,150.54
2026-09-02,5,171.96505611264615,166.28
2026-09-02,6,166.00437297466698,163.47
2026-09-02,7,163.78025411165464,161.85
2026-09-02,8,160.91470988417697,157.08
2026-09-02,9,161.16855151265457,159.21
2026-09-02,10,158.42306504659402,151.86
2026-09-02,11,156.31636717573133,150.78
2026-09-02,12,153.03098715845164,150.25
2026-09-02,13,157.1840350093136,148.22
2026-09-02,14,155.27346459116973,149.2
2026-09-02,15,153.68698538980888,149.27
2026-09-02,16,150.64932070713692,147.73
2026-09-02,17,151.20983328215604,149.39
2026-09-02,18,151.95503847270967,149.4
2026-09-02,19,153.01590532694848,148.29
2026-09-02,20,158.2949279098044,149.84
2026-09-02,21,152.97768204730622,153.93
2026-09-02,22,161.29609240291416,161.71
2026-09-02,23,170.20399800573506,166.45
2026-09-02,24,185.0129938037388,180.18
2026-09-02,25,181.2555502301488,183.91
2026-09-02,26,191.70421729760864,192.12
2026-09-02,27,192.36674430323268,196.96
2026-09-02,28,191.07743009771843,204.95
2026-09-02,29,205.72096418193743,209.43
2026-09-02,30,199.8645196937985,208.63
2026-09-02,31,189.00460043924213,205.46
2026-09-02,32,185.1152593855307,201.03
2026-09-02,33,202.6750427863568,216.25
2026-09-02,34,185.62015255276376,205.93
2026-09-02,35,173.25807028572805,194.87
2026-09-02,36,153.37611487921683,174.99
2026-09-02,37,176.82035795592543,192.02
2026-09-02,38,158.19005421222164,176.87
2026-09-02,39,137.0422291614355,164.87
2026-09-02,40,130.6523667813703,142.62
2026-09-02,41,151.25012436751865,148.96
2026-09-02,42,135.68018292258398,138.36
2026-09-02,43,123.22121065919572,134.9
2026-09-02,44,97.74055861144146,122.28
2026-09-02,45,119.27562081382123,126.15
2026-09-02,46,104.28516816528725,118.1
2026-09-02,47,100.79413022339664,111.85
2026-09-02,48,52.51348345809432,104.11
2026-09-02,49,60.81659428932625,107.42
2026-09-02,50,50.31205315010689,104.82
2026-09-02,51,46.64453547739513,102.3
2026-09-02,52,38.01240391175458,102.77
2026-09-02,53,39.33233159929709,97.46
2026-09-02,54,48.69200501366445,91.75
2026-09-02,55,47.869316223488845,90.85
2026-09-02,56,39.62420090123755,86.61
2026-09-02,57,32.842471776717204,97.59
2026-09-02,58,37.42497499666985,97.0
2026-09-02,59,36.03275854714386,98.61
2026-09-02,60,56.0507853046084,103.25
2026-09-02,61,63.092577325702536,101.81
2026-09-02,62,79.06972856687437,109.48
2026-09-02,63,79.16332307214779,115.71
2026-09-02,64,88.93159886424684,114.58
2026-09-02,65,87.90404918057081,116.27
2026-09-02,66,110.47145948984422,127.12
2026-09-02,67,126.2758846562347,139.95
2026-09-02,68,129.15312413048363,154.41
2026-09-02,69,112.87361426094462,142.03
2026-09-02,70,138.9796849465921,161.22
2026-09-02,71,154.68425129781957,179.59
2026-09-02,72,180.02222746725732,190.91
2026-09-02,73,152.5831391688961,175.3
2026-09-02,74,164.3591388396287,193.75
2026-09-02,75,184.3030100797937,202.58
2026-09-02,76,198.90864231843943,216.13
2026-09-02,77,174.53044977032644,220.7
2026-09-02,78,178.9183170909944,235.18
2026-09-02,79,218.47745223816625,248.22
2026-09-02,80,237.00809921692127,251.31
2026-09-02,81,201.35428361267915,251.02
2026-09-02,82,195.8186614270095,237.2
2026-09-02,83,219.41662517763504,240.61
2026-09-02,84,214.6768396745688,243.96
2026-09-02,85,216.87551486602163,232.27
2026-09-02,86,203.7895804638687,215.08
2026-09-02,87,196.81489702711767,210.74
2026-09-02,88,185.32574648934224,197.39
2026-09-02,89,193.75021909076656,200.09
2026-09-02,90,181.75972022203464,194.28
2026-09-02,91,179.2591233752242,198.39
2026-09-02,92,178.36556893317825,187.0
2026-09-02,93,178.42052147715978,177.97
2026-09-02,94,171.20233924437403,167.14
2026-09-02,95,167.60505894852355,163.31
2026-09-02,96,157.02072048609418,152.43
2026-09-03,1,171.1722625682436,201.22
2026-09-03,2,162.048555555663,179.41
2026-09-03,3,156.3887706401923,170.26
2026-09-03,4,150.95723626686467,163.65
2026-09-03,5,157.17713337048804,180.35
2026-09-03,6,152.95187438622062,168.09
2026-09-03,7,150.17791950031153,169.83
2026-09-03,8,145.16682918357816,163.22
2026-09-03,9,147.93100409712915,171.82
2026-09-03,10,146.2010322164626,155.96
2026-09-03,11,143.27658446581285,148.68
2026-09-03,12,141.50399248320178,145.64
2026-09-03,13,142.1813423486046,146.54
2026-09-03,14,140.62051460998336,147.68
2026-09-03,15,139.31377320592588,146.55
2026-09-03,16,137.5604824988547,143.24
2026-09-03,17,139.40412394971096,146.48
2026-09-03,18,138.28439547459115,144.7
2026-09-03,19,138.96759709085003,143.28
2026-09-03,20,140.16498236792464,138.12
2026-09-03,21,140.1971769300986,145.41
2026-09-03,22,140.2597078655324,142.19
2026-09-03,23,145.37207802177105,145.74
2026-09-03,24,151.73727940169323,155.37
2026-09-03,25,159.74154295161284,160.33
2026-09-03,26,169.42942785505628,176.02
2026-09-03,27,168.3577178638373,181.05
2026-09-03,28,168.1593010712554,180.36
2026-09-03,29,180.58832112567657,194.95
2026-09-03,30,170.10501729736396,193.67
2026-09-03,31,167.66152222821125,187.37
2026-09-03,32,162.52851103837102,180.81
2026-09-03,33,191.1109750754844,206.0
2026-09-03,34,179.09944171907767,187.2
2026-09-03,35,161.1332262270385,176.99
2026-09-03,36,148.71011383978865,150.0
2026-09-03,37,161.5813585566543,185.21
2026-09-03,38,155.38786041462495,156.62
2026-09-03,39,145.03868808667298,135.0
2026-09-03,40,132.0678653108757,121.5
2026-09-03,41,153.27789794195954,132.3
2026-09-03,42,131.79082757899693,120.01
2026-09-03,43,108.1539338791874,115.29
2026-09-03,44,96.30755051079608,103.05
2026-09-03,45,107.31825948993604,110.02
2026-09-03,46,88.54237225432854,99.72
2026-09-03,47,70.96660077252577,72.44
2026-09-03,48,59.58768648651352,60.42
2026-09-03,49,66.20626650512338,81.72
2026-09-03,50,60.3022964827323,50.67
2026-09-03,51,50.23502284724629,38.99
2026-09-03,52,48.13577062040431,29.71
2026-09-03,53,48.71021322124997,33.98
2026-09-03,54,36.77718688289645,28.98
2026-09-03,55,40.14650476482956,22.59
2026-09-03,56,40.93494773926583,14.45
2026-09-03,57,46.80067824387374,25.45
2026-09-03,58,44.66223770545375,16.82
2026-09-03,59,47.09044283976242,20.8
2026-09-03,60,48.56415840870241,20.49
2026-09-03,61,46.60290156429223,20.82
2026-09-03,62,55.13274606194861,22.38
2026-09-03,63,64.98224445362686,29.35
2026-09-03,64,77.07028411310341,24.93
2026-09-03,65,69.87499439598027,40.03
2026-09-03,66,97.14291215219836,46.66
2026-09-03,67,105.24921006895292,71.87
2026-09-03,68,110.56608288169924,86.99
2026-09-03,69,105.0984630904704,78.72
2026-09-03,70,112.07574791181452,106.62
2026-09-03,71,128.74699968828222,135.3
2026-09-03,72,153.74194524291173,148.36
2026-09-03,73,130.25043429244818,134.9
2026-09-03,74,141.70627307492322,153.65
2026-09-03,75,165.3520841157804,164.29
2026-09-03,76,174.93705473670948,167.75
2026-09-03,77,167.37706800002036,170.59
2026-09-03,78,164.11846233368064,179.1
2026-09-03,79,187.5204668792199,185.85
2026-09-03,80,196.33916111579856,188.77
2026-09-03,81,185.08255026402543,186.5
2026-09-03,82,186.17801422059952,205.99
2026-09-03,83,186.9452567362305,217.56
2026-09-03,84,184.914715448954,207.54
2026-09-03,85,190.0444332726211,213.57
2026-09-03,86,181.7583524700009,194.13
2026-09-03,87,177.14051219665996,187.28
2026-09-03,88,168.47913174015287,175.23
2026-09-03,89,178.28039244052815,184.77
2026-09-03,90,171.72021562003488,167.81
2026-09-03,91,168.52464482300172,173.84
2026-09-03,92,160.02974579013727,173.12
2026-09-03,93,163.74009061773626,164.64
2026-09-03,94,156.07338160451442,161.32
2026-09-03,95,155.48675570477096,170.71
2026-09-03,96,142.94702632480252,152.16
2026-09-04,1,164.13820308376913,147.64
2026-09-04,2,161.77138732463462,138.83
2026-09-04,3,152.050919394379,131.96
2026-09-04,4,147.919637147882,124.53
2026-09-04,5,151.56897026700784,132.68
2026-09-04,6,148.22153762664686,125.01
2026-09-04,7,151.22593402874523,123.28
2026-09-04,8,145.26339445702445,118.36
2026-09-04,9,149.82765827775765,119.56
2026-09-04,10,147.53052359416773,117.12
2026-09-04,11,144.0140873567733,118.05
2026-09-04,12,141.57091288836014,115.78
2026-09-04,13,142.2222082537027,118.86
2026-09-04,14,139.49052690002725,118.51
2026-09-04,15,139.6174199537146,116.34
2026-09-04,16,139.64308146141008,118.18
2026-09-04,17,139.4845943499417,115.09
2026-09-04,18,138.4501567988521,115.4
2026-09-04,19,141.02904532970757,115.57
2026-09-04,20,139.29654750122523,116.03
2026-09-04,21,140.20575284784385,119.95
2026-09-04,22,137.46530217378816,122.88
2026-09-04,23,140.53260061972378,121.01
2026-09-04,24,149.34352214405982,128.89
2026-09-04,25,151.26500347315564,137.42
2026-09-04,26,163.4308935909544,156.0
2026-09-04,27,168.63892355405022,158.85
2026-09-04,28,166.92088831838333,158.05
2026-09-04,29,176.23833763839968,173.2
2026-09-04,30,177.6949532493,166.48
2026-09-04,31,168.05393187215805,165.15
2026-09-04,32,162.0527067266806,160.43
2026-09-04,33,179.6786403328705,166.07
2026-09-04,34,163.43910846653634,163.93
2026-09-04,35,152.03616368360127,156.48
2026-09-04,36,124.9739429283392,147.0
2026-09-04,37,144.52357897448468,147.7
2026-09-04,38,126.50254161066032,131.6
2026-09-04,39,109.35922735590124,98.6
2026-09-04,40,95.93978797910266,39.04
2026-09-04,41,108.42603413153304,102.11
2026-09-04,42,94.23642336489632,82.64
2026-09-04,43,87.0785991682349,40.71
2026-09-04,44,85.74013999276897,5.92
2026-09-04,45,91.04914541667156,34.99
2026-09-04,46,76.74017570573874,8.77
2026-09-04,47,60.81028313872952,0.04
2026-09-04,48,42.02242638882757,0.0
2026-09-04,49,48.59778795168276,0.0
2026-09-04,50,36.29150821174635,0.0
2026-09-04,51,26.13043360513012,0.0
2026-09-04,52,20.504982694322766,-0.01
2026-09-04,53,24.024798914919323,-0.02
2026-09-04,54,18.81518871714152,-0.04
2026-09-04,55,16.15918432021887,-0.07
2026-09-04,56,10.95413643267808,-0.09
2026-09-04,57,22.916064080564773,-0.13
2026-09-04,58,23.702690841820093,-0.14
2026-09-04,59,24.302609193489147,-0.15
2026-09-04,60,26.74585667308792,-0.14
2026-09-04,61,34.39108932260601,-0.15
2026-09-04,62,41.01446500726552,-0.12
2026-09-04,63,50.17781590189925,-0.07
2026-09-04,64,59.23161915993886,-0.07
2026-09-04,65,66.0521615625191,-0.05
2026-09-04,66,76.94876918192939,-0.01
2026-09-04,67,98.78956221820484,0.0
2026-09-04,68,91.93094297875028,0.0
2026-09-04,69,80.7321575607258,0.0
2026-09-04,70,100.29583488746349,4.51
2026-09-04,71,124.01079769318838,50.0
2026-09-04,72,139.77893322979938,93.14
2026-09-04,73,124.01023013126712,73.16
2026-09-04,74,147.89887726584402,106.16
2026-09-04,75,150.71746577827054,124.28
2026-09-04,76,160.99150735626685,127.82
2026-09-04,77,160.46818579796053,131.86
2026-09-04,78,166.01294543587582,134.37
2026-09-04,79,169.43571086927918,135.27
2026-09-04,80,167.181808108927,138.89
2026-09-04,81,168.6860353761198,136.29
2026-09-04,82,173.95327234284522,135.83
2026-09-04,83,173.72221326352897,136.32
2026-09-04,84,174.35230353361908,136.39
2026-09-04,85,177.91569446313184,136.04
2026-09-04,86,171.1354018953785,130.85
2026-09-04,87,164.17786475564108,126.25
2026-09-04,88,157.0653922933328,120.51
2026-09-04,89,165.4272474918591,122.86
2026-09-04,90,159.40048580392278,119.12
2026-09-04,91,161.68181240421245,112.15
2026-09-04,92,156.63157529477644,102.64
2026-09-04,93,153.99883535961837,102.65
2026-09-04,94,146.85871505705265,94.78
2026-09-04,95,148.99422923128597,89.03
2026-09-04,96,138.82569996980385,78.95
2026-09-05,1,89.8232453643904,65.01
2026-09-05,2,87.2267423284223,65.12
2026-09-05,3,69.04786241814256,60.01
2026-09-05,4,66.1466238781628,56.4
2026-09-05,5,61.26280949318584,60.42
2026-09-05,6,50.42064564239658,60.0
2026-09-05,7,59.04034783800435,60.49
2026-09-05,8,56.05738772485083,60.03
2026-09-05,9,50.19988081221975,61.14
2026-09-05,10,43.84137146326411,60.06
2026-09-05,11,42.88557836926654,59.0
2026-09-05,12,58.64644746090919,60.09
2026-09-05,13,25.808174299215963,56.78
2026-09-05,14,53.4711371291624,56.16
2026-09-05,15,56.16467692034786,53.76
2026-09-05,16,62.70118949689521,55.33
2026-09-05,17,74.58960709727972,51.45
2026-09-05,18,80.1884123265746,52.42
2026-09-05,19,60.03439255907091,51.31
2026-09-05,20,40.16253513217393,50.01
2026-09-05,21,87.22194416590543,52.69
2026-09-05,22,62.32990697782158,52.39
2026-09-05,23,50.73582106312651,54.89
2026-09-05,24,35.17327457539017,56.19
2026-09-05,25,68.36056243208867,60.06
2026-09-05,26,98.5389498519966,57.4
2026-09-05,27,75.45542821526138,55.01
2026-09-05,28,63.92871198669991,54.82
2026-09-05,29,83.0264282950569,65.76
2026-09-05,30,74.08799476060273,66.73
2026-09-05,31,84.98937322181979,60.05
2026-09-05,32,107.07068417173868,52.51
2026-09-05,33,111.61438017049431,61.77
2026-09-05,34,110.0976131959364,50.01
2026-09-05,35,62.50808338809213,30.0
2026-09-05,36,26.036345084191808,7.76
2026-09-05,37,57.56203713871214,4.16
2026-09-05,38,32.99654806627099,0.0
2026-09-05,39,32.86723993012221,-0.01
2026-09-05,40,28.48199041582989,-0.11
2026-09-05,41,34.69708472683344,-0.04
2026-09-05,42,-21.15392699722688,-0.13
2026-09-05,43,-66.18290257723919,-1.0
2026-09-05,44,-48.37631728056381,-2.02
2026-09-05,45,-55.63074447231882,-3.02
2026-09-05,46,-41.10640071805465,-4.92
2026-09-05,47,-19.939396698011315,-4.99
2026-09-05,48,-8.267008099405732,-6.81
2026-09-05,49,-10.272609350373704,-6.74
2026-09-05,50,-18.65168961713384,-7.99
2026-09-05,51,-17.595602944805787,-8.94
2026-09-05,52,-15.56977544620031,-12.18
2026-09-05,53,-15.611129193153136,-15.0
2026-09-05,54,-13.399594428025242,-16.61
2026-09-05,55,-9.96207653984394,-19.0
2026-09-05,56,-7.989067969006943,-19.0
2026-09-05,57,-11.126618684505512,-19.0
2026-09-05,58,-7.601647767549362,-19.0
2026-09-05,59,-9.868343702901749,-19.0
2026-09-05,60,-12.841346104140692,-18.98
2026-09-05,61,-8.360503549944127,-15.0
2026-09-05,62,-12.721913619106608,-10.0
2026-09-05,63,-17.52470091777466,-8.0
2026-09-05,64,-26.70232192884096,-7.0
2026-09-05,65,-26.57929551577365,-5.66
2026-09-05,66,-49.145971864717225,-4.74
2026-09-05,67,-94.15838233480676,-2.02
2026-09-05,68,-56.68287101395849,-1.0
2026-09-05,69,-121.65212683055478,-0.13
2026-09-05,70,-62.75070549002744,-0.01
2026-09-05,71,9.772598113845774,0.0
2026-09-05,72,133.8487801219412,0.01
2026-09-05,73,57.462680789627925,0.06
2026-09-05,74,134.86467466128886,33.44
2026-09-05,75,149.20415201043974,46.19
2026-09-05,76,147.56719779097205,76.83
2026-09-05,77,129.1219979513595,87.2
2026-09-05,78,127.79933669658652,103.34
2026-09-05,79,123.58768233049852,105.51
2026-09-05,80,108.44718970737532,114.91
2026-09-05,81,135.51296421554022,115.25
2026-09-05,82,130.99225704230176,115.66
2026-09-05,83,129.89378725594673,118.15
2026-09-05,84,143.15302056326996,114.91
2026-09-05,85,147.4553128223466,115.31
2026-09-05,86,150.86314349034328,111.71
2026-09-05,87,144.95568360997405,107.78
2026-09-05,88,143.82868726951577,104.81
2026-09-05,89,153.18350621915366,110.79
2026-09-05,90,144.390301342718,109.21
2026-09-05,91,150.29869604709748,106.69
2026-09-05,92,135.5491130958137,104.72
2026-09-05,93,141.1949746956183,101.63
2026-09-05,94,126.59324087234012,99.61
2026-09-05,95,126.13339454239426,102.84
2026-09-05,96,127.95057663850376,99.75
2026-09-06,1,105.14038107271556,137.91
2026-09-06,2,101.80455389053546,134.93
2026-09-06,3,91.25908696949624,128.97
2026-09-06,4,79.89794589682279,111.09
2026-09-06,5,89.35570169266487,129.99
2026-09-06,6,89.09178514974272,121.01
2026-09-06,7,91.54308643486615,124.7
2026-09-06,8,90.3796494147341,129.67
2026-09-06,9,82.72332285423805,136.79
2026-09-06,10,83.05426567505602,137.11
2026-09-06,11,87.38130316080603,135.83
2026-09-06,12,91.45951302240373,132.01
2026-09-06,13,82.94213433423063,136.89
2026-09-06,14,89.77492009589216,135.24
2026-09-06,15,91.53714207769198,134.78
2026-09-06,16,90.34421545418148,134.99
2026-09-06,17,90.20414580891486,138.84
2026-09-06,18,93.66562029181998,140.0
2026-09-06,19,100.2373790514462,142.26
2026-09-06,20,110.63473102016545,145.0
2026-09-06,21,104.67261609355371,140.0
2026-09-06,22,115.01730777975858,140.97
2026-09-06,23,118.7912244802683,145.39
2026-09-06,24,126.42630152901378,143.77
2026-09-06,25,122.3615085768399,142.19
2026-09-06,26,123.47952949580238,144.27
2026-09-06,27,108.0574896439897,144.73
2026-09-06,28,109.98392777558118,141.77
2026-09-06,29,93.08699952651996,144.18
2026-09-06,30,108.81299185335476,138.41
2026-09-06,31,128.232158572755,129.9
2026-09-06,32,115.01149034897736,119.91
2026-09-06,33,99.45897941132216,137.76
2026-09-06,34,93.37544487970946,123.48
2026-09-06,35,68.33274906109502,97.95
2026-09-06,36,47.08160261267746,79.12
2026-09-06,37,65.39138587911948,77.82
2026-09-06,38,75.93159085995168,53.4
2026-09-06,39,66.6375463111335,10.29
2026-09-06,40,69.57784871265638,5.74
2026-09-06,41,50.82325436892738,1.74
2026-09-06,42,68.31374236978866,0.28
2026-09-06,43,66.25546194357742,0.01
2026-09-06,44,54.38364852254094,0.0
2026-09-06,45,34.347099048334606,0.0
2026-09-06,46,58.72000336140373,0.0
2026-09-06,47,46.361499480435626,-0.01
2026-09-06,48,33.82405448347963,-0.13
2026-09-06,49,39.966891683153165,-0.49
2026-09-06,50,26.040026179171164,-1.19
2026-09-06,51,21.92451429230056,-1.3
2026-09-06,52,14.078630610024632,-1.48
2026-09-06,53,15.728005292441637,-1.63
2026-09-06,54,5.500393171815068,-1.81
2026-09-06,55,2.0911441426703288,-1.74
2026-09-06,56,13.851689906421107,-1.35
2026-09-06,57,4.358252042711793,-1.46
2026-09-06,58,12.005075650922052,-1.0
2026-09-06,59,19.993759532453502,-0.1
2026-09-06,60,17.93758904209801,-0.06
2026-09-06,61,19.1460571404438,-0.02
2026-09-06,62,-2.5995715166822926,-0.01
2026-09-06,63,-1.2195370760798667,0.0
2026-09-06,64,7.547491000151307,0.01
2026-09-06,65,2.6597895131091995,0.01
2026-09-06,66,6.067882460482963,1.94
2026-09-06,67,52.47321634578325,20.0
2026-09-06,68,93.7176087636967,57.83
2026-09-06,69,96.12463758450536,57.23
2026-09-06,70,123.95156730446708,92.4
2026-09-06,71,114.97643929976826,150.74
2026-09-06,72,128.08146012058577,192.31
2026-09-06,73,125.87995052404764,154.52
2026-09-06,74,153.34821342817514,181.83
2026-09-06,75,154.0377114112177,205.87
2026-09-06,76,180.34480569033792,234.2
2026-09-06,77,208.8288065859689,199.96
2026-09-06,78,215.03059186243587,221.99
2026-09-06,79,186.56837820530475,225.53
2026-09-06,80,279.3143526358826,240.47
2026-09-06,81,193.2104790944333,224.99
2026-09-06,82,188.5246522225766,228.57
2026-09-06,83,190.754952797682,235.06
2026-09-06,84,196.9748309308427,222.0
2026-09-06,85,192.78568744235568,230.95
2026-09-06,86,187.17408880017905,207.44
2026-09-06,87,173.45383589009649,200.0
2026-09-06,88,168.35538705318984,186.23
2026-09-06,89,178.0469309378244,203.97
2026-09-06,90,168.14209176670298,191.26
2026-09-06,91,164.87718579770797,185.8
2026-09-06,92,159.2453035712646,176.51
2026-09-06,93,162.53944151564448,182.34
2026-09-06,94,154.69343322210102,171.84
2026-09-06,95,151.34179157132226,170.43
2026-09-06,96,145.9558009114068,153.72
2026-09-07,1,170.69899000276115,169.99
2026-09-07,2,160.36420487923647,156.71
2026-09-07,3,156.68612998444047,149.59
2026-09-07,4,148.69110109249152,145.72
2026-09-07,5,157.77199241570958,157.22
2026-09-07,6,152.37255574495794,150.11
2026-09-07,7,150.17688140110417,149.43
2026-09-07,8,146.2018093076749,146.67
2026-09-07,9,148.7788319925079,149.07
2026-09-07,10,145.91784201823813,149.01
2026-09-07,11,143.27239703036082,148.34
2026-09-07,12,141.1346371594246,146.85
2026-09-07,13,140.84437703237035,150.43
2026-09-07,14,140.55829967177814,147.39
2026-09-07,15,139.0429906692364,147.36
2026-09-07,16,139.2379575098275,147.67
2026-09-07,17,137.5522705992978,147.59
2026-09-07,18,138.78153837143265,149.44
2026-09-07,19,140.5240141875534,150.73
2026-09-07,20,144.0702868735847,159.61
2026-09-07,21,140.8665576093752,154.8
2026-09-07,22,145.48488671822736,165.06
2026-09-07,23,153.55211964278158,178.47
2026-09-07,24,168.48431754319822,193.15
2026-09-07,25,167.24451859772273,194.31
2026-09-07,26,178.96158283802362,205.99
2026-09-07,27,183.98516989123485,211.67
2026-09-07,28,190.66190676163,217.93
2026-09-07,29,182.2789566741419,220.52
2026-09-07,30,195.2884036196615,224.05
2026-09-07,31,186.02532993757,222.12
2026-09-07,32,181.80045604622225,214.76
2026-09-07,33,203.45312457493176,230.04
2026-09-07,34,178.81661954813944,219.95
2026-09-07,35,171.86926204938328,206.24
2026-09-07,36,154.52340048480264,193.0
2026-09-07,37,169.97133103794184,208.65
2026-09-07,38,149.4088598249446,198.7
2026-09-07,39,137.25040801725572,164.63
2026-09-07,40,114.47985781010378,149.2
2026-09-07,41,133.92930044820702,161.55
2026-09-07,42,115.80669417281028,152.78
2026-09-07,43,94.57022139467574,141.4
2026-09-07,44,76.99100602148853,124.35
2026-09-07,45,86.62194791151543,144.03
2026-09-07,46,69.23670498964142,125.66
2026-09-07,47,54.89998488684007,109.08
2026-09-07,48,31.94455564499185,101.34
2026-09-07,49,38.06053527473017,107.13
2026-09-07,50,26.89890194573321,93.86
2026-09-07,51,21.04785218432464,67.51
2026-09-07,52,17.82092371965716,50.01
2026-09-07,53,20.7183505691829,60.42
2026-09-07,54,20.005735514259268,44.21
2026-09-07,55,12.953570021372022,37.27
2026-09-07,56,17.36386894796204,24.63
2026-09-07,57,38.66570124812016,30.59
2026-09-07,58,25.39229924358523,30.73
2026-09-07,59,11.926844713647736,30.75
2026-09-07,60,5.686589140140036,34.44
2026-09-07,61,12.06265024803752,38.93
2026-09-07,62,30.65427757251928,54.02
2026-09-07,63,45.58714903343229,75.15
2026-09-07,64,58.86358475184291,84.5
2026-09-07,65,57.36038805648599,58.54
2026-09-07,66,85.29242280324665,91.77
2026-09-07,67,99.5076468014686,126.18
2026-09-07,68,115.45879237819832,155.9
2026-09-07,69,94.8365644069481,115.17
2026-09-07,70,132.01815284399618,148.22
2026-09-07,71,151.15872205862738,171.0
2026-09-07,72,179.1026285461566,211.79
2026-09-07,73,161.37027866773337,174.05
2026-09-07,74,209.3178108354465,192.26
2026-09-07,75,201.8835236393074,206.0
2026-09-07,76,280.82542439540725,252.97
2026-09-07,77,236.84810157143576,221.99
2026-09-07,78,216.3135094403368,236.38
2026-09-07,79,233.89580824370373,253.66
2026-09-07,80,249.21748266148865,248.16
2026-09-07,81,212.0605777858442,229.04
2026-09-07,82,216.12000121735767,235.0
2026-09-07,83,248.3020574125136,240.58
2026-09-07,84,223.4141123864347,227.45
2026-09-07,85,227.6114638408665,234.07
2026-09-07,86,208.28656640360973,207.99
2026-09-07,87,200.11954112649727,198.52
2026-09-07,88,184.3964022285534,180.07
2026-09-07,89,195.1644197286609,194.52
2026-09-07,90,183.6803428492496,188.36
2026-09-07,91,182.92765720718484,185.58
2026-09-07,92,173.3055571592,180.0
2026-09-07,93,173.0433936326649,179.98
2026-09-07,94,165.6746313747061,171.79
2026-09-07,95,174.90497620511965,169.45
2026-09-07,96,152.93538309055404,161.59
2026-09-08,1,175.14229196807332,205.99
2026-09-08,2,167.31987767880094,176.28
2026-09-08,3,160.88457459672264,167.94
2026-09-08,4,152.0199243426312,164.51
2026-09-08,5,161.48297924634815,175.18
2026-09-08,6,156.338863329509,168.04
2026-09-08,7,156.92206480464114,166.24
2026-09-08,8,151.59743275825642,160.31
2026-09-08,9,153.13853691636754,157.19
2026-09-08,10,148.99657592300397,154.88
2026-09-08,11,146.69057096434906,155.48
2026-09-08,12,144.89034110897006,155.34
2026-09-08,13,146.35106125997518,151.3
2026-09-08,14,144.71897808146178,153.05
2026-09-08,15,144.64840390068812,152.59
2026-09-08,16,143.96795081851673,152.77
2026-09-08,17,143.91394109546147,151.47
2026-09-08,18,145.3914806512799,152.27
2026-09-08,19,146.4132001771439,153.16
2026-09-08,20,150.07904358600834,151.0
2026-09-08,21,149.09884988483358,154.02
2026-09-08,22,153.77604203546898,158.86
2026-09-08,23,163.06464797183625,168.81
2026-09-08,24,176.38469699124363,187.82
2026-09-08,25,177.8819638055925,186.85
2026-09-08,26,197.8815421422004,202.8
2026-09-08,27,200.93243609723044,210.0
2026-09-08,28,201.8422160424253,212.51
2026-09-08,29,209.9992236934936,244.43
2026-09-08,30,207.1916171086031,228.33
2026-09-08,31,198.68282471482505,216.47
2026-09-08,32,196.6721909390461,212.47
2026-09-08,33,223.70266234290827,230.01
2026-09-08,34,220.97508890340657,215.61
2026-09-08,35,217.6053019530245,199.98
2026-09-08,36,199.78784774001423,157.34
2026-09-08,37,240.4193053650339,199.88
2026-09-08,38,193.2785834839892,167.36
2026-09-08,39,178.11113065573812,138.54
2026-09-08,40,156.4073098618572,105.14
2026-09-08,41,173.14539944659083,149.48
2026-09-08,42,157.23252322203678,129.98
2026-09-08,43,138.23677536743168,99.48
2026-09-08,44,125.75829532053164,50.0
2026-09-08,45,146.59494383116572,95.44
2026-09-08,46,124.3269774859989,67.56
2026-09-08,47,84.26638109444305,44.59
2026-09-08,48,86.93415734692553,21.36
2026-09-08,49,88.46565668834673,30.0
2026-09-08,50,81.2233327236615,23.19
2026-09-08,51,63.45986015194137,10.06
2026-09-08,52,54.35244189962928,3.95
2026-09-08,53,54.84159408083494,7.82
2026-09-08,54,49.82326650799877,0.09
2026-09-08,55,54.64186774434757,0.02
2026-09-08,56,38.60392529176716,0.01
2026-09-08,57,42.3301893403418,0.01
2026-09-08,58,49.29920775025404,0.01
2026-09-08,59,65.07726938734373,0.03
2026-09-08,60,72.90810200225211,6.53
2026-09-08,61,61.426464484493046,14.97
2026-09-08,62,81.32356372279501,32.28
2026-09-08,63,89.02319173325685,66.02
2026-09-08,64,95.89062536332398,81.26
2026-09-08,65,83.96707595609243,15.43
2026-09-08,66,114.94669708153177,50.0
2026-09-08,67,142.12417627941417,109.27
2026-09-08,68,163.32429952407034,139.8
2026-09-08,69,155.20672306159366,110.2
2026-09-08,70,161.06477755584115,144.49
2026-09-08,71,179.44601644103315,171.67
2026-09-08,72,198.2114856062372,210.11
2026-09-08,73,174.59375216716558,157.42
2026-09-08,74,195.30693446632463,199.94
2026-09-08,75,217.20877763966288,209.0
2026-09-08,76,215.45906052901296,235.96
2026-09-08,77,211.53791775116773,213.0
2026-09-08,78,221.00437554923968,229.32
2026-09-08,79,227.4585051206355,254.26
2026-09-08,80,240.7880706781341,266.45
2026-09-08,81,214.84499175473965,271.63
2026-09-08,82,217.02219073771263,266.83
2026-09-08,83,226.29352141709265,255.57
2026-09-08,84,223.86583366708504,235.31
2026-09-08,85,219.93505207962264,245.31
2026-09-08,86,211.33531844473336,221.84
2026-09-08,87,207.6638812041579,211.61
2026-09-08,88,191.85184688212613,197.0
2026-09-08,89,203.1110800104055,206.91
2026-09-08,90,189.97190788931368,197.09
2026-09-08,91,207.3654753980232,194.25
2026-09-08,92,195.44585379048303,185.77
2026-09-08,93,182.1151248077919,191.0
2026-09-08,94,189.6900562079761,180.44
2026-09-08,95,178.73736764090526,177.02
2026-09-08,96,162.26151437151,161.33
2026-09-09,1,177.3514131439618,150.34
2026-09-09,2,166.70010510594705,151.09
2026-09-09,3,161.54263634222548,150.92
2026-09-09,4,157.2618220020449,147.48
2026-09-09,5,164.51270310896265,152.62
2026-09-09,6,159.96743617827264,146.63
2026-09-09,7,158.9388607796273,143.25
2026-09-09,8,150.56841321755084,140.79
2026-09-09,9,154.18884584554476,146.76
2026-09-09,10,151.14181072366728,145.21
2026-09-09,11,146.3499615874846,142.41
2026-09-09,12,143.0931027778267,138.97
2026-09-09,13,145.85102196730267,144.03
2026-09-09,14,142.97940771904243,138.76
2026-09-09,15,141.2965896948142,138.11
2026-09-09,16,140.36366168270146,137.01
2026-09-09,17,139.44601160849763,138.46
2026-09-09,18,140.36577865432088,137.92
2026-09-09,19,141.81659861367336,137.41
2026-09-09,20,144.35556652616984,137.65
2026-09-09,21,142.6715456614332,136.91
2026-09-09,22,148.11405389242728,138.57
2026-09-09,23,159.22852349900086,144.07
2026-09-09,24,171.18492770482047,149.94
2026-09-09,25,175.5770279178288,154.12
2026-09-09,26,191.2308654090857,174.92
2026-09-09,27,198.75966246449903,178.94
2026-09-09,28,201.77866707844328,188.04
2026-09-09,29,203.9416291821992,201.75
2026-09-09,30,215.4248132595512,200.21
2026-09-09,31,207.48409465040444,199.92
2026-09-09,32,195.9709990897178,197.18
2026-09-09,33,222.0235600649524,220.07
2026-09-09,34,217.2013006094872,202.0
2026-09-09,35,200.593642632021,196.01
2026-09-09,36,191.4613157471528,173.85
2026-09-09,37,199.43001010070333,195.0
2026-09-09,38,190.00254675611103,163.76
2026-09-09,39,167.9192885338418,148.21
2026-09-09,40,153.35830231386285,135.06
2026-09-09,41,162.9276032460827,137.55
2026-09-09,42,161.00796721699194,132.12
2026-09-09,43,170.02017494666853,123.27
2026-09-09,44,111.54625509888918,100.61
2026-09-09,45,140.36447129252306,123.16
2026-09-09,46,105.3819248677016,108.99
2026-09-09,47,109.29729309423432,92.16
2026-09-09,48,124.75063910170287,79.98
2026-09-09,49,113.68318718460674,108.56
2026-09-09,50,75.22619870343324,87.89
2026-09-09,51,70.51177325593515,83.47
2026-09-09,52,72.92076224374529,72.24
2026-09-09,53,101.56284742572151,79.59
2026-09-09,54,78.08514011242389,70.35
2026-09-09,55,69.80390481100889,62.04
2026-09-09,56,54.74823011608024,56.34
2026-09-09,57,82.9065373769962,60.85
2026-09-09,58,58.40536783323404,62.65
2026-09-09,59,66.1028141941691,60.45
2026-09-09,60,75.11054496743982,62.33
2026-09-09,61,58.1490524848141,60.42
2026-09-09,62,72.40752547539643,69.59
2026-09-09,63,74.02626349305869,78.26
2026-09-09,64,89.86467084223462,83.48
2026-09-09,65,76.87211028722729,64.69
2026-09-09,66,92.82954732046574,82.99
2026-09-09,67,103.62197419094764,111.51
2026-09-09,68,115.42232841372876,123.21
2026-09-09,69,102.48341943932272,106.31
2026-09-09,70,127.99325219332056,129.12
2026-09-09,71,148.0861704411635,140.54
2026-09-09,72,167.2146340582571,152.26
2026-09-09,73,145.33625190674846,138.21
2026-09-09,74,165.59938245325395,167.25
2026-09-09,75,178.41260871416716,187.65
2026-09-09,76,193.2629094063629,201.63
2026-09-09,77,177.75152040974058,197.52
2026-09-09,78,190.4403734266114,202.25
2026-09-09,79,205.761036087458,202.08
2026-09-09,80,222.91861750479444,206.29
2026-09-09,81,200.0139566454424,202.57
2026-09-09,82,207.45730712809444,200.8
2026-09-09,83,206.12468825953704,202.26
2026-09-09,84,203.2780927717509,203.8
2026-09-09,85,205.91510955905213,204.92
2026-09-09,86,195.2610272392318,198.0
2026-09-09,87,188.9029435140339,195.76
2026-09-09,88,176.84408692941582,187.37
2026-09-09,89,184.30102653392163,190.05
2026-09-09,90,176.27101685426297,175.81
2026-09-09,91,174.29385974685158,171.66
2026-09-09,92,171.05273651755792,162.42
2026-09-09,93,169.8050774849703,168.0
2026-09-09,94,162.91975211302798,155.4
2026-09-09,95,164.20605661730053,148.76
2026-09-09,96,150.08786863468555,140.85
2026-09-10,1,161.85934995315918,172.77
2026-09-10,2,153.42829323197964,160.0
2026-09-10,3,146.4898796940534,154.33
2026-09-10,4,142.18251524499095,153.62
2026-09-10,5,149.6771309659351,154.46
2026-09-10,6,143.80419395003645,159.26
2026-09-10,7,143.69728745533672,158.09
2026-09-10,8,138.14614478362694,157.58
2026-09-10,9,141.48930427376624,157.27
2026-09-10,10,138.51092899120133,156.21
2026-09-10,11,137.8200661844975,162.08
2026-09-10,12,135.1180953479845,162.37
2026-09-10,13,134.73360588621694,162.09
2026-09-10,14,133.69789452022837,163.29
2026-09-10,15,133.80938416515167,160.84
2026-09-10,16,134.69392859130022,163.3
2026-09-10,17,133.75652981016316,163.29
2026-09-10,18,136.83896614453212,165.99
2026-09-10,19,140.78021238797697,171.36
2026-09-10,20,144.63716048673976,177.96
2026-09-10,21,144.14469859859037,170.24
2026-09-10,22,149.2810097391408,177.14
2026-09-10,23,164.2644756347281,187.35
2026-09-10,24,171.5815563448115,200.93
2026-09-10,25,172.21638650213148,192.14
2026-09-10,26,215.3147523591917,206.18
2026-09-10,27,212.58008654185656,218.27
2026-09-10,28,211.10070264265963,226.77
2026-09-10,29,203.9699716317808,226.79
2026-09-10,30,210.12976118676715,234.0
2026-09-10,31,199.38349565837385,236.99
2026-09-10,32,218.7575001714355,229.94
2026-09-10,33,226.7878612530681,248.93
2026-09-10,34,246.457707529816,227.5
2026-09-10,35,199.47391023662965,216.08
2026-09-10,36,165.27810458776383,195.67
2026-09-10,37,198.34947622094265,215.99
2026-09-10,38,166.17806991108392,195.01
2026-09-10,39,167.04625803922508,173.82
2026-09-10,40,169.1040794153905,155.09
2026-09-10,41,198.46866634006847,174.91
2026-09-10,42,253.27318263106417,151.1
2026-09-10,43,221.4917578780598,137.25
2026-09-10,44,148.12090484107978,122.2
2026-09-10,45,190.7342742223728,131.54
2026-09-10,46,127.52762896264171,117.81
2026-09-10,47,122.10502635477862,99.16
2026-09-10,48,112.36061651562696,73.77
2026-09-10,49,176.85145590823106,90.0
2026-09-10,50,83.7580562769109,75.98
2026-09-10,51,288.1031732546607,74.57
2026-09-10,52,293.4364585410473,66.02
2026-09-10,53,317.82524040199564,69.38
2026-09-10,54,438.1765244365057,62.38
2026-09-10,55,159.84663561814688,63.46
2026-09-10,56,98.06567079599064,69.34
2026-09-10,57,138.50031703106018,77.66
2026-09-10,58,130.65547622626377,89.36
2026-09-10,59,149.25477401012907,96.26
2026-09-10,60,271.22702555612165,103.76
2026-09-10,61,193.2754009233365,101.36
2026-09-10,62,245.16618311167537,112.92
2026-09-10,63,223.1104829371085,123.88
2026-09-10,64,197.3831310014461,132.54
2026-09-10,65,150.7681390314933,111.19
2026-09-10,66,142.7911402618323,143.2
2026-09-10,67,177.2383496191161,162.02
2026-09-10,68,208.72262082382,181.78
2026-09-10,69,197.54485380177368,154.76
2026-09-10,70,235.1870997871088,184.41
2026-09-10,71,324.97080311880336,196.8
2026-09-10,72,282.17036474148074,215.62
2026-09-10,73,272.85552035389,204.41
2026-09-10,74,250.00122067410584,238.38
2026-09-10,75,251.935374711078,255.2
2026-09-10,76,237.95262017245744,302.01
2026-09-10,77,242.37554799019125,354.24
2026-09-10,78,273.02195658466854,401.56
2026-09-10,79,263.52681097095217,502.54
2026-09-10,80,267.5438316909639,585.1
2026-09-10,81,257.0289331447092,578.76
2026-09-10,82,268.1404873288693,471.93
2026-09-10,83,261.72665393181614,366.57
2026-09-10,84,234.63174529110816,300.06
2026-09-10,85,229.22723309208305,271.39
2026-09-10,86,223.1058768818223,268.06
2026-09-10,87,213.4576312751751,241.43
2026-09-10,88,203.7684438305293,238.01
2026-09-10,89,211.00307523230688,239.7
2026-09-10,90,222.6797453224931,226.41
2026-09-10,91,204.7295769941172,222.95
2026-09-10,92,188.95202023222177,211.3
2026-09-10,93,187.992410952984,218.15
2026-09-10,94,177.9321363801053,210.54
2026-09-10,95,171.47493663175018,197.59
2026-09-10,96,164.8175651197978,171.33
2026-09-11,1,193.0698705864224,183.77
2026-09-11,2,180.2636203272388,186.09
2026-09-11,3,173.90128398135755,186.74
2026-09-11,4,169.23980657503904,180.73
2026-09-11,5,175.52201875221388,196.82
2026-09-11,6,170.4479037369206,178.05
2026-09-11,7,168.45971182285348,175.47
2026-09-11,8,161.39662905522383,172.53
2026-09-11,9,164.11183515925197,175.09
2026-09-11,10,161.26769695511027,172.37
2026-09-11,11,160.27327919889171,169.84
2026-09-11,12,156.15032285505097,168.31
2026-09-11,13,157.40221106045647,165.95
2026-09-11,14,155.93611154010614,163.53
2026-09-11,15,155.47441278411057,165.3
2026-09-11,16,154.97741266459258,163.75
2026-09-11,17,154.99522127576145,165.79
2026-09-11,18,155.95618614234144,167.12
2026-09-11,19,156.6096264172722,167.32
2026-09-11,20,161.66970280667243,168.53
2026-09-11,21,162.1140220594397,170.47
2026-09-11,22,163.94503098013567,173.85
2026-09-11,23,168.2993045335208,176.44
2026-09-11,24,184.8106428433459,183.4
2026-09-11,25,200.0589388020861,190.83
2026-09-11,26,211.5946364940476,200.27
2026-09-11,27,215.92560991428823,206.46
2026-09-11,28,205.43383044913145,213.49
2026-09-11,29,205.4847189107593,221.67
2026-09-11,30,218.28813618882825,223.94
2026-09-11,31,212.7766928440748,224.34
2026-09-11,32,211.56560353575333,222.52
2026-09-11,33,200.56850934050345,233.43
2026-09-11,34,210.42987201142583,223.82
2026-09-11,35,191.06647622844463,213.25
2026-09-11,36,172.67443229448045,186.31
2026-09-11,37,193.9449178123492,204.75
2026-09-11,38,177.0912773392575,200.49
2026-09-11,39,175.008843537133,191.95
2026-09-11,40,151.10465224694968,180.75
2026-09-11,41,191.78063903433863,204.6
2026-09-11,42,150.6583116253856,175.08
2026-09-11,43,140.53859959203686,169.13
2026-09-11,44,129.22527009401057,164.05
2026-09-11,45,145.91949674300005,157.73
2026-09-11,46,126.41812539404816,151.08
2026-09-11,47,104.4785031196913,143.84
2026-09-11,48,89.60241598628195,136.81
2026-09-11,49,106.7403729059462,137.2
2026-09-11,50,105.94319654115898,124.01
2026-09-11,51,95.8524464334957,130.17
2026-09-11,52,100.0618962730793,137.2
2026-09-11,53,137.6959982014825,121.92
2026-09-11,54,130.85413210987517,129.24
2026-09-11,55,142.21054884448282,135.0
2026-09-11,56,132.2693045334717,139.88
2026-09-11,57,109.34243331989082,138.18
2026-09-11,58,103.30154282847109,145.02
2026-09-11,59,112.5372214118112,149.1
2026-09-11,60,136.53910376369706,153.55
2026-09-11,61,118.58891837034017,150.0
2026-09-11,62,531.3246850219923,153.59
2026-09-11,63,409.839047692608,158.37
2026-09-11,64,124.91104204547638,172.6
2026-09-11,65,113.70913538144796,157.43
2026-09-11,66,141.79921800565643,175.28
2026-09-11,67,181.0605170080915,192.0
2026-09-11,68,180.6614348602645,201.9
2026-09-11,69,157.14014711370345,181.52
2026-09-11,70,166.7531927937824,205.93
2026-09-11,71,180.07756850929542,216.99
2026-09-11,72,294.5251757214494,233.01
2026-09-11,73,185.0221943424065,216.99
2026-09-11,74,221.2895181040667,238.03
2026-09-11,75,228.4104279212002,260.78
2026-09-11,76,238.5861324879864,278.16
2026-09-11,77,237.8416184202733,288.88
2026-09-11,78,246.3611224929279,299.67
2026-09-11,79,275.96431889965703,321.55
2026-09-11,80,309.76799381496824,326.46
2026-09-11,81,271.8206720690005,315.61
2026-09-11,82,261.7835803180105,294.94
2026-09-11,83,262.5433233460676,277.21
2026-09-11,84,247.65918707202587,267.9
2026-09-11,85,245.97352544498227,270.29
2026-09-11,86,227.0618476283329,245.22
2026-09-11,87,224.1277409270322,236.0
2026-09-11,88,200.8254825576577,228.79
2026-09-11,89,207.1408866423692,234.01
2026-09-11,90,190.38838424623825,225.01
2026-09-11,91,189.86762376161963,222.31
2026-09-11,92,184.74535991937256,218.53
2026-09-11,93,185.4184256808829,217.0
2026-09-11,94,177.69007507330025,207.0
2026-09-11,95,181.47154011065464,202.41
2026-09-11,96,162.6274530376494,192.02
2026-09-12,1,201.1846327053034,212.04
2026-09-12,2,188.20286634805703,206.52
2026-09-12,3,180.19528336303992,203.68
2026-09-12,4,173.91850112227672,198.88
2026-09-12,5,178.6888026404301,205.88
2026-09-12,6,173.45181531100363,199.05
2026-09-12,7,168.7697286869676,197.21
2026-09-12,8,162.5255252969723,194.0
2026-09-12,9,163.76298040782706,197.97
2026-09-12,10,162.4430984439972,198.57
2026-09-12,11,163.02215953978657,195.0
2026-09-12,12,161.31787653696787,194.0
2026-09-12,13,162.22885757752098,190.18
2026-09-12,14,162.9130063373783,189.82
2026-09-12,15,162.12180077684098,188.6
2026-09-12,16,161.34707914033393,188.6
2026-09-12,17,161.09739050335918,184.5
2026-09-12,18,159.2558459483837,182.43
2026-09-12,19,158.90289903232852,185.0
2026-09-12,20,158.32977907770044,185.0
2026-09-12,21,160.33357144183947,184.5
2026-09-12,22,159.61137668662508,185.2
2026-09-12,23,155.2470780362124,186.37
2026-09-12,24,158.36785569695692,190.73
2026-09-12,25,169.9797599664867,190.15
2026-09-12,26,170.4116387031046,192.74
2026-09-12,27,164.99832569189223,196.8
2026-09-12,28,163.69612042933417,193.07
2026-09-12,29,174.43795589668406,199.88
2026-09-12,30,163.97577584040016,196.7
2026-09-12,31,164.22443510705034,191.12
2026-09-12,32,159.19368120857848,186.8
2026-09-12,33,172.2986173918477,200.75
2026-09-12,34,164.4722440038636,188.62
2026-09-12,35,152.55861690204438,161.01
2026-09-12,36,131.76719145788857,144.94
2026-09-12,37,152.61916236537982,182.81
2026-09-12,38,137.15155326342818,150.39
2026-09-12,39,122.0302060117488,131.71
2026-09-12,40,109.62910318631468,108.19
2026-09-12,41,127.17581910967134,122.71
2026-09-12,42,114.8268717912508,105.77
2026-09-12,43,88.66761956985279,85.0
2026-09-12,44,76.44258238349144,43.36
2026-09-12,45,84.45960195713874,65.89
2026-09-12,46,71.626897124125,42.8
2026-09-12,47,58.9953058514003,16.84
2026-09-12,48,33.30346321521106,5.86
2026-09-12,49,40.6561239990408,4.04
2026-09-12,50,35.81610728203542,0.0
2026-09-12,51,29.92646881024177,-0.01
2026-09-12,52,24.06267097904612,-0.02
2026-09-12,53,26.968888506333634,-0.01
2026-09-12,54,30.008187459175883,-0.05
2026-09-12,55,31.68849204069444,-0.05
2026-09-12,56,26.57572718401529,-0.09
2026-09-12,57,21.311928161110856,-0.48
2026-09-12,58,28.95751737449034,-0.19
2026-09-12,59,46.54262752338947,-0.13
2026-09-12,60,64.02580648736563,-0.17
2026-09-12,61,64.25429413766334,-0.01
2026-09-12,62,90.45910035465718,0.0
2026-09-12,63,86.81577133217291,0.0
2026-09-12,64,95.9659692110844,2.91
2026-09-12,65,86.22542284751918,0.01
2026-09-12,66,108.74796135515228,7.17
2026-09-12,67,126.23109304110834,43.29
2026-09-12,68,133.76983185848428,87.29
2026-09-12,69,125.68131838520596,83.4
2026-09-12,70,127.16250122463812,114.22
2026-09-12,71,141.1754038310851,126.78
2026-09-12,72,167.77265036829093,150.4
2026-09-12,73,148.5202542928804,145.35
2026-09-12,74,171.9571025085149,180.12
2026-09-12,75,194.2291371037869,191.46
2026-09-12,76,195.9338262189952,194.83
2026-09-12,77,197.78429048779245,194.44
2026-09-12,78,202.82290517431315,204.81
2026-09-12,79,216.03200832245847,204.46
2026-09-12,80,231.3596897589616,210.24
2026-09-12,81,217.6965677152894,210.99
2026-09-12,82,218.14045082843657,211.17
2026-09-12,83,217.11896431697025,210.92
2026-09-12,84,215.33878073634835,207.69
2026-09-12,85,218.9690830520839,210.75
2026-09-12,86,197.117364014985,204.94
2026-09-12,87,186.8304280078959,201.06
2026-09-12,88,180.5000918883156,191.74
2026-09-12,89,190.1074527179848,199.35
2026-09-12,90,180.9031074521837,191.77
2026-09-12,91,179.80583160255333,189.05
2026-09-12,92,175.32573172457208,183.73
2026-09-12,93,182.1850519493084,191.46
2026-09-12,94,173.59108771888708,186.02
2026-09-12,95,170.8424773909959,182.21
2026-09-12,96,154.0736577964814,179.55
2026-09-13,1,176.9102069397703,177.83
2026-09-13,2,165.1539082151536,177.83
2026-09-13,3,161.7755193733055,177.83
2026-09-13,4,154.5791043450601,177.83
2026-09-13,5,160.2737184277828,167.6
2026-09-13,6,155.44109848195518,167.6
2026-09-13,7,150.22111602787908,167.6
2026-09-13,8,145.77996983354393,167.6
2026-09-13,9,148.6689506559917,163.03
2026-09-13,10,147.73599533728668,163.03
2026-09-13,11,144.93534580674395,163.03
2026-09-13,12,142.73930121126983,163.03
2026-09-13,13,144.87547366063055,161.73
2026-09-13,14,144.06304076217418,161.73
2026-09-13,15,143.87895206426617,161.73
2026-09-13,16,143.22523079944358,161.73
2026-09-13,17,141.68420808250676,164.06
2026-09-13,18,142.42021667482874,164.06
2026-09-13,19,142.43438295587717,164.06
2026-09-13,20,145.16317590634938,164.06
2026-09-13,21,144.98210573047885,168.03
2026-09-13,22,145.93177727332272,168.03
2026-09-13,23,148.21668670952366,168.03
2026-09-13,24,156.64252862026365,168.03
2026-09-13,25,160.59906256340182,175.27
2026-09-13,26,167.74865076070338,175.27
2026-09-13,27,166.72317062568445,175.27
2026-09-13,28,167.76002021347458,175.27
2026-09-13,29,171.144744247076,178.93
2026-09-13,30,171.70409233217512,178.93
2026-09-13,31,167.34924980459877,178.93
2026-09-13,32,169.37808069058894,178.93
2026-09-13,33,181.40117819131527,167.88
2026-09-13,34,170.08776048169852,167.88
2026-09-13,35,162.46264793275182,167.88
2026-09-13,36,137.4169996310206,167.88
2026-09-13,37,163.0955843960761,144.24
2026-09-13,38,146.5383989425517,144.24
2026-09-13,39,122.25109826587686,144.24
2026-09-13,40,110.67679611750424,144.24
2026-09-13,41,100.32094483714008,120.0
2026-09-13,42,85.09048564803027,120.0
2026-09-13,43,88.84858051823657,120.0
2026-09-13,44,86.57854327491104,120.0
2026-09-13,45,93.34425692047846,105.31
2026-09-13,46,88.0516674507143,105.31
2026-09-13,47,92.45521268576704,105.31
2026-09-13,48,95.46337348080644,105.31
2026-09-13,49,91.12385496084003,100.83
2026-09-13,50,86.677601747925,100.83
2026-09-13,51,77.55645452975476,100.83
2026-09-13,52,62.74563751933961,100.83
2026-09-13,53,71.98331548292956,97.11
2026-09-13,54,64.09800581648207,97.11
2026-09-13,55,75.45036560927365,97.11
2026-09-13,56,66.82795497370032,97.11
2026-09-13,57,55.93605707081383,97.1
2026-09-13,58,45.89158063405596,97.1
2026-09-13,59,32.06981929114426,97.1
2026-09-13,60,37.10338379724373,97.1
2026-09-13,61,30.722411637875563,113.17
2026-09-13,62,42.54846550211632,113.17
2026-09-13,63,64.08778069482712,113.17
2026-09-13,64,62.16175448734852,113.17
2026-09-13,65,49.04584574043288,150.98
2026-09-13,66,28.43644223311847,150.98
2026-09-13,67,81.7753473873196,150.98
2026-09-13,68,81.25172776492305,150.98
2026-09-13,69,86.5132775629721,189.14
2026-09-13,70,107.3514869802431,189.14
2026-09-13,71,143.11755860471226,189.14
2026-09-13,72,159.07063950650135,189.14
2026-09-13,73,144.94021374161747,210.0
2026-09-13,74,169.92298359377,210.0
2026-09-13,75,182.5523793683957,210.0
2026-09-13,76,184.3711068303547,210.0
2026-09-13,77,176.35885190427973,230.01
2026-09-13,78,183.79300934067192,230.01
2026-09-13,79,181.58501676838893,230.01
2026-09-13,80,207.32723224557623,230.01
2026-09-13,81,197.1145172026744,233.83
2026-09-13,82,196.09919254917205,233.83
2026-09-13,83,196.00581785847456,233.83
2026-09-13,84,190.6627201866478,233.83
2026-09-13,85,190.2405130374657,232.37
2026-09-13,86,186.0235188324192,232.37
2026-09-13,87,177.1689014631729,232.37
2026-09-13,88,169.9799207792,232.37
2026-09-13,89,177.65176359157294,227.46
2026-09-13,90,175.2188494850429,227.46
2026-09-13,91,174.90420800890243,227.46
2026-09-13,92,168.9738978703477,227.46
2026-09-13,93,169.93865396463428,210.59
2026-09-13,94,162.00316171484997,210.59
2026-09-13,95,159.45938371273337,210.59
2026-09-13,96,151.85004909340782,210.59
2026-09-14,1,179.01815736434096,218.18
2026-09-14,2,162.19691268431964,205.79
2026-09-14,3,156.033479222211,196.0
2026-09-14,4,151.38545085203367,186.85
2026-09-14,5,157.45734859027104,192.1
2026-09-14,6,153.3176258884341,187.5
2026-09-14,7,152.78785858072823,189.38
2026-09-14,8,148.12755779967762,182.59
2026-09-14,9,148.99639325633208,185.42
2026-09-14,10,144.834855133468,185.05
2026-09-14,11,143.85688902782528,183.47
2026-09-14,12,143.68649313495018,182.75
2026-09-14,13,141.88871298566056,183.46
2026-09-14,14,142.48200529420063,184.16
2026-09-14,15,143.89987610030337,183.8
2026-09-14,16,154.201308482082,184.05
2026-09-14,17,156.12458312546468,180.24
2026-09-14,18,158.4330316573554,181.2
2026-09-14,19,161.36958115680048,183.46
2026-09-14,20,168.5270973415694,190.12
2026-09-14,21,164.5071212054966,184.46
2026-09-14,22,175.05811729465128,194.47
2026-09-14,23,189.6508518260885,208.57
2026-09-14,24,213.1886708688486,221.0
2026-09-14,25,192.454314235108,217.24
2026-09-14,26,229.7074506360973,250.88
2026-09-14,27,242.41920372739384,273.4
2026-09-14,28,275.5222016088623,277.25
2026-09-14,29,278.8071743256569,300.1
2026-09-14,30,277.8698363151224,321.56
2026-09-14,31,261.2806337469256,323.39
2026-09-14,32,276.15806899538734,322.58
2026-09-14,33,263.38892967293634,348.3
2026-09-14,34,267.62813512021546,300.05
2026-09-14,35,248.38998062849345,281.75
2026-09-14,36,229.65701223463407,268.3
2026-09-14,37,272.07475616166903,280.22
2026-09-14,38,252.54065924003527,266.7
2026-09-14,39,215.58263099223484,240.05
2026-09-14,40,232.57880116430312,216.56
2026-09-14,41,233.097227907336,242.08
2026-09-14,42,223.9552877406589,219.99
2026-09-14,43,223.1395699767391,201.59
2026-09-14,44,191.73875143359248,183.66
2026-09-14,45,214.26270093597887,212.14
2026-09-14,46,207.34184669466524,193.79
2026-09-14,47,219.7443784247108,196.8
2026-09-14,48,334.0606487477809,184.47
2026-09-14,49,247.2520606277466,195.54
2026-09-14,50,270.5068032538856,181.43
2026-09-14,51,373.0983681754933,176.87
2026-09-14,52,431.502147683164,168.87
2026-09-14,53,373.2624766136264,175.15
2026-09-14,54,338.54784082183875,168.46
2026-09-14,55,371.36518630022135,165.82
2026-09-14,56,409.2183860303519,155.59
2026-09-14,57,444.42686544719646,159.82
2026-09-14,58,465.6375248764565,161.77
2026-09-14,59,345.30599333017346,158.11
2026-09-14,60,502.80704220942073,166.0
2026-09-14,61,597.494288122226,152.91
2026-09-14,62,436.1464165360105,155.59
2026-09-14,63,437.8228891502341,169.1
2026-09-14,64,284.5352854167661,182.0
2026-09-14,65,224.1445934053032,152.0
2026-09-14,66,168.10495089707595,170.08
2026-09-14,67,234.40629765874053,190.0
2026-09-14,68,249.15584935582496,210.51
2026-09-14,69,221.91273816014805,179.23
2026-09-14,70,260.2893369572354,214.0
2026-09-14,71,265.42749357606215,253.13
2026-09-14,72,252.4039526176395,288.31
2026-09-14,73,230.36852019948824,259.12
2026-09-14,74,240.32194010883865,306.36
2026-09-14,75,248.2672577505141,450.0
2026-09-14,76,243.5463984417022,584.88
2026-09-14,77,241.4780327273139,649.11
2026-09-14,78,270.5152819467756,700.07
2026-09-14,79,275.3507905564146,700.04
2026-09-14,80,292.7155512844589,740.01
2026-09-14,81,285.3024656725389,704.41
2026-09-14,82,259.1389639490872,585.23
2026-09-14,83,260.7249429534276,447.3
2026-09-14,84,249.6533298380997,367.47
2026-09-14,85,241.8603596899784,373.3
2026-09-14,86,232.67844101788185,309.41
2026-09-14,87,221.5021463787192,270.06
2026-09-14,88,213.54330602871752,248.81
2026-09-14,89,216.5624607690364,267.01
2026-09-14,90,207.53333943484424,252.15
2026-09-14,91,204.7423957561265,242.77
2026-09-14,92,197.9515236281804,225.08
2026-09-14,93,193.329119878445,241.7
2026-09-14,94,185.79695043477392,227.75
2026-09-14,95,178.5141791331283,221.53
2026-09-14,96,164.2505523733867,207.57
2026-09-15,1,237.9265967810357,219.74
2026-09-15,2,206.2499412220625,217.76
2026-09-15,3,194.80041370673737,205.88
2026-09-15,4,184.99958626063665,192.17
2026-09-15,5,201.1257129041117,211.24
2026-09-15,6,192.99676702893248,198.43
2026-09-15,7,183.6380319050536,194.29
2026-09-15,8,174.2153844203601,188.1
2026-09-15,9,174.56872344998953,189.9
2026-09-15,10,169.27178296082852,187.25
2026-09-15,11,169.55760707020457,188.45
2026-09-15,12,168.98903695215256,187.81
2026-09-15,13,168.5827718143124,185.3
2026-09-15,14,169.35257308115996,185.99
2026-09-15,15,167.40190711072734,187.33
2026-09-15,16,166.22018548232046,184.0
2026-09-15,17,167.00277911397598,184.06
2026-09-15,18,163.73081672727753,184.3
2026-09-15,19,163.81848659501034,184.53
2026-09-15,20,170.8808342509065,181.31
2026-09-15,21,186.0337254700441,184.37
2026-09-15,22,116.17723613501116,187.0
2026-09-15,23,168.4183761673068,199.59
2026-09-15,24,300.2961618484287,216.07
2026-09-15,25,283.83916805352135,222.91
2026-09-15,26,292.2062623289437,238.0
2026-09-15,27,286.48030446271787,239.38
2026-09-15,28,307.20014113888647,249.41
2026-09-15,29,373.9723849401075,281.57
2026-09-15,30,309.7320310185028,270.61
2026-09-15,31,133.91944301190327,252.91
2026-09-15,32,170.8888193290278,243.22
2026-09-15,33,411.76332058091936,268.06
2026-09-15,34,340.9551695889576,241.51
2026-09-15,35,-5.4667234088598775,225.01
2026-09-15,36,-218.26585683853585,197.87
2026-09-15,37,136.89446542750392,227.5
2026-09-15,38,307.432642906341,212.6
2026-09-15,39,290.60083600415805,189.05
2026-09-15,40,197.64808413231023,156.43
2026-09-15,41,291.8131949800628,181.16
2026-09-15,42,229.2952046537897,162.59
2026-09-15,43,187.04214604033484,128.03
2026-09-15,44,160.36967784864868,112.06
2026-09-15,45,193.98729244407087,122.33
2026-09-15,46,157.97334862393225,88.74
2026-09-15,47,131.52027283120867,69.0
2026-09-15,48,98.33711026428676,35.41
2026-09-15,49,110.8968967930208,60.68
2026-09-15,50,93.11004354482,43.42
2026-09-15,51,95.07537801342504,36.38
2026-09-15,52,102.64483117327627,37.39
2026-09-15,53,88.93121515389427,31.87
2026-09-15,54,109.8097571278146,30.18
2026-09-15,55,119.30355353514472,29.56
2026-09-15,56,86.06882679139866,26.39
2026-09-15,57,105.34205422931107,32.36
2026-09-15,58,173.09378045636151,42.31
2026-09-15,59,188.12721704381323,50.08
2026-09-15,60,234.50282984322985,60.05
2026-09-15,61,193.8935329291745,61.65
2026-09-15,62,207.57521858651705,89.83
2026-09-15,63,280.31143787961133,121.19
2026-09-15,64,235.55009938329803,142.1
2026-09-15,65,93.7125163554944,104.05
2026-09-15,66,120.9204062805064,140.36
2026-09-15,67,244.81206028042592,169.79
2026-09-15,68,247.2107273492869,209.89
2026-09-15,69,219.1564285281024,165.79
2026-09-15,70,261.9153234947286,210.15
2026-09-15,71,258.1709854061376,230.2
2026-09-15,72,209.2690555489222,247.72
2026-09-15,73,169.24756527802896,217.83
2026-09-15,74,222.38709638896688,235.0
2026-09-15,75,231.5695652301819,258.69
2026-09-15,76,233.9030337898768,294.52
2026-09-15,77,232.2692721085768,293.68
2026-09-15,78,258.170187920127,312.4
2026-09-15,79,285.23781763527427,307.35
2026-09-15,80,279.40005831070374,300.03
2026-09-15,81,277.5508476075955,279.77
2026-09-15,82,265.7585409305468,251.2
2026-09-15,83,270.5591940684305,245.93
2026-09-15,84,255.305607914595,238.7
2026-09-15,85,245.61270223274096,231.3
2026-09-15,86,224.5037164436125,226.54
2026-09-15,87,237.4911811364395,223.45
2026-09-15,88,221.8414128484941,208.0
2026-09-15,89,220.41053244668268,212.98
2026-09-15,90,212.02546286405047,201.34
2026-09-15,91,208.2530860654144,198.01
2026-09-15,92,202.014161822772,185.52
2026-09-15,93,201.5367811309264,193.54
2026-09-15,94,191.98819571777207,186.6
2026-09-15,95,190.4104753525359,179.67
2026-09-15,96,176.7702545606985,171.04
2026-09-16,1,192.0589651617302,181.74
2026-09-16,2,178.2251892201762,178.97
2026-09-16,3,171.26679651632514,174.59
2026-09-16,4,171.65727169685627,170.88
2026-09-16,5,175.98928358515403,173.18
2026-09-16,6,173.6345687689287,170.8
2026-09-16,7,163.9691440018085,170.88
2026-09-16,8,159.31493907593918,170.01
2026-09-16,9,160.69349839407923,167.58
2026-09-16,10,158.61593303232405,167.45
2026-09-16,11,155.8312888947228,170.04
2026-09-16,12,153.93363403325685,169.73
2026-09-16,13,154.53117172492006,169.85
2026-09-16,14,153.68414223782364,168.75
2026-09-16,15,153.51164969459623,167.24
2026-09-16,16,152.771729996277,168.73
2026-09-16,17,152.40885172946318,170.19
2026-09-16,18,152.6541765166133,167.33
2026-09-16,19,153.717150979908,169.26
2026-09-16,20,157.2470694058228,171.92
2026-09-16,21,157.26412343212655,168.04
2026-09-16,22,166.76352671702526,178.58
2026-09-16,23,202.98814597929004,187.88
2026-09-16,24,203.43190101624447,225.99
2026-09-16,25,200.47613994077724,199.41
2026-09-16,26,220.77229259388992,218.75
2026-09-16,27,231.9066571020417,233.61
2026-09-16,28,238.9004927133214,243.3
2026-09-16,29,253.62258706776407,246.27
2026-09-16,30,251.390016887891,240.21
2026-09-16,31,251.98217532265625,235.01
2026-09-16,32,258.5723740179437,230.79
2026-09-16,33,307.6421552260375,247.01
2026-09-16,34,266.5682349634884,237.79
2026-09-16,35,255.244276802566,223.17
2026-09-16,36,244.25674922238284,192.0
2026-09-16,37,253.39394308832425,219.85
2026-09-16,38,260.3196463509539,200.32
2026-09-16,39,269.7820166016131,176.41
2026-09-16,40,213.00008937672385,169.81
2026-09-16,41,299.566628898689,186.38
2026-09-16,42,265.4834184887939,174.6
2026-09-16,43,190.14567525818543,168.84
2026-09-16,44,160.811942383717,161.8
2026-09-16,45,212.18703106183693,154.39
2026-09-16,46,162.60322468009866,149.03
2026-09-16,47,151.0156670833607,136.63
2026-09-16,48,160.58390863011806,128.76
2026-09-16,49,162.67869272874466,130.89
2026-09-16,50,147.72131217791832,113.0
2026-09-16,51,211.05917180649783,109.59
2026-09-16,52,208.54992117186129,100.58
2026-09-16,53,183.09647758931143,104.7
2026-09-16,54,206.2774577401057,98.37
2026-09-16,55,202.736708492885,96.56
2026-09-16,56,238.92667477267537,90.4
2026-09-16,57,275.30058691100976,99.39
2026-09-16,58,312.56154784583384,101.24
2026-09-16,59,132.3568552368877,103.54
2026-09-16,60,182.49676259147296,105.6
2026-09-16,61,152.52634948913112,107.24
2026-09-16,62,133.00249315255488,117.19
2026-09-16,63,162.92294604349345,130.81
2026-09-16,64,94.96234720950238,132.92
2026-09-16,65,82.83892362179388,131.37
2026-09-16,66,97.80899635337272,143.56
2026-09-16,67,183.7178877014647,165.94
2026-09-16,68,178.76210287877225,193.23
2026-09-16,69,121.10266229291544,182.98
2026-09-16,70,177.45825008253732,204.21
2026-09-16,71,195.53048518332864,209.42
2026-09-16,72,199.7191831836889,222.95
2026-09-16,73,178.46025802001603,204.25
2026-09-16,74,191.66565397563087,221.72
2026-09-16,75,208.26019085258767,234.98
2026-09-16,76,217.91594011424385,263.37
2026-09-16,77,221.6662626988991,237.97
2026-09-16,78,232.75474670297373,248.0
2026-09-16,79,241.9779779090564,262.56
2026-09-16,80,236.3261419518357,269.18
2026-09-16,81,253.4524366471217,264.58
2026-09-16,82,224.9223616319645,248.79
2026-09-16,83,221.0021890739078,239.85
2026-09-16,84,215.93531061039027,234.43
2026-09-16,85,212.83331709096268,236.92
2026-09-16,86,204.55275427653865,229.49
2026-09-16,87,198.77942391400435,215.47
2026-09-16,88,188.50068155840657,199.18
2026-09-16,89,194.2488033855903,213.99
2026-09-16,90,186.6570671033553,201.4
2026-09-16,91,185.4676368280152,196.77
2026-09-16,92,177.85666800435249,191.0
2026-09-16,93,179.4424974417043,198.34
2026-09-16,94,170.55568930378013,189.98
2026-09-16,95,166.24207693273897,184.25
2026-09-16,96,151.92173289927638,168.21
2026-09-17,1,182.65461557686504,199.33
2026-09-17,2,173.58626392971374,186.44
2026-09-17,3,166.93768193977897,176.97
2026-09-17,4,160.50000221028108,171.32
2026-09-17,5,167.82011696038975,175.44
2026-09-17,6,162.4752936252701,170.27
2026-09-17,7,161.02172334038636,166.6
2026-09-17,8,156.5453238086656,163.99
2026-09-17,9,155.9007460446652,166.77
2026-09-17,10,153.02343272604315,164.87
2026-09-17,11,152.258385014345,164.94
2026-09-17,12,150.2352881043003,165.37
2026-09-17,13,151.32247110079987,165.29
2026-09-17,14,149.95257199561672,166.03
2026-09-17,15,148.64468139414808,165.3
2026-09-17,16,147.93141441152068,165.63
2026-09-17,17,148.47862214399717,164.56
2026-09-17,18,147.3904905504593,165.29
2026-09-17,19,149.08150469153716,167.42
2026-09-17,20,150.68411129446065,165.3
2026-09-17,21,151.46981594570414,158.03
2026-09-17,22,155.80662841284288,159.86
2026-09-17,23,162.8167291900781,166.75
2026-09-17,24,187.46324580728896,175.4
2026-09-17,25,179.71870777869978,172.47
2026-09-17,26,198.33867763699163,194.74
2026-09-17,27,210.2357489484451,209.2
2026-09-17,28,220.4035091526553,219.99
2026-09-17,29,229.9958978874812,230.2
2026-09-17,30,232.67429969193108,221.02
2026-09-17,31,233.19286129299985,210.96
2026-09-17,32,234.70552072033385,203.59
2026-09-17,33,252.17312254103297,215.92
2026-09-17,34,233.6668469003945,204.59
2026-09-17,35,219.1005590582805,195.46
2026-09-17,36,193.89728587434453,177.83
2026-09-17,37,229.00825172618823,200.0
2026-09-17,38,213.4914172004096,178.9
2026-09-17,39,191.0057910544621,150.24
2026-09-17,40,181.1457440677861,124.42
2026-09-17,41,186.3031638566797,145.92
2026-09-17,42,202.11419456948977,125.69
2026-09-17,43,181.7267971719337,99.3
2026-09-17,44,170.3596674670904,74.45
2026-09-17,45,201.6369900199213,69.57
2026-09-17,46,169.26613512633406,43.17
2026-09-17,47,155.58535515167418,19.12
2026-09-17,48,152.62954377254056,7.2
2026-09-17,49,170.7829892785662,17.53
2026-09-17,50,146.4539258702137,10.1
2026-09-17,51,148.26939623128715,7.62
2026-09-17,52,164.6075984054508,7.43
2026-09-17,53,158.25423825386645,5.0
2026-09-17,54,153.61811077312146,2.12
2026-09-17,55,146.04789903432237,0.42
2026-09-17,56,121.67966106043852,0.1
2026-09-17,57,128.21311509376602,3.97
2026-09-17,58,139.9836615773545,6.04
2026-09-17,59,161.5771052138981,13.69
2026-09-17,60,138.76292286957468,25.2
2026-09-17,61,174.05123205639285,10.0
2026-09-17,62,126.91534208305568,23.24
2026-09-17,63,143.43018214952522,42.54
2026-09-17,64,129.78030216838098,49.01
2026-09-17,65,95.38282332457884,27.41
2026-09-17,66,102.3579050326089,51.65
2026-09-17,67,151.78538457512172,101.03
2026-09-17,68,169.91670309482583,117.35
2026-09-17,69,151.09230260827766,97.67
2026-09-17,70,166.22065273181536,135.5
2026-09-17,71,200.57564561335613,163.74
2026-09-17,72,197.75491125680009,208.99
2026-09-17,73,176.16585418624356,181.97
2026-09-17,74,191.2729503391458,197.33
2026-09-17,75,201.96233667077195,205.66
2026-09-17,76,205.5716922171676,208.99
2026-09-17,77,197.22138785706755,210.17
2026-09-17,78,200.1531095525536,211.58
2026-09-17,79,206.33134094001736,213.42
2026-09-17,80,231.15548062466,232.7
2026-09-17,81,219.85093918764613,216.09
2026-09-17,82,216.6218193443379,215.16
2026-09-17,83,209.1428834978517,216.64
2026-09-17,84,206.06496186566744,214.98
2026-09-17,85,208.1567051310976,219.05
2026-09-17,86,202.6483108080446,210.72
2026-09-17,87,196.0511425029685,204.19
2026-09-17,88,184.96506351822188,188.96
2026-09-17,89,190.731715810442,199.0
2026-09-17,90,183.2067037506397,191.64
2026-09-17,91,180.2122230417078,194.99
2026-09-17,92,174.70977422688622,187.88
2026-09-17,93,175.44916907507138,186.23
2026-09-17,94,166.73583078526863,184.76
2026-09-17,95,162.5205980428017,179.29
2026-09-17,96,154.81352358678012,167.18
2026-09-18,1,169.50551751537935,148.62
2026-09-18,2,164.6747969576024,142.08
2026-09-18,3,159.44920368062233,134.81
2026-09-18,4,154.13358520700965,131.43
2026-09-18,5,159.5108096278627,135.96
2026-09-18,6,154.7160071062317,130.24
2026-09-18,7,151.54878808547997,127.5
2026-09-18,8,148.19525746976015,128.07
2026-09-18,9,149.61228497439745,126.68
2026-09-18,10,148.84298834723754,125.54
2026-09-18,11,147.516251530179,132.78
2026-09-18,12,145.79911019867868,133.02
2026-09-18,13,147.43162979936187,128.71
2026-09-18,14,146.40782106033672,129.52
2026-09-18,15,146.59450752525115,129.9
2026-09-18,16,146.51163630719535,132.57
2026-09-18,17,146.2419721082543,128.05
2026-09-18,18,145.68618034094789,131.76
2026-09-18,19,148.0418621415775,130.27
2026-09-18,20,147.86354090823636,134.34
2026-09-18,21,147.508481040976,138.82
2026-09-18,22,152.39410755749702,138.32
2026-09-18,23,157.7692880080957,148.74
2026-09-18,24,176.11252347900964,160.69
2026-09-18,25,169.4492150249291,173.0
2026-09-18,26,187.9579209175575,181.67
2026-09-18,27,194.4458981227144,187.86
2026-09-18,28,205.7584286768114,201.49
2026-09-18,29,213.1474531532519,207.0
2026-09-18,30,208.8185625652411,217.56
2026-09-18,31,201.0846275644208,213.62
2026-09-18,32,192.80582580075995,207.24
2026-09-18,33,207.6205816746217,221.78
2026-09-18,34,196.6669945090814,207.62
2026-09-18,35,188.4238520583337,203.33
2026-09-18,36,169.31107946456424,187.27
2026-09-18,37,191.1045550961568,204.35
2026-09-18,38,174.7746235826893,181.26
2026-09-18,39,155.25691959203334,150.0
2026-09-18,40,140.2837949679624,114.83
2026-09-18,41,161.0790912032387,135.33
2026-09-18,42,156.68920458710662,110.0
2026-09-18,43,142.66812565867394,83.5
2026-09-18,44,95.49348174456983,55.06
2026-09-18,45,107.6416203952025,70.83
2026-09-18,46,85.2312134524165,48.15
2026-09-18,47,102.60057126188522,36.32
2026-09-18,48,88.82651242223157,14.31
2026-09-18,49,109.2081960443356,14.62
2026-09-18,50,95.18089164950428,5.82
2026-09-18,51,93.79515608464249,3.52
2026-09-18,52,81.90351319648545,1.08
2026-09-18,53,80.03022402592974,0.5
2026-09-18,54,68.2525841413127,0.04
2026-09-18,55,63.87540674145619,0.01
2026-09-18,56,56.04501773390536,0.0
2026-09-18,57,56.03109282770963,0.0
2026-09-18,58,75.40113548541257,0.0
2026-09-18,59,78.14993128330427,0.0
2026-09-18,60,63.64789403808194,0.01
2026-09-18,61,53.42300345845775,0.07
2026-09-18,62,72.66578338907073,1.94
2026-09-18,63,93.10086679977752,4.15
2026-09-18,64,98.07001135183324,5.97
2026-09-18,65,76.86304479285087,3.88
2026-09-18,66,92.6133854338204,9.28
2026-09-18,67,135.7986759102121,48.23
2026-09-18,68,151.83292249990586,61.63
2026-09-18,69,127.96503187987491,30.0
2026-09-18,70,147.84727254190247,67.3
2026-09-18,71,161.15196348302166,129.39
2026-09-18,72,178.59788873538727,164.97
2026-09-18,73,150.34987939158873,149.46
2026-09-18,74,179.35620475169807,172.5
2026-09-18,75,191.14995232959703,191.15
2026-09-18,76,206.8483765198509,207.29
2026-09-18,77,184.8550162626716,189.3
2026-09-18,78,200.25337667852168,186.45
2026-09-18,79,217.91518375941376,189.82
2026-09-18,80,237.138189439308,205.31
2026-09-18,81,222.4392143654496,200.57
2026-09-18,82,218.848194118758,198.19
2026-09-18,83,210.00404445157383,191.41
2026-09-18,84,209.20546895849105,189.78
2026-09-18,85,215.71782751734912,189.0
2026-09-18,86,205.1353916260319,184.75
2026-09-18,87,199.00613701882804,174.98
2026-09-18,88,186.03717648892,164.99
2026-09-18,89,192.4716996037752,172.86
2026-09-18,90,181.4500285269256,169.16
2026-09-18,91,181.7829851792256,164.99
2026-09-18,92,175.59019222099502,145.72
2026-09-18,93,177.8175795617991,157.35
2026-09-18,94,170.72310631407169,139.85
2026-09-18,95,164.21650222124137,130.39
2026-09-18,96,154.94129361492804,111.0
2026-09-19,1,119.63407440871268,132.52
2026-09-19,2,115.41982925527938,117.76
2026-09-19,3,123.64320787645516,97.43
2026-09-19,4,121.84437444840734,65.83
2026-09-19,5,109.77466652858384,96.05
2026-09-19,6,112.94311455462484,82.44
2026-09-19,7,112.04732004447791,79.18
2026-09-19,8,119.48089943723822,60.43
2026-09-19,9,118.05247151626554,73.77
2026-09-19,10,113.31058308422529,62.38
2026-09-19,11,122.0952156444532,52.75
2026-09-19,12,120.14334930382586,48.02
2026-09-19,13,121.31929437602622,45.15
2026-09-19,14,118.722588032283,32.75
2026-09-19,15,117.52288249299971,26.48
2026-09-19,16,118.26976697535716,23.16
2026-09-19,17,119.23364624410276,33.57
2026-09-19,18,120.8427188266258,36.04
2026-09-19,19,119.29900712459522,36.9
2026-09-19,20,114.83815560007288,36.66
2026-09-19,21,119.78539578358816,34.79
2026-09-19,22,108.81519044194116,34.41
2026-09-19,23,104.90581297676448,34.03
2026-09-19,24,96.41636383142564,39.94
2026-09-19,25,116.30365387979936,40.74
2026-09-19,26,103.99068819944728,46.66
2026-09-19,27,108.57054659146576,40.08
2026-09-19,28,109.07892381847952,43.47
2026-09-19,29,141.0165003065912,41.38
2026-09-19,30,128.1055866337707,41.99
2026-09-19,31,119.2042473436238,45.07
2026-09-19,32,111.22520506746162,40.1
2026-09-19,33,137.02569020867756,47.71
2026-09-19,34,118.02740417498129,36.53
2026-09-19,35,94.5080578774112,27.96
2026-09-19,36,71.20582254604564,11.8
2026-09-19,37,98.4449927833659,16.9
2026-09-19,38,84.70184766004087,6.55
2026-09-19,39,52.24289059483171,2.74
2026-09-19,40,27.625113987038816,0.01
2026-09-19,41,32.46661399978605,0.1
2026-09-19,42,-2.024143961996685,0.0
2026-09-19,43,32.90157694082693,-0.03
2026-09-19,44,21.87087971393108,-0.09
2026-09-19,45,29.19193632541363,-0.13
2026-09-19,46,17.5018725186154,-0.16
2026-09-19,47,-1.501992276313146,-0.21
2026-09-19,48,1.6521670135486597,-0.74
2026-09-19,49,7.5563947077485345,-0.78
2026-09-19,50,4.741207044952919,-0.65
2026-09-19,51,1.055506794963195,-0.71
2026-09-19,52,-6.843436565925368,-0.86
2026-09-19,53,-7.1342396466863,-1.01
2026-09-19,54,-10.733677952480008,-1.06
2026-09-19,55,-8.567563101442232,-1.34
2026-09-19,56,-6.206427916551889,-1.62
2026-09-19,57,-4.778240903076077,-1.27
2026-09-19,58,-5.750985015368364,-1.26
2026-09-19,59,11.473561314096916,-1.21
2026-09-19,60,11.023723826196072,-1.46
2026-09-19,61,12.925949303104224,-1.85
2026-09-19,62,20.105677776773337,-1.5
2026-09-19,63,24.28310033040279,-1.43
2026-09-19,64,18.503903864443927,-1.94
2026-09-19,65,23.29664698972561,-0.1
2026-09-19,66,20.618964849060028,-0.07
2026-09-19,67,39.90065679780578,-0.01
2026-09-19,68,57.388983430158106,0.0
2026-09-19,69,48.86887327562878,0.0
2026-09-19,70,76.16826184875407,0.0
2026-09-19,71,110.94827597012424,8.2
2026-09-19,72,129.61069556421273,25.0
2026-09-19,73,127.72670300512765,30.0
2026-09-19,74,125.3472361291946,51.74
2026-09-19,75,151.49557623098457,79.66
2026-09-19,76,159.73702344412118,100.43
2026-09-19,77,164.40643892703682,99.98
2026-09-19,78,169.19587054332504,119.52
2026-09-19,79,149.63366152776086,129.37
2026-09-19,80,180.3886341142868,134.25
2026-09-19,81,175.8763919894896,133.07
2026-09-19,82,179.50228198015822,119.19
2026-09-19,83,176.39854961825242,107.0
2026-09-19,84,164.1143829625137,99.94
2026-09-19,85,184.08982403625103,101.57
2026-09-19,86,171.50533785238238,99.95
2026-09-19,87,144.56056758865608,91.05
2026-09-19,88,139.2805244922676,67.32
2026-09-19,89,154.49365864020575,88.87
2026-09-19,90,123.21005494539612,86.21
2026-09-19,91,109.27130095994622,83.64
2026-09-19,92,108.71492901354158,75.7
2026-09-19,93,123.57540100090182,85.0
2026-09-19,94,107.04838064123322,80.0
2026-09-19,95,136.43497392694974,77.65
2026-09-19,96,120.99048926643476,70.82
2026-09-20,1,111.90378702860517,18.2
2026-09-20,2,115.13685393265231,16.37
2026-09-20,3,95.89497829895294,14.99
2026-09-20,4,83.94700426673946,13.61
2026-09-20,5,97.1850210456128,14.85
2026-09-20,6,92.99507145374275,13.05
2026-09-20,7,96.73723201467996,12.49
2026-09-20,8,87.24623920317143,11.04
2026-09-20,9,97.8672850533254,8.57
2026-09-20,10,96.62983485177575,11.25
2026-09-20,11,83.21225775871953,12.2
2026-09-20,12,83.73179715017284,8.0
2026-09-20,13,84.15036506257972,8.19
2026-09-20,14,86.31307877449598,7.92
2026-09-20,15,83.65043491436194,8.05
2026-09-20,16,81.78423634914712,7.09
2026-09-20,17,82.96161509528429,9.69
2026-09-20,18,76.43128940534865,8.95
2026-09-20,19,74.2519859775677,8.75
2026-09-20,20,64.29907184295375,8.6
2026-09-20,21,56.09825057658263,10.12
2026-09-20,22,58.060078085868966,9.62
2026-09-20,23,48.3731316983704,9.47
2026-09-20,24,62.42282692021246,10.81
2026-09-20,25,40.35511042702126,8.13
2026-09-20,26,9.720658627423605,8.96
2026-09-20,27,39.49765656478968,10.37
2026-09-20,28,61.2272571793492,12.55
2026-09-20,29,55.52253423606713,11.51
2026-09-20,30,62.1813425435538,12.74
2026-09-20,31,53.93062586944315,13.34
2026-09-20,32,19.561170041481603,11.49
2026-09-20,33,73.53521657846817,13.4
2026-09-20,34,39.80022385381514,12.51
2026-09-20,35,4.4656059379420014,8.34
2026-09-20,36,-24.351098141167427,5.12
2026-09-20,37,4.766164782491131,8.15
2026-09-20,38,-24.72647558058864,5.06
2026-09-20,39,-62.11752984251592,1.4
2026-09-20,40,-131.99115036184153,0.01
2026-09-20,41,-130.88691065124476,0.01
2026-09-20,42,-71.04678342410863,0.0
2026-09-20,43,-61.784850779434464,-0.01
2026-09-20,44,-45.0520218914656,-0.04
2026-09-20,45,-49.27225887131124,-0.04
2026-09-20,46,-74.15235355955919,-0.1
2026-09-20,47,-62.12039308213144,-0.12
2026-09-20,48,-15.334853529639169,-0.17
2026-09-20,49,-35.62422380349838,-1.0
2026-09-20,50,-5.895857398833208,-1.0
2026-09-20,51,-5.1328758340054765,-1.05
2026-09-20,52,-12.286437107199404,-1.59
2026-09-20,53,-10.265837152956584,-1.92
2026-09-20,54,-14.159315468702506,-1.97
2026-09-20,55,-11.001011082924924,-2.02
2026-09-20,56,-10.091160445959792,-2.02
2026-09-20,57,-9.022539327221676,-1.94
2026-09-20,58,-84.85554900579129,-1.95
2026-09-20,59,-122.48836305387604,-1.94
2026-09-20,60,-128.77268322233772,-1.91
2026-09-20,61,-24.66021674364611,-1.56
2026-09-20,62,-39.55037373981301,-1.39
2026-09-20,63,-46.92207496913072,-1.01
2026-09-20,64,-52.11042585545705,-1.0
2026-09-20,65,-41.28870672845279,-0.18
2026-09-20,66,-67.66027758368938,-0.1
2026-09-20,67,-111.52445668128615,-0.08
2026-09-20,68,-127.50231268765172,-0.01
2026-09-20,69,-109.42919510534163,-0.03
2026-09-20,70,-87.20905882272766,0.0
2026-09-20,71,-152.28107247520526,0.01
2026-09-20,72,-5.362635997632907,10.72
2026-09-20,73,-140.99422577176935,15.13
2026-09-20,74,19.64178612378149,35.62
2026-09-20,75,1.8399195129505015,58.37
2026-09-20,76,80.49179276703022,92.51
2026-09-20,77,-32.60891567653465,61.64
2026-09-20,78,47.2042873196468,79.14
2026-09-20,79,49.01552694251299,86.21
2026-09-20,80,117.46285458660594,102.24
2026-09-20,81,107.61940632947224,86.69
2026-09-20,82,120.65546808530624,88.42
2026-09-20,83,90.14092770712594,82.02
2026-09-20,84,94.88161236326091,89.48
2026-09-20,85,147.62624447721487,90.08
2026-09-20,86,100.88749705600264,79.26
2026-09-20,87,89.48317214671107,67.9
2026-09-20,88,53.17890399204134,65.36
2026-09-20,89,88.88116183082889,76.2
2026-09-20,90,69.58776311874823,80.07
2026-09-20,91,55.09002170513763,67.31
2026-09-20,92,75.58622845773459,61.68
2026-09-20,93,85.47033359399477,63.74
2026-09-20,94,65.3218468510457,60.09
2026-09-20,95,69.59857300438566,57.78
2026-09-20,96,52.27925461529783,51.76
2026-09-21,1,95.93126629147147,
2026-09-21,2,88.20490012412347,
2026-09-21,3,74.39505763982463,
2026-09-21,4,62.02088856738504,
2026-09-21,5,75.2519143620939,
2026-09-21,6,83.5406302029152,
2026-09-21,7,79.83736365404684,
2026-09-21,8,74.37138307936634,
2026-09-21,9,101.9904679131077,
2026-09-21,10,92.938995878133,
2026-09-21,11,81.12610877792736,
2026-09-21,12,84.17228294162274,
2026-09-21,13,95.04354702077359,
2026-09-21,14,93.31016750410015,
2026-09-21,15,89.67232263348903,
2026-09-21,16,82.63813977624463,
2026-09-21,17,95.38179199542337,
2026-09-21,18,96.37136972976288,
2026-09-21,19,99.19399631237347,
2026-09-21,20,92.50941823864284,
2026-09-21,21,73.53285780004641,
2026-09-21,22,91.63297215838082,
2026-09-21,23,106.05326514987921,
2026-09-21,24,122.82526803812718,
2026-09-21,25,124.00246570576344,
2026-09-21,26,141.01024651653373,
2026-09-21,27,145.63266046762956,
2026-09-21,28,153.80940618305283,
2026-09-21,29,157.7343442747853,
2026-09-21,30,161.94977420608322,
2026-09-21,31,157.85016391709337,
2026-09-21,32,145.087660280591,
2026-09-21,33,158.88048412764087,
2026-09-21,34,149.88073877526338,
2026-09-21,35,142.27295754055498,
2026-09-21,36,123.47058629530812,
2026-09-21,37,139.02878774309465,
2026-09-21,38,121.8984955142032,
2026-09-21,39,90.82389696440686,
2026-09-21,40,60.04614183650777,
2026-09-21,41,94.19997542731056,
2026-09-21,42,69.83703778991692,
2026-09-21,43,58.6719494345644,
2026-09-21,44,41.116336738802104,
2026-09-21,45,55.06311588201994,
2026-09-21,46,43.97456965154093,
2026-09-21,47,38.95392556248008,
2026-09-21,48,29.404904774283082,
2026-09-21,49,34.644514590092136,
2026-09-21,50,29.041421220833634,
2026-09-21,51,25.144970650310047,
2026-09-21,52,19.554489969580743,
2026-09-21,53,19.495655925417665,
2026-09-21,54,11.609099442476495,
2026-09-21,55,9.4978267775807,
2026-09-21,56,6.512035379191064,
2026-09-21,57,9.962560693995794,
2026-09-21,58,10.707084615941795,
2026-09-21,59,8.784787801315577,
2026-09-21,60,10.495383925301464,
2026-09-21,61,12.745500917954885,
2026-09-21,62,16.140182892914396,
2026-09-21,63,27.317781400399348,
2026-09-21,64,32.000611210422576,
2026-09-21,65,16.69292852760369,
2026-09-21,66,28.523069214787576,
2026-09-21,67,44.50483416847427,
2026-09-21,68,61.47381277781659,
2026-09-21,69,39.775702824666624,
2026-09-21,70,68.4829246862802,
2026-09-21,71,135.78403891747865,
2026-09-21,72,168.7986009005789,
2026-09-21,73,121.05170519503253,
2026-09-21,74,137.7496336081927,
2026-09-21,75,168.96048300157798,
2026-09-21,76,204.1928533459101,
2026-09-21,77,172.97142723784847,
2026-09-21,78,172.75440321645382,
2026-09-21,79,176.78549830643902,
2026-09-21,80,206.7281169745609,
2026-09-21,81,183.34676389742285,
2026-09-21,82,187.33489500390152,
2026-09-21,83,182.90035491480108,
2026-09-21,84,178.00197186139326,
2026-09-21,85,181.15497374657446,
2026-09-21,86,167.22725567207274,
2026-09-21,87,158.69488446668313,
2026-09-21,88,142.389614210206,
2026-09-21,89,155.09187512640355,
2026-09-21,90,145.19453549874208,
2026-09-21,91,139.57010148436103,
2026-09-21,92,129.89071988824688,
2026-09-21,93,120.79235417775396,
2026-09-21,94,114.71619310417825,
2026-09-21,95,116.5751245723021,
2026-09-21,96,93.62463531907488,
