delivery_date,mtu,y_pred,y_true
2026-07-19,1,147.66980173832965,145.59
2026-07-19,2,136.3755962730095,142.6
2026-07-19,3,126.37624725036348,135.63
2026-07-19,4,125.0676195337098,130.97
2026-07-19,5,132.02257960299627,135.0
2026-07-19,6,126.80464606152157,132.23
2026-07-19,7,123.30094180784124,130.06
2026-07-19,8,118.7044720904983,125.68
2026-07-19,9,125.1564598173916,127.55
2026-07-19,10,123.53625230374328,122.31
2026-07-19,11,122.12524741106472,120.85
2026-07-19,12,119.69553303331988,116.89
2026-07-19,13,119.86832675108424,121.07
2026-07-19,14,119.96311857420233,120.09
2026-07-19,15,118.64158417874762,118.93
2026-07-19,16,116.19687546197206,115.5
2026-07-19,17,117.77852630089434,119.53
2026-07-19,18,117.1333925278936,116.11
2026-07-19,19,116.23862358751988,113.85
2026-07-19,20,108.0997230947216,111.61
2026-07-19,21,118.71613241476228,113.18
2026-07-19,22,114.4943598723633,110.1
2026-07-19,23,113.0665037042481,108.94
2026-07-19,24,98.1547502037754,105.45
2026-07-19,25,108.59725708279248,109.53
2026-07-19,26,111.08082464710716,103.79
2026-07-19,27,88.5278051226384,101.23
2026-07-19,28,92.5378322059075,92.84
2026-07-19,29,106.45468039202925,100.73
2026-07-19,30,100.47290008813164,92.07
2026-07-19,31,87.8802782147562,88.25
2026-07-19,32,63.87096608018971,72.79
2026-07-19,33,97.81530419159924,74.18
2026-07-19,34,74.19687529777137,57.66
2026-07-19,35,43.4755487291886,30.29
2026-07-19,36,22.639374526871592,10.5
2026-07-19,37,25.72756349517958,10.51
2026-07-19,38,14.44667655383742,4.43
2026-07-19,39,4.0501450872899625,1.45
2026-07-19,40,-2.65303094420716,0.27
2026-07-19,41,-3.2815745598645947,0.06
2026-07-19,42,-6.297128353529274,0.0
2026-07-19,43,-9.720827738826316,0.0
2026-07-19,44,12.044718019805629,0.0
2026-07-19,45,-11.854401538027687,-0.01
2026-07-19,46,5.6913435080751285,-0.02
2026-07-19,47,15.99413027402619,-0.04
2026-07-19,48,16.327733954363705,-0.11
2026-07-19,49,18.089017917421533,-0.44
2026-07-19,50,12.32358782530375,-0.73
2026-07-19,51,7.626337114034321,-0.8
2026-07-19,52,1.6965607111922516,-1.0
2026-07-19,53,6.827995333306255,-1.19
2026-07-19,54,1.9182002792688628,-2.36
2026-07-19,55,-0.3367675348688621,-3.09
2026-07-19,56,-17.200800874164933,-4.07
2026-07-19,57,-21.62148814579725,-4.62
2026-07-19,58,-22.929007255946665,-5.0
2026-07-19,59,-11.18869218125626,-5.0
2026-07-19,60,-10.150394171874469,-5.37
2026-07-19,61,-9.40362985171201,-5.69
2026-07-19,62,-9.570234827112706,-5.29
2026-07-19,63,-14.040446300430377,-4.83
2026-07-19,64,-14.831982851419266,-4.01
2026-07-19,65,-3.911262897308097,-2.31
2026-07-19,66,9.50635810612374,-2.84
2026-07-19,67,5.708901645198814,-3.4
2026-07-19,68,-1.2140755981347553,-1.2
2026-07-19,69,4.293916117022846,-1.2
2026-07-19,70,8.63814507668907,-0.97
2026-07-19,71,18.05823738304916,-0.01
2026-07-19,72,33.645355572176086,0.6
2026-07-19,73,30.293958362534383,0.68
2026-07-19,74,60.84504802703261,29.42
2026-07-19,75,88.59827548944304,62.58
2026-07-19,76,101.34754577156046,98.69
2026-07-19,77,88.89092775605232,87.8
2026-07-19,78,112.12448632233487,109.62
2026-07-19,79,91.07003085496814,131.67
2026-07-19,80,81.5881347779287,139.55
2026-07-19,81,90.98891201216396,128.5
2026-07-19,82,79.90591871472279,140.1
2026-07-19,83,79.84406038542888,150.91
2026-07-19,84,87.70233423791025,156.98
2026-07-19,85,83.58954864009117,152.54
2026-07-19,86,84.14639804928244,150.38
2026-07-19,87,102.64718800639707,149.65
2026-07-19,88,121.30763654251082,146.15
2026-07-19,89,107.68590936826648,159.18
2026-07-19,90,127.81426882203846,150.91
2026-07-19,91,134.7737322105768,148.2
2026-07-19,92,134.7231133718171,140.34
2026-07-19,93,140.8272623559056,151.71
2026-07-19,94,135.04850652512502,137.02
2026-07-19,95,137.00876987083112,135.65
2026-07-19,96,133.50825211423475,128.43
2026-07-20,1,138.45637529753077,167.33
2026-07-20,2,131.41889664671567,150.11
2026-07-20,3,125.43358717074358,140.74
2026-07-20,4,120.73915902631973,131.63
2026-07-20,5,129.5978404966376,148.25
2026-07-20,6,121.06696144762992,140.01
2026-07-20,7,120.52358961028506,135.68
2026-07-20,8,117.3903136404982,129.99
2026-07-20,9,120.17441990500504,132.41
2026-07-20,10,117.38664145266544,128.37
2026-07-20,11,117.12359048940802,128.49
2026-07-20,12,115.19635245686574,126.15
2026-07-20,13,117.922280382312,126.92
2026-07-20,14,118.84855363915756,122.69
2026-07-20,15,119.281641379494,122.69
2026-07-20,16,119.21566880971326,121.82
2026-07-20,17,113.37569402194792,125.04
2026-07-20,18,116.33869352906852,130.26
2026-07-20,19,118.05013471897762,133.62
2026-07-20,20,119.66493408331908,136.16
2026-07-20,21,117.32414929583756,132.84
2026-07-20,22,121.36436601835923,138.22
2026-07-20,23,123.83560023017276,139.35
2026-07-20,24,131.00918917888325,144.75
2026-07-20,25,135.52627221025932,147.63
2026-07-20,26,144.28479621557716,150.01
2026-07-20,27,141.80117678703704,150.41
2026-07-20,28,135.66016596337798,149.19
2026-07-20,29,155.8995051775067,159.92
2026-07-20,30,139.3019682221861,152.96
2026-07-20,31,131.55306690803047,148.99
2026-07-20,32,118.70096382296948,140.24
2026-07-20,33,139.0321218341096,159.0
2026-07-20,34,123.60610568329965,140.0
2026-07-20,35,111.4730801896563,120.7
2026-07-20,36,97.79203676120709,104.29
2026-07-20,37,115.1802785511194,113.72
2026-07-20,38,101.15387566356328,102.0
2026-07-20,39,84.12136635432243,89.33
2026-07-20,40,70.16668038015808,65.82
2026-07-20,41,83.50478420410514,83.1
2026-07-20,42,69.67665942234746,73.36
2026-07-20,43,61.09494941060876,58.47
2026-07-20,44,40.76929922225279,26.16
2026-07-20,45,60.24547521968599,31.71
2026-07-20,46,52.71998520748302,19.47
2026-07-20,47,35.53893458185055,10.0
2026-07-20,48,34.629107628594845,1.97
2026-07-20,49,34.511324621062435,16.21
2026-07-20,50,26.308819069345365,4.12
2026-07-20,51,20.732139887862783,6.98
2026-07-20,52,19.663256310533967,3.34
2026-07-20,53,19.74111155496043,0.05
2026-07-20,54,20.331073711552737,0.01
2026-07-20,55,16.67581424952295,0.0
2026-07-20,56,10.874904098803338,0.0
2026-07-20,57,22.27012421000856,0.0
2026-07-20,58,23.566745149806177,0.0
2026-07-20,59,20.00261916953351,0.02
2026-07-20,60,20.41298812266923,0.01
2026-07-20,61,16.737765706987865,0.01
2026-07-20,62,21.598060270519547,0.03
2026-07-20,63,26.768229295273056,0.07
2026-07-20,64,36.64915250514093,3.72
2026-07-20,65,24.04758103032733,0.03
2026-07-20,66,35.763538442301844,0.09
2026-07-20,67,43.68794533171796,14.9
2026-07-20,68,55.33460049345795,45.4
2026-07-20,69,45.45855862419269,23.43
2026-07-20,70,65.2013809950748,79.41
2026-07-20,71,78.6815150975323,90.1
2026-07-20,72,98.02297178070046,106.11
2026-07-20,73,76.73091647780588,95.51
2026-07-20,74,103.08146411086597,106.67
2026-07-20,75,122.1472522016428,127.06
2026-07-20,76,147.40175233545963,144.41
2026-07-20,77,123.79373203522492,142.32
2026-07-20,78,142.25988570195088,152.87
2026-07-20,79,168.18622400690714,161.99
2026-07-20,80,189.73373537350244,177.87
2026-07-20,81,170.91902954306713,165.17
2026-07-20,82,178.15158965003155,171.39
2026-07-20,83,191.458631540326,181.65
2026-07-20,84,197.8668363844656,194.77
2026-07-20,85,191.6584692796738,180.53
2026-07-20,86,182.58321082355488,180.47
2026-07-20,87,172.47023884352762,179.92
2026-07-20,88,159.06625152861727,178.0
2026-07-20,89,180.8805120432134,186.34
2026-07-20,90,157.9966072011915,175.98
2026-07-20,91,153.41006171250226,171.94
2026-07-20,92,146.32797933981593,165.0
2026-07-20,93,148.08924929019705,168.33
2026-07-20,94,146.04702429721775,161.96
2026-07-20,95,146.31414245193446,158.28
2026-07-20,96,136.09305396235942,149.3
2026-07-21,1,163.96802029240297,153.81
2026-07-21,2,152.19835569404844,150.03
2026-07-21,3,142.50385528745107,146.26
2026-07-21,4,137.07800255801124,145.01
2026-07-21,5,148.08059048377527,151.84
2026-07-21,6,142.10723404132756,150.56
2026-07-21,7,139.2653062157313,149.25
2026-07-21,8,135.57748679063076,146.43
2026-07-21,9,137.99167958318492,146.63
2026-07-21,10,136.1999933730185,144.03
2026-07-21,11,135.2352699530829,142.98
2026-07-21,12,133.01397216616937,139.92
2026-07-21,13,132.5537999174343,140.27
2026-07-21,14,133.52772107346894,138.09
2026-07-21,15,131.41198665247344,138.18
2026-07-21,16,130.63593080918758,138.93
2026-07-21,17,130.7589522037513,135.03
2026-07-21,18,133.66044336957563,137.3
2026-07-21,19,133.94709237210475,140.95
2026-07-21,20,133.7763998193484,143.73
2026-07-21,21,133.96689170866244,140.34
2026-07-21,22,137.05179200523307,143.19
2026-07-21,23,143.44153459772008,146.91
2026-07-21,24,147.7052496817432,149.21
2026-07-21,25,158.16731530716473,155.0
2026-07-21,26,162.47604155186283,159.33
2026-07-21,27,162.13929863823677,159.79
2026-07-21,28,160.40266334757757,156.48
2026-07-21,29,173.0392728578264,167.0
2026-07-21,30,158.12679789095813,159.35
2026-07-21,31,152.17827668998365,155.01
2026-07-21,32,140.05978520207623,136.35
2026-07-21,33,164.06485006634796,164.78
2026-07-21,34,148.22882796685562,149.0
2026-07-21,35,130.95552937791106,142.16
2026-07-21,36,105.24791946273432,125.57
2026-07-21,37,123.31252625254156,153.01
2026-07-21,38,108.81618347282624,120.16
2026-07-21,39,91.17876600087536,107.37
2026-07-21,40,76.0135477574674,79.27
2026-07-21,41,93.22265725820486,103.18
2026-07-21,42,78.76902320321048,86.15
2026-07-21,43,68.67881900671075,79.37
2026-07-21,44,56.0653237563356,66.06
2026-07-21,45,70.39202991842339,66.11
2026-07-21,46,59.43576426771617,59.09
2026-07-21,47,53.34943066676525,36.89
2026-07-21,48,45.26469636268843,12.46
2026-07-21,49,52.37615984165732,16.31
2026-07-21,50,38.54489382953325,5.46
2026-07-21,51,31.42691007306292,3.85
2026-07-21,52,21.80116544473285,2.59
2026-07-21,53,30.279632954724686,2.52
2026-07-21,54,22.567673874583026,1.44
2026-07-21,55,17.57251779600063,0.08
2026-07-21,56,16.873258582813662,0.0
2026-07-21,57,18.309304132993407,0.04
2026-07-21,58,15.292577006374565,0.09
2026-07-21,59,19.985351334537704,0.1
2026-07-21,60,24.542230114172654,3.78
2026-07-21,61,19.81031495151567,3.3
2026-07-21,62,26.58758475427607,6.49
2026-07-21,63,30.47156738136593,11.51
2026-07-21,64,34.50014682689033,33.38
2026-07-21,65,28.099158951750773,30.47
2026-07-21,66,40.76383877021053,64.0
2026-07-21,67,52.32129472656072,71.46
2026-07-21,68,63.64714392892265,83.0
2026-07-21,69,50.00534743821059,77.06
2026-07-21,70,72.7342805617865,94.26
2026-07-21,71,95.09576286806602,112.0
2026-07-21,72,109.0909340802548,126.94
2026-07-21,73,89.06716285954141,113.81
2026-07-21,74,112.1646480593857,130.62
2026-07-21,75,129.60706903924222,142.99
2026-07-21,76,146.31630831668446,154.04
2026-07-21,77,124.25691510120728,140.91
2026-07-21,78,151.66670917427265,150.92
2026-07-21,79,163.78075320684712,158.07
2026-07-21,80,188.48691212888315,164.54
2026-07-21,81,168.54450196413626,166.51
2026-07-21,82,183.1955244771412,172.0
2026-07-21,83,193.54695280694244,174.59
2026-07-21,84,201.9149390481154,174.9
2026-07-21,85,195.78207417823504,177.29
2026-07-21,86,185.864761944026,177.19
2026-07-21,87,181.57586589591568,174.6
2026-07-21,88,170.65301187526245,169.17
2026-07-21,89,183.33418438868955,175.9
2026-07-21,90,169.14512478542335,168.57
2026-07-21,91,166.98971814115168,170.06
2026-07-21,92,162.85427131172526,158.74
2026-07-21,93,163.04095888036667,165.16
2026-07-21,94,162.70104388595425,156.09
2026-07-21,95,156.31827565369537,153.42
2026-07-21,96,146.71857693107756,146.08
2026-07-22,1,159.69182780791456,156.4
2026-07-22,2,155.1044209105904,155.25
2026-07-22,3,147.16840384500622,151.39
2026-07-22,4,142.48831910428058,145.72
2026-07-22,5,151.62014867572137,156.37
2026-07-22,6,146.73061287341113,148.57
2026-07-22,7,144.24045369816568,145.66
2026-07-22,8,136.38842296002343,142.55
2026-07-22,9,144.36485255094672,146.94
2026-07-22,10,136.12891041643832,144.88
2026-07-22,11,135.31508849124765,143.04
2026-07-22,12,134.02864767357434,138.07
2026-07-22,13,132.550027977238,142.08
2026-07-22,14,130.34534741738486,134.75
2026-07-22,15,129.16040826311536,132.02
2026-07-22,16,127.75230178787862,130.8
2026-07-22,17,125.41592161105704,130.3
2026-07-22,18,130.71208985530558,129.8
2026-07-22,19,136.16860682398175,131.0
2026-07-22,20,140.87731281575657,131.56
2026-07-22,21,127.87173561545498,128.24
2026-07-22,22,142.58529874577425,132.75
2026-07-22,23,144.06686952982977,138.93
2026-07-22,24,141.9275990676986,143.91
2026-07-22,25,148.35621019234478,144.26
2026-07-22,26,153.0829151416648,150.01
2026-07-22,27,151.07010142409973,156.08
2026-07-22,28,143.77653396176544,147.29
2026-07-22,29,156.87678533941235,156.89
2026-07-22,30,148.25641948139125,150.03
2026-07-22,31,140.60707876497744,145.16
2026-07-22,32,129.89002420024414,129.3
2026-07-22,33,146.27086090233428,158.11
2026-07-22,34,132.06021909907457,141.28
2026-07-22,35,122.5385183369132,121.54
2026-07-22,36,98.03671494398982,107.0
2026-07-22,37,122.52827608819555,114.48
2026-07-22,38,100.09887777468444,102.42
2026-07-22,39,85.14274143202088,86.34
2026-07-22,40,70.04521897665916,60.53
2026-07-22,41,85.93512719441124,92.11
2026-07-22,42,72.7466498596883,68.71
2026-07-22,43,59.64956155322561,57.8
2026-07-22,44,32.27451452400163,45.99
2026-07-22,45,60.769088077818246,49.24
2026-07-22,46,33.86522301276952,37.27
2026-07-22,47,25.821315849586632,21.69
2026-07-22,48,13.226709051007212,15.54
2026-07-22,49,15.780361730024374,21.08
2026-07-22,50,18.53608163733314,9.99
2026-07-22,51,17.029473775135614,6.94
2026-07-22,52,8.661837735551291,3.53
2026-07-22,53,5.947817765091514,3.99
2026-07-22,54,2.894918114787277,0.99
2026-07-22,55,-2.241922103269907,0.15
2026-07-22,56,5.023943520225041,0.03
2026-07-22,57,-3.0881293616831487,0.03
2026-07-22,58,16.21576397039402,0.08
2026-07-22,59,16.77930578837185,0.03
2026-07-22,60,16.594790629288557,0.01
2026-07-22,61,9.745063170368102,0.05
2026-07-22,62,19.149624848104747,0.09
2026-07-22,63,22.26909672024413,0.77
2026-07-22,64,28.013517962074385,1.08
2026-07-22,65,23.139349069922066,1.9
2026-07-22,66,29.92999879869421,5.44
2026-07-22,67,39.7011571549922,6.89
2026-07-22,68,42.18072945567533,22.37
2026-07-22,69,40.87794765649798,24.99
2026-07-22,70,50.24001349963648,59.6
2026-07-22,71,58.61097956836631,68.63
2026-07-22,72,64.0571674361218,99.62
2026-07-22,73,59.30562616166606,82.67
2026-07-22,74,92.01172231000668,102.38
2026-07-22,75,111.6656844558494,114.93
2026-07-22,76,124.1622034379682,132.42
2026-07-22,77,106.0376329850512,122.97
2026-07-22,78,122.8931084200124,134.85
2026-07-22,79,135.49387230678448,144.48
2026-07-22,80,143.4725744107274,149.01
2026-07-22,81,133.45413614269515,151.37
2026-07-22,82,140.8243726545822,154.68
2026-07-22,83,148.08347596178592,158.27
2026-07-22,84,154.68286170477825,163.72
2026-07-22,85,149.176851076012,166.36
2026-07-22,86,145.6623946378693,162.43
2026-07-22,87,147.1940272154242,161.95
2026-07-22,88,143.29211599251758,156.3
2026-07-22,89,152.58781931507912,167.24
2026-07-22,90,150.30693256539823,159.44
2026-07-22,91,150.85067487551748,155.94
2026-07-22,92,145.29285510164195,147.82
2026-07-22,93,148.20651209139118,153.17
2026-07-22,94,144.77456152996308,143.94
2026-07-22,95,143.51737905015074,140.56
2026-07-22,96,136.8477005820802,136.5
2026-07-23,1,145.9160624078989,153.4
2026-07-23,2,140.66647300302037,147.31
2026-07-23,3,135.35931118863036,139.23
2026-07-23,4,130.6505881578274,131.08
2026-07-23,5,138.7682002175532,142.47
2026-07-23,6,131.97312900142668,137.83
2026-07-23,7,131.81786965575608,136.34
2026-07-23,8,130.13223604412045,132.74
2026-07-23,9,131.72339700532427,135.04
2026-07-23,10,128.14471943407742,133.28
2026-07-23,11,128.0662955705086,133.78
2026-07-23,12,127.33819156626708,132.54
2026-07-23,13,123.37641533810869,132.42
2026-07-23,14,123.08100129105982,134.73
2026-07-23,15,122.20378678720562,132.35
2026-07-23,16,123.35969692962207,132.36
2026-07-23,17,120.6350134824441,133.0
2026-07-23,18,121.580365958919,133.54
2026-07-23,19,122.20507746802154,137.38
2026-07-23,20,124.1129707752089,141.04
2026-07-23,21,123.50939703593713,132.23
2026-07-23,22,131.61610048706112,138.07
2026-07-23,23,134.83113404798974,147.78
2026-07-23,24,138.7391306426226,154.1
2026-07-23,25,140.980708861176,148.92
2026-07-23,26,148.5911293320118,162.15
2026-07-23,27,151.63378225459093,161.64
2026-07-23,28,148.51712558515857,164.01
2026-07-23,29,157.59224058500513,172.95
2026-07-23,30,147.43950054154206,173.72
2026-07-23,31,148.16936526511003,163.82
2026-07-23,32,132.3009275544794,161.0
2026-07-23,33,144.5552748970255,174.01
2026-07-23,34,143.88399667850643,162.8
2026-07-23,35,134.06337062838074,159.96
2026-07-23,36,104.66848742563786,143.04
2026-07-23,37,120.34110886987102,162.67
2026-07-23,38,105.67751518921854,144.64
2026-07-23,39,91.95966477540888,119.0
2026-07-23,40,75.09151428566078,111.0
2026-07-23,41,93.36462023511068,117.29
2026-07-23,42,80.45236893821158,107.38
2026-07-23,43,65.49380913381655,99.74
2026-07-23,44,61.68089892114807,83.51
2026-07-23,45,65.13271288982963,96.47
2026-07-23,46,62.70334786057657,84.74
2026-07-23,47,46.52560848719245,77.53
2026-07-23,48,38.26688106367755,59.42
2026-07-23,49,49.20524129615125,60.42
2026-07-23,50,35.1019625092683,35.99
2026-07-23,51,29.184542839489765,20.66
2026-07-23,52,17.01083668359525,7.3
2026-07-23,53,20.94117430896063,11.37
2026-07-23,54,13.49219173703256,4.84
2026-07-23,55,5.996360638485264,1.0
2026-07-23,56,3.110140538771118,0.0
2026-07-23,57,3.6250099191702176,0.0
2026-07-23,58,0.2554255789634192,0.0
2026-07-23,59,21.2666350655035,0.0
2026-07-23,60,22.31747668557008,0.0
2026-07-23,61,-7.603420215368985,0.0
2026-07-23,62,25.0152816341098,0.0
2026-07-23,63,31.20929111667011,0.03
2026-07-23,64,20.829828988620832,0.09
2026-07-23,65,20.17581314915479,0.0
2026-07-23,66,33.148908359061906,3.11
2026-07-23,67,59.02491173828228,24.79
2026-07-23,68,75.00918910556865,60.09
2026-07-23,69,54.15219406398752,52.99
2026-07-23,70,79.8142677785926,94.82
2026-07-23,71,92.58648420354554,113.51
2026-07-23,72,101.79884443510474,125.5
2026-07-23,73,83.22050872319078,111.39
2026-07-23,74,102.25864699770186,139.21
2026-07-23,75,122.3320542617153,154.96
2026-07-23,76,140.16796096938404,165.0
2026-07-23,77,129.08767547626329,152.77
2026-07-23,78,144.42180710907655,164.67
2026-07-23,79,160.3251667270179,168.27
2026-07-23,80,180.22894720830325,178.69
2026-07-23,81,166.20366877188815,172.79
2026-07-23,82,181.02650090148504,184.29
2026-07-23,83,192.0889724040554,185.48
2026-07-23,84,205.17919284837885,197.5
2026-07-23,85,199.2408708311993,192.84
2026-07-23,86,186.5370344493508,191.79
2026-07-23,87,193.85284365673456,189.7
2026-07-23,88,175.86608434811706,185.67
2026-07-23,89,192.092601584308,195.92
2026-07-23,90,175.80743740406393,188.96
2026-07-23,91,161.3902421785754,184.29
2026-07-23,92,149.00584254681988,177.0
2026-07-23,93,168.54760877814087,181.68
2026-07-23,94,161.6950393868927,170.66
2026-07-23,95,156.44664873419876,166.94
2026-07-23,96,151.47882043734393,162.4
2026-07-24,1,169.53073428883755,168.22
2026-07-24,2,164.10779780249703,163.65
2026-07-24,3,155.1852146305941,160.58
2026-07-24,4,150.69417478128275,151.56
2026-07-24,5,163.79587334579577,162.69
2026-07-24,6,154.177538813433,158.03
2026-07-24,7,148.9022209620899,155.89
2026-07-24,8,157.28745335732123,151.94
2026-07-24,9,152.79271698832216,155.26
2026-07-24,10,145.16102445681972,151.69
2026-07-24,11,157.92185853044197,150.67
2026-07-24,12,159.36752811142065,149.63
2026-07-24,13,152.4363790116758,156.19
2026-07-24,14,152.1496950014847,153.21
2026-07-24,15,154.00456000069403,151.78
2026-07-24,16,152.08726187004183,152.13
2026-07-24,17,141.9531581379475,150.58
2026-07-24,18,142.11298310245184,152.91
2026-07-24,19,162.9469466816091,153.93
2026-07-24,20,164.46752314396582,165.22
2026-07-24,21,144.50872825798058,152.92
2026-07-24,22,166.37948301538046,158.44
2026-07-24,23,175.35140095548266,164.71
2026-07-24,24,167.87014879292465,168.6
2026-07-24,25,186.47191598997108,167.75
2026-07-24,26,177.40267856130745,176.4
2026-07-24,27,177.02321408972452,174.67
2026-07-24,28,177.77406187474003,171.34
2026-07-24,29,178.28893045045834,177.93
2026-07-24,30,174.40962517653844,172.09
2026-07-24,31,169.7406666937871,167.0
2026-07-24,32,152.91669426216995,152.53
2026-07-24,33,180.80437723893448,174.0
2026-07-24,34,168.8552996215218,166.76
2026-07-24,35,150.3209291354362,159.3
2026-07-24,36,107.49368572746414,139.93
2026-07-24,37,143.97544860258512,169.66
2026-07-24,38,110.63993310639415,133.6
2026-07-24,39,96.8769459815861,116.06
2026-07-24,40,84.30147673696142,111.09
2026-07-24,41,97.503914582155,116.41
2026-07-24,42,85.25338848821893,106.02
2026-07-24,43,77.49061966487015,98.58
2026-07-24,44,74.06920567682405,88.25
2026-07-24,45,75.2927560495242,86.08
2026-07-24,46,73.8889338555079,77.2
2026-07-24,47,61.57583190727887,74.12
2026-07-24,48,44.72154333515206,65.25
2026-07-24,49,49.73753641145581,65.15
2026-07-24,50,35.62754252232646,50.97
2026-07-24,51,32.61483520993022,37.8
2026-07-24,52,30.752422240964574,25.05
2026-07-24,53,27.538126845895835,36.1
2026-07-24,54,25.114588503703352,22.9
2026-07-24,55,20.62863668449989,16.89
2026-07-24,56,16.954373614941353,8.21
2026-07-24,57,22.049976676695053,6.01
2026-07-24,58,31.39164637782805,5.2
2026-07-24,59,33.11943892716909,5.85
2026-07-24,60,34.44722797727769,8.88
2026-07-24,61,22.396330495216056,3.23
2026-07-24,62,40.608320096451,4.7
2026-07-24,63,48.93886039262434,17.13
2026-07-24,64,59.295670115384894,32.1
2026-07-24,65,45.33652080271112,32.07
2026-07-24,66,63.82784825927676,60.07
2026-07-24,67,80.98141872557842,81.52
2026-07-24,68,97.97573815371572,102.2
2026-07-24,69,81.42508331135413,77.07
2026-07-24,70,100.9969669812476,112.18
2026-07-24,71,117.5021637466754,125.2
2026-07-24,72,138.62642365200657,141.62
2026-07-24,73,118.92114796898416,127.09
2026-07-24,74,144.27581227652868,147.56
2026-07-24,75,168.2702472211067,163.05
2026-07-24,76,186.5942499623494,180.96
2026-07-24,77,186.13652027637391,149.16
2026-07-24,78,206.48849888145355,176.2
2026-07-24,79,216.97724994631244,190.23
2026-07-24,80,256.0663422970964,204.95
2026-07-24,81,243.51350649404296,188.24
2026-07-24,82,267.32745575016065,194.07
2026-07-24,83,282.2818507165924,205.89
2026-07-24,84,300.67756211560186,211.97
2026-07-24,85,281.5931013351867,209.26
2026-07-24,86,267.93142608027324,206.84
2026-07-24,87,260.5645047261934,201.25
2026-07-24,88,237.61480793407213,195.34
2026-07-24,89,258.2346104557839,207.44
2026-07-24,90,220.1392665552184,197.49
2026-07-24,91,207.35941636391053,188.64
2026-07-24,92,200.7033571038233,184.5
2026-07-24,93,198.05644123401555,185.48
2026-07-24,94,197.5673789693768,183.0
2026-07-24,95,180.19229040505635,181.31
2026-07-24,96,170.94833693657264,170.67
2026-07-25,1,176.52291428245627,175.92
2026-07-25,2,170.40515744512635,168.63
2026-07-25,3,163.38479297277416,165.98
2026-07-25,4,154.6511140925694,158.01
2026-07-25,5,165.82692487913687,170.01
2026-07-25,6,158.71911759668296,156.79
2026-07-25,7,171.98767063754116,161.32
2026-07-25,8,166.3314700100613,158.32
2026-07-25,9,153.18584157493922,162.0
2026-07-25,10,150.1091505489953,158.72
2026-07-25,11,168.33010761049044,162.25
2026-07-25,12,177.69138621067674,158.74
2026-07-25,13,166.29275618453934,162.0
2026-07-25,14,168.99200678722488,161.32
2026-07-25,15,160.3342591443424,160.98
2026-07-25,16,150.42931599906606,155.11
2026-07-25,17,165.88973409974767,156.89
2026-07-25,18,158.8865512222555,151.99
2026-07-25,19,162.8192275849118,149.4
2026-07-25,20,157.2042523369382,149.77
2026-07-25,21,145.97913380450495,150.12
2026-07-25,22,157.23220465169015,147.0
2026-07-25,23,153.34895063765092,147.84
2026-07-25,24,151.18166227670886,140.05
2026-07-25,25,151.85583804466816,157.71
2026-07-25,26,150.57508423716638,136.12
2026-07-25,27,147.03044832576327,130.01
2026-07-25,28,140.68786581647132,117.68
2026-07-25,29,144.28326544405343,136.39
2026-07-25,30,140.10486234866065,119.99
2026-07-25,31,134.64434117177913,107.52
2026-07-25,32,118.27791432427126,97.32
2026-07-25,33,144.52278406500332,122.67
2026-07-25,34,138.62441625580328,102.71
2026-07-25,35,120.8195826861086,79.93
2026-07-25,36,67.1202575214853,28.73
2026-07-25,37,120.28480832175724,39.61
2026-07-25,38,68.99224509607954,5.05
2026-07-25,39,54.28994897675883,0.01
2026-07-25,40,37.80219221517173,0.0
2026-07-25,41,61.33863460009598,0.0
2026-07-25,42,37.84325141723903,-0.01
2026-07-25,43,29.075733736310127,-0.07
2026-07-25,44,39.43597709325897,-0.39
2026-07-25,45,28.206155721486127,-0.82
2026-07-25,46,23.43790912204259,-1.19
2026-07-25,47,28.645124012583288,-3.41
2026-07-25,48,19.7895905264694,-5.01
2026-07-25,49,16.903112169408914,-4.82
2026-07-25,50,18.44678145663328,-5.0
2026-07-25,51,4.887929988110521,-5.54
2026-07-25,52,2.373630280569021,-8.46
2026-07-25,53,0.716385628589606,-7.99
2026-07-25,54,0.3585472239622085,-9.98
2026-07-25,55,-2.012882229047676,-10.44
2026-07-25,56,-3.7476201480585134,-11.38
2026-07-25,57,-2.8560812313887967,-15.01
2026-07-25,58,-4.151196485532848,-14.31
2026-07-25,59,-4.606833345800075,-11.81
2026-07-25,60,-4.616076753776909,-7.99
2026-07-25,61,-4.762815005134442,-6.47
2026-07-25,62,-5.8828991166434985,-3.72
2026-07-25,63,-1.3102424368975072,-2.01
2026-07-25,64,-8.804793417456956,-1.21
2026-07-25,65,-3.61853444697072,-1.06
2026-07-25,66,5.513801969726735,-0.12
2026-07-25,67,16.832963100410282,-0.09
2026-07-25,68,51.68981446737878,-0.01
2026-07-25,69,33.05124658005698,-0.01
2026-07-25,70,68.18141076327603,0.0
2026-07-25,71,86.88278375398232,2.59
2026-07-25,72,104.24415801343268,42.42
2026-07-25,73,87.59614479418423,21.95
2026-07-25,74,110.65605019794084,99.1
2026-07-25,75,125.67523671715708,119.75
2026-07-25,76,124.11855428212806,139.98
2026-07-25,77,112.47278137317716,138.92
2026-07-25,78,129.17928508031792,150.0
2026-07-25,79,139.59829190271026,163.89
2026-07-25,80,156.95880073701912,176.87
2026-07-25,81,144.39612766508353,163.01
2026-07-25,82,158.66832892793303,172.99
2026-07-25,83,171.94340936890407,173.49
2026-07-25,84,180.18516120987297,171.75
2026-07-25,85,179.63262807364782,174.48
2026-07-25,86,176.27793441994453,171.54
2026-07-25,87,179.93309822456712,165.5
2026-07-25,88,182.0962107733619,164.78
2026-07-25,89,180.40750460072053,173.22
2026-07-25,90,173.30727313725282,165.16
2026-07-25,91,173.34144329492253,164.99
2026-07-25,92,162.08876879939842,158.56
2026-07-25,93,172.90712091520226,166.84
2026-07-25,94,165.7344263803988,160.33
2026-07-25,95,164.37089325577,160.64
2026-07-25,96,161.6800616128141,152.19
2026-07-26,1,157.71895815314943,148.59
2026-07-26,2,153.88806157197698,154.88
2026-07-26,3,146.96948639209523,154.92
2026-07-26,4,141.2542857257666,153.73
2026-07-26,5,148.07943083989358,150.01
2026-07-26,6,144.00748374131967,148.82
2026-07-26,7,142.5469095410909,143.68
2026-07-26,8,135.79254245913276,143.31
2026-07-26,9,140.90406310592903,145.58
2026-07-26,10,137.67717997531935,147.15
2026-07-26,11,134.6673338772213,148.84
2026-07-26,12,130.00023004685173,150.53
2026-07-26,13,135.71485283450326,149.01
2026-07-26,14,133.91793375648484,156.83
2026-07-26,15,134.69239895524743,155.54
2026-07-26,16,136.12050459895775,152.99
2026-07-26,17,132.13832518134635,154.24
2026-07-26,18,132.43711443837478,146.32
2026-07-26,19,132.16642382143567,144.84
2026-07-26,20,132.05882983578107,142.92
2026-07-26,21,130.00021912904973,139.91
2026-07-26,22,127.75899312752288,139.83
2026-07-26,23,133.61869697976553,137.98
2026-07-26,24,125.81142973578396,134.25
2026-07-26,25,132.44744293328378,134.87
2026-07-26,26,125.58129224101332,127.87
2026-07-26,27,111.43803841576609,122.77
2026-07-26,28,102.95481820380726,113.94
2026-07-26,29,100.31764006156024,120.34
2026-07-26,30,105.59903877968566,114.25
2026-07-26,31,99.64706855441308,107.52
2026-07-26,32,97.2232727388844,98.6
2026-07-26,33,113.75383466952847,111.17
2026-07-26,34,104.87622999468996,102.28
2026-07-26,35,94.05228766997745,89.05
2026-07-26,36,35.92433082607727,72.54
2026-07-26,37,54.960185774772285,95.05
2026-07-26,38,31.907854459835534,71.77
2026-07-26,39,60.78674026345701,43.87
2026-07-26,40,8.356855524284086,10.04
2026-07-26,41,7.146822173941061,22.85
2026-07-26,42,10.808944622816869,5.64
2026-07-26,43,0.4288498666169289,0.07
2026-07-26,44,12.427084355930084,0.0
2026-07-26,45,-1.095448602614297,0.0
2026-07-26,46,-0.0219979340927949,0.0
2026-07-26,47,12.191480327206342,-0.01
2026-07-26,48,14.060718719628966,-0.01
2026-07-26,49,-1.7001609406912834,-0.05
2026-07-26,50,17.81861685780176,-0.06
2026-07-26,51,17.440165212997485,-0.08
2026-07-26,52,9.369590021255982,-0.11
2026-07-26,53,8.626233948585693,-0.12
2026-07-26,54,5.7967827174452005,-0.12
2026-07-26,55,-2.918115506627544,-0.12
2026-07-26,56,-8.145971614504418,-0.71
2026-07-26,57,-6.483054029536436,-0.7
2026-07-26,58,-6.245856402816951,-0.66
2026-07-26,59,-6.028096457902388,-0.66
2026-07-26,60,-6.20680893661636,-0.66
2026-07-26,61,-3.9659683555140273,-0.82
2026-07-26,62,-14.971943741357984,-0.85
2026-07-26,63,-19.71901066603226,-0.89
2026-07-26,64,-27.97317520745877,-0.88
2026-07-26,65,-15.80373291288938,-0.07
2026-07-26,66,-12.508786386692783,-0.01
2026-07-26,67,-4.807961763014845,0.0
2026-07-26,68,41.891809653930586,3.53
2026-07-26,69,9.783123539829433,5.25
2026-07-26,70,45.424576064323006,35.76
2026-07-26,71,67.805793686257,62.92
2026-07-26,72,87.98899267134854,103.36
2026-07-26,73,69.54656370051013,79.45
2026-07-26,74,98.29959939102112,110.7
2026-07-26,75,113.49027189729748,119.87
2026-07-26,76,118.21960696930094,126.98
2026-07-26,77,113.27866694541068,130.39
2026-07-26,78,110.1578591834255,138.36
2026-07-26,79,105.64769835021688,141.97
2026-07-26,80,100.95207842837468,146.44
2026-07-26,81,105.9118247736491,144.94
2026-07-26,82,94.80828857239447,152.74
2026-07-26,83,88.03695638746257,152.82
2026-07-26,84,80.3833936578303,156.23
2026-07-26,85,92.16967583642672,156.05
2026-07-26,86,89.84960904675836,152.17
2026-07-26,87,96.9795578975148,148.6
2026-07-26,88,110.8462869740114,146.95
2026-07-26,89,106.15525865636988,154.96
2026-07-26,90,112.05197731908392,149.21
2026-07-26,91,121.86574542260988,147.98
2026-07-26,92,123.69696620216364,139.84
2026-07-26,93,136.8440991158059,145.35
2026-07-26,94,128.2582459900329,138.09
2026-07-26,95,130.07654559627673,136.73
2026-07-26,96,126.7428687031441,127.01
2026-07-27,1,134.02260494881008,84.26
2026-07-27,2,126.51739844750648,88.77
2026-07-27,3,121.55745833359704,86.68
2026-07-27,4,117.73873844201596,84.46
2026-07-27,5,127.57684799201238,82.4
2026-07-27,6,120.30796683754804,75.45
2026-07-27,7,119.0374059068497,68.95
2026-07-27,8,113.10953581424354,55.83
2026-07-27,9,112.03621721312578,60.82
2026-07-27,10,112.96088063565168,50.8
2026-07-27,11,113.41305235106302,72.21
2026-07-27,12,107.60491224842936,62.97
2026-07-27,13,114.10114310628784,69.26
2026-07-27,14,112.489640901936,60.42
2026-07-27,15,114.20942971515534,59.72
2026-07-27,16,114.32287224560606,61.15
2026-07-27,17,110.0123354576382,66.38
2026-07-27,18,111.33482803429357,66.52
2026-07-27,19,112.87658122309249,66.8
2026-07-27,20,115.14326642580151,85.0
2026-07-27,21,114.86210950336464,60.43
2026-07-27,22,121.2875302957508,86.66
2026-07-27,23,125.71547587433066,100.99
2026-07-27,24,131.40833462153083,116.0
2026-07-27,25,138.89411480391976,102.69
2026-07-27,26,144.5512204620293,116.63
2026-07-27,27,139.3161105660321,121.24
2026-07-27,28,141.86086511081052,129.67
2026-07-27,29,157.68499182539858,133.85
2026-07-27,30,145.66433575920877,132.87
2026-07-27,31,144.77992784477314,125.74
2026-07-27,32,134.13721877586966,123.44
2026-07-27,33,152.08763997780946,141.48
2026-07-27,34,134.96705327156783,130.69
2026-07-27,35,126.09018072546972,111.85
2026-07-27,36,104.9575876648084,91.88
2026-07-27,37,118.87535638979836,107.83
2026-07-27,38,105.15490362623078,87.45
2026-07-27,39,92.49818351235902,72.2
2026-07-27,40,73.45106329880286,32.26
2026-07-27,41,94.16747111746074,55.3
2026-07-27,42,77.32998793637246,19.75
2026-07-27,43,67.3621383916414,15.16
2026-07-27,44,54.437897125314834,4.94
2026-07-27,45,64.86541875106863,3.45
2026-07-27,46,54.43185655187186,0.45
2026-07-27,47,46.907763331324205,0.02
2026-07-27,48,39.22267525198989,0.0
2026-07-27,49,42.882213532837405,0.0
2026-07-27,50,34.67126368903062,-0.01
2026-07-27,51,30.736438348842206,-0.01
2026-07-27,52,24.13038272589296,-0.02
2026-07-27,53,12.794148692590568,-0.01
2026-07-27,54,11.67673319219466,-0.03
2026-07-27,55,10.2580638913305,-0.07
2026-07-27,56,4.246324199364966,-0.48
2026-07-27,57,12.102420141822906,-0.87
2026-07-27,58,12.673578082277958,-1.0
2026-07-27,59,12.86875437844477,-0.7
2026-07-27,60,13.57316937599075,-0.25
2026-07-27,61,11.520027443906685,-0.12
2026-07-27,62,13.679229208612009,-0.09
2026-07-27,63,18.484094325535576,-0.05
2026-07-27,64,28.05543733911841,-0.06
2026-07-27,65,16.845351680805493,-0.04
2026-07-27,66,28.80576716501009,-0.01
2026-07-27,67,29.651702443007224,-0.01
2026-07-27,68,49.09438356212344,0.01
2026-07-27,69,31.865459519274943,0.01
2026-07-27,70,61.426372580015205,2.88
2026-07-27,71,69.99294747738121,10.1
2026-07-27,72,84.27909332849475,44.62
2026-07-27,73,71.62316497261273,50.37
2026-07-27,74,101.25630157515072,91.19
2026-07-27,75,124.35352293712631,113.61
2026-07-27,76,141.3835713459203,133.99
2026-07-27,77,124.2073930396855,120.01
2026-07-27,78,140.0639663694572,147.93
2026-07-27,79,134.60366559523032,154.58
2026-07-27,80,147.18536985272502,174.0
2026-07-27,81,147.7576705890462,155.6
2026-07-27,82,147.83035180424582,172.2
2026-07-27,83,145.96643548109805,180.04
2026-07-27,84,155.8363166542664,187.05
2026-07-27,85,144.79729258539828,183.1
2026-07-27,86,157.13874670066926,181.08
2026-07-27,87,164.21037762524608,178.93
2026-07-27,88,165.83616312481627,172.87
2026-07-27,89,174.45443337789447,180.23
2026-07-27,90,168.610745591952,173.14
2026-07-27,91,165.48221057998808,174.5
2026-07-27,92,155.14526574998231,156.56
2026-07-27,93,155.36222323083007,161.31
2026-07-27,94,150.1017643918539,161.03
2026-07-27,95,153.55583498188122,160.83
2026-07-27,96,147.84015331127196,148.78
2026-07-28,1,152.88674036509954,178.01
2026-07-28,2,147.20331744744402,169.91
2026-07-28,3,139.97863921905198,152.34
2026-07-28,4,134.73360723904054,143.75
2026-07-28,5,145.87918713187742,154.96
2026-07-28,6,136.77288823852166,149.56
2026-07-28,7,135.54669646742266,145.28
2026-07-28,8,130.857387515839,143.43
2026-07-28,9,136.58246893614776,147.09
2026-07-28,10,133.578854622916,141.52
2026-07-28,11,131.55606769966332,138.91
2026-07-28,12,132.2454434510872,137.8
2026-07-28,13,130.71629052083014,136.5
2026-07-28,14,128.1809158675062,136.25
2026-07-28,15,127.02770420120726,135.16
2026-07-28,16,128.7980446530664,135.57
2026-07-28,17,130.37203364209017,133.25
2026-07-28,18,132.00291291619416,135.87
2026-07-28,19,138.0075429848937,141.35
2026-07-28,20,144.74105143636072,149.27
2026-07-28,21,135.20579064883364,140.53
2026-07-28,22,144.78351823754286,143.75
2026-07-28,23,156.29834228810986,154.19
2026-07-28,24,149.60369959865062,160.5
2026-07-28,25,157.99903500363422,165.45
2026-07-28,26,160.59840275931649,174.29
2026-07-28,27,159.37072846884075,170.33
2026-07-28,28,151.5133389130616,160.15
2026-07-28,29,161.7897693526727,177.04
2026-07-28,30,155.29231668456083,167.39
2026-07-28,31,145.4398494812152,156.72
2026-07-28,32,139.162185044645,147.95
2026-07-28,33,155.00933333430146,165.67
2026-07-28,34,148.33339333299278,152.28
2026-07-28,35,137.71715967845034,143.43
2026-07-28,36,111.62878083422464,115.26
2026-07-28,37,128.72280115515022,160.11
2026-07-28,38,113.75502842967632,115.62
2026-07-28,39,102.6295325459568,94.8
2026-07-28,40,91.5893079179737,65.56
2026-07-28,41,104.84387886534437,85.32
2026-07-28,42,92.32508485570928,41.74
2026-07-28,43,84.2017695384446,15.06
2026-07-28,44,72.26916709946425,4.95
2026-07-28,45,82.90042144407417,7.61
2026-07-28,46,74.28441539562726,4.45
2026-07-28,47,66.532376163286,1.66
2026-07-28,48,46.59917487586254,0.0
2026-07-28,49,63.89552157231573,0.0
2026-07-28,50,54.6354195619845,-0.01
2026-07-28,51,48.445761741677295,-0.01
2026-07-28,52,41.11998361936468,-0.03
2026-07-28,53,45.71139534278686,-0.01
2026-07-28,54,40.0183242227808,-0.05
2026-07-28,55,34.7954397460948,-0.1
2026-07-28,56,30.139230695702093,-0.19
2026-07-28,57,32.016213525859136,-0.09
2026-07-28,58,34.64463065146602,-0.03
2026-07-28,59,37.28207683706626,0.0
2026-07-28,60,41.03862825504397,0.0
2026-07-28,61,33.52192638405827,0.0
2026-07-28,62,41.35936487336627,0.91
2026-07-28,63,49.82175773226803,2.66
2026-07-28,64,63.155650906788594,10.04
2026-07-28,65,50.99802138934051,4.26
2026-07-28,66,70.33196407692321,15.48
2026-07-28,67,88.44815697481667,61.68
2026-07-28,68,105.22348827110828,97.54
2026-07-28,69,88.35319769447129,60.03
2026-07-28,70,106.84842034337606,101.86
2026-07-28,71,119.42004239209788,120.25
2026-07-28,72,134.21803330993816,148.37
2026-07-28,73,119.07892064881403,125.01
2026-07-28,74,154.3256017532794,156.96
2026-07-28,75,172.98619311020968,167.25
2026-07-28,76,184.5905431574777,178.67
2026-07-28,77,187.85037027581143,174.9
2026-07-28,78,192.09249091298963,187.15
2026-07-28,79,227.2691539500269,202.71
2026-07-28,80,254.09819499948213,230.67
2026-07-28,81,240.10506794261656,200.87
2026-07-28,82,241.0098206903288,208.01
2026-07-28,83,257.039122832127,219.85
2026-07-28,84,257.9515124936892,238.29
2026-07-28,85,255.37397288268272,219.99
2026-07-28,86,236.6062771072773,213.91
2026-07-28,87,222.51551005690305,205.71
2026-07-28,88,216.8024491472705,200.1
2026-07-28,89,220.8692851982712,210.79
2026-07-28,90,200.70707416522944,197.06
2026-07-28,91,189.15721802483563,187.55
2026-07-28,92,174.8230430546051,180.43
2026-07-28,93,180.55799675411927,188.33
2026-07-28,94,166.48108644588814,173.99
2026-07-28,95,153.57981056426652,165.95
2026-07-28,96,132.11599756410044,160.78
2026-07-29,1,163.3125237105347,170.39
2026-07-29,2,156.1333500332533,158.08
2026-07-29,3,153.57469083799816,154.26
2026-07-29,4,144.02789230885782,144.3
2026-07-29,5,153.59727526395147,155.48
2026-07-29,6,149.23291205710336,150.5
2026-07-29,7,147.09177238297556,146.95
2026-07-29,8,142.4761939285906,140.87
2026-07-29,9,145.2588911821603,140.9
2026-07-29,10,142.30697419744394,138.32
2026-07-29,11,137.24027946409404,135.71
2026-07-29,12,134.6987384179558,133.9
2026-07-29,13,142.4662690905713,135.01
2026-07-29,14,140.77998522152376,135.15
2026-07-29,15,139.8260174505135,135.03
2026-07-29,16,138.69218451629828,134.82
2026-07-29,17,134.81641201406012,134.22
2026-07-29,18,136.2434039574186,138.11
2026-07-29,19,138.61132238660903,141.35
2026-07-29,20,141.42159149070923,147.63
2026-07-29,21,139.9532145903995,137.93
2026-07-29,22,143.3269699563195,142.48
2026-07-29,23,147.1380638359947,151.3
2026-07-29,24,150.04540024535473,162.33
2026-07-29,25,160.41273642823492,160.56
2026-07-29,26,162.32408634000143,171.28
2026-07-29,27,158.4880649832685,171.75
2026-07-29,28,150.50951463850888,170.7
2026-07-29,29,158.62386396901795,172.87
2026-07-29,30,154.82151272802085,170.7
2026-07-29,31,153.15993092265578,158.97
2026-07-29,32,145.03807467411883,141.84
2026-07-29,33,149.89108501748993,166.9
2026-07-29,34,147.13516759146708,151.19
2026-07-29,35,131.66730102081672,143.42
2026-07-29,36,111.35966296696289,123.18
2026-07-29,37,129.2697671920167,153.33
2026-07-29,38,113.16468405776791,124.78
2026-07-29,39,102.08888834137142,109.69
2026-07-29,40,85.75818860200599,100.64
2026-07-29,41,101.59029908965242,109.94
2026-07-29,42,86.87421385169621,101.6
2026-07-29,43,74.71413236847754,79.51
2026-07-29,44,62.23102014976469,50.1
2026-07-29,45,75.04313611240721,62.23
2026-07-29,46,66.54445266489286,32.8
2026-07-29,47,56.85924024939542,12.68
2026-07-29,48,49.4650654213448,8.43
2026-07-29,49,56.38889095620555,5.02
2026-07-29,50,48.44900652571761,0.0
2026-07-29,51,44.26283201046501,-0.01
2026-07-29,52,38.57607582765073,-0.06
2026-07-29,53,32.25309706590399,-0.01
2026-07-29,54,38.81478679096139,-0.01
2026-07-29,55,36.50534504956206,-0.05
2026-07-29,56,32.498905190385194,-0.1
2026-07-29,57,35.597012157090134,-0.04
2026-07-29,58,37.35328904247964,-0.04
2026-07-29,59,39.92913087943285,-0.01
2026-07-29,60,41.094593945084135,0.0
2026-07-29,61,37.29690543356919,0.0
2026-07-29,62,44.44726621285913,0.74
2026-07-29,63,49.66663976946741,6.01
2026-07-29,64,62.80869919649394,22.75
2026-07-29,65,52.715670695120814,24.99
2026-07-29,66,68.02668264530382,73.59
2026-07-29,67,81.07965809763182,97.26
2026-07-29,68,97.80695008086794,109.56
2026-07-29,69,78.81784115355637,100.3
2026-07-29,70,100.28344977542868,115.38
2026-07-29,71,115.12089225654512,134.72
2026-07-29,72,133.528711560615,150.97
2026-07-29,73,113.4721426881946,127.72
2026-07-29,74,129.7693248627063,148.84
2026-07-29,75,148.53986919780718,170.2
2026-07-29,76,175.23416941040722,202.5
2026-07-29,77,147.499086467626,172.69
2026-07-29,78,168.29174572740928,204.82
2026-07-29,79,207.65134042915423,247.71
2026-07-29,80,245.53587810182904,352.36
2026-07-29,81,217.71324000797367,251.36
2026-07-29,82,226.86772807594213,265.97
2026-07-29,83,238.69081630378025,275.9
2026-07-29,84,236.58461981765024,261.36
2026-07-29,85,241.43803045209745,254.43
2026-07-29,86,220.9331902580808,225.09
2026-07-29,87,193.0391816342272,217.3
2026-07-29,88,210.24860162850345,202.0
2026-07-29,89,205.9377188067141,206.99
2026-07-29,90,204.21160559740247,198.3
2026-07-29,91,191.48284581507068,190.39
2026-07-29,92,174.60565363632836,176.02
2026-07-29,93,182.5412015614909,179.05
2026-07-29,94,172.99629810421922,173.72
2026-07-29,95,160.95331553531145,170.38
2026-07-29,96,159.67390739896996,146.1
2026-07-30,1,161.1851025792765,162.16
2026-07-30,2,150.4426713283002,152.0
2026-07-30,3,143.62197509858507,142.66
2026-07-30,4,137.6152875692995,142.2
2026-07-30,5,147.0345516491305,144.05
2026-07-30,6,140.16604051221833,141.88
2026-07-30,7,135.3388865573902,145.61
2026-07-30,8,130.58024037109823,138.0
2026-07-30,9,134.92506282650393,143.0
2026-07-30,10,130.21271488818178,142.63
2026-07-30,11,129.94454967379338,137.99
2026-07-30,12,128.00390064435203,136.37
2026-07-30,13,131.87062795435688,135.94
2026-07-30,14,130.31937623870814,135.0
2026-07-30,15,123.42213904184558,134.66
2026-07-30,16,123.41655882286088,136.52
2026-07-30,17,127.75182270255382,132.03
2026-07-30,18,129.34910103130235,132.36
2026-07-30,19,130.25386839903223,132.96
2026-07-30,20,136.58487594740245,133.54
2026-07-30,21,131.76689972824545,133.51
2026-07-30,22,131.18888773844563,133.85
2026-07-30,23,135.63362831345776,139.53
2026-07-30,24,144.38132743466414,143.54
2026-07-30,25,149.00214930769005,143.34
2026-07-30,26,141.35940910675754,151.75
2026-07-30,27,148.0329601896279,150.6
2026-07-30,28,154.63034901676278,148.15
2026-07-30,29,161.0436622101998,166.47
2026-07-30,30,156.326007663236,153.95
2026-07-30,31,155.1688254655012,142.6
2026-07-30,32,148.45304634422905,127.96
2026-07-30,33,156.1692589776586,163.38
2026-07-30,34,151.41782971729907,146.05
2026-07-30,35,148.3176562662487,131.04
2026-07-30,36,106.40436012670978,115.71
2026-07-30,37,129.33298478721315,139.67
2026-07-30,38,108.15410510704228,122.81
2026-07-30,39,95.53646492472572,110.54
2026-07-30,40,81.06139850872998,99.44
2026-07-30,41,95.3807800522192,109.01
2026-07-30,42,81.57953863439765,94.27
2026-07-30,43,71.47197511381694,80.88
2026-07-30,44,58.61968480489008,55.84
2026-07-30,45,67.95667570857805,70.3
2026-07-30,46,59.7437670432293,35.96
2026-07-30,47,51.1240593904017,19.81
2026-07-30,48,43.11767912185463,12.33
2026-07-30,49,49.17497998937307,8.97
2026-07-30,50,41.08536212308488,8.0
2026-07-30,51,36.10979247569606,4.5
2026-07-30,52,30.84042249136831,3.94
2026-07-30,53,33.9330239868158,4.56
2026-07-30,54,29.539684843412992,2.31
2026-07-30,55,25.18849677981766,1.38
2026-07-30,56,21.948606590578063,2.43
2026-07-30,57,24.79313856046537,4.18
2026-07-30,58,24.27709784234233,6.19
2026-07-30,59,25.69306375740905,16.36
2026-07-30,60,26.89753708462935,32.96
2026-07-30,61,22.23513166502856,40.04
2026-07-30,62,25.986948500372083,57.45
2026-07-30,63,34.1251498712773,69.11
2026-07-30,64,48.87764913112018,83.13
2026-07-30,65,36.46634081980704,73.54
2026-07-30,66,56.66979126529313,87.66
2026-07-30,67,72.6990360638212,106.5
2026-07-30,68,86.69463018132537,124.91
2026-07-30,69,70.08882601360177,105.84
2026-07-30,70,93.14387134921688,115.01
2026-07-30,71,107.32133830264505,131.76
2026-07-30,72,125.08939552643682,154.6
2026-07-30,73,104.1421892053592,130.34
2026-07-30,74,132.46752861444511,145.71
2026-07-30,75,133.59670565620976,160.56
2026-07-30,76,170.3755800563419,160.5
2026-07-30,77,140.38651054456025,149.9
2026-07-30,78,159.81171217300658,172.61
2026-07-30,79,175.11776562456413,181.2
2026-07-30,80,210.4177058272183,191.37
2026-07-30,81,192.38345268150107,183.7
2026-07-30,82,253.857025855386,188.39
2026-07-30,83,281.930799153248,199.44
2026-07-30,84,274.9713535850749,221.71
2026-07-30,85,251.72074972901896,218.14
2026-07-30,86,211.19953232766423,212.28
2026-07-30,87,215.35861040483184,203.9
2026-07-30,88,206.8811890193731,193.8
2026-07-30,89,208.69534044257108,201.3
2026-07-30,90,191.59068102356343,194.09
2026-07-30,91,172.05360722859868,187.25
2026-07-30,92,165.586483760779,178.55
2026-07-30,93,175.1132641305141,181.29
2026-07-30,94,165.3834791031856,172.65
2026-07-30,95,157.083147334506,169.78
2026-07-30,96,148.0662288623962,159.6
2026-07-31,1,171.69856716121998,177.28
2026-07-31,2,167.0344362639226,170.09
2026-07-31,3,157.49275762741388,164.6
2026-07-31,4,152.3338170163401,160.87
2026-07-31,5,159.475186040769,172.99
2026-07-31,6,152.35350791292836,167.17
2026-07-31,7,151.01107948323997,157.61
2026-07-31,8,148.31479397582808,154.04
2026-07-31,9,151.9054048614144,157.15
2026-07-31,10,148.53741104055754,154.5
2026-07-31,11,147.04369421207605,154.05
2026-07-31,12,143.891295426479,154.94
2026-07-31,13,144.99455673210167,153.96
2026-07-31,14,143.88186067924602,154.65
2026-07-31,15,143.1286742473262,154.01
2026-07-31,16,143.69355989461954,154.07
2026-07-31,17,141.56755661516905,154.91
2026-07-31,18,143.07246351990796,152.67
2026-07-31,19,147.96372529266455,156.78
2026-07-31,20,152.18972744668895,165.0
2026-07-31,21,145.29294620201392,154.3
2026-07-31,22,155.83885197873084,159.22
2026-07-31,23,161.75252293224364,173.89
2026-07-31,24,162.63842769152214,174.64
2026-07-31,25,165.9470725083749,172.04
2026-07-31,26,170.93883971311456,182.29
2026-07-31,27,174.48630933705462,183.6
2026-07-31,28,169.80887541627015,178.42
2026-07-31,29,180.81772592286944,187.3
2026-07-31,30,176.40401711252457,180.0
2026-07-31,31,170.7925713341094,172.61
2026-07-31,32,150.84675669486722,150.2
2026-07-31,33,188.0558893735075,182.6
2026-07-31,34,174.4022183045803,170.72
2026-07-31,35,161.1123120436891,153.29
2026-07-31,36,119.82815134379072,129.7
2026-07-31,37,144.40495625046682,159.97
2026-07-31,38,122.88251094577362,144.3
2026-07-31,39,112.50142767310302,129.15
2026-07-31,40,95.550533641407,124.13
2026-07-31,41,106.79553229268332,135.42
2026-07-31,42,93.90666467424774,128.59
2026-07-31,43,84.85909322795538,112.6
2026-07-31,44,69.21132465398192,101.81
2026-07-31,45,79.69144435399588,113.8
2026-07-31,46,70.36911593246164,99.94
2026-07-31,47,60.52012780619289,98.75
2026-07-31,48,51.58512140140141,92.19
2026-07-31,49,58.3249283321974,97.71
2026-07-31,50,50.53298672678791,95.74
2026-07-31,51,46.85281053564808,96.03
2026-07-31,52,42.936577791124655,86.99
2026-07-31,53,45.69077764992733,85.01
2026-07-31,54,43.8719597004921,84.46
2026-07-31,55,42.29786617929173,82.25
2026-07-31,56,39.798434686197794,81.35
2026-07-31,57,42.117208051227806,80.4
2026-07-31,58,44.1770092587422,81.99
2026-07-31,59,46.29131139384637,87.81
2026-07-31,60,50.69240420096176,94.94
2026-07-31,61,52.689534764189744,90.11
2026-07-31,62,56.20870347343512,98.77
2026-07-31,63,66.73964904818999,104.72
2026-07-31,64,86.37334389693558,118.94
2026-07-31,65,71.71379789393544,110.0
2026-07-31,66,89.36075139167377,113.67
2026-07-31,67,102.21048429551752,123.8
2026-07-31,68,119.92960891702086,135.99
2026-07-31,69,93.79361798753185,123.97
2026-07-31,70,114.74505752992113,135.07
2026-07-31,71,132.14703371102632,164.01
2026-07-31,72,146.72814034476448,166.92
2026-07-31,73,130.8906459682865,140.45
2026-07-31,74,165.73131280019965,160.29
2026-07-31,75,178.20179112781088,168.14
2026-07-31,76,197.9136123965732,180.35
2026-07-31,77,194.6301081487593,165.01
2026-07-31,78,212.34594125417607,177.8
2026-07-31,79,221.96875279848527,192.93
2026-07-31,80,271.6317727324148,203.8
2026-07-31,81,230.50918885379176,184.96
2026-07-31,82,250.72847607737333,190.66
2026-07-31,83,272.05145904532884,196.27
2026-07-31,84,281.6793083445708,199.07
2026-07-31,85,276.02447190457497,192.09
2026-07-31,86,256.1717344696442,193.75
2026-07-31,87,233.8053786277296,197.33
2026-07-31,88,216.1723771956005,199.39
2026-07-31,89,250.3702592778454,204.05
2026-07-31,90,205.84969106715408,201.34
2026-07-31,91,197.84111568683096,184.12
2026-07-31,92,181.2064446420253,175.01
2026-07-31,93,184.4122712793652,178.22
2026-07-31,94,174.2439123322667,169.88
2026-07-31,95,173.55398135327778,167.36
2026-07-31,96,195.1066675090567,165.13
2026-08-01,1,174.12279359393932,183.75
2026-08-01,2,167.6473214605397,173.56
2026-08-01,3,161.514126779926,164.44
2026-08-01,4,153.91632258987627,156.0
2026-08-01,5,162.34345785126544,169.43
2026-08-01,6,155.48071636016203,166.63
2026-08-01,7,150.80449019767667,157.66
2026-08-01,8,146.32327468438277,156.91
2026-08-01,9,149.40365086280158,160.91
2026-08-01,10,147.3158830516165,159.09
2026-08-01,11,146.37222895245304,155.88
2026-08-01,12,151.8958913032028,152.1
2026-08-01,13,145.9562435962207,157.01
2026-08-01,14,143.9177990207774,153.37
2026-08-01,15,142.84312226049371,155.0
2026-08-01,16,140.9867953856908,153.05
2026-08-01,17,143.7823651913796,154.91
2026-08-01,18,143.16242637802122,158.34
2026-08-01,19,150.32094413858383,153.54
2026-08-01,20,148.5650607517463,151.3
2026-08-01,21,142.11710840188806,152.78
2026-08-01,22,151.0777283560349,157.0
2026-08-01,23,149.4173633050705,155.47
2026-08-01,24,144.145555066676,156.82
2026-08-01,25,148.81761360808628,160.52
2026-08-01,26,148.62213614825205,156.94
2026-08-01,27,145.69221062881942,151.9
2026-08-01,28,139.33417196502236,149.8
2026-08-01,29,150.26588118544774,162.96
2026-08-01,30,137.26504794145671,147.0
2026-08-01,31,131.55823159714134,141.73
2026-08-01,32,126.8443941963507,134.0
2026-08-01,33,142.1106914751154,160.86
2026-08-01,34,132.16954366045186,143.7
2026-08-01,35,113.51156329566444,133.18
2026-08-01,36,84.60224120666823,123.89
2026-08-01,37,90.7011035607903,145.41
2026-08-01,38,71.33033950382244,122.44
2026-08-01,39,68.15995991199378,117.65
2026-08-01,40,27.97874182419416,107.59
2026-08-01,41,56.523161904105606,116.41
2026-08-01,42,28.26773893695933,104.39
2026-08-01,43,20.6034291074424,101.6
2026-08-01,44,14.671196752389932,81.29
2026-08-01,45,17.348088756158447,83.0
2026-08-01,46,15.773490583293189,67.98
2026-08-01,47,12.546941120447071,51.16
2026-08-01,48,9.599563033933345,26.47
2026-08-01,49,12.618221440283468,31.63
2026-08-01,50,8.193148964192591,19.62
2026-08-01,51,5.097027800974503,11.7
2026-08-01,52,2.556895791852024,3.91
2026-08-01,53,3.7249174826973936,1.63
2026-08-01,54,1.397997226707265,0.0
2026-08-01,55,0.0286701559044797,0.0
2026-08-01,56,5.446846293531339,0.0
2026-08-01,57,-0.8089221213022918,0.0
2026-08-01,58,-1.828704089787759,0.0
2026-08-01,59,0.1631951294357869,0.0
2026-08-01,60,2.03258136173079,0.0
2026-08-01,61,-0.7750003432051336,0.02
2026-08-01,62,3.5375959534031267,0.29
2026-08-01,63,8.246443576449604,2.8
2026-08-01,64,16.960174488908248,9.2
2026-08-01,65,10.217576488699455,6.5
2026-08-01,66,21.97559940847868,24.13
2026-08-01,67,31.979206375420297,64.03
2026-08-01,68,52.38733417484767,87.41
2026-08-01,69,35.7626059838976,87.12
2026-08-01,70,67.46699742950373,101.14
2026-08-01,71,82.75834817297176,119.08
2026-08-01,72,100.99268071648152,122.92
2026-08-01,73,80.52414213277045,119.38
2026-08-01,74,118.3535779804996,133.0
2026-08-01,75,145.1689323645354,160.82
2026-08-01,76,173.82281666509817,167.34
2026-08-01,77,144.63318642225676,150.92
2026-08-01,78,178.06110250524875,160.26
2026-08-01,79,208.2247439026776,175.47
2026-08-01,80,205.0616731052405,187.49
2026-08-01,81,204.4179928829905,174.17
2026-08-01,82,211.77262856050805,180.23
2026-08-01,83,218.6561696095282,183.4
2026-08-01,84,226.6848548617409,186.05
2026-08-01,85,230.32097815990195,184.85
2026-08-01,86,213.940149344617,181.6
2026-08-01,87,206.3203963698931,182.41
2026-08-01,88,203.71164151675487,173.85
2026-08-01,89,231.6443788534302,190.2
2026-08-01,90,198.1914592025037,179.69
2026-08-01,91,190.2106223876844,175.2
2026-08-01,92,183.73673653321285,169.1
2026-08-01,93,185.8348592280205,172.11
2026-08-01,94,180.88947187682385,171.94
2026-08-01,95,177.3443037124964,171.23
2026-08-01,96,170.42783577942149,164.72
2026-08-02,1,159.11150238340656,188.4
2026-08-02,2,155.84064634032651,170.98
2026-08-02,3,151.38116535142288,161.1
2026-08-02,4,147.22424984581778,158.02
2026-08-02,5,152.24489574544214,160.86
2026-08-02,6,149.08285830614713,156.81
2026-08-02,7,145.54403853031138,162.01
2026-08-02,8,145.36894216399764,159.98
2026-08-02,9,143.74165070473757,158.74
2026-08-02,10,140.4079302928338,156.5
2026-08-02,11,143.7312026244663,157.31
2026-08-02,12,141.0311047703252,154.8
2026-08-02,13,140.48036698293342,155.36
2026-08-02,14,140.00683700666568,153.75
2026-08-02,15,148.06795444644715,153.88
2026-08-02,16,145.02876014014714,154.78
2026-08-02,17,140.74280302278575,155.01
2026-08-02,18,140.51180949116934,153.16
2026-08-02,19,141.13644211883658,152.94
2026-08-02,20,143.87585217845742,153.26
2026-08-02,21,138.49587715325669,159.03
2026-08-02,22,145.04143290776273,160.83
2026-08-02,23,152.3261776947742,159.73
2026-08-02,24,143.65656438811249,157.72
2026-08-02,25,148.01608393338347,161.13
2026-08-02,26,141.25015935477177,153.7
2026-08-02,27,137.3461020417655,151.62
2026-08-02,28,139.04478724859703,139.14
2026-08-02,29,137.29000734116016,153.77
2026-08-02,30,138.17794088868743,142.6
2026-08-02,31,126.255631614219,136.11
2026-08-02,32,120.10286865391316,122.32
2026-08-02,33,128.4240941131417,152.74
2026-08-02,34,122.69066819493584,130.33
2026-08-02,35,107.51659183403868,112.43
2026-08-02,36,89.20637435587673,93.22
2026-08-02,37,96.13933181192894,104.46
2026-08-02,38,85.57130905602317,84.19
2026-08-02,39,76.4988135078345,51.64
2026-08-02,40,64.42547642228052,10.45
2026-08-02,41,59.93899751786209,10.21
2026-08-02,42,50.46694308026999,2.47
2026-08-02,43,14.126796509017936,-0.01
2026-08-02,44,10.305071067635367,-0.05
2026-08-02,45,10.754076110786514,-0.09
2026-08-02,46,7.885631019401543,-0.13
2026-08-02,47,7.945755198054066,-0.34
2026-08-02,48,7.762734002076247,-0.48
2026-08-02,49,7.367265678056533,-0.71
2026-08-02,50,11.47246298888033,-1.08
2026-08-02,51,8.05075480151613,-1.44
2026-08-02,52,4.539381380443965,-1.87
2026-08-02,53,4.626834957873707,-2.77
2026-08-02,54,4.436038433110987,-3.1
2026-08-02,55,4.1798652713246565,-4.28
2026-08-02,56,4.986393004772045,-4.77
2026-08-02,57,6.307545795687062,-2.42
2026-08-02,58,6.016082043852356,-1.99
2026-08-02,59,7.98745589216604,-1.64
2026-08-02,60,11.8536706559903,-1.09
2026-08-02,61,8.720927370307747,-1.29
2026-08-02,62,9.85365905857545,-1.25
2026-08-02,63,17.012303574160534,-1.19
2026-08-02,64,29.436573612709594,-0.98
2026-08-02,65,20.57273754588229,-1.01
2026-08-02,66,36.02157825774043,-0.04
2026-08-02,67,49.46090852262597,0.0
2026-08-02,68,75.6729499478976,12.71
2026-08-02,69,50.79610922548832,41.97
2026-08-02,70,87.86967243799666,92.84
2026-08-02,71,108.22955377386424,116.55
2026-08-02,72,129.38925398972444,130.29
2026-08-02,73,104.52397682274906,123.89
2026-08-02,74,128.58422407804497,138.13
2026-08-02,75,145.78485449136502,157.0
2026-08-02,76,145.8621506699127,173.61
2026-08-02,77,146.7280030726823,160.15
2026-08-02,78,164.1692314679608,170.59
2026-08-02,79,180.30800259685543,183.9
2026-08-02,80,168.5165477931325,192.93
2026-08-02,81,162.00325658108426,182.99
2026-08-02,82,170.67913584680414,181.78
2026-08-02,83,174.15363143932825,185.66
2026-08-02,84,170.42171982453604,192.32
2026-08-02,85,175.32868000528333,190.7
2026-08-02,86,164.7939113516165,181.18
2026-08-02,87,162.07389109234614,174.37
2026-08-02,88,160.92174436194043,164.51
2026-08-02,89,164.05701573856618,181.59
2026-08-02,90,160.60356039487328,167.84
2026-08-02,91,157.75799690521367,163.65
2026-08-02,92,152.79853262214505,157.83
2026-08-02,93,154.05984058693716,160.11
2026-08-02,94,148.25512481699735,155.09
2026-08-02,95,146.9845565949619,152.96
2026-08-02,96,139.3542223472376,143.17
2026-08-03,1,148.23060068421952,146.32
2026-08-03,2,140.5340682261137,141.85
2026-08-03,3,138.72959277400375,136.95
2026-08-03,4,135.55706694848928,134.05
2026-08-03,5,135.53878177531882,137.95
2026-08-03,6,133.0108952463001,134.42
2026-08-03,7,131.86309868246002,135.44
2026-08-03,8,128.8019978205366,132.63
2026-08-03,9,130.18152340570165,133.59
2026-08-03,10,127.57793254909608,131.84
2026-08-03,11,125.29335905556256,131.4
2026-08-03,12,123.41857651961315,130.93
2026-08-03,13,127.29852652562067,129.25
2026-08-03,14,125.36002884435648,128.84
2026-08-03,15,128.01007651299173,129.5
2026-08-03,16,127.9212947694803,131.56
2026-08-03,17,125.96368666173784,128.7
2026-08-03,18,125.57195749600083,131.24
2026-08-03,19,130.09630635697172,133.6
2026-08-03,20,133.48492073895582,137.41
2026-08-03,21,127.10982982992454,139.13
2026-08-03,22,129.80553242610438,141.73
2026-08-03,23,133.00748769678708,144.67
2026-08-03,24,143.70596159906768,151.67
2026-08-03,25,142.504625716192,164.9
2026-08-03,26,146.6689780055817,171.38
2026-08-03,27,151.22623357576967,173.41
2026-08-03,28,152.17889765862847,167.21
2026-08-03,29,156.3345901350084,173.56
2026-08-03,30,153.33848473760423,166.94
2026-08-03,31,145.54606542381936,161.83
2026-08-03,32,152.68673568807895,155.63
2026-08-03,33,154.0501746237968,167.27
2026-08-03,34,150.47608254922312,156.95
2026-08-03,35,125.91154060780524,150.23
2026-08-03,36,111.61128963105232,125.55
2026-08-03,37,123.5426152461795,163.11
2026-08-03,38,112.63837510404473,134.68
2026-08-03,39,99.06256082600297,124.22
2026-08-03,40,84.95957635432221,118.48
2026-08-03,41,107.9452018158134,127.99
2026-08-03,42,82.75459069342966,117.09
2026-08-03,43,71.84849588171953,109.3
2026-08-03,44,54.34593474080628,88.76
2026-08-03,45,64.41097229702217,90.05
2026-08-03,46,52.93986896987764,74.45
2026-08-03,47,45.04644747245206,62.48
2026-08-03,48,37.23308046134489,51.73
2026-08-03,49,42.02738161098844,42.44
2026-08-03,50,35.22050674852834,25.1
2026-08-03,51,24.273362256108275,21.36
2026-08-03,52,26.106788346130468,15.22
2026-08-03,53,21.687058612838065,23.27
2026-08-03,54,14.942107432736334,20.1
2026-08-03,55,22.21178059798083,11.28
2026-08-03,56,13.350035842165251,10.9
2026-08-03,57,21.24376757730399,10.09
2026-08-03,58,16.93284621558815,13.36
2026-08-03,59,21.10817519432255,26.04
2026-08-03,60,20.493696346510745,40.73
2026-08-03,61,23.64185932393064,41.35
2026-08-03,62,27.290793395609548,58.8
2026-08-03,63,35.38983964533939,68.01
2026-08-03,64,42.891215598407626,75.09
2026-08-03,65,34.49048268142419,88.22
2026-08-03,66,45.62620482673272,96.18
2026-08-03,67,58.89403092459865,106.57
2026-08-03,68,78.0638546587103,120.26
2026-08-03,69,64.24621392053324,117.1
2026-08-03,70,94.79628258854392,123.8
2026-08-03,71,110.87127534027525,145.59
2026-08-03,72,123.60329650039772,172.71
2026-08-03,73,104.45914626785088,155.17
2026-08-03,74,137.50648687338943,162.78
2026-08-03,75,149.2485020450377,170.7
2026-08-03,76,167.8656381289049,187.46
2026-08-03,77,143.48502966221446,177.61
2026-08-03,78,157.50087971405716,189.78
2026-08-03,79,163.74768465960025,208.69
2026-08-03,80,185.4281731148673,246.99
2026-08-03,81,167.50472719260992,207.26
2026-08-03,82,177.8037488842896,201.41
2026-08-03,83,190.3635758688672,194.5
2026-08-03,84,190.46165711724373,199.53
2026-08-03,85,190.04468233182823,196.48
2026-08-03,86,182.938259728882,188.91
2026-08-03,87,174.6799339038344,184.83
2026-08-03,88,166.23742227191792,173.01
2026-08-03,89,182.5527662592943,184.05
2026-08-03,90,164.4813888940475,175.64
2026-08-03,91,166.41599859944978,173.01
2026-08-03,92,155.33215811775506,165.02
2026-08-03,93,159.44249730960095,166.58
2026-08-03,94,152.69020439561993,160.0
2026-08-03,95,151.9732328358638,155.7
2026-08-03,96,135.11280094901403,146.27
2026-08-04,1,157.93160518591696,168.81
2026-08-04,2,153.63287871598223,152.23
2026-08-04,3,147.35133977836995,151.15
2026-08-04,4,140.62221635025753,143.81
2026-08-04,5,150.09872409976387,151.26
2026-08-04,6,143.38983695903107,144.52
2026-08-04,7,139.1808740641068,143.87
2026-08-04,8,134.95750211684367,139.22
2026-08-04,9,137.3424063172798,140.8
2026-08-04,10,134.7100813198461,140.25
2026-08-04,11,139.6156046116446,139.17
2026-08-04,12,135.02634323472194,135.76
2026-08-04,13,140.1908785484503,134.42
2026-08-04,14,134.6719734906049,136.01
2026-08-04,15,136.54779129585793,138.33
2026-08-04,16,131.75610414277776,139.66
2026-08-04,17,136.54698845669287,139.17
2026-08-04,18,139.731869131197,139.73
2026-08-04,19,141.17640887905375,142.47
2026-08-04,20,145.2656710334226,151.29
2026-08-04,21,142.3765815762113,151.75
2026-08-04,22,150.66552402929446,152.65
2026-08-04,23,157.71765116241167,156.0
2026-08-04,24,162.8696914894474,167.41
2026-08-04,25,163.90490870122355,166.64
2026-08-04,26,170.5745714372397,174.41
2026-08-04,27,166.35073561564798,170.78
2026-08-04,28,166.96633080123848,171.9
2026-08-04,29,174.77011235126193,178.09
2026-08-04,30,164.43593042492114,172.31
2026-08-04,31,166.7279676909847,171.95
2026-08-04,32,156.89083126744816,154.78
2026-08-04,33,182.69402692109,177.98
2026-08-04,34,173.85097684279407,168.1
2026-08-04,35,154.64201279678528,157.05
2026-08-04,36,134.8897458527248,142.83
2026-08-04,37,163.429504394672,174.24
2026-08-04,38,141.42786938351213,156.6
2026-08-04,39,120.52266715386304,134.08
2026-08-04,40,103.31405920783266,121.23
2026-08-04,41,116.24694017195296,143.5
2026-08-04,42,93.08562217712678,122.39
2026-08-04,43,87.5591026161693,117.57
2026-08-04,44,71.5627935257379,114.58
2026-08-04,45,77.7514549189085,113.9
2026-08-04,46,66.269430072602,106.83
2026-08-04,47,59.09998595075277,98.05
2026-08-04,48,49.444050103058586,96.17
2026-08-04,49,55.1970391579184,94.99
2026-08-04,50,45.92876426274919,85.7
2026-08-04,51,21.25146438910157,85.01
2026-08-04,52,16.803801648851262,83.55
2026-08-04,53,38.187748076908605,81.95
2026-08-04,54,33.788666785659,80.59
2026-08-04,55,29.3887976770421,72.34
2026-08-04,56,15.215054066382034,70.98
2026-08-04,57,25.601633521697234,81.65
2026-08-04,58,21.178296036705703,84.32
2026-08-04,59,29.73398045435264,85.01
2026-08-04,60,33.13204568410071,85.27
2026-08-04,61,28.12068983996681,96.37
2026-08-04,62,32.58088804901915,101.61
2026-08-04,63,41.54773391477838,117.07
2026-08-04,64,50.87069330972428,122.78
2026-08-04,65,45.1847157472487,119.5
2026-08-04,66,58.57644885452762,123.46
2026-08-04,67,77.51639631267618,124.08
2026-08-04,68,96.19541835899769,142.71
2026-08-04,69,86.84594759516709,137.21
2026-08-04,70,111.15881033743624,149.41
2026-08-04,71,128.537421724382,165.9
2026-08-04,72,150.8058253691828,167.33
2026-08-04,73,116.72931243559437,155.95
2026-08-04,74,160.15893988964228,156.4
2026-08-04,75,179.46284874282372,176.28
2026-08-04,76,192.7855791064557,213.56
2026-08-04,77,173.19358978866796,170.39
2026-08-04,78,211.98635194556755,201.19
2026-08-04,79,201.5492081108997,236.85
2026-08-04,80,233.565732500087,303.57
2026-08-04,81,208.9298669903596,240.01
2026-08-04,82,227.7980854603272,248.74
2026-08-04,83,245.8753065961872,241.06
2026-08-04,84,261.4025607709128,230.21
2026-08-04,85,253.9678814310812,239.71
2026-08-04,86,241.2007684389847,214.07
2026-08-04,87,228.43152032321973,203.55
2026-08-04,88,209.7842523809793,190.85
2026-08-04,89,223.23010190651087,198.68
2026-08-04,90,203.9395198071117,181.42
2026-08-04,91,192.55774925862,184.89
2026-08-04,92,178.29122486752496,175.52
2026-08-04,93,187.54146769872568,170.88
2026-08-04,94,171.74126657263182,166.5
2026-08-04,95,164.13152430337126,163.1
2026-08-04,96,164.73910456369762,151.78
2026-08-05,1,167.1478435598098,162.65
2026-08-05,2,167.04406307005036,156.5
2026-08-05,3,157.0759327443308,151.55
2026-08-05,4,149.19428075181628,150.07
2026-08-05,5,152.28496527058076,152.76
2026-08-05,6,145.87215478461516,148.53
2026-08-05,7,143.4141673034023,148.29
2026-08-05,8,138.66833218618885,147.81
2026-08-05,9,141.72281201481124,152.68
2026-08-05,10,138.62844659348858,147.52
2026-08-05,11,143.94582033510065,146.1
2026-08-05,12,132.86757192375134,145.9
2026-08-05,13,139.54790322145374,147.72
2026-08-05,14,137.2437596040817,147.4
2026-08-05,15,135.4140610928481,142.75
2026-08-05,16,132.0632094523434,139.15
2026-08-05,17,133.81041869581068,139.61
2026-08-05,18,136.99124112664697,138.16
2026-08-05,19,139.0921384784578,140.61
2026-08-05,20,140.39158039398637,139.0
2026-08-05,21,145.62808277785237,135.8
2026-08-05,22,143.42136268924054,140.47
2026-08-05,23,151.61442544044485,146.29
2026-08-05,24,147.82007286782144,154.45
2026-08-05,25,156.35813912011704,154.81
2026-08-05,26,157.85739082074292,156.68
2026-08-05,27,153.94571411472805,160.23
2026-08-05,28,147.0414596722498,157.0
2026-08-05,29,158.09067246214346,166.09
2026-08-05,30,156.5018856837217,162.24
2026-08-05,31,153.34555922386875,154.41
2026-08-05,32,147.33551878159653,136.0
2026-08-05,33,165.11094777080214,162.64
2026-08-05,34,153.9576963453264,147.91
2026-08-05,35,145.5689696631526,131.74
2026-08-05,36,123.09214436649812,116.9
2026-08-05,37,143.28762395476778,145.09
2026-08-05,38,119.65272251507412,120.15
2026-08-05,39,112.0779341606358,104.5
2026-08-05,40,106.2418070334046,78.41
2026-08-05,41,113.6046067330318,100.0
2026-08-05,42,98.99679422203631,85.71
2026-08-05,43,93.99787079464524,54.6
2026-08-05,44,79.3793209351759,17.49
2026-08-05,45,76.44573079304092,24.88
2026-08-05,46,66.58766463994017,8.35
2026-08-05,47,56.72371837921188,0.1
2026-08-05,48,43.32876186294652,0.0
2026-08-05,49,50.545415818390325,0.0
2026-08-05,50,51.33395634201065,-0.01
2026-08-05,51,29.05485877528146,-0.04
2026-08-05,52,22.917569809177103,-0.1
2026-08-05,53,27.535628315705843,-0.17
2026-08-05,54,22.18167656060096,-0.34
2026-08-05,55,18.863162641954364,-0.91
2026-08-05,56,9.0091723849172,-0.75
2026-08-05,57,20.000038726762035,-0.19
2026-08-05,58,18.24624263303777,-0.14
2026-08-05,59,18.64823394568145,-0.13
2026-08-05,60,20.313210575392247,-0.1
2026-08-05,61,19.454926795867827,-0.06
2026-08-05,62,24.07462343117645,-0.01
2026-08-05,63,31.040082893733228,0.0
2026-08-05,64,44.25613514313552,0.0
2026-08-05,65,33.55642511450105,0.0
2026-08-05,66,50.47776856289251,0.07
2026-08-05,67,71.0841839909992,2.25
2026-08-05,68,89.39900107835356,24.99
2026-08-05,69,78.26049273020635,15.65
2026-08-05,70,85.88278477599405,60.05
2026-08-05,71,93.96557829802042,87.47
2026-08-05,72,109.2690040667804,126.17
2026-08-05,73,96.5663183061487,94.66
2026-08-05,74,121.79772476757928,126.61
2026-08-05,75,140.78820309531977,152.98
2026-08-05,76,142.49043133509397,166.07
2026-08-05,77,130.791385919692,155.06
2026-08-05,78,151.13603335743417,158.78
2026-08-05,79,169.39725594078257,172.39
2026-08-05,80,196.77436168354737,209.36
2026-08-05,81,176.12706487629944,177.77
2026-08-05,82,191.95705470005137,186.45
2026-08-05,83,210.5884275351064,190.63
2026-08-05,84,228.2447012475044,195.0
2026-08-05,85,222.23354650433816,193.32
2026-08-05,86,211.9905655167817,199.52
2026-08-05,87,202.6727403013857,217.11
2026-08-05,88,186.2202660825286,205.0
2026-08-05,89,195.9775765865357,225.86
2026-08-05,90,181.0431239905516,187.9
2026-08-05,91,171.20071009532808,178.54
2026-08-05,92,160.32288123510548,170.95
2026-08-05,93,169.77483497922177,175.43
2026-08-05,94,161.6888694129838,167.09
2026-08-05,95,155.37785362893692,164.92
2026-08-05,96,147.49225049258106,156.98
2026-08-06,1,164.86729348527828,171.83
2026-08-06,2,169.91976431776638,162.64
2026-08-06,3,164.2048913731665,160.0
2026-08-06,4,147.5228144882997,155.58
2026-08-06,5,155.42999055616576,166.55
2026-08-06,6,150.40942457288054,160.0
2026-08-06,7,149.37657485223156,151.66
2026-08-06,8,142.29844174249763,142.6
2026-08-06,9,145.88885337185962,158.43
2026-08-06,10,142.3934215826347,150.54
2026-08-06,11,138.18550581104597,140.25
2026-08-06,12,131.72361572017212,137.57
2026-08-06,13,134.17593142490486,144.69
2026-08-06,14,131.0292698884428,137.55
2026-08-06,15,125.9350391432153,136.15
2026-08-06,16,125.9566553153916,132.93
2026-08-06,17,128.08095640384417,133.62
2026-08-06,18,129.76982458641356,133.75
2026-08-06,19,132.50529221153482,134.05
2026-08-06,20,132.60920668116916,134.82
2026-08-06,21,137.58062154643017,132.59
2026-08-06,22,137.35924075803845,133.09
2026-08-06,23,138.18371118125083,136.23
2026-08-06,24,139.21728441276647,141.1
2026-08-06,25,152.36256834837013,149.96
2026-08-06,26,148.60854157213566,160.25
2026-08-06,27,150.84615165017732,160.9
2026-08-06,28,145.65411911820462,153.08
2026-08-06,29,157.15456947404763,161.04
2026-08-06,30,151.45284507959454,152.72
2026-08-06,31,138.43612368853854,152.05
2026-08-06,32,122.0551088057091,131.51
2026-08-06,33,143.87610832596928,170.27
2026-08-06,34,131.96692776331025,145.0
2026-08-06,35,114.39445540523688,130.85
2026-08-06,36,97.42324802594293,110.77
2026-08-06,37,114.29429850742775,135.38
2026-08-06,38,95.98439754531444,109.16
2026-08-06,39,79.58111396306981,89.63
2026-08-06,40,60.72928332078519,48.11
2026-08-06,41,78.62551582197347,66.54
2026-08-06,42,60.893109319711925,27.88
2026-08-06,43,51.6210852769363,5.52
2026-08-06,44,34.24294630949046,0.4
2026-08-06,45,37.04523833045043,0.7
2026-08-06,46,21.722613369622657,0.0
2026-08-06,47,14.390566922007796,-0.01
2026-08-06,48,8.183418134919616,-0.11
2026-08-06,49,8.884137572290033,-0.01
2026-08-06,50,5.121202917678284,-0.08
2026-08-06,51,2.536157290910859,-0.09
2026-08-06,52,-1.066592586863821,-0.16
2026-08-06,53,-2.132021297130068,-1.01
2026-08-06,54,-4.716921376246521,-1.11
2026-08-06,55,-6.130897426825402,-1.47
2026-08-06,56,-10.26117851584676,-1.84
2026-08-06,57,-7.6789654803750995,-1.49
2026-08-06,58,-8.780810600280262,-1.57
2026-08-06,59,-9.511139318303432,-1.09
2026-08-06,60,-8.87599992650126,-1.01
2026-08-06,61,-7.362819770773209,-1.0
2026-08-06,62,-5.782014609621429,-0.19
2026-08-06,63,-2.709908879374081,-0.11
2026-08-06,64,-1.315682846394299,-0.04
2026-08-06,65,2.617777396040074,-0.04
2026-08-06,66,7.347799004320361,-0.01
2026-08-06,67,12.57023246126368,0.0
2026-08-06,68,20.303366196167858,0.08
2026-08-06,69,4.845332279307982,2.49
2026-08-06,70,38.45268751516304,24.4
2026-08-06,71,45.20766793565383,50.0
2026-08-06,72,68.55313768674989,76.81
2026-08-06,73,56.32952170672545,74.76
2026-08-06,74,95.28928944629313,96.82
2026-08-06,75,113.86962183646344,127.0
2026-08-06,76,132.35499985185004,159.34
2026-08-06,77,117.6277033521059,129.83
2026-08-06,78,133.62070826940553,137.63
2026-08-06,79,144.1167577628174,150.54
2026-08-06,80,160.81218088383946,154.71
2026-08-06,81,145.150372899438,152.09
2026-08-06,82,154.51777037407655,159.99
2026-08-06,83,162.59749833154962,166.47
2026-08-06,84,172.48237893288118,172.22
2026-08-06,85,168.29508249178468,167.0
2026-08-06,86,166.70886640374633,168.3
2026-08-06,87,170.06664878547204,168.25
2026-08-06,88,163.45378705533827,165.01
2026-08-06,89,176.20874182343155,172.05
2026-08-06,90,165.7230590957737,170.85
2026-08-06,91,162.61765162017147,171.35
2026-08-06,92,156.2307725326199,163.57
2026-08-06,93,162.59558437003244,165.21
2026-08-06,94,154.94438818281162,158.55
2026-08-06,95,150.61894919312886,157.53
2026-08-06,96,142.25458406691288,152.5
2026-08-07,1,159.06854710709817,152.93
2026-08-07,2,159.72997080264332,148.16
2026-08-07,3,157.30391175719174,144.02
2026-08-07,4,147.70684412283688,135.18
2026-08-07,5,167.17183150784086,142.0
2026-08-07,6,155.37183270611428,138.02
2026-08-07,7,150.84529668627832,138.61
2026-08-07,8,144.9111654867721,135.99
2026-08-07,9,151.35434990417374,137.76
2026-08-07,10,147.1134512460065,130.76
2026-08-07,11,146.79471431200784,127.59
2026-08-07,12,146.10258965616669,128.37
2026-08-07,13,148.53049888693124,128.84
2026-08-07,14,149.07317797995023,128.62
2026-08-07,15,147.31002316585003,128.83
2026-08-07,16,146.63393348029916,129.98
2026-08-07,17,148.43624946228792,127.31
2026-08-07,18,145.75149238602597,129.76
2026-08-07,19,145.54214942852576,133.39
2026-08-07,20,152.94145592773697,135.84
2026-08-07,21,148.24541593858586,129.25
2026-08-07,22,150.23514036070048,136.82
2026-08-07,23,155.06863993833645,149.04
2026-08-07,24,156.42815805039598,150.22
2026-08-07,25,167.98028267619043,150.57
2026-08-07,26,162.72237870981124,154.25
2026-08-07,27,159.34032445149427,159.33
2026-08-07,28,160.58793084750684,160.52
2026-08-07,29,169.78840183791215,168.32
2026-08-07,30,161.28733856193762,163.09
2026-08-07,31,152.97989018077365,153.18
2026-08-07,32,143.53083473574404,135.3
2026-08-07,33,160.72897161297055,165.72
2026-08-07,34,151.3168499189927,151.27
2026-08-07,35,139.25866503209676,144.03
2026-08-07,36,113.0386123303444,121.29
2026-08-07,37,136.47973456073964,150.42
2026-08-07,38,111.98143634364008,130.12
2026-08-07,39,95.71405012659616,114.18
2026-08-07,40,74.87375380104606,109.75
2026-08-07,41,88.38326557645208,109.69
2026-08-07,42,70.6530408740219,103.26
2026-08-07,43,61.47873953940571,100.0
2026-08-07,44,46.34057203363077,95.7
2026-08-07,45,51.60078967076888,85.37
2026-08-07,46,42.84684610475213,75.07
2026-08-07,47,36.2709865928768,61.68
2026-08-07,48,27.21743758521876,43.93
2026-08-07,49,30.108334428661323,39.99
2026-08-07,50,22.0719543668873,27.61
2026-08-07,51,18.903850220741056,24.91
2026-08-07,52,14.272239231455549,20.09
2026-08-07,53,16.19948228689543,22.46
2026-08-07,54,11.564517095416926,12.18
2026-08-07,55,1.9754145620508967,9.75
2026-08-07,56,0.0764298592466094,7.68
2026-08-07,57,-0.5675133429813469,10.04
2026-08-07,58,1.1844061311155587,15.25
2026-08-07,59,2.902453412920945,20.18
2026-08-07,60,6.931292035425643,29.44
2026-08-07,61,5.414041286759554,24.26
2026-08-07,62,9.408665240100149,33.85
2026-08-07,63,16.94702537080422,50.49
2026-08-07,64,29.9157260330126,68.76
2026-08-07,65,23.660802021225383,66.76
2026-08-07,66,32.88410107478832,83.2
2026-08-07,67,55.46279806608559,91.69
2026-08-07,68,77.03666387322889,107.71
2026-08-07,69,56.64887758389024,104.25
2026-08-07,70,86.06057375757246,111.54
2026-08-07,71,102.36502031381828,123.95
2026-08-07,72,138.99440909752607,134.93
2026-08-07,73,132.04168975387222,125.82
2026-08-07,74,162.2671718539038,142.24
2026-08-07,75,168.8898287638205,147.9
2026-08-07,76,180.18121513205563,162.88
2026-08-07,77,165.8776540846779,150.64
2026-08-07,78,181.79775628983344,170.99
2026-08-07,79,191.74422056870424,175.18
2026-08-07,80,215.80524774836053,193.6
2026-08-07,81,192.5920728246906,181.0
2026-08-07,82,207.5933132385953,194.38
2026-08-07,83,233.44939243628176,203.06
2026-08-07,84,234.25760456156152,202.05
2026-08-07,85,234.31244553279376,211.2
2026-08-07,86,227.01893673085564,197.84
2026-08-07,87,216.2373462035064,188.78
2026-08-07,88,208.5555169173292,180.78
2026-08-07,89,223.55309831245867,189.17
2026-08-07,90,200.3069710463801,177.42
2026-08-07,91,189.93336923916783,175.05
2026-08-07,92,179.12737954829674,170.71
2026-08-07,93,183.6346300146093,172.02
2026-08-07,94,168.3496820643958,167.05
2026-08-07,95,168.21568912555043,164.05
2026-08-07,96,157.40103022934417,161.26
2026-08-08,1,166.9631498399843,163.38
2026-08-08,2,165.36460582220525,157.14
2026-08-08,3,156.17099925628364,155.24
2026-08-08,4,148.7677423233702,147.2
2026-08-08,5,157.22876732972458,155.2
2026-08-08,6,151.78893663717054,150.66
2026-08-08,7,155.9182090909596,147.14
2026-08-08,8,153.5353020593845,143.0
2026-08-08,9,149.79099748709513,148.61
2026-08-08,10,145.3805353226271,145.34
2026-08-08,11,141.13764044080628,144.62
2026-08-08,12,140.3295383038809,142.38
2026-08-08,13,148.56620672372338,146.92
2026-08-08,14,140.4072289209871,146.23
2026-08-08,15,149.458574958838,146.11
2026-08-08,16,145.119664842775,144.42
2026-08-08,17,148.23222538201114,141.96
2026-08-08,18,150.83867807979203,144.47
2026-08-08,19,152.54662484288207,144.76
2026-08-08,20,153.01057344086504,144.27
2026-08-08,21,153.44285396772497,139.91
2026-08-08,22,154.5636586534868,141.33
2026-08-08,23,161.88240998052277,147.81
2026-08-08,24,153.57441947992373,153.73
2026-08-08,25,159.16254747545318,155.08
2026-08-08,26,152.69649409029017,148.32
2026-08-08,27,151.62751111535897,143.93
2026-08-08,28,147.0702744891531,137.72
2026-08-08,29,155.00497628813545,155.0
2026-08-08,30,150.02509592532212,142.87
2026-08-08,31,140.8649606579954,134.9
2026-08-08,32,127.91023339730192,118.02
2026-08-08,33,149.84619708564412,145.88
2026-08-08,34,140.54711189020367,124.56
2026-08-08,35,121.9031082667764,106.7
2026-08-08,36,103.17162768007582,82.99
2026-08-08,37,125.86966209445106,107.54
2026-08-08,38,96.98423870568158,87.67
2026-08-08,39,86.84069014546876,44.94
2026-08-08,40,33.72110274842852,10.03
2026-08-08,41,41.00697806582348,12.32
2026-08-08,42,28.5354775405556,3.21
2026-08-08,43,24.630735116979707,0.0
2026-08-08,44,20.20286850480593,-0.09
2026-08-08,45,22.20583614964833,-1.14
2026-08-08,46,19.342817132620205,-1.21
2026-08-08,47,16.00575543086113,-1.71
2026-08-08,48,11.697005544403163,-2.01
2026-08-08,49,13.50789174118809,-3.83
2026-08-08,50,9.561888236532388,-5.01
2026-08-08,51,7.898748497017125,-6.81
2026-08-08,52,4.93903402579354,-8.3
2026-08-08,53,6.489895200971274,-8.77
2026-08-08,54,2.1957332253372663,-10.06
2026-08-08,55,1.2807507918557752,-12.29
2026-08-08,56,0.2247889540881091,-12.87
2026-08-08,57,0.061083736767959,-18.49
2026-08-08,58,1.7177603469568972,-12.99
2026-08-08,59,3.608592172363896,-10.0
2026-08-08,60,7.070790915293527,-7.13
2026-08-08,61,5.8461884330494325,-6.97
2026-08-08,62,7.5542562018505794,-8.85
2026-08-08,63,11.967432044660022,-5.48
2026-08-08,64,20.62109819697144,-6.75
2026-08-08,65,14.100197523328855,-1.44
2026-08-08,66,26.36692780820547,-0.54
2026-08-08,67,45.97849560928803,-0.28
2026-08-08,68,72.64945287273655,0.01
2026-08-08,69,57.201347119331885,1.93
2026-08-08,70,96.90856885799424,34.8
2026-08-08,71,116.24960485637436,106.04
2026-08-08,72,134.42471394388872,129.89
2026-08-08,73,155.0452999019151,106.31
2026-08-08,74,146.82966601282217,133.37
2026-08-08,75,161.65672514747652,157.0
2026-08-08,76,159.27404343973708,163.32
2026-08-08,77,154.48811104228923,148.76
2026-08-08,78,168.57777218968056,160.26
2026-08-08,79,166.13238447410572,170.72
2026-08-08,80,184.27815342221896,191.72
2026-08-08,81,164.51366965995786,185.76
2026-08-08,82,177.02234886895923,186.37
2026-08-08,83,193.3927250368341,183.16
2026-08-08,84,168.12669786274648,183.34
2026-08-08,85,172.05387597937172,186.66
2026-08-08,86,187.40172118728225,187.16
2026-08-08,87,178.88176517371278,178.53
2026-08-08,88,173.56791876808973,165.64
2026-08-08,89,182.9196231344672,185.18
2026-08-08,90,167.00456945259265,170.48
2026-08-08,91,164.72494117834222,167.9
2026-08-08,92,168.96903415394172,159.84
2026-08-08,93,163.62679353543064,161.96
2026-08-08,94,155.50377644180836,155.9
2026-08-08,95,150.43457874050148,155.25
2026-08-08,96,143.68574881558277,144.57
2026-08-09,1,157.28762244042056,155.2
2026-08-09,2,149.8577938825736,147.95
2026-08-09,3,144.800701091119,143.81
2026-08-09,4,137.0331211111985,134.14
2026-08-09,5,146.41928885921018,139.99
2026-08-09,6,140.55640646771224,140.12
2026-08-09,7,140.16580558708637,141.23
2026-08-09,8,139.30464790048322,136.04
2026-08-09,9,138.87504706589374,141.06
2026-08-09,10,133.43224783581857,136.28
2026-08-09,11,134.8856805511096,135.19
2026-08-09,12,133.14550693043182,133.24
2026-08-09,13,132.51432128980727,135.01
2026-08-09,14,133.3610476215175,134.87
2026-08-09,15,134.1866301736445,133.57
2026-08-09,16,133.22513426977685,132.35
2026-08-09,17,130.45711327166126,133.52
2026-08-09,18,131.49016870416534,134.92
2026-08-09,19,140.5993791302575,133.86
2026-08-09,20,140.32057614527204,133.81
2026-08-09,21,131.85064045693952,136.99
2026-08-09,22,137.2347958067751,134.99
2026-08-09,23,144.74865074776886,135.7
2026-08-09,24,140.84588512326158,132.32
2026-08-09,25,146.41594778024933,143.37
2026-08-09,26,141.25161186877983,134.18
2026-08-09,27,135.26823344535333,128.88
2026-08-09,28,133.39782451711085,120.76
2026-08-09,29,139.15714256444863,133.27
2026-08-09,30,130.35006396304885,123.65
2026-08-09,31,122.16478503777827,113.87
2026-08-09,32,108.7127474135518,101.96
2026-08-09,33,132.27520400643985,115.96
2026-08-09,34,113.83273125395628,106.41
2026-08-09,35,95.48813496953682,83.71
2026-08-09,36,78.1371052073911,60.43
2026-08-09,37,92.2700115568893,73.51
2026-08-09,38,70.11472343293846,30.79
2026-08-09,39,43.74303043802827,4.99
2026-08-09,40,7.186844010082638,0.67
2026-08-09,41,27.46457090743748,1.12
2026-08-09,42,2.210432419731561,0.12
2026-08-09,43,1.858100698229734,-0.01
2026-08-09,44,-0.1888336084237565,-0.02
2026-08-09,45,-0.7771219758730297,-0.01
2026-08-09,46,-2.8887127193344355,-0.03
2026-08-09,47,-5.661613314031023,-0.04
2026-08-09,48,-6.176904651974787,-0.11
2026-08-09,49,-8.756464352736131,-1.0
2026-08-09,50,-8.561083140019965,-1.62
2026-08-09,51,-8.815479488742788,-2.99
2026-08-09,52,-10.633175377140176,-4.99
2026-08-09,53,-9.163729986514989,-4.99
2026-08-09,54,-11.934168851509355,-5.3
2026-08-09,55,-11.403602772330396,-5.01
2026-08-09,56,-12.48828042827461,-5.02
2026-08-09,57,-18.735870873064727,-4.9
2026-08-09,58,-15.98208877209496,-2.15
2026-08-09,59,-12.309741768143589,-1.01
2026-08-09,60,-7.9742925247881535,-0.19
2026-08-09,61,-8.716174208356453,-0.1
2026-08-09,62,-8.09176952405821,-0.01
2026-08-09,63,-7.021948335672649,-0.01
2026-08-09,64,-5.401409204190546,-0.01
2026-08-09,65,-4.010248332617067,-0.01
2026-08-09,66,2.9911274261594016,-0.01
2026-08-09,67,15.299581117660956,0.62
2026-08-09,68,35.12003323125598,14.52
2026-08-09,69,21.76315863068575,6.83
2026-08-09,70,55.069528528845694,72.1
2026-08-09,71,79.46175690810861,106.28
2026-08-09,72,103.893462219106,144.59
2026-08-09,73,86.81140770810153,121.9
2026-08-09,74,115.68202537622004,151.0
2026-08-09,75,138.57202622549792,160.95
2026-08-09,76,156.1038661069491,170.9
2026-08-09,77,127.18589119538647,154.94
2026-08-09,78,152.0618108922927,161.51
2026-08-09,79,170.7525263086236,172.0
2026-08-09,80,188.03650734700304,187.66
2026-08-09,81,163.58770585186883,171.97
2026-08-09,82,167.79670764285495,176.85
2026-08-09,83,174.31152889510773,178.54
2026-08-09,84,179.67301246708064,177.0
2026-08-09,85,176.3784933164559,175.23
2026-08-09,86,173.5837794717546,175.73
2026-08-09,87,174.1220571938813,175.31
2026-08-09,88,177.04266962923643,170.26
2026-08-09,89,178.8983459540454,174.05
2026-08-09,90,171.4899601456597,171.1
2026-08-09,91,168.15132839357406,170.89
2026-08-09,92,160.30807627133075,163.96
2026-08-09,93,167.04689209280903,163.89
2026-08-09,94,157.55417814678825,158.12
2026-08-09,95,156.38922007558983,157.94
2026-08-09,96,146.8210047822842,148.65
2026-08-10,1,159.4743773936132,154.12
2026-08-10,2,154.3155032309988,151.91
2026-08-10,3,149.73329273582286,144.02
2026-08-10,4,142.7490242053169,135.84
2026-08-10,5,147.13131003219476,146.04
2026-08-10,6,149.0277992819623,139.45
2026-08-10,7,141.6283082491432,136.45
2026-08-10,8,133.74555674294805,130.12
2026-08-10,9,140.78473299557956,135.72
2026-08-10,10,134.01286952098485,133.08
2026-08-10,11,134.53872774785907,130.08
2026-08-10,12,132.67998755290495,127.1
2026-08-10,13,133.27581634151184,126.17
2026-08-10,14,131.04889495027078,127.64
2026-08-10,15,129.37441766599733,126.8
2026-08-10,16,129.3172613568932,127.09
2026-08-10,17,128.86413907691164,125.18
2026-08-10,18,129.093023685744,127.14
2026-08-10,19,130.65915331910318,127.23
2026-08-10,20,132.0960532531916,130.35
2026-08-10,21,131.90576039861955,131.62
2026-08-10,22,131.43951165460666,139.38
2026-08-10,23,133.75075857940334,148.31
2026-08-10,24,148.23232997238654,152.99
2026-08-10,25,146.76556766379923,157.75
2026-08-10,26,154.2594419553731,165.0
2026-08-10,27,162.97177465142948,165.12
2026-08-10,28,151.6203339553125,165.1
2026-08-10,29,167.03743126323798,170.0
2026-08-10,30,156.30739830121965,170.0
2026-08-10,31,158.71482412599698,162.88
2026-08-10,32,141.6370005046498,155.95
2026-08-10,33,166.05188752356491,179.91
2026-08-10,34,145.08402243662945,165.0
2026-08-10,35,122.99515931124944,155.08
2026-08-10,36,111.15674914845071,143.55
2026-08-10,37,133.25645491920406,163.56
2026-08-10,38,109.5886146724169,151.97
2026-08-10,39,100.23452968170965,125.53
2026-08-10,40,79.18669245977581,114.47
2026-08-10,41,102.47727760737014,133.73
2026-08-10,42,81.90259793939886,115.0
2026-08-10,43,69.68763148739616,105.17
2026-08-10,44,52.10653922385542,92.53
2026-08-10,45,63.44588802588276,98.77
2026-08-10,46,50.52720046172737,87.13
2026-08-10,47,43.39771402378662,71.14
2026-08-10,48,32.383652436740135,59.51
2026-08-10,49,35.71158244991618,59.99
2026-08-10,50,26.69899332367065,40.55
2026-08-10,51,22.977529319351184,29.99
2026-08-10,52,19.63407829253032,16.61
2026-08-10,53,22.321596395653927,15.0
2026-08-10,54,18.271791873799952,10.04
2026-08-10,55,14.548803509113222,7.54
2026-08-10,56,10.125546453808722,3.99
2026-08-10,57,13.102182696445336,4.2
2026-08-10,58,13.27878171033811,3.66
2026-08-10,59,16.563790052282044,4.5
2026-08-10,60,17.884285500293092,4.99
2026-08-10,61,18.10729879075689,4.56
2026-08-10,62,21.296788138370705,9.0
2026-08-10,63,24.892883665842184,10.03
2026-08-10,64,38.08607517357606,16.41
2026-08-10,65,26.00007340538659,14.89
2026-08-10,66,42.5032160201273,37.71
2026-08-10,67,57.693406396378144,58.48
2026-08-10,68,72.38661337329637,84.71
2026-08-10,69,51.29688463988133,69.62
2026-08-10,70,77.0267707319605,104.76
2026-08-10,71,88.61511080043326,112.45
2026-08-10,72,109.76920465621916,137.8
2026-08-10,73,94.01015788788789,118.64
2026-08-10,74,115.55487886827152,127.76
2026-08-10,75,136.00372972713606,144.79
2026-08-10,76,162.4716434884269,159.61
2026-08-10,77,134.42345571189674,148.7
2026-08-10,78,145.39404408419404,157.0
2026-08-10,79,151.43896504744043,166.74
2026-08-10,80,187.06585498165936,190.39
2026-08-10,81,159.5164825726873,167.0
2026-08-10,82,179.95231414711608,169.6
2026-08-10,83,189.30487937491085,180.85
2026-08-10,84,200.83824838395464,190.36
2026-08-10,85,192.51487120126228,199.51
2026-08-10,86,186.5235061092364,186.73
2026-08-10,87,181.9376640161316,176.59
2026-08-10,88,171.3447492501046,163.3
2026-08-10,89,183.67111556841417,181.61
2026-08-10,90,173.62587262184795,167.57
2026-08-10,91,165.8467172400003,168.04
2026-08-10,92,158.14859677657012,159.52
2026-08-10,93,162.49194411157475,157.67
2026-08-10,94,155.13304438458587,154.93
2026-08-10,95,153.8414933766478,152.51
2026-08-10,96,143.37233778661866,140.65
2026-08-11,1,157.39306527897867,147.37
2026-08-11,2,147.78100387462493,145.77
2026-08-11,3,143.80236684205593,138.77
2026-08-11,4,138.2373091250466,124.88
2026-08-11,5,143.64911650297913,142.14
2026-08-11,6,139.81303089796538,138.91
2026-08-11,7,142.66580471086823,144.85
2026-08-11,8,138.71022646611297,138.05
2026-08-11,9,141.6029220541522,143.8
2026-08-11,10,139.51698716235677,135.94
2026-08-11,11,137.78979616429683,133.72
2026-08-11,12,136.39249114748148,131.33
2026-08-11,13,135.41803175864504,129.89
2026-08-11,14,131.5677536103332,129.58
2026-08-11,15,132.22777807205472,128.38
2026-08-11,16,133.82321033529553,127.08
2026-08-11,17,129.01806329035165,126.65
2026-08-11,18,135.26058596389888,127.87
2026-08-11,19,138.26441515501205,130.43
2026-08-11,20,139.99867524020752,134.74
2026-08-11,21,134.4247357523005,128.4
2026-08-11,22,145.61240082052927,134.53
2026-08-11,23,153.72466808201986,143.45
2026-08-11,24,157.68959458439005,153.78
2026-08-11,25,155.24879872330737,154.98
2026-08-11,26,166.02354176706496,157.0
2026-08-11,27,163.71324065807335,157.82
2026-08-11,28,159.98834513770564,157.37
2026-08-11,29,170.92524783416707,166.72
2026-08-11,30,165.76150365989503,161.5
2026-08-11,31,165.7335525186279,155.58
2026-08-11,32,157.5257548663982,147.64
2026-08-11,33,171.613445012401,163.26
2026-08-11,34,176.37809703242203,152.18
2026-08-11,35,154.09942752472926,141.17
2026-08-11,36,135.18826234576048,118.54
2026-08-11,37,169.32849041631363,141.8
2026-08-11,38,134.63211466244405,116.85
2026-08-11,39,110.45662659332596,104.57
2026-08-11,40,86.41696844864589,80.08
2026-08-11,41,106.9302537965871,97.18
2026-08-11,42,84.55861031401446,73.27
2026-08-11,43,73.53372299709558,38.65
2026-08-11,44,56.976054120251256,22.29
2026-08-11,45,61.23902035752542,25.41
2026-08-11,46,51.20101299883747,9.87
2026-08-11,47,41.90841183431765,2.66
2026-08-11,48,31.029813853262475,0.19
2026-08-11,49,34.65459997663663,0.08
2026-08-11,50,26.799597986283096,0.0
2026-08-11,51,21.88915398602292,0.0
2026-08-11,52,17.016996213925584,-0.01
2026-08-11,53,17.5135800813987,-0.01
2026-08-11,54,13.827941613139496,-0.08
2026-08-11,55,10.942824079115226,-0.15
2026-08-11,56,8.060768158074316,-0.17
2026-08-11,57,8.883392927651789,-0.18
2026-08-11,58,9.824713553235355,-0.16
2026-08-11,59,12.809083280460705,-0.01
2026-08-11,60,15.729247404230453,-0.01
2026-08-11,61,14.049419133034895,0.0
2026-08-11,62,17.42526411221551,0.07
2026-08-11,63,24.66876261758255,2.47
2026-08-11,64,35.7076024581049,10.01
2026-08-11,65,25.655166120021555,7.93
2026-08-11,66,44.9333648041816,22.39
2026-08-11,67,58.24943080880541,60.43
2026-08-11,68,73.37826194747468,87.18
2026-08-11,69,62.77190430267944,77.75
2026-08-11,70,84.61495182786383,103.57
2026-08-11,71,103.89224786529282,119.29
2026-08-11,72,126.538788508721,138.89
2026-08-11,73,106.78299334637184,118.57
2026-08-11,74,156.39069969647542,143.69
2026-08-11,75,153.172280148552,156.74
2026-08-11,76,180.28899043258207,166.99
2026-08-11,77,155.644099694567,157.94
2026-08-11,78,177.23974534218766,168.74
2026-08-11,79,178.45676537141915,181.52
2026-08-11,80,204.6800594869416,204.96
2026-08-11,81,184.5931464567687,194.69
2026-08-11,82,195.43546964508613,200.09
2026-08-11,83,206.52460311043896,201.18
2026-08-11,84,216.2587651179919,199.95
2026-08-11,85,208.8763612651661,203.65
2026-08-11,86,203.0465942865889,192.27
2026-08-11,87,197.3348226483384,188.11
2026-08-11,88,186.969636188188,173.33
2026-08-11,89,203.36736035863944,180.34
2026-08-11,90,186.4337302979583,172.95
2026-08-11,91,179.17345972151503,171.78
2026-08-11,92,170.29587012936264,166.61
2026-08-11,93,174.02927263577396,163.01
2026-08-11,94,169.1761918585151,153.52
2026-08-11,95,166.09187466115156,152.08
2026-08-11,96,161.84644213766654,147.79
2026-08-12,1,152.09085556656538,163.11
2026-08-12,2,148.6113936556805,159.03
2026-08-12,3,146.6819940141432,153.99
2026-08-12,4,140.55102760825952,145.0
2026-08-12,5,145.1466929459177,154.42
2026-08-12,6,141.75394503909908,149.9
2026-08-12,7,139.46739065484437,147.87
2026-08-12,8,136.84606459093524,145.83
2026-08-12,9,137.837737600455,145.09
2026-08-12,10,135.44375004984806,142.39
2026-08-12,11,134.2566700776809,142.86
2026-08-12,12,132.28316015385383,142.86
2026-08-12,13,131.72414463180573,139.14
2026-08-12,14,133.57791313275013,139.19
2026-08-12,15,134.02577400353167,139.99
2026-08-12,16,134.46844241978465,140.69
2026-08-12,17,132.41835332914724,137.05
2026-08-12,18,132.76535723531333,139.11
2026-08-12,19,136.96197388791975,139.15
2026-08-12,20,141.9071793190207,144.29
2026-08-12,21,134.98657820399163,144.62
2026-08-12,22,142.68170090831086,149.01
2026-08-12,23,147.68129926203605,158.36
2026-08-12,24,159.5009697482941,162.01
2026-08-12,25,161.71967572861385,171.5
2026-08-12,26,174.56484157057633,175.0
2026-08-12,27,170.28334832006996,172.64
2026-08-12,28,172.30323224422142,171.16
2026-08-12,29,173.6792410801211,181.5
2026-08-12,30,177.4248118502482,171.5
2026-08-12,31,182.06143609562147,165.85
2026-08-12,32,164.0040198234341,151.32
2026-08-12,33,184.27282611636315,175.49
2026-08-12,34,172.90984635034545,160.13
2026-08-12,35,169.99988913908143,146.22
2026-08-12,36,138.51771954474302,139.01
2026-08-12,37,162.50146885420742,162.2
2026-08-12,38,139.92603979598053,136.18
2026-08-12,39,119.5540579542612,116.45
2026-08-12,40,95.15271533032428,100.08
2026-08-12,41,116.68940444118866,118.22
2026-08-12,42,94.22040270399242,98.67
2026-08-12,43,86.32792240817295,81.58
2026-08-12,44,74.61165887744278,51.87
2026-08-12,45,85.9986980066415,64.13
2026-08-12,46,76.6859937182022,42.0
2026-08-12,47,68.61926965466301,36.2
2026-08-12,48,60.07087726101522,19.04
2026-08-12,49,63.24415665372569,26.26
2026-08-12,50,52.97689601671932,16.21
2026-08-12,51,48.13155200314532,10.03
2026-08-12,52,40.88720925502573,6.5
2026-08-12,53,43.8478526904037,9.26
2026-08-12,54,37.643324470979564,4.93
2026-08-12,55,31.174206232111302,0.01
2026-08-12,56,23.87715082152716,0.0
2026-08-12,57,25.33944347537902,12.0
2026-08-12,58,28.91110653638491,15.47
2026-08-12,59,35.33692369197972,15.48
2026-08-12,60,42.07717492642871,16.93
2026-08-12,61,38.8018966023078,17.05
2026-08-12,62,42.65133401725446,27.47
2026-08-12,63,48.94380215215308,44.35
2026-08-12,64,62.36663447884307,74.08
2026-08-12,65,53.49241036933158,67.43
2026-08-12,66,68.1900474511604,93.15
2026-08-12,67,85.63089911616171,110.71
2026-08-12,68,102.84483895597668,119.54
2026-08-12,69,91.65433071768564,110.2
2026-08-12,70,115.9257808729424,131.49
2026-08-12,71,137.73395322322517,147.14
2026-08-12,72,155.4188475499112,173.52
2026-08-12,73,139.2207064157586,155.8
2026-08-12,74,167.45752825929912,173.62
2026-08-12,75,184.52168264876804,185.4
2026-08-12,76,203.3259683800927,219.27
2026-08-12,77,175.3479080902992,210.0
2026-08-12,78,192.45707816016048,241.53
2026-08-12,79,202.7446269786972,287.3
2026-08-12,80,239.4043991318743,461.17
2026-08-12,81,208.61954330692805,402.5
2026-08-12,82,219.83184922987385,314.82
2026-08-12,83,230.22745634628845,251.34
2026-08-12,84,239.4648627479359,232.17
2026-08-12,85,235.2999263191772,253.0
2026-08-12,86,222.00413458882565,243.12
2026-08-12,87,210.2521839357756,223.39
2026-08-12,88,195.63052070514271,198.97
2026-08-12,89,209.86687203062567,205.64
2026-08-12,90,188.86851726453267,193.4
2026-08-12,91,181.09279094346192,188.49
2026-08-12,92,171.73074813849632,175.12
2026-08-12,93,170.26208649167464,180.29
2026-08-12,94,166.62412369232268,174.1
2026-08-12,95,162.08463789815983,173.91
2026-08-12,96,157.84661003664607,160.1
2026-08-13,1,166.0976400797606,164.47
2026-08-13,2,161.47708634126732,156.56
2026-08-13,3,156.23206320839702,152.26
2026-08-13,4,151.83635350621688,143.12
2026-08-13,5,157.1824751820994,153.0
2026-08-13,6,151.41688612721268,148.01
2026-08-13,7,148.19472195380564,147.29
2026-08-13,8,144.67191438572632,142.07
2026-08-13,9,148.32645883954987,143.58
2026-08-13,10,145.7583138085735,143.17
2026-08-13,11,143.7613988659906,144.38
2026-08-13,12,138.43951429127475,142.56
2026-08-13,13,143.82917895691858,140.87
2026-08-13,14,141.30748618498853,141.82
2026-08-13,15,141.4387450667477,143.76
2026-08-13,16,141.4370547770644,144.44
2026-08-13,17,140.60241707743322,140.99
2026-08-13,18,141.26201390411748,143.06
2026-08-13,19,142.5944825608508,146.55
2026-08-13,20,145.1788230613822,149.08
2026-08-13,21,145.4248078109145,149.15
2026-08-13,22,148.35226833112455,154.5
2026-08-13,23,154.1145159585841,159.68
2026-08-13,24,154.55465964053957,166.26
2026-08-13,25,169.1450701235041,170.61
2026-08-13,26,170.20093784851846,174.09
2026-08-13,27,174.85792561947378,177.24
2026-08-13,28,172.7441106807657,174.99
2026-08-13,29,182.878169596232,182.47
2026-08-13,30,175.04317433189794,174.91
2026-08-13,31,160.62396150153856,169.99
2026-08-13,32,146.25520868351086,157.02
2026-08-13,33,173.99721115866203,172.99
2026-08-13,34,160.15304556705286,162.7
2026-08-13,35,145.03292125084883,153.31
2026-08-13,36,133.1855781606155,138.2
2026-08-13,37,158.13466582814314,158.82
2026-08-13,38,131.5557082901162,143.73
2026-08-13,39,115.71199761665358,124.51
2026-08-13,40,98.55409803738644,115.54
2026-08-13,41,114.6417463119108,134.95
2026-08-13,42,86.86826352607024,122.58
2026-08-13,43,74.17543174777184,101.19
2026-08-13,44,54.69857245792258,79.66
2026-08-13,45,63.21604975624247,99.52
2026-08-13,46,50.97846503952261,68.04
2026-08-13,47,44.5524447973406,39.29
2026-08-13,48,33.51540721441812,0.06
2026-08-13,49,37.841056043033646,10.06
2026-08-13,50,29.59403120929344,1.16
2026-08-13,51,25.59201339950731,0.0
2026-08-13,52,20.33282805765021,0.0
2026-08-13,53,22.96056563249587,0.0
2026-08-13,54,18.74156165199632,0.0
2026-08-13,55,13.730116460265032,0.0
2026-08-13,56,9.811544946469557,0.0
2026-08-13,57,12.41139393327844,-0.01
2026-08-13,58,13.487480677587346,0.0
2026-08-13,59,17.304202885577418,0.0
2026-08-13,60,19.22316044819562,10.09
2026-08-13,61,18.64844436584468,10.06
2026-08-13,62,19.82318517591137,35.47
2026-08-13,63,26.059016650330065,57.62
2026-08-13,64,38.25590366474411,74.61
2026-08-13,65,29.66202949908661,78.4
2026-08-13,66,46.3007204952669,112.09
2026-08-13,67,65.01498321688392,123.55
2026-08-13,68,84.79285557127773,131.87
2026-08-13,69,74.39593920202665,125.07
2026-08-13,70,106.51479977259652,135.9
2026-08-13,71,120.71405542483453,160.03
2026-08-13,72,137.9664484412827,179.03
2026-08-13,73,129.40219884727225,165.0
2026-08-13,74,147.79902676549688,188.0
2026-08-13,75,172.5960189438511,209.06
2026-08-13,76,195.91020944618512,253.93
2026-08-13,77,170.01336316037575,229.16
2026-08-13,78,190.28982113698868,262.69
2026-08-13,79,195.254192790522,327.17
2026-08-13,80,228.3587707859702,487.38
2026-08-13,81,200.05980643599327,414.96
2026-08-13,82,209.57498340695008,371.94
2026-08-13,83,217.9264481651594,300.14
2026-08-13,84,217.3226906821606,268.41
2026-08-13,85,222.02180528689888,353.92
2026-08-13,86,206.48410272599017,268.97
2026-08-13,87,198.74609611502643,240.0
2026-08-13,88,184.91734153527503,217.15
2026-08-13,89,201.1056051827769,233.38
2026-08-13,90,184.3117880533312,215.51
2026-08-13,91,178.8002399035082,212.01
2026-08-13,92,170.9738668329469,193.03
2026-08-13,93,172.34024150203794,190.84
2026-08-13,94,167.88445741045268,179.71
2026-08-13,95,165.1280491265478,172.93
2026-08-13,96,157.4852555697072,161.21
2026-08-14,1,170.18910641446558,168.41
2026-08-14,2,158.11695541834487,159.2
2026-08-14,3,152.02236893971514,156.53
2026-08-14,4,143.85086963962488,151.33
2026-08-14,5,157.93414840537045,159.66
2026-08-14,6,152.96876887405466,152.81
2026-08-14,7,151.3924787413156,148.62
2026-08-14,8,143.1953170183924,146.35
2026-08-14,9,145.02000641066113,147.4
2026-08-14,10,143.43405297198734,146.34
2026-08-14,11,144.87608943757056,146.31
2026-08-14,12,140.77184307389285,142.87
2026-08-14,13,145.04434125150803,143.09
2026-08-14,14,140.2746514695058,141.62
2026-08-14,15,139.79772295146984,141.68
2026-08-14,16,140.82682680093043,141.81
2026-08-14,17,139.7162684861105,140.0
2026-08-14,18,140.23631773886427,142.55
2026-08-14,19,142.98606819199213,145.65
2026-08-14,20,147.70884155052596,147.43
2026-08-14,21,146.2895281707545,145.86
2026-08-14,22,149.6416979014064,152.23
2026-08-14,23,157.0610794168505,157.69
2026-08-14,24,168.63217461217275,163.01
2026-08-14,25,169.4792711065736,168.9
2026-08-14,26,178.2200471363703,172.48
2026-08-14,27,196.3079828105208,173.14
2026-08-14,28,177.96262498476992,173.32
2026-08-14,29,184.47572455112103,178.27
2026-08-14,30,179.13938477312888,175.01
2026-08-14,31,167.68769031426723,168.05
2026-08-14,32,142.65368443317394,159.0
2026-08-14,33,178.65873714788157,173.0
2026-08-14,34,154.16182262466538,161.61
2026-08-14,35,153.31683082766278,145.6
2026-08-14,36,129.91588587088393,127.13
2026-08-14,37,151.3116437236795,156.43
2026-08-14,38,132.3958880903274,138.08
2026-08-14,39,120.17576544662325,125.0
2026-08-14,40,117.10743487018864,121.29
2026-08-14,41,123.74498728257944,124.62
2026-08-14,42,94.48175180787796,112.1
2026-08-14,43,79.72312840931899,100.35
2026-08-14,44,53.61206873914435,80.78
2026-08-14,45,67.84576848013653,97.42
2026-08-14,46,50.14326599150955,70.02
2026-08-14,47,46.83180837674995,56.96
2026-08-14,48,33.870323669188394,30.06
2026-08-14,49,39.12110413464269,44.72
2026-08-14,50,30.66797816511672,26.99
2026-08-14,51,27.91387208332056,18.28
2026-08-14,52,23.586019404640545,10.01
2026-08-14,53,24.92002641267339,10.02
2026-08-14,54,19.71182703931921,11.06
2026-08-14,55,16.015240765394154,10.07
2026-08-14,56,13.890999708031874,0.86
2026-08-14,57,13.97701727890389,0.01
2026-08-14,58,15.726725876351695,7.41
2026-08-14,59,19.61637223243207,17.81
2026-08-14,60,27.854119480418955,43.99
2026-08-14,61,24.059359677407546,25.09
2026-08-14,62,28.68953470900292,56.56
2026-08-14,63,41.22056423231915,80.0
2026-08-14,64,57.87871739671344,101.51
2026-08-14,65,46.45634741831372,87.0
2026-08-14,66,69.0701157856308,108.58
2026-08-14,67,93.09120265285092,124.96
2026-08-14,68,111.09143564060984,144.74
2026-08-14,69,98.651435976116,124.21
2026-08-14,70,131.16557422987165,136.78
2026-08-14,71,159.91289469688564,147.72
2026-08-14,72,174.06007199706522,165.91
2026-08-14,73,192.64246904935104,149.99
2026-08-14,74,201.6547633805272,172.96
2026-08-14,75,232.077612557936,186.1
2026-08-14,76,229.7423528711916,210.91
2026-08-14,77,206.2609550979413,199.1
2026-08-14,78,240.93111264687,225.19
2026-08-14,79,285.84731546126125,259.46
2026-08-14,80,326.13397285018664,303.49
2026-08-14,81,295.4875822729291,273.8
2026-08-14,82,307.49160031848965,271.98
2026-08-14,83,308.113176893844,259.13
2026-08-14,84,304.30601633545,249.99
2026-08-14,85,335.4157653926703,252.5
2026-08-14,86,283.380794826052,234.83
2026-08-14,87,264.86913721853966,229.0
2026-08-14,88,235.8204306146297,209.95
2026-08-14,89,250.82923189501,212.33
2026-08-14,90,217.84493864421472,198.29
2026-08-14,91,199.54973876710943,194.0
2026-08-14,92,186.4257860344606,187.38
2026-08-14,93,186.51934610226297,186.06
2026-08-14,94,185.4325887046562,182.02
2026-08-14,95,175.26176120951837,175.0
2026-08-14,96,161.19062879898465,166.99
2026-08-15,1,176.36852509262897,177.73
2026-08-15,2,168.93988632569145,170.01
2026-08-15,3,161.5627674675528,168.58
2026-08-15,4,157.9951973854671,161.47
2026-08-15,5,164.89824624520818,170.01
2026-08-15,6,160.7811986168334,161.32
2026-08-15,7,151.4277071662329,161.49
2026-08-15,8,148.95781561337765,156.77
2026-08-15,9,153.93615252845206,158.96
2026-08-15,10,150.27843370149904,157.64
2026-08-15,11,151.2226607748549,156.73
2026-08-15,12,148.2071853390028,154.28
2026-08-15,13,148.90589978844127,156.79
2026-08-15,14,147.09052579462087,157.63
2026-08-15,15,146.48732211489835,156.77
2026-08-15,16,144.58991607349563,156.56
2026-08-15,17,145.80647236038274,155.37
2026-08-15,18,145.79771808278608,154.18
2026-08-15,19,145.1395439480997,154.37
2026-08-15,20,144.51743892833252,154.14
2026-08-15,21,147.29009312827657,149.49
2026-08-15,22,147.21783966622274,150.4
2026-08-15,23,153.84361804118888,155.12
2026-08-15,24,147.3151264807471,160.36
2026-08-15,25,152.07053837740847,164.51
2026-08-15,26,150.69781171537292,162.85
2026-08-15,27,146.6161583253318,155.59
2026-08-15,28,137.2624794011521,144.98
2026-08-15,29,150.549101842444,170.91
2026-08-15,30,147.17551356556683,161.14
2026-08-15,31,137.02171057211712,147.83
2026-08-15,32,126.5359584527848,127.86
2026-08-15,33,153.20806600337684,163.9
2026-08-15,34,144.19434613067298,150.75
2026-08-15,35,117.4736021109875,125.09
2026-08-15,36,104.53208327079842,109.39
2026-08-15,37,118.74438799888028,138.87
2026-08-15,38,105.46197671617804,112.64
2026-08-15,39,82.64336886368679,97.65
2026-08-15,40,62.87682927205322,89.54
2026-08-15,41,84.16641326815699,99.64
2026-08-15,42,39.44759200687034,69.72
2026-08-15,43,22.471876848867907,44.52
2026-08-15,44,17.84220207337622,30.1
2026-08-15,45,18.238644560004865,33.63
2026-08-15,46,11.767921300133295,25.75
2026-08-15,47,8.987048059303195,15.47
2026-08-15,48,3.826306033121652,10.01
2026-08-15,49,4.6427942278795165,5.83
2026-08-15,50,2.0527424681983018,4.37
2026-08-15,51,0.7759548595967383,3.76
2026-08-15,52,-1.0651998580928446,3.51
2026-08-15,53,-1.6360591469077868,0.97
2026-08-15,54,-1.992269502788547,0.58
2026-08-15,55,-1.3954115449650992,1.31
2026-08-15,56,-2.4185716173363887,1.17
2026-08-15,57,-3.3621871187836407,0.6
2026-08-15,58,-2.6380299713417323,3.7
2026-08-15,59,-1.2844507821853988,5.02
2026-08-15,60,0.2537579375727095,7.96
2026-08-15,61,0.3198628892708512,7.66
2026-08-15,62,1.9661276496727085,9.97
2026-08-15,63,4.264251474719577,16.08
2026-08-15,64,8.582873438786763,26.68
2026-08-15,65,6.034927840287737,22.35
2026-08-15,66,17.92019290794233,40.78
2026-08-15,67,34.297534654597115,92.29
2026-08-15,68,56.90542268204123,118.93
2026-08-15,69,43.46135281215021,94.58
2026-08-15,70,84.05038567652224,113.44
2026-08-15,71,109.09499381114966,146.31
2026-08-15,72,132.1075305270433,167.52
2026-08-15,73,115.93473670307486,149.7
2026-08-15,74,155.45086463494923,160.17
2026-08-15,75,157.49746994100735,174.54
2026-08-15,76,163.95273158589185,173.64
2026-08-15,77,157.70036033764242,163.07
2026-08-15,78,164.3948476592416,172.0
2026-08-15,79,177.2811333230973,185.69
2026-08-15,80,189.06360262672445,199.1
2026-08-15,81,176.9357467769493,173.38
2026-08-15,82,181.9196790365357,182.92
2026-08-15,83,187.51451289067592,189.49
2026-08-15,84,198.04323579396404,194.17
2026-08-15,85,196.63460908661008,190.79
2026-08-15,86,185.49123533318937,186.25
2026-08-15,87,176.5405816600456,179.59
2026-08-15,88,169.5535787070842,176.74
2026-08-15,89,174.89964771099716,189.45
2026-08-15,90,164.78270832057797,179.87
2026-08-15,91,162.71950592645203,178.01
2026-08-15,92,160.17554588638092,171.04
2026-08-15,93,162.6476108686858,186.99
2026-08-15,94,154.05644167301674,170.41
2026-08-15,95,152.55961240073665,173.52
2026-08-15,96,148.95331007092025,165.04
2026-08-16,1,170.36607150374465,188.25
2026-08-16,2,162.7519123912282,175.26
2026-08-16,3,156.00796413294992,168.8
2026-08-16,4,151.98797169131274,164.94
2026-08-16,5,153.8710515375255,180.07
2026-08-16,6,152.48560924239382,172.2
2026-08-16,7,152.00255009443646,164.94
2026-08-16,8,148.37407227729886,157.14
2026-08-16,9,152.83530064962156,163.0
2026-08-16,10,148.68048013208218,172.43
2026-08-16,11,147.12322327497378,167.97
2026-08-16,12,147.49084718115856,157.92
2026-08-16,13,148.22889087189307,160.34
2026-08-16,14,147.74108730276217,157.45
2026-08-16,15,147.22491904829835,156.85
2026-08-16,16,143.90858459051674,155.5
2026-08-16,17,146.36549399937584,158.41
2026-08-16,18,145.1128145672488,155.77
2026-08-16,19,144.83696711886864,156.45
2026-08-16,20,143.23633985381247,156.97
2026-08-16,21,145.19526132702262,151.91
2026-08-16,22,143.14184614135058,154.76
2026-08-16,23,152.70287221082987,160.0
2026-08-16,24,149.9696501779165,161.11
2026-08-16,25,154.59474081908775,161.2
2026-08-16,26,159.0322455450989,160.0
2026-08-16,27,137.2616741771504,153.58
2026-08-16,28,126.00279398334968,151.62
2026-08-16,29,152.11907968455614,160.0
2026-08-16,30,146.57631475383812,154.6
2026-08-16,31,126.51010886527392,147.33
2026-08-16,32,121.2321825669743,139.55
2026-08-16,33,138.09177399314382,170.45
2026-08-16,34,121.209068183104,154.5
2026-08-16,35,114.90195592790528,137.97
2026-08-16,36,103.8509008793432,120.41
2026-08-16,37,95.13151446291148,148.0
2026-08-16,38,65.95591235022496,126.04
2026-08-16,39,48.83439846787848,115.38
2026-08-16,40,59.70634174897508,108.04
2026-08-16,41,41.74174818023563,115.16
2026-08-16,42,23.4184437569035,107.57
2026-08-16,43,7.220446509315238,83.87
2026-08-16,44,3.5189873237979654,81.0
2026-08-16,45,-1.6202961181679143,74.9
2026-08-16,46,0.7971887905851958,58.79
2026-08-16,47,-6.442953296140104,59.32
2026-08-16,48,-9.484311257552289,51.91
2026-08-16,49,-13.30837948358218,56.02
2026-08-16,50,-10.890717845442875,55.22
2026-08-16,51,-11.74612772585877,39.99
2026-08-16,52,-10.888991227095694,22.89
2026-08-16,53,-12.33234754266429,31.04
2026-08-16,54,-11.29187551871589,23.05
2026-08-16,55,-8.731545719680113,25.02
2026-08-16,56,-9.354897450116384,30.24
2026-08-16,57,-9.751125948964912,25.29
2026-08-16,58,-9.574608024032916,29.99
2026-08-16,59,-10.398346644512094,39.9
2026-08-16,60,-9.371366990903663,51.05
2026-08-16,61,-7.554173538822833,48.3
2026-08-16,62,-6.895020325154977,63.63
2026-08-16,63,-7.480245490339655,77.98
2026-08-16,64,-8.359926428532148,80.9
2026-08-16,65,-4.7841294289335,89.9
2026-08-16,66,2.3418497120802613,110.4
2026-08-16,67,18.03657414121692,117.97
2026-08-16,68,37.07881255745338,146.27
2026-08-16,69,26.26255735851307,118.12
2026-08-16,70,63.72114785636352,133.05
2026-08-16,71,95.2429803332999,155.13
2026-08-16,72,120.44349806141852,175.0
2026-08-16,73,116.71080136955072,155.0
2026-08-16,74,132.85707198613187,161.42
2026-08-16,75,145.96460567471323,175.09
2026-08-16,76,156.314273648112,186.24
2026-08-16,77,142.7638287685739,172.2
2026-08-16,78,155.75798022707815,181.6
2026-08-16,79,162.83178461373905,194.17
2026-08-16,80,158.14280792478758,203.91
2026-08-16,81,151.5505911156088,188.0
2026-08-16,82,157.4592585679843,197.99
2026-08-16,83,166.54025852891976,202.8
2026-08-16,84,169.05856945076013,211.28
2026-08-16,85,165.40638194241066,212.4
2026-08-16,86,159.18545304622046,208.21
2026-08-16,87,158.6202567921425,202.99
2026-08-16,88,163.6945186121035,199.1
2026-08-16,89,167.74604326756898,215.04
2026-08-16,90,162.01172603047496,210.95
2026-08-16,91,161.20505132446078,202.8
2026-08-16,92,159.74013165250722,197.35
2026-08-16,93,167.43498203486843,203.55
2026-08-16,94,155.77172654140082,194.0
2026-08-16,95,156.3453565314965,188.27
2026-08-16,96,154.60155430594435,184.77
2026-08-17,1,179.83955177619208,205.0
2026-08-17,2,168.33685364724997,196.0
2026-08-17,3,162.06607095287904,188.7
2026-08-17,4,158.1366100254063,178.81
2026-08-17,5,163.8631457279845,187.15
2026-08-17,6,159.9450233369608,181.54
2026-08-17,7,157.5392746229989,178.54
2026-08-17,8,152.3009891081569,168.01
2026-08-17,9,155.31465034585312,172.39
2026-08-17,10,154.2863578356387,164.41
2026-08-17,11,151.2282843293129,160.15
2026-08-17,12,147.64541582047596,158.65
2026-08-17,13,151.91517561341806,162.09
2026-08-17,14,147.70111931947986,160.72
2026-08-17,15,147.74052522624902,158.25
2026-08-17,16,147.9982727180076,160.06
2026-08-17,17,146.98997886000336,157.74
2026-08-17,18,148.47250608217416,155.25
2026-08-17,19,149.1134329071156,159.29
2026-08-17,20,152.39422525556105,164.0
2026-08-17,21,150.49200503719143,162.9
2026-08-17,22,156.49619518619116,169.13
2026-08-17,23,166.20575956860696,177.7
2026-08-17,24,174.80853567186438,190.14
2026-08-17,25,176.5886137434074,192.62
2026-08-17,26,177.15183990351514,197.5
2026-08-17,27,171.67681662911033,198.5
2026-08-17,28,172.88227380915583,200.98
2026-08-17,29,177.69741517851614,207.0
2026-08-17,30,181.5697489511372,208.9
2026-08-17,31,166.42482080369908,205.0
2026-08-17,32,155.17255985231466,199.7
2026-08-17,33,167.4167449255769,212.08
2026-08-17,34,173.18288440835985,208.46
2026-08-17,35,147.78562769851408,213.01
2026-08-17,36,137.14251716956164,200.9
2026-08-17,37,149.04298811015863,212.49
2026-08-17,38,135.6428865764326,204.32
2026-08-17,39,124.8686024661989,195.99
2026-08-17,40,112.7619318429728,182.36
2026-08-17,41,125.04349177264956,190.2
2026-08-17,42,114.9028892693946,180.0
2026-08-17,43,101.48032740145804,169.15
2026-08-17,44,87.680078684981,162.6
2026-08-17,45,74.41703070586426,176.67
2026-08-17,46,64.11022778228889,173.36
2026-08-17,47,56.329285935380206,161.29
2026-08-17,48,45.08987292511232,156.57
2026-08-17,49,51.43034267920334,158.83
2026-08-17,50,42.161651978128816,156.07
2026-08-17,51,35.92426896584591,155.82
2026-08-17,52,27.067818635498348,146.42
2026-08-17,53,29.11522014813816,158.36
2026-08-17,54,27.36751227752865,158.21
2026-08-17,55,25.57810185797656,147.39
2026-08-17,56,20.26946349522921,136.81
2026-08-17,57,23.41611186834252,142.54
2026-08-17,58,24.67588466010045,136.92
2026-08-17,59,29.78751907603534,142.17
2026-08-17,60,35.444204765341155,143.56
2026-08-17,61,33.55203654757226,142.67
2026-08-17,62,38.81838627112332,137.86
2026-08-17,63,45.97310949619127,138.17
2026-08-17,64,56.289058828476975,140.84
2026-08-17,65,51.96347734740161,135.4
2026-08-17,66,72.38436091098481,139.78
2026-08-17,67,79.98236165767946,142.37
2026-08-17,68,94.10271286741126,142.79
2026-08-17,69,85.89537670340215,136.66
2026-08-17,70,106.4908447061964,147.49
2026-08-17,71,124.62436669979972,154.57
2026-08-17,72,142.81044625213198,169.37
2026-08-17,73,125.8351152044254,157.75
2026-08-17,74,134.1453704783297,170.46
2026-08-17,75,159.02071893639695,185.71
2026-08-17,76,172.74513823933202,194.48
2026-08-17,77,167.33478461979038,184.66
2026-08-17,78,173.67298219285823,200.57
2026-08-17,79,187.27787083280072,212.04
2026-08-17,80,217.80503531034608,219.14
2026-08-17,81,189.73901930247,206.58
2026-08-17,82,199.892856973776,213.69
2026-08-17,83,206.8048831734126,216.04
2026-08-17,84,216.42014046608003,217.29
2026-08-17,85,209.84165198806065,219.05
2026-08-17,86,200.3586453473674,213.86
2026-08-17,87,191.85705615051032,210.0
2026-08-17,88,183.86129629170023,197.1
2026-08-17,89,208.3036509480516,205.4
2026-08-17,90,185.2871737654228,199.19
2026-08-17,91,201.96186141388827,199.24
2026-08-17,92,184.87448144705573,186.99
2026-08-17,93,189.8007548186096,192.75
2026-08-17,94,183.759671891322,184.4
2026-08-17,95,177.61458956222566,176.53
2026-08-17,96,167.93262719694542,166.0
2026-08-18,1,177.39990418103,187.93
2026-08-18,2,169.41963434828813,179.97
2026-08-18,3,162.4205886566094,167.81
2026-08-18,4,157.59675218691038,158.56
2026-08-18,5,167.4224923690885,167.15
2026-08-18,6,160.5448624834002,161.93
2026-08-18,7,158.36548808040254,160.0
2026-08-18,8,154.2684162243984,150.07
2026-08-18,9,156.58729037275216,152.55
2026-08-18,10,154.45772038707167,150.08
2026-08-18,11,147.78326382748804,149.66
2026-08-18,12,148.73115445351377,150.93
2026-08-18,13,148.11853250027562,148.34
2026-08-18,14,149.33265888232032,146.98
2026-08-18,15,149.41057823706254,148.18
2026-08-18,16,148.596333742392,150.07
2026-08-18,17,146.94710161268569,148.4
2026-08-18,18,148.4815590312635,147.05
2026-08-18,19,148.10953731942436,149.3
2026-08-18,20,150.6533623597602,152.13
2026-08-18,21,149.71349050380306,147.12
2026-08-18,22,151.59915372534536,155.99
2026-08-18,23,153.016042235691,159.44
2026-08-18,24,152.66585965047312,173.57
2026-08-18,25,139.3872361633695,172.39
2026-08-18,26,155.72927230747322,190.44
2026-08-18,27,156.72622618406697,192.51
2026-08-18,28,159.55745978285873,195.78
2026-08-18,29,166.55142356621167,199.7
2026-08-18,30,156.64841635020915,193.79
2026-08-18,31,156.45662031376818,188.86
2026-08-18,32,147.7798449030977,187.94
2026-08-18,33,170.0183639095117,201.38
2026-08-18,34,156.6681949455894,196.16
2026-08-18,35,154.71130723472618,180.0
2026-08-18,36,141.33489606988385,163.34
2026-08-18,37,143.93258731474367,174.56
2026-08-18,38,125.63356692721972,167.97
2026-08-18,39,104.11792207374502,156.37
2026-08-18,40,93.9593080143454,146.82
2026-08-18,41,111.36284697759206,160.98
2026-08-18,42,89.31308343583716,155.17
2026-08-18,43,71.38590260213974,147.9
2026-08-18,44,64.94463618914232,145.48
2026-08-18,45,59.61072451147651,148.95
2026-08-18,46,49.090718197667854,144.56
2026-08-18,47,41.48421795561969,141.93
2026-08-18,48,32.23973539607616,147.13
2026-08-18,49,35.22039860027407,137.31
2026-08-18,50,37.86560152172545,137.16
2026-08-18,51,31.66571150374375,136.41
2026-08-18,52,25.53613298378799,135.42
2026-08-18,53,28.40321637294207,133.77
2026-08-18,54,25.105351424402816,133.15
2026-08-18,55,21.424994932788383,131.76
2026-08-18,56,18.42886367759997,128.73
2026-08-18,57,22.53735853468252,129.85
2026-08-18,58,23.373708313317536,130.24
2026-08-18,59,25.86012198196216,131.96
2026-08-18,60,25.92706048833704,130.1
2026-08-18,61,23.565520640997896,131.79
2026-08-18,62,22.51530902586811,130.35
2026-08-18,63,32.809206750880435,131.72
2026-08-18,64,46.48379240494484,135.91
2026-08-18,65,36.72273341887902,132.03
2026-08-18,66,51.22355063003988,134.74
2026-08-18,67,73.21586128628567,139.72
2026-08-18,68,75.71258601549775,149.3
2026-08-18,69,68.28386842133622,138.26
2026-08-18,70,93.00699359951211,150.66
2026-08-18,71,109.98593225401294,160.5
2026-08-18,72,127.31857367315078,167.19
2026-08-18,73,108.57982905825378,159.01
2026-08-18,74,130.91065056576733,174.44
2026-08-18,75,145.4789234182415,187.57
2026-08-18,76,153.81551082764682,193.2
2026-08-18,77,152.58948960329803,192.0
2026-08-18,78,162.9992523119351,195.01
2026-08-18,79,175.12490068638996,200.16
2026-08-18,80,212.59901020456093,203.56
2026-08-18,81,183.0130104629604,198.56
2026-08-18,82,187.9579958799045,202.56
2026-08-18,83,201.8327085020828,202.0
2026-08-18,84,213.84845988619503,198.46
2026-08-18,85,202.67809625933853,203.6
2026-08-18,86,195.8499877293845,208.53
2026-08-18,87,192.13201468711483,196.03
2026-08-18,88,185.32570293009127,187.02
2026-08-18,89,185.75851344539367,200.23
2026-08-18,90,172.20045977288245,195.0
2026-08-18,91,169.56379878792885,188.25
2026-08-18,92,162.19661415885207,182.06
2026-08-18,93,164.68951662822843,191.52
2026-08-18,94,161.61330926592,177.9
2026-08-18,95,155.78969957868446,174.25
2026-08-18,96,147.63952060077256,164.9
2026-08-19,1,169.26338297485648,192.0
2026-08-19,2,162.0487043956673,179.12
2026-08-19,3,156.01193800900143,174.36
2026-08-19,4,148.47785265519792,160.92
2026-08-19,5,155.38392568563756,163.46
2026-08-19,6,151.47064170308212,157.81
2026-08-19,7,149.9701377600084,156.13
2026-08-19,8,143.2386350818942,153.0
2026-08-19,9,143.43530610402902,156.88
2026-08-19,10,144.6037062629536,151.89
2026-08-19,11,139.70561869929367,150.39
2026-08-19,12,138.80589430249273,146.49
2026-08-19,13,141.62861452434873,147.52
2026-08-19,14,136.5664651760055,147.94
2026-08-19,15,136.24517320864027,146.48
2026-08-19,16,136.42846586327838,147.26
2026-08-19,17,141.81471748269394,148.07
2026-08-19,18,142.17003577270205,148.82
2026-08-19,19,139.42127066711134,150.0
2026-08-19,20,141.58990969389274,149.09
2026-08-19,21,142.77553440184815,155.03
2026-08-19,22,145.7459884409823,155.34
2026-08-19,23,148.76951504865713,161.45
2026-08-19,24,154.4062810123862,174.84
2026-08-19,25,157.99352791926805,173.09
2026-08-19,26,163.66437017330043,184.71
2026-08-19,27,171.7502268444836,188.92
2026-08-19,28,175.5065004846736,192.23
2026-08-19,29,179.63102208820905,197.0
2026-08-19,30,173.03689633305174,192.85
2026-08-19,31,175.6157227905615,191.72
2026-08-19,32,165.6747636209501,188.95
2026-08-19,33,174.64909293713868,202.0
2026-08-19,34,174.39369363284558,194.13
2026-08-19,35,135.51405262110225,186.99
2026-08-19,36,129.58039142694358,180.34
2026-08-19,37,136.7859819698229,200.0
2026-08-19,38,126.61585877117582,179.92
2026-08-19,39,115.31442283505967,155.0
2026-08-19,40,96.39976988580662,143.78
2026-08-19,41,101.8040067205464,163.0
2026-08-19,42,97.65943967861922,154.9
2026-08-19,43,82.97555080802792,146.43
2026-08-19,44,70.72527408269023,146.34
2026-08-19,45,61.79210809490685,145.69
2026-08-19,46,49.21367647018752,146.02
2026-08-19,47,44.01573555584235,142.13
2026-08-19,48,31.60903902563565,138.0
2026-08-19,49,35.788306381214895,143.44
2026-08-19,50,29.71529780863204,135.42
2026-08-19,51,24.96300110139721,134.6
2026-08-19,52,21.015350740313,130.87
2026-08-19,53,21.79649395206505,133.2
2026-08-19,54,14.22923869859448,129.43
2026-08-19,55,11.720530865335943,126.39
2026-08-19,56,8.78838189415147,123.8
2026-08-19,57,13.995467321602044,128.08
2026-08-19,58,14.919355905474394,129.28
2026-08-19,59,16.129243892691168,126.8
2026-08-19,60,21.090089499848176,126.93
2026-08-19,61,16.98355440651083,125.48
2026-08-19,62,17.509487896807258,129.36
2026-08-19,63,22.717447829584096,132.95
2026-08-19,64,30.1677139054168,136.24
2026-08-19,65,30.537508152782507,130.0
2026-08-19,66,36.09371024272671,135.0
2026-08-19,67,50.60364238715497,140.56
2026-08-19,68,65.91329794679899,147.71
2026-08-19,69,52.68604564277496,138.08
2026-08-19,70,84.21718789331842,146.02
2026-08-19,71,89.35669747440633,156.97
2026-08-19,72,118.07886079566596,173.5
2026-08-19,73,108.66060851683268,164.67
2026-08-19,74,145.60036726503884,180.0
2026-08-19,75,167.42906031021042,192.0
2026-08-19,76,201.01904969344588,198.27
2026-08-19,77,160.77567644699488,187.42
2026-08-19,78,188.93594087152547,205.02
2026-08-19,79,184.11448726371097,215.99
2026-08-19,80,208.93826889085537,221.78
2026-08-19,81,184.72124527361305,199.57
2026-08-19,82,193.65470518500427,208.87
2026-08-19,83,210.015032035114,212.6
2026-08-19,84,223.2159595147012,216.74
2026-08-19,85,203.63558555758715,212.86
2026-08-19,86,203.43400611781345,211.1
2026-08-19,87,201.11788055114548,203.54
2026-08-19,88,187.99492313789847,196.99
2026-08-19,89,202.91640299806096,206.89
2026-08-19,90,198.056191452088,201.18
2026-08-19,91,186.8556416183158,198.0
2026-08-19,92,182.04666187740145,190.32
2026-08-19,93,183.97976994630704,196.0
2026-08-19,94,186.1925659115444,190.1
2026-08-19,95,167.3204815878678,185.0
2026-08-19,96,166.7436710807694,175.09
2026-08-20,1,181.00799134541947,185.0
2026-08-20,2,170.6998941286135,178.23
2026-08-20,3,165.3241218839905,168.62
2026-08-20,4,160.5540231542795,159.0
2026-08-20,5,162.12792774018888,166.11
2026-08-20,6,158.58096918486072,162.91
2026-08-20,7,158.23674956629813,162.11
2026-08-20,8,155.37476953171273,158.27
2026-08-20,9,162.15885783800417,158.91
2026-08-20,10,153.559728017966,154.99
2026-08-20,11,151.9051036268758,151.5
2026-08-20,12,149.1134676668073,149.53
2026-08-20,13,150.3212389639075,149.15
2026-08-20,14,150.0135426171513,146.95
2026-08-20,15,149.70428579978162,148.89
2026-08-20,16,148.10051233705258,146.97
2026-08-20,17,149.0796020638286,145.9
2026-08-20,18,149.37703132746347,146.91
2026-08-20,19,149.4581022213771,149.56
2026-08-20,20,151.84920774492676,151.6
2026-08-20,21,150.50336703572225,148.71
2026-08-20,22,155.48598534112463,154.65
2026-08-20,23,160.74076287059216,162.13
2026-08-20,24,171.42039371344532,172.71
2026-08-20,25,168.5411896308894,171.64
2026-08-20,26,174.84380848559653,183.99
2026-08-20,27,180.9123018178021,188.22
2026-08-20,28,189.7895536433706,187.35
2026-08-20,29,187.7579628518353,195.14
2026-08-20,30,200.98282236285425,188.66
2026-08-20,31,188.53143064397668,185.68
2026-08-20,32,173.5726290459578,176.25
2026-08-20,33,195.359956179036,188.96
2026-08-20,34,198.2421137519441,177.63
2026-08-20,35,179.54854652545075,165.0
2026-08-20,36,171.1743553744729,155.4
2026-08-20,37,187.62023862124056,170.0
2026-08-20,38,158.3030546260796,165.11
2026-08-20,39,131.23882528822645,147.12
2026-08-20,40,110.1697700487008,135.79
2026-08-20,41,127.27208592497114,154.89
2026-08-20,42,107.59172653123278,137.18
2026-08-20,43,84.98544994492075,133.0
2026-08-20,44,69.1086147607502,117.89
2026-08-20,45,78.49459957675012,132.96
2026-08-20,46,65.70264692151324,112.6
2026-08-20,47,56.21613138146893,103.04
2026-08-20,48,44.83923526355393,89.22
2026-08-20,49,49.646334798147976,99.77
2026-08-20,50,42.290701585978496,83.69
2026-08-20,51,38.174742361197936,78.09
2026-08-20,52,32.57812560504461,72.97
2026-08-20,53,34.159126912694546,73.47
2026-08-20,54,32.00587539492008,68.25
2026-08-20,55,30.4194706856849,60.42
2026-08-20,56,27.432184132738765,52.69
2026-08-20,57,26.20838172786325,66.88
2026-08-20,58,27.709252423860416,65.18
2026-08-20,59,30.49852330398277,72.77
2026-08-20,60,34.03394089390908,72.93
2026-08-20,61,30.730412211750608,78.7
2026-08-20,62,37.156638275151465,85.36
2026-08-20,63,44.93335033526678,97.36
2026-08-20,64,54.34081712535122,103.41
2026-08-20,65,41.83270926782461,73.87
2026-08-20,66,61.71989648712467,99.0
2026-08-20,67,81.29199389806102,119.24
2026-08-20,68,95.6811465346122,131.91
2026-08-20,69,84.58727198921255,128.09
2026-08-20,70,104.37919989330126,135.63
2026-08-20,71,127.04387768560372,151.07
2026-08-20,72,144.2023445107213,162.01
2026-08-20,73,136.5853527572377,140.81
2026-08-20,74,162.25601621440433,156.73
2026-08-20,75,184.28810473493184,177.35
2026-08-20,76,190.0201752338733,182.09
2026-08-20,77,180.12615655000306,180.59
2026-08-20,78,188.48508355694435,189.29
2026-08-20,79,204.57737275085748,196.2
2026-08-20,80,209.7136714167171,202.81
2026-08-20,81,185.49996759170267,198.85
2026-08-20,82,195.088047412416,199.99
2026-08-20,83,202.1963567660588,201.56
2026-08-20,84,212.66331450118528,202.0
2026-08-20,85,206.57991590525413,200.64
2026-08-20,86,204.35854203164672,197.67
2026-08-20,87,201.05159284286808,195.01
2026-08-20,88,191.10605308152336,189.15
2026-08-20,89,205.3902913586061,193.65
2026-08-20,90,195.0092679764792,190.0
2026-08-20,91,190.757363721012,187.99
2026-08-20,92,188.50039922898952,180.07
2026-08-20,93,186.52347580404387,180.09
2026-08-20,94,186.28463964233,176.0
2026-08-20,95,179.9178951946956,170.93
2026-08-20,96,172.8533372953799,165.04
2026-08-21,1,179.7248176468136,183.05
2026-08-21,2,170.86919681427344,175.0
2026-08-21,3,166.78480746582963,166.45
2026-08-21,4,158.9957782857285,156.9
2026-08-21,5,164.78826493902,165.55
2026-08-21,6,159.56064521565918,162.28
2026-08-21,7,160.03812327932303,159.74
2026-08-21,8,158.31661150545705,154.39
2026-08-21,9,163.30146160450914,154.94
2026-08-21,10,155.04740309466612,152.71
2026-08-21,11,151.1802367458938,151.0
2026-08-21,12,152.45038181409873,151.3
2026-08-21,13,151.8650875418912,152.65
2026-08-21,14,151.99462561512723,151.11
2026-08-21,15,150.9771070267577,151.53
2026-08-21,16,150.208153884409,150.61
2026-08-21,17,149.72154364356888,150.88
2026-08-21,18,149.77202510172455,151.49
2026-08-21,19,151.8829749023351,152.57
2026-08-21,20,155.75782592189435,157.9
2026-08-21,21,149.78833580694746,152.1
2026-08-21,22,164.74110997798903,157.08
2026-08-21,23,168.96063046428765,169.32
2026-08-21,24,167.1878982184847,185.0
2026-08-21,25,169.2947220372253,181.71
2026-08-21,26,183.167983975022,189.94
2026-08-21,27,181.6280746946489,189.93
2026-08-21,28,189.27190535420425,195.26
2026-08-21,29,186.3421813626384,193.58
2026-08-21,30,195.2494822207624,194.66
2026-08-21,31,190.7074076185632,195.32
2026-08-21,32,179.74007994475073,192.0
2026-08-21,33,196.2279060599238,211.88
2026-08-21,34,192.4714676235472,204.71
2026-08-21,35,176.89977926909867,188.2
2026-08-21,36,161.9623005239612,165.55
2026-08-21,37,181.74026531021804,193.04
2026-08-21,38,160.43337314858474,175.59
2026-08-21,39,156.0640780081961,158.24
2026-08-21,40,126.03191982006084,144.45
2026-08-21,41,144.0811807972407,166.0
2026-08-21,42,122.99084123916568,154.69
2026-08-21,43,82.18075657896323,142.59
2026-08-21,44,72.65905851270634,132.72
2026-08-21,45,78.91845674198447,139.8
2026-08-21,46,69.29402093594753,142.14
2026-08-21,47,60.94908291014726,137.0
2026-08-21,48,49.45486667794044,136.59
2026-08-21,49,53.97241214050629,134.38
2026-08-21,50,46.6805826431237,134.62
2026-08-21,51,41.612338556048726,134.77
2026-08-21,52,35.84265052547717,137.07
2026-08-21,53,37.41527535093808,140.65
2026-08-21,54,35.02231295774606,138.01
2026-08-21,55,47.63248731481526,142.81
2026-08-21,56,102.65025412462182,140.51
2026-08-21,57,35.04137690878619,134.35
2026-08-21,58,47.99977615438146,142.05
2026-08-21,59,37.02568651908408,144.34
2026-08-21,60,39.779569185862414,143.95
2026-08-21,61,112.19231719720348,144.78
2026-08-21,62,43.55056040863114,145.0
2026-08-21,63,53.67334414278278,144.12
2026-08-21,64,62.956105748650174,165.09
2026-08-21,65,55.33664842168574,148.6
2026-08-21,66,73.17778800627943,157.97
2026-08-21,67,89.06358230867781,167.88
2026-08-21,68,104.24397097016517,191.51
2026-08-21,69,90.08126070122346,160.6
2026-08-21,70,142.02065607397222,180.84
2026-08-21,71,174.114043987912,196.0
2026-08-21,72,160.53805835343047,207.39
2026-08-21,73,190.97511339067896,193.49
2026-08-21,74,183.93365626027528,199.99
2026-08-21,75,175.8696914096504,196.37
2026-08-21,76,196.16147237454507,198.11
2026-08-21,77,184.4905122732887,205.0
2026-08-21,78,188.9078677088393,204.34
2026-08-21,79,204.4161357267821,199.99
2026-08-21,80,227.99980747917093,208.33
2026-08-21,81,200.07743002367403,206.99
2026-08-21,82,216.43596751917983,199.56
2026-08-21,83,207.586567185664,200.76
2026-08-21,84,210.24209672859703,208.31
2026-08-21,85,208.757128026344,205.32
2026-08-21,86,201.1977431732103,204.01
2026-08-21,87,193.49933097410465,195.96
2026-08-21,88,183.62990475533672,189.57
2026-08-21,89,196.35158552863336,192.71
2026-08-21,90,178.55458210148893,188.27
2026-08-21,91,180.6340811020946,189.26
2026-08-21,92,179.18610974866706,179.19
2026-08-21,93,180.175543913496,182.37
2026-08-21,94,172.1060361606892,175.8
2026-08-21,95,167.57940994709807,171.92
2026-08-21,96,167.68849746358703,163.91
2026-08-22,1,176.93912636043643,176.56
2026-08-22,2,168.41917335177428,171.6
2026-08-22,3,164.28393392511066,166.27
2026-08-22,4,154.1036898627611,157.6
2026-08-22,5,161.01246068815863,164.97
2026-08-22,6,155.58576940657,161.34
2026-08-22,7,152.63416331502518,160.01
2026-08-22,8,146.64659278882883,159.82
2026-08-22,9,153.78565859390775,159.97
2026-08-22,10,148.30437864336636,156.91
2026-08-22,11,145.834917224666,159.9
2026-08-22,12,142.63458666361797,158.07
2026-08-22,13,144.97176037933568,160.23
2026-08-22,14,142.3097174702869,155.99
2026-08-22,15,142.14384455268325,153.7
2026-08-22,16,140.91541982346502,147.64
2026-08-22,17,141.93991384297578,154.29
2026-08-22,18,140.98363343994993,149.62
2026-08-22,19,139.10284543960626,145.26
2026-08-22,20,138.29787875694535,144.83
2026-08-22,21,142.3133012237904,147.67
2026-08-22,22,139.777892209665,143.8
2026-08-22,23,142.47215355566905,144.19
2026-08-22,24,146.36056220251527,146.37
2026-08-22,25,148.66788727209695,153.82
2026-08-22,26,142.42333398514063,156.7
2026-08-22,27,139.8229079194555,155.67
2026-08-22,28,130.42133277161273,149.37
2026-08-22,29,148.66825634455566,159.74
2026-08-22,30,139.2740798674167,146.89
2026-08-22,31,136.50898940785495,139.3
2026-08-22,32,121.13097297704604,130.09
2026-08-22,33,150.3655008847025,147.32
2026-08-22,34,142.46166913575468,138.0
2026-08-22,35,121.83897993431292,124.51
2026-08-22,36,109.40051164978236,102.69
2026-08-22,37,123.16350572756232,110.75
2026-08-22,38,102.707844563527,98.63
2026-08-22,39,67.67125522692791,85.01
2026-08-22,40,58.268067091204514,66.68
2026-08-22,41,75.73416665078616,78.38
2026-08-22,42,52.857634059258025,64.13
2026-08-22,43,42.39520948414989,38.57
2026-08-22,44,49.64597437319742,20.1
2026-08-22,45,50.32922898397494,41.97
2026-08-22,46,45.848852758239374,20.59
2026-08-22,47,36.82507056901928,10.22
2026-08-22,48,15.134093854727762,6.47
2026-08-22,49,26.13558362581501,3.02
2026-08-22,50,18.75313734646281,0.96
2026-08-22,51,14.588637587581728,0.01
2026-08-22,52,9.674970715592288,0.0
2026-08-22,53,8.54386664246137,0.0
2026-08-22,54,6.487382732821772,0.0
2026-08-22,55,5.372576192242736,-0.01
2026-08-22,56,1.487200406821055,-0.01
2026-08-22,57,0.1629182598634491,-0.01
2026-08-22,58,0.8339631883164442,-0.01
2026-08-22,59,3.5066666565609856,-0.01
2026-08-22,60,8.917690284141804,-0.01
2026-08-22,61,4.755430511006986,-0.06
2026-08-22,62,5.332820336871251,-0.14
2026-08-22,63,6.576431465060678,-0.1
2026-08-22,64,7.29411960388363,-0.09
2026-08-22,65,27.584004078646068,-0.01
2026-08-22,66,13.38457169404289,0.0
2026-08-22,67,25.89785801266506,0.0
2026-08-22,68,33.02766306521509,0.0
2026-08-22,69,33.85967593500094,0.01
2026-08-22,70,51.19968981207794,2.05
2026-08-22,71,77.7187244010207,39.51
2026-08-22,72,100.1854331663092,71.99
2026-08-22,73,96.48879663442216,76.32
2026-08-22,74,115.9456024135645,95.15
2026-08-22,75,131.49596034980834,113.99
2026-08-22,76,136.47544093929008,134.83
2026-08-22,77,118.70390400543316,132.5
2026-08-22,78,130.2215339099657,141.86
2026-08-22,79,132.35266066600613,157.56
2026-08-22,80,128.10728627564248,164.68
2026-08-22,81,124.37840355802678,146.99
2026-08-22,82,131.59640208142105,156.78
2026-08-22,83,120.44284725368662,169.75
2026-08-22,84,127.04290516154394,183.13
2026-08-22,85,124.50866743764745,172.56
2026-08-22,86,137.06059367757695,170.74
2026-08-22,87,142.1608874120338,165.85
2026-08-22,88,150.0712544275779,163.66
2026-08-22,89,150.2129836127888,166.18
2026-08-22,90,154.49821005189585,158.41
2026-08-22,91,156.7243717880593,152.26
2026-08-22,92,153.4776934896608,145.98
2026-08-22,93,159.54203137186963,146.75
2026-08-22,94,154.46196616830574,142.34
2026-08-22,95,151.52508838572814,139.28
2026-08-22,96,144.9014098041149,136.11
2026-08-23,1,153.4664034474376,140.99
2026-08-23,2,147.85656309505327,133.96
2026-08-23,3,141.55331928472506,129.02
2026-08-23,4,134.31811841378914,126.72
2026-08-23,5,144.11959771264566,131.2
2026-08-23,6,140.76841426106463,126.69
2026-08-23,7,142.4209760212198,124.79
2026-08-23,8,137.0837644947819,120.6
2026-08-23,9,141.55036974434523,126.28
2026-08-23,10,137.00925963605704,119.75
2026-08-23,11,133.45180703538034,117.56
2026-08-23,12,131.6214270273946,113.87
2026-08-23,13,133.81173427555206,117.57
2026-08-23,14,132.7821728327664,116.43
2026-08-23,15,131.3175859978072,115.74
2026-08-23,16,128.98810861689526,115.1
2026-08-23,17,130.20641231948238,117.63
2026-08-23,18,129.4352334047975,113.72
2026-08-23,19,128.06384220494144,113.64
2026-08-23,20,130.63079132554822,113.98
2026-08-23,21,127.24123995625244,116.5
2026-08-23,22,127.32765552184098,115.39
2026-08-23,23,131.81497771949643,117.78
2026-08-23,24,133.45756070328576,117.27
2026-08-23,25,136.2003394245022,119.5
2026-08-23,26,126.14258892004288,117.25
2026-08-23,27,117.54620151873672,116.62
2026-08-23,28,117.23336124101336,113.46
2026-08-23,29,134.22963309427175,115.99
2026-08-23,30,121.39080168300303,111.99
2026-08-23,31,111.08753506012732,100.0
2026-08-23,32,96.20749090130502,80.39
2026-08-23,33,94.63154140781272,95.58
2026-08-23,34,96.18089882962616,72.0
2026-08-23,35,72.87247223231444,25.56
2026-08-23,36,34.50374234410357,6.18
2026-08-23,37,55.01426757355971,4.48
2026-08-23,38,19.31951529184328,0.05
2026-08-23,39,10.689509713820172,-0.13
2026-08-23,40,7.464287769742626,-0.38
2026-08-23,41,6.819912737040525,-0.19
2026-08-23,42,-4.711735358329221,-0.44
2026-08-23,43,-6.347489325183275,-0.64
2026-08-23,44,0.9361906981204556,-1.01
2026-08-23,45,-9.58459426738206,-1.0
2026-08-23,46,-3.755125383596664,-1.62
2026-08-23,47,-9.073102674449004,-2.03
2026-08-23,48,-13.203952770398908,-2.67
2026-08-23,49,-16.54007252705687,-2.99
2026-08-23,50,-15.146700387142069,-3.17
2026-08-23,51,-13.865245351505472,-2.99
2026-08-23,52,-12.78075694013409,-2.99
2026-08-23,53,-13.284248714598936,-3.52
2026-08-23,54,-5.272658330073935,-4.99
2026-08-23,55,-9.804372681876568,-5.44
2026-08-23,56,-0.9329820872316616,-6.04
2026-08-23,57,-14.634131647122205,-6.21
2026-08-23,58,-10.119343569251171,-5.07
2026-08-23,59,-7.701684277813187,-3.04
2026-08-23,60,-3.377663061292661,-2.61
2026-08-23,61,-9.192941771261204,-2.01
2026-08-23,62,-8.764055108882955,-1.73
2026-08-23,63,-8.225017560400993,-1.0
2026-08-23,64,-9.728875446670076,-1.17
2026-08-23,65,-9.23834222196129,-1.03
2026-08-23,66,-3.268342382062756,-1.0
2026-08-23,67,10.129779624782906,-0.1
2026-08-23,68,30.284500313168245,0.0
2026-08-23,69,13.386327933372089,0.07
2026-08-23,70,51.50338375281839,10.71
2026-08-23,71,63.17161489486132,70.68
2026-08-23,72,97.02248452982305,112.04
2026-08-23,73,80.1804821424951,104.2
2026-08-23,74,119.1628938088497,129.33
2026-08-23,75,115.4069266227942,161.71
2026-08-23,76,132.8292072678325,182.45
2026-08-23,77,124.44450586875064,165.07
2026-08-23,78,129.42979730716212,177.63
2026-08-23,79,132.0632442030729,189.05
2026-08-23,80,154.1920680296041,189.05
2026-08-23,81,145.64502117606608,188.4
2026-08-23,82,151.9617255202645,187.17
2026-08-23,83,159.19608500990816,185.37
2026-08-23,84,168.39717417892902,182.62
2026-08-23,85,162.0459676580599,179.93
2026-08-23,86,161.19126455668734,179.07
2026-08-23,87,166.58204467814883,176.95
2026-08-23,88,161.04542634163874,176.25
2026-08-23,89,157.5005767559838,174.86
2026-08-23,90,158.96294284904548,173.54
2026-08-23,91,157.66998846582777,172.48
2026-08-23,92,148.43151120914422,169.83
2026-08-23,93,156.4528960394718,168.91
2026-08-23,94,143.20571525553052,166.69
2026-08-23,95,145.04797615821772,166.12
2026-08-23,96,137.4423929602818,160.08
2026-08-24,1,161.71583004606282,164.69
2026-08-24,2,155.05740238626677,162.16
2026-08-24,3,150.15596492547303,161.58
2026-08-24,4,144.94626903361927,155.29
2026-08-24,5,150.20706926789782,160.04
2026-08-24,6,147.87936936964792,154.13
2026-08-24,7,147.57907484052106,149.59
2026-08-24,8,142.03447369947924,146.73
2026-08-24,9,144.84172542504186,148.2
2026-08-24,10,141.86731999741608,147.5
2026-08-24,11,140.7239911759991,147.83
2026-08-24,12,139.56734720828695,148.0
2026-08-24,13,140.12206397340793,149.54
2026-08-24,14,140.42054335619628,149.94
2026-08-24,15,140.84799116380782,148.36
2026-08-24,16,143.55297591072755,147.1
2026-08-24,17,139.94664520857094,147.16
2026-08-24,18,142.68943509365192,149.0
2026-08-24,19,147.17775757688645,151.54
2026-08-24,20,151.8261490155256,157.49
2026-08-24,21,145.77019758197773,152.5
2026-08-24,22,155.38547154754087,166.85
2026-08-24,23,166.79342061306647,179.34
2026-08-24,24,175.25236200542398,191.99
2026-08-24,25,166.42062410071952,180.77
2026-08-24,26,169.4368412947221,196.38
2026-08-24,27,171.9813346097661,222.35
2026-08-24,28,179.16392781046335,223.18
2026-08-24,29,187.138409308375,233.26
2026-08-24,30,193.8026196339121,220.85
2026-08-24,31,189.48256055935465,192.17
2026-08-24,32,184.02899814028817,179.32
2026-08-24,33,190.03040131816385,204.1
2026-08-24,34,179.83204450956046,180.13
2026-08-24,35,149.262886062861,170.39
2026-08-24,36,142.012714203134,152.5
2026-08-24,37,156.09280433932412,175.0
2026-08-24,38,148.42547266114568,150.19
2026-08-24,39,106.80966351979244,126.7
2026-08-24,40,98.1984564962573,113.49
2026-08-24,41,125.1544903045923,136.35
2026-08-24,42,93.66351594062144,119.76
2026-08-24,43,105.68909964124164,110.24
2026-08-24,44,67.15552230796042,83.94
2026-08-24,45,71.44232764016162,104.54
2026-08-24,46,61.47622443474808,82.3
2026-08-24,47,54.81293850279543,74.15
2026-08-24,48,41.902546470182855,60.05
2026-08-24,49,44.79054725986472,62.04
2026-08-24,50,35.29735642452009,52.84
2026-08-24,51,29.0566456965189,57.68
2026-08-24,52,21.9198904400556,49.97
2026-08-24,53,25.275602520557584,48.81
2026-08-24,54,20.1969877968598,40.64
2026-08-24,55,29.23263252429946,27.0
2026-08-24,56,14.576682099082529,20.13
2026-08-24,57,17.15245470441149,31.67
2026-08-24,58,19.729996985128608,39.89
2026-08-24,59,25.66958525564081,33.63
2026-08-24,60,32.87856908026102,37.44
2026-08-24,61,29.7110748839034,50.24
2026-08-24,62,40.34097119718126,59.01
2026-08-24,63,51.48765396865575,84.32
2026-08-24,64,65.07333302976225,96.42
2026-08-24,65,61.574370471112616,71.89
2026-08-24,66,79.76776823743683,99.39
2026-08-24,67,82.83407759688453,110.25
2026-08-24,68,99.93326525434614,126.82
2026-08-24,69,96.20384619894584,112.65
2026-08-24,70,126.7257812798021,130.4
2026-08-24,71,134.90308850452666,156.43
2026-08-24,72,155.4653815184612,174.36
2026-08-24,73,126.9800556509768,155.96
2026-08-24,74,154.10231890128023,173.53
2026-08-24,75,156.48668523061215,184.38
2026-08-24,76,166.71880057159814,215.47
2026-08-24,77,154.24097571351538,188.3
2026-08-24,78,171.3228694911879,209.39
2026-08-24,79,178.05990111547908,229.87
2026-08-24,80,199.27585152232425,249.92
2026-08-24,81,213.6653088957432,239.9
2026-08-24,82,211.2928602796776,224.86
2026-08-24,83,210.5800473897834,216.36
2026-08-24,84,209.72577256392967,196.99
2026-08-24,85,221.357734755737,199.0
2026-08-24,86,212.0600449510684,193.23
2026-08-24,87,197.680230552912,183.05
2026-08-24,88,184.40085274461404,176.83
2026-08-24,89,199.33285741535204,176.54
2026-08-24,90,181.4570194760976,173.52
2026-08-24,91,177.20583789037676,169.99
2026-08-24,92,170.18274224957483,167.05
2026-08-24,93,170.0735960796291,163.19
2026-08-24,94,164.30015532998203,157.08
2026-08-24,95,155.3387815352967,154.12
2026-08-24,96,152.07417178940617,144.51
2026-08-25,1,156.21379894657483,155.82
2026-08-25,2,150.18062459083285,154.66
2026-08-25,3,146.8315358936243,151.45
2026-08-25,4,137.75619644484746,147.43
2026-08-25,5,148.38184984253286,152.74
2026-08-25,6,142.39682915838236,145.42
2026-08-25,7,140.51838420103346,144.74
2026-08-25,8,136.92398667766562,144.4
2026-08-25,9,141.72633974411957,144.01
2026-08-25,10,135.71422660332095,141.92
2026-08-25,11,135.55647098918715,142.19
2026-08-25,12,133.0341186544222,141.54
2026-08-25,13,136.8663540801637,139.87
2026-08-25,14,132.856240922247,139.8
2026-08-25,15,131.480649749737,139.86
2026-08-25,16,130.0864751760739,140.49
2026-08-25,17,131.9044481940346,139.94
2026-08-25,18,132.77966039511574,141.0
2026-08-25,19,134.057176504922,141.55
2026-08-25,20,136.6339150568966,143.99
2026-08-25,21,136.42547178739306,144.99
2026-08-25,22,141.36220472779888,145.66
2026-08-25,23,141.14607979728544,150.6
2026-08-25,24,156.77153324406424,157.07
2026-08-25,25,162.89122695701963,164.7
2026-08-25,26,150.81910111050635,170.99
2026-08-25,27,160.7539680509015,173.37
2026-08-25,28,166.3992152728256,176.6
2026-08-25,29,162.4453979603585,184.84
2026-08-25,30,163.04927209581527,185.05
2026-08-25,31,165.92715015427925,181.76
2026-08-25,32,163.3437687436566,170.99
2026-08-25,33,170.48311019542297,187.63
2026-08-25,34,160.10365248067913,173.97
2026-08-25,35,153.8150365207882,166.16
2026-08-25,36,137.50084600154966,157.86
2026-08-25,37,160.75414561991695,165.47
2026-08-25,38,132.9855597044485,152.68
2026-08-25,39,102.98916462930544,135.91
2026-08-25,40,86.90485315739268,127.69
2026-08-25,41,119.54682062844788,140.49
2026-08-25,42,98.10829482870209,122.67
2026-08-25,43,84.80304473114512,113.0
2026-08-25,44,66.93432770823361,93.68
2026-08-25,45,75.40368948032442,108.4
2026-08-25,46,62.60469656899655,92.72
2026-08-25,47,53.62885883177714,72.98
2026-08-25,48,42.22133451111404,58.48
2026-08-25,49,46.18268487981261,79.08
2026-08-25,50,37.70247462060964,62.6
2026-08-25,51,33.149066579017685,67.03
2026-08-25,52,27.92342655588575,59.92
2026-08-25,53,29.32015351324344,69.99
2026-08-25,54,8.525586669766707,62.38
2026-08-25,55,7.310906424985863,58.53
2026-08-25,56,2.60042872478408,57.93
2026-08-25,57,22.0551275380121,56.63
2026-08-25,58,1.002062033597261,60.02
2026-08-25,59,-1.3610788418506732,73.79
2026-08-25,60,2.9280076620520266,83.41
2026-08-25,61,-3.681387683703613,67.26
2026-08-25,62,28.1259662237712,78.57
2026-08-25,63,36.34833560239916,92.24
2026-08-25,64,46.4880938171137,101.92
2026-08-25,65,44.02336422327761,91.07
2026-08-25,66,61.69726875795883,111.5
2026-08-25,67,84.57010508497338,118.01
2026-08-25,68,100.98220937237691,137.03
2026-08-25,69,93.84674930195314,118.68
2026-08-25,70,112.65276474716433,138.7
2026-08-25,71,139.24729205440445,159.85
2026-08-25,72,156.2974699874807,170.98
2026-08-25,73,154.2241658716147,154.99
2026-08-25,74,151.69351703231936,172.0
2026-08-25,75,166.67980880423158,186.91
2026-08-25,76,188.41954694460568,201.23
2026-08-25,77,160.84390606719057,193.07
2026-08-25,78,184.66545550329167,205.65
2026-08-25,79,192.33209721815592,219.86
2026-08-25,80,209.9618866986728,218.65
2026-08-25,81,199.5178749756672,200.32
2026-08-25,82,204.42729282412705,212.58
2026-08-25,83,196.65698490176777,211.73
2026-08-25,84,202.06275263552183,195.94
2026-08-25,85,203.027532945583,192.1
2026-08-25,86,192.93488543827843,186.95
2026-08-25,87,182.8692376279,178.93
2026-08-25,88,175.03426375590072,171.99
2026-08-25,89,177.032384894719,175.87
2026-08-25,90,163.67877322674963,172.57
2026-08-25,91,169.24029910829472,176.25
2026-08-25,92,161.60178554552363,164.38
2026-08-25,93,147.10992961964166,167.84
2026-08-25,94,152.6648133965012,161.33
2026-08-25,95,151.77777875290485,161.29
2026-08-25,96,140.24104643829864,148.18
2026-08-26,1,167.49551422970973,180.19
2026-08-26,2,161.0121418019338,165.74
2026-08-26,3,158.15930073455124,157.29
2026-08-26,4,150.82428882161534,152.89
2026-08-26,5,157.56256212521768,161.06
2026-08-26,6,149.91153801633243,156.44
2026-08-26,7,148.37099062361887,156.64
2026-08-26,8,143.7127561567899,154.09
2026-08-26,9,147.65143637528897,152.29
2026-08-26,10,143.57276694524742,151.95
2026-08-26,11,143.50793420905404,151.23
2026-08-26,12,142.43710254389893,151.1
2026-08-26,13,140.02678271650615,149.78
2026-08-26,14,138.3076721910707,148.95
2026-08-26,15,137.27805103024232,150.01
2026-08-26,16,135.74605028668014,149.66
2026-08-26,17,136.7838378757162,149.86
2026-08-26,18,137.26904087913763,150.39
2026-08-26,19,139.30960543141111,151.95
2026-08-26,20,142.64397022902753,154.83
2026-08-26,21,140.68210507945048,150.58
2026-08-26,22,145.05239459620128,156.97
2026-08-26,23,150.3884954349041,163.26
2026-08-26,24,160.26872830804524,171.05
2026-08-26,25,166.09250480154932,173.79
2026-08-26,26,180.53038409693016,185.5
2026-08-26,27,192.37590178743025,190.07
2026-08-26,28,190.8707335335112,191.16
2026-08-26,29,193.2372574424119,199.35
2026-08-26,30,188.9633156059201,198.92
2026-08-26,31,185.2363652677637,194.48
2026-08-26,32,169.83197250074085,189.4
2026-08-26,33,180.4017073582758,212.12
2026-08-26,34,178.0000327464349,204.49
2026-08-26,35,160.46898363867865,186.55
2026-08-26,36,148.62375706141103,170.92
2026-08-26,37,159.50746581995355,191.26
2026-08-26,38,148.3034043042839,173.42
2026-08-26,39,127.43096448222178,157.54
2026-08-26,40,112.09943858525187,144.27
2026-08-26,41,148.75622703000897,165.21
2026-08-26,42,133.57658946528966,135.93
2026-08-26,43,109.197312553383,128.23
2026-08-26,44,79.13087639065905,120.55
2026-08-26,45,95.2183563042246,132.06
2026-08-26,46,73.18891259289862,125.1
2026-08-26,47,66.10466281928726,119.8
2026-08-26,48,53.50673479465167,105.68
2026-08-26,49,58.436749654946816,112.77
2026-08-26,50,47.65039988420344,94.25
2026-08-26,51,43.18982068893689,97.47
2026-08-26,52,36.84968454288878,89.93
2026-08-26,53,39.35374490014387,101.01
2026-08-26,54,92.34707391775318,91.06
2026-08-26,55,93.33401259694072,85.01
2026-08-26,56,84.9798209429347,81.08
2026-08-26,57,31.373675097246608,90.48
2026-08-26,58,30.8255050639994,90.76
2026-08-26,59,33.644353549773946,91.87
2026-08-26,60,38.99059947500613,94.77
2026-08-26,61,38.625987713578176,93.62
2026-08-26,62,44.93051618729004,100.66
2026-08-26,63,51.65959226590321,104.3
2026-08-26,64,61.6761939037004,111.63
2026-08-26,65,58.23485765775948,108.35
2026-08-26,66,74.84479006179882,117.55
2026-08-26,67,90.47386270696228,122.93
2026-08-26,68,107.27823216935867,141.2
2026-08-26,69,91.57368670750576,125.31
2026-08-26,70,111.3833041747113,149.7
2026-08-26,71,134.00923891581695,173.0
2026-08-26,72,164.57313011759376,179.87
2026-08-26,73,160.96247836452653,160.51
2026-08-26,74,161.56575871666928,173.58
2026-08-26,75,166.64544624596726,191.78
2026-08-26,76,193.27390210602528,216.63
2026-08-26,77,189.6810848730865,193.34
2026-08-26,78,185.00239664083807,206.64
2026-08-26,79,202.57823677446183,218.91
2026-08-26,80,261.1318081006005,226.09
2026-08-26,81,223.7088843939762,218.8
2026-08-26,82,240.6147621146629,206.45
2026-08-26,83,231.0901562050049,195.66
2026-08-26,84,204.1079042224439,186.2
2026-08-26,85,201.6054550978737,188.82
2026-08-26,86,196.79718248967308,180.72
2026-08-26,87,186.7290554652217,177.31
2026-08-26,88,183.74311057444115,167.92
2026-08-26,89,183.8877188051132,172.29
2026-08-26,90,179.9436667176964,165.95
2026-08-26,91,178.65634556816732,164.16
2026-08-26,92,171.12176419874993,151.95
2026-08-26,93,173.13036064023197,161.94
2026-08-26,94,165.80457322753645,152.79
2026-08-26,95,161.39951306114165,150.0
2026-08-26,96,156.08587661580373,139.72
2026-08-27,1,162.26291590220353,155.22
2026-08-27,2,151.13148273092867,149.8
2026-08-27,3,127.70670478558256,147.17
2026-08-27,4,136.4136797373667,142.03
2026-08-27,5,148.74770129493476,149.56
2026-08-27,6,142.9230793443499,142.95
2026-08-27,7,142.2894140803995,141.73
2026-08-27,8,139.095252419555,134.46
2026-08-27,9,140.160900531505,138.69
2026-08-27,10,136.59750113349173,134.86
2026-08-27,11,134.29086215721483,134.18
2026-08-27,12,131.72371099518682,132.95
2026-08-27,13,134.04766382760693,135.43
2026-08-27,14,132.4894724724935,134.02
2026-08-27,15,132.11316389766435,134.31
2026-08-27,16,131.42384401376398,133.93
2026-08-27,17,132.28914792148467,133.7
2026-08-27,18,132.1893056589901,134.13
2026-08-27,19,131.9486203570194,136.66
2026-08-27,20,134.836031151018,140.27
2026-08-27,21,134.56898626635575,139.14
2026-08-27,22,136.87017053960386,139.4
2026-08-27,23,138.76345703225547,147.27
2026-08-27,24,149.2651420743496,160.43
2026-08-27,25,150.93895443282742,160.45
2026-08-27,26,162.67389636922897,169.22
2026-08-27,27,163.45955108062887,170.35
2026-08-27,28,165.26197598341236,170.31
2026-08-27,29,173.12341384718732,176.04
2026-08-27,30,164.87690301556225,176.34
2026-08-27,31,165.9553061080495,174.79
2026-08-27,32,157.37673439545628,169.41
2026-08-27,33,167.73693314650563,176.02
2026-08-27,34,155.8162463719926,170.22
2026-08-27,35,149.00644143521373,157.54
2026-08-27,36,150.67245093454935,137.77
2026-08-27,37,149.73616535355214,151.28
2026-08-27,38,155.90605601572818,132.34
2026-08-27,39,142.8910873666284,116.91
2026-08-27,40,116.095838549035,98.08
2026-08-27,41,141.5462988228923,126.98
2026-08-27,42,123.3056701411429,116.1
2026-08-27,43,115.91014702746703,94.98
2026-08-27,44,71.15480862050397,78.35
2026-08-27,45,79.98453392818327,105.06
2026-08-27,46,70.18105929467586,71.31
2026-08-27,47,86.42884524926663,40.0
2026-08-27,48,62.08525673843547,13.94
2026-08-27,49,63.66427104151846,31.59
2026-08-27,50,51.251044860532296,23.84
2026-08-27,51,45.91203710313064,20.09
2026-08-27,52,35.3175332360112,11.21
2026-08-27,53,42.88280157250863,10.02
2026-08-27,54,43.628039410845766,10.05
2026-08-27,55,53.07638146146721,6.16
2026-08-27,56,50.07194235365414,0.06
2026-08-27,57,29.31654632038248,0.09
2026-08-27,58,28.64032206460383,10.03
2026-08-27,59,29.7482280811304,20.05
2026-08-27,60,31.85249598119956,26.6
2026-08-27,61,31.393640632541224,22.36
2026-08-27,62,33.471089790389286,30.01
2026-08-27,63,38.36575594346796,54.58
2026-08-27,64,46.56473743414506,74.58
2026-08-27,65,43.92278098355148,51.04
2026-08-27,66,60.35246694195779,93.31
2026-08-27,67,77.60074364007484,112.93
2026-08-27,68,94.39955479672756,127.32
2026-08-27,69,77.13098036049693,115.08
2026-08-27,70,115.25097612897254,128.97
2026-08-27,71,127.95370161394504,154.02
2026-08-27,72,176.2007469679936,168.73
2026-08-27,73,143.05931750944768,151.75
2026-08-27,74,160.8763944194522,169.48
2026-08-27,75,170.0530963908806,177.02
2026-08-27,76,188.0640439859754,197.0
2026-08-27,77,175.17944231330074,184.45
2026-08-27,78,193.6399371296388,194.52
2026-08-27,79,198.71597356435183,205.99
2026-08-27,80,194.9064487090928,212.09
2026-08-27,81,194.8615722530077,205.74
2026-08-27,82,202.39170428666728,192.87
2026-08-27,83,214.97538423650929,187.8
2026-08-27,84,196.2588729230376,179.54
2026-08-27,85,195.36410961248828,192.13
2026-08-27,86,191.41465328174536,180.12
2026-08-27,87,180.9957740593896,171.99
2026-08-27,88,171.9917839234258,159.44
2026-08-27,89,175.5835212706101,175.56
2026-08-27,90,168.3383989504337,170.0
2026-08-27,91,170.53466169676267,159.68
2026-08-27,92,164.62262400637067,154.44
2026-08-27,93,166.96866742397495,159.9
2026-08-27,94,159.62045757903402,153.16
2026-08-27,95,157.5982137038119,149.08
2026-08-27,96,149.61903132649672,139.42
2026-08-28,1,150.68051933323198,141.01
2026-08-28,2,145.2177241668574,141.92
2026-08-28,3,141.54097055282764,139.0
2026-08-28,4,141.31604703789753,136.16
2026-08-28,5,144.95777500940827,141.81
2026-08-28,6,139.04242244708632,138.66
2026-08-28,7,138.28582684588883,138.02
2026-08-28,8,138.07121125201417,138.66
2026-08-28,9,137.7042361912172,137.18
2026-08-28,10,135.31611661734462,138.68
2026-08-28,11,140.5810418900056,140.51
2026-08-28,12,143.4653647153765,136.6
2026-08-28,13,135.58134754315054,140.89
2026-08-28,14,139.76524367908613,139.62
2026-08-28,15,138.1581071384421,138.26
2026-08-28,16,137.77624493941127,136.43
2026-08-28,17,138.29794376391305,137.11
2026-08-28,18,138.29384243160388,139.44
2026-08-28,19,139.0721771709716,139.96
2026-08-28,20,142.7719932718989,139.85
2026-08-28,21,139.67499968369944,137.37
2026-08-28,22,144.6460069488991,141.3
2026-08-28,23,155.6171287546255,148.48
2026-08-28,24,166.28598621888614,159.92
2026-08-28,25,160.19118518009878,164.48
2026-08-28,26,169.39846226186393,172.23
2026-08-28,27,183.2066389874933,174.29
2026-08-28,28,185.37421865133928,173.03
2026-08-28,29,181.723360647123,179.81
2026-08-28,30,177.45776123496387,180.26
2026-08-28,31,174.56858182666022,177.41
2026-08-28,32,157.87206601277643,174.44
2026-08-28,33,178.48254777327054,187.4
2026-08-28,34,166.43711870163648,172.74
2026-08-28,35,148.42124261954956,162.59
2026-08-28,36,130.8413093995831,155.15
2026-08-28,37,144.39547304980343,161.87
2026-08-28,38,125.64269104306014,161.77
2026-08-28,39,107.46168762403194,151.21
2026-08-28,40,94.62758052270196,145.76
2026-08-28,41,112.9800300275892,155.0
2026-08-28,42,99.980529780744,142.59
2026-08-28,43,82.05641144479637,130.66
2026-08-28,44,68.01920861121528,122.31
2026-08-28,45,77.3510816312341,129.06
2026-08-28,46,61.8970769238994,122.65
2026-08-28,47,54.15968648657883,117.81
2026-08-28,48,42.95064662861995,116.81
2026-08-28,49,48.73733479769367,112.08
2026-08-28,50,39.07315311738483,108.98
2026-08-28,51,34.261332148371665,112.94
2026-08-28,52,157.45023093363744,109.56
2026-08-28,53,138.7597081687002,98.45
2026-08-28,54,122.81231583702858,93.85
2026-08-28,55,23.771490185416443,100.58
2026-08-28,56,19.386290261448888,92.07
2026-08-28,57,19.93962146603508,102.01
2026-08-28,58,23.13428124122473,100.0
2026-08-28,59,27.760697748564347,106.26
2026-08-28,60,34.51022269519865,107.73
2026-08-28,61,30.67987527512825,109.55
2026-08-28,62,39.00754850866249,112.23
2026-08-28,63,52.038178777503575,116.41
2026-08-28,64,64.72225208439338,119.29
2026-08-28,65,60.0119033112985,111.35
2026-08-28,66,78.14551265396231,118.32
2026-08-28,67,85.00140152735409,122.23
2026-08-28,68,100.22099857808972,126.34
2026-08-28,69,92.8374231224324,116.99
2026-08-28,70,112.74799489468998,135.97
2026-08-28,71,136.7552483840589,156.76
2026-08-28,72,156.82130394968007,163.09
2026-08-28,73,147.20208899385048,144.39
2026-08-28,74,165.45179393410538,160.89
2026-08-28,75,173.5342306470918,167.3
2026-08-28,76,194.3430061993201,169.34
2026-08-28,77,175.27054908708266,154.89
2026-08-28,78,190.21383203306863,165.82
2026-08-28,79,204.78117145228416,175.5
2026-08-28,80,211.4923120822922,193.95
2026-08-28,81,212.11076853192023,174.88
2026-08-28,82,208.90810379558755,177.73
2026-08-28,83,202.6844822951619,180.83
2026-08-28,84,198.56838671503107,173.64
2026-08-28,85,202.88419657872603,176.3
2026-08-28,86,190.94371132300768,168.12
2026-08-28,87,181.0417849033352,166.01
2026-08-28,88,176.25021300233155,154.01
2026-08-28,89,183.17388285779523,171.44
2026-08-28,90,173.46329344137743,162.3
2026-08-28,91,168.3422592366241,161.4
2026-08-28,92,163.79763061297578,150.64
2026-08-28,93,165.27358092950723,157.08
2026-08-28,94,156.4358570161958,150.8
2026-08-28,95,155.0225346094111,141.55
2026-08-28,96,151.02189404573474,131.1
2026-08-29,1,149.86726371698165,141.58
2026-08-29,2,141.6008227035608,135.4
2026-08-29,3,134.20533239454653,127.97
2026-08-29,4,136.67557900140596,117.12
2026-08-29,5,133.88178447916422,117.5
2026-08-29,6,132.12629243391717,114.51
2026-08-29,7,131.328808757834,110.37
2026-08-29,8,128.55373482103204,107.04
2026-08-29,9,129.64369860460954,107.51
2026-08-29,10,127.56208902872066,101.93
2026-08-29,11,131.60919982576277,100.07
2026-08-29,12,134.05897019482055,91.68
2026-08-29,13,129.82420210542148,97.47
2026-08-29,14,140.4196665777673,91.82
2026-08-29,15,137.23735914461955,91.19
2026-08-29,16,133.92224309848544,92.52
2026-08-29,17,129.53128296102025,96.99
2026-08-29,18,138.15085001414565,93.91
2026-08-29,19,124.8336323178595,91.6
2026-08-29,20,123.0648561712012,89.52
2026-08-29,21,127.77912325515727,99.26
2026-08-29,22,123.50996028266516,95.12
2026-08-29,23,120.22972969045009,95.23
2026-08-29,24,125.94283337217873,96.71
2026-08-29,25,135.52440470071076,97.2
2026-08-29,26,122.03405282185729,97.47
2026-08-29,27,123.7585380390924,97.19
2026-08-29,28,129.6074470619828,96.68
2026-08-29,29,128.57429039175804,107.2
2026-08-29,30,123.99011862918655,103.88
2026-08-29,31,124.28622349198676,100.79
2026-08-29,32,134.40477192100352,93.09
2026-08-29,33,123.80954117130784,106.11
2026-08-29,34,121.63436339494191,83.69
2026-08-29,35,88.45989863212608,41.79
2026-08-29,36,99.8438581782199,10.09
2026-08-29,37,89.95173343470859,18.4
2026-08-29,38,79.80166238809718,0.06
2026-08-29,39,62.72233404244216,-0.01
2026-08-29,40,61.80712995628665,-0.15
2026-08-29,41,69.37397773205055,-0.01
2026-08-29,42,61.06475851120149,-0.1
2026-08-29,43,44.73121514853972,-0.51
2026-08-29,44,38.29603039399897,-0.75
2026-08-29,45,37.875166578346565,-1.1
2026-08-29,46,36.25042898052832,-1.35
2026-08-29,47,33.06616641156057,-1.39
2026-08-29,48,24.138368672349284,-1.58
2026-08-29,49,28.849390615908018,-1.57
2026-08-29,50,25.87235907288104,-1.78
2026-08-29,51,22.49807304634055,-1.88
2026-08-29,52,16.219959061827474,-2.02
2026-08-29,53,17.93388073637768,-1.91
2026-08-29,54,-15.284015328014071,-1.89
2026-08-29,55,14.000191321523934,-1.69
2026-08-29,56,12.424754887723406,-1.56
2026-08-29,57,1.0865431516001829,-1.53
2026-08-29,58,6.575617534076681,-1.29
2026-08-29,59,14.930356380631782,-1.0
2026-08-29,60,17.204192388203708,-0.88
2026-08-29,61,13.6087881110938,-0.08
2026-08-29,62,12.957178419763338,-0.01
2026-08-29,63,16.655988957875817,0.0
2026-08-29,64,22.299783159768207,0.0
2026-08-29,65,18.03745692827194,0.0
2026-08-29,66,23.92004106222003,1.66
2026-08-29,67,31.259880470520088,30.88
2026-08-29,68,39.05969420185973,65.78
2026-08-29,69,30.81184208077672,51.44
2026-08-29,70,41.72200581477295,100.78
2026-08-29,71,58.09762230658473,131.42
2026-08-29,72,104.74125953684108,168.33
2026-08-29,73,85.81959693344928,146.48
2026-08-29,74,120.43894400518396,152.72
2026-08-29,75,137.57030070515336,185.46
2026-08-29,76,160.77454048363947,201.35
2026-08-29,77,143.40021050804935,183.9
2026-08-29,78,160.39831252165513,191.92
2026-08-29,79,173.8282419855361,205.57
2026-08-29,80,196.27146924064144,214.47
2026-08-29,81,168.43511128414028,217.5
2026-08-29,82,182.37953876772207,198.94
2026-08-29,83,167.87598473125442,181.76
2026-08-29,84,160.23660192521558,180.92
2026-08-29,85,160.31414503827665,205.71
2026-08-29,86,152.6819992702632,179.29
2026-08-29,87,161.1116467320999,166.74
2026-08-29,88,156.5423667573229,158.33
2026-08-29,89,155.22116949978266,181.9
2026-08-29,90,155.30726094187702,162.32
2026-08-29,91,152.04489944362507,158.1
2026-08-29,92,139.85123538186355,151.65
2026-08-29,93,144.38688546992776,150.77
2026-08-29,94,139.03862487294694,146.47
2026-08-29,95,141.20089266498985,145.54
2026-08-29,96,129.69099727365102,139.68
2026-08-30,1,138.90999074212448,135.07
2026-08-30,2,135.09663271393967,124.31
2026-08-30,3,132.29198227960774,110.72
2026-08-30,4,126.30123926226122,99.62
2026-08-30,5,128.11391896913227,108.66
2026-08-30,6,127.20764382817876,103.92
2026-08-30,7,125.38611200683944,101.17
2026-08-30,8,119.27505705553094,96.6
2026-08-30,9,119.6081695095313,98.6
2026-08-30,10,121.62761918555842,88.17
2026-08-30,11,116.43956105630772,80.99
2026-08-30,12,98.21891617907146,76.38
2026-08-30,13,119.37236769533146,89.37
2026-08-30,14,117.96685136571963,79.85
2026-08-30,15,116.19077969662942,75.68
2026-08-30,16,113.31720320850344,66.85
2026-08-30,17,119.12173535967368,71.26
2026-08-30,18,117.55530610434656,67.43
2026-08-30,19,111.4432511728988,68.94
2026-08-30,20,105.05072439615152,69.88
2026-08-30,21,119.09581628988975,74.01
2026-08-30,22,115.21736858388374,71.36
2026-08-30,23,101.44699391698862,72.66
2026-08-30,24,114.24323410029903,73.82
2026-08-30,25,122.44699093450684,67.01
2026-08-30,26,119.12300640358482,70.42
2026-08-30,27,115.2480191070274,72.91
2026-08-30,28,108.912020186667,73.24
2026-08-30,29,107.57597015992818,75.74
2026-08-30,30,108.41616506055232,62.34
2026-08-30,31,108.0014842655425,55.88
2026-08-30,32,103.66657898894536,42.22
2026-08-30,33,111.71207286962564,35.0
2026-08-30,34,75.99681560187713,20.02
2026-08-30,35,58.42869574878951,8.83
2026-08-30,36,56.9924168829474,0.09
2026-08-30,37,61.00009547501554,0.85
2026-08-30,38,88.469760512851,0.0
2026-08-30,39,55.19995090538486,-0.08
2026-08-30,40,22.447389550654435,-0.82
2026-08-30,41,101.80745407321878,-0.08
2026-08-30,42,20.547859887527167,-0.09
2026-08-30,43,-3.680467787229532,-0.12
2026-08-30,44,-7.908340423043668,-0.12
2026-08-30,45,-10.067434724504151,-0.15
2026-08-30,46,-14.530549568720204,-0.14
2026-08-30,47,-4.670019088669555,-0.15
2026-08-30,48,-0.49950966286384,-0.17
2026-08-30,49,-5.152659017553994,-0.99
2026-08-30,50,-4.703889745730301,-1.0
2026-08-30,51,-5.893697905778373,-1.0
2026-08-30,52,-8.593548173535002,-1.09
2026-08-30,53,-7.600168569985929,-1.02
2026-08-30,54,-11.058887678327874,-1.04
2026-08-30,55,-8.768621045044604,-1.06
2026-08-30,56,-10.154243851241432,-1.09
2026-08-30,57,-11.272723956967678,-1.19
2026-08-30,58,-14.765198300091528,-1.03
2026-08-30,59,-12.671120017267754,-1.0
2026-08-30,60,-13.658771993898007,-1.0
2026-08-30,61,-10.446662600735705,-0.14
2026-08-30,62,-15.173068236022104,-0.12
2026-08-30,63,-10.6529130529999,-0.12
2026-08-30,64,-11.45528749090753,-0.11
2026-08-30,65,-9.242535484982971,-0.45
2026-08-30,66,3.5167962715624626,-0.1
2026-08-30,67,10.008988764673504,-0.01
2026-08-30,68,28.67818403361126,0.52
2026-08-30,69,15.663988950790396,4.15
2026-08-30,70,72.83130061475116,33.64
2026-08-30,71,78.96425379698971,74.59
2026-08-30,72,119.88292260127048,137.41
2026-08-30,73,116.1039704721182,110.7
2026-08-30,74,130.95602842085611,161.07
2026-08-30,75,153.75645198287611,181.26
2026-08-30,76,175.14501619261185,200.54
2026-08-30,77,148.9188085482196,169.46
2026-08-30,78,166.50640860547878,180.69
2026-08-30,79,214.0013565386249,187.98
2026-08-30,80,197.1292425501734,198.53
2026-08-30,81,190.5968220346336,174.45
2026-08-30,82,185.7297222745236,184.63
2026-08-30,83,169.18489194202078,201.43
2026-08-30,84,180.4498911572316,212.27
2026-08-30,85,175.1344660057391,203.93
2026-08-30,86,163.86676317543686,200.01
2026-08-30,87,157.38688063648524,187.92
2026-08-30,88,161.4148530827679,179.83
2026-08-30,89,165.87162457532995,189.32
2026-08-30,90,153.77124977691886,180.06
2026-08-30,91,153.60879808736374,181.03
2026-08-30,92,156.12474295022105,175.34
2026-08-30,93,149.0652363711961,178.71
2026-08-30,94,141.0842871767297,167.37
2026-08-30,95,147.9525712145474,166.57
2026-08-30,96,137.91563703429782,162.5
2026-08-31,1,163.17575873933308,188.79
2026-08-31,2,157.0833912855909,174.97
2026-08-31,3,155.81659951083475,170.0
2026-08-31,4,143.9419327283219,166.15
2026-08-31,5,156.33900521032191,168.52
2026-08-31,6,149.4423654058336,165.32
2026-08-31,7,141.79903257332208,159.92
2026-08-31,8,136.3632035790431,158.69
2026-08-31,9,143.92490059737403,164.22
2026-08-31,10,136.8194217498671,153.74
2026-08-31,11,131.15877808929494,148.26
2026-08-31,12,129.07377899139095,146.74
2026-08-31,13,132.96502632087365,152.12
2026-08-31,14,128.92544012346258,149.14
2026-08-31,15,125.69807996458488,146.18
2026-08-31,16,123.58279352246872,143.75
2026-08-31,17,124.63679068708991,143.1
2026-08-31,18,126.00284781633574,141.57
2026-08-31,19,132.38806050036283,141.91
2026-08-31,20,134.35372375722167,143.06
2026-08-31,21,129.33046041194976,142.29
2026-08-31,22,135.831045134693,141.18
2026-08-31,23,143.30618038709463,143.09
2026-08-31,24,153.6131940838858,150.27
2026-08-31,25,147.2195880183798,150.71
2026-08-31,26,158.17274910401093,154.47
2026-08-31,27,166.8169970203668,157.17
2026-08-31,28,164.7695020577986,158.65
2026-08-31,29,167.69819111452236,164.35
2026-08-31,30,168.72931232952146,165.12
2026-08-31,31,152.25858718899315,165.69
2026-08-31,32,142.88494058717654,164.69
2026-08-31,33,171.23932019202005,184.41
2026-08-31,34,151.18946133024718,174.58
2026-08-31,35,139.6362869189056,160.51
2026-08-31,36,121.126478289995,130.0
2026-08-31,37,149.35190982706044,174.51
2026-08-31,38,119.72445463988896,136.66
2026-08-31,39,98.393129281058,108.97
2026-08-31,40,82.5420192963376,85.99
2026-08-31,41,108.27454164879632,91.0
2026-08-31,42,87.15777822546357,47.39
2026-08-31,43,61.63143286021969,15.0
2026-08-31,44,57.20611331447663,0.01
2026-08-31,45,41.91505790973323,0.08
2026-08-31,46,53.18983788799749,0.0
2026-08-31,47,11.533853490717767,0.0
2026-08-31,48,42.46612296677144,0.0
2026-08-31,49,11.201540314339084,-0.01
2026-08-31,50,35.02328528745845,-0.04
2026-08-31,51,30.55099407517812,-0.08
2026-08-31,52,23.028902840291188,-0.1
2026-08-31,53,20.81728958864461,-0.76
2026-08-31,54,13.988573921928662,-1.0
2026-08-31,55,11.678516541605632,-1.01
2026-08-31,56,3.60639679653881,-1.01
2026-08-31,57,12.014790336067524,-1.09
2026-08-31,58,20.29218143954048,-1.01
2026-08-31,59,23.05952856458728,-1.01
2026-08-31,60,12.0459074363626,-1.0
2026-08-31,61,9.895066388878671,-0.18
2026-08-31,62,14.251620749730224,-0.1
2026-08-31,63,18.19865099575233,-0.04
2026-08-31,64,28.344435472577675,-0.01
2026-08-31,65,15.624652307231209,-0.02
2026-08-31,66,46.919922324639614,-0.01
2026-08-31,67,65.97087593274563,0.0
2026-08-31,68,81.68832565772898,4.03
2026-08-31,69,68.41756307454426,6.56
2026-08-31,70,108.40524351008624,60.42
2026-08-31,71,119.55582215468716,105.82
2026-08-31,72,169.41612429786787,119.28
2026-08-31,73,135.97382911492477,122.86
2026-08-31,74,153.3075820046317,142.02
2026-08-31,75,167.38787596477368,166.99
2026-08-31,76,186.6209842936776,199.84
2026-08-31,77,169.53010449728149,166.99
2026-08-31,78,174.5288346166963,177.6
2026-08-31,79,204.8660617721501,180.34
2026-08-31,80,211.2959097507141,207.51
2026-08-31,81,196.10634997429648,177.57
2026-08-31,82,198.5717064115972,190.95
2026-08-31,83,201.0236036888586,197.6
2026-08-31,84,183.1790218245489,190.48
2026-08-31,85,186.1751465369232,207.61
2026-08-31,86,181.13833904047087,181.8
2026-08-31,87,178.341164167649,175.94
2026-08-31,88,167.15898202208217,163.8
2026-08-31,89,180.7292194763512,176.2
2026-08-31,90,157.01567851546176,170.0
2026-08-31,91,167.58700797675834,172.94
2026-08-31,92,166.05301837934886,167.06
2026-08-31,93,164.73729113583855,163.85
2026-08-31,94,158.89572437431406,156.54
2026-08-31,95,153.4529543838239,154.05
2026-08-31,96,142.54538557568904,146.69
2026-09-01,1,152.52264227949473,163.91
2026-09-01,2,147.82752370550534,157.62
2026-09-01,3,141.50240404739503,149.56
2026-09-01,4,133.0299931906801,147.26
2026-09-01,5,144.7039943182939,149.84
2026-09-01,6,140.23547600042752,146.05
2026-09-01,7,137.20078130062203,146.19
2026-09-01,8,133.37224603901777,144.35
2026-09-01,9,133.56877400518854,141.7
2026-09-01,10,132.71543776212098,145.1
2026-09-01,11,126.25929592205554,139.15
2026-09-01,12,124.93386989043816,139.53
2026-09-01,13,125.62070590137044,140.14
2026-09-01,14,121.73982419647903,142.21
2026-09-01,15,125.77339719769984,143.87
2026-09-01,16,128.10252309295606,142.99
2026-09-01,17,123.26898158768051,146.9
2026-09-01,18,128.87979998290467,144.61
2026-09-01,19,132.43038218727517,145.1
2026-09-01,20,135.21875463914392,146.99
2026-09-01,21,129.9420330954501,146.84
2026-09-01,22,133.43257468067824,150.59
2026-09-01,23,137.80834958078395,161.45
2026-09-01,24,141.03496451387528,167.83
2026-09-01,25,145.69433799009053,177.72
2026-09-01,26,153.67229421195896,188.86
2026-09-01,27,155.16419324094846,191.95
2026-09-01,28,163.0278428933383,195.3
2026-09-01,29,160.56338419814588,206.59
2026-09-01,30,160.53432581194065,210.78
2026-09-01,31,160.2703884578808,206.63
2026-09-01,32,144.34148269324234,196.6
2026-09-01,33,163.51719767851424,215.93
2026-09-01,34,152.22134725857617,202.0
2026-09-01,35,147.8600602863535,187.5
2026-09-01,36,135.17587927254357,165.55
2026-09-01,37,153.84106624257578,185.44
2026-09-01,38,135.9607296180113,162.85
2026-09-01,39,116.05494295010362,135.55
2026-09-01,40,103.69939494146033,113.99
2026-09-01,41,116.5609750420172,134.9
2026-09-01,42,107.83914017020275,121.51
2026-09-01,43,92.93350719049764,116.87
2026-09-01,44,50.51993771926199,105.77
2026-09-01,45,77.2279203659181,111.31
2026-09-01,46,41.47030854932463,96.33
2026-09-01,47,32.511713711881555,81.06
2026-09-01,48,24.25554342741393,71.29
2026-09-01,49,28.48413753232875,65.06
2026-09-01,50,22.27706662760393,52.58
2026-09-01,51,19.278243470732725,45.97
2026-09-01,52,9.134796007746278,40.0
2026-09-01,53,10.767058690245529,36.88
2026-09-01,54,7.414957345837141,31.73
2026-09-01,55,5.346628745484921,25.81
2026-09-01,56,3.711375773302224,22.07
2026-09-01,57,5.575667579930812,27.77
2026-09-01,58,4.096398321652574,34.71
2026-09-01,59,6.530042818040427,29.82
2026-09-01,60,9.202583870230786,40.09
2026-09-01,61,3.858744076713109,36.54
2026-09-01,62,8.443420238635078,40.78
2026-09-01,63,14.464325238073018,59.05
2026-09-01,64,25.13032836319828,68.37
2026-09-01,65,24.47145847778109,60.01
2026-09-01,66,55.48979554438053,83.65
2026-09-01,67,77.31634390248031,110.45
2026-09-01,68,97.53693236265732,122.16
2026-09-01,69,94.85153238255772,111.16
2026-09-01,70,139.69798677880738,126.97
2026-09-01,71,145.1488452979133,151.65
2026-09-01,72,162.6938093547605,170.25
2026-09-01,73,162.80873560554937,140.7
2026-09-01,74,161.4332419566923,173.85
2026-09-01,75,165.84208872116906,191.08
2026-09-01,76,182.5107805730485,203.4
2026-09-01,77,168.14959693112968,197.88
2026-09-01,78,186.95970623090588,204.88
2026-09-01,79,198.63060817003787,221.05
2026-09-01,80,216.0398269111325,233.13
2026-09-01,81,188.04719886691385,223.64
2026-09-01,82,213.644847947314,231.81
2026-09-01,83,201.9980400255608,236.92
2026-09-01,84,205.66566709515087,234.03
2026-09-01,85,205.7035095862664,228.5
2026-09-01,86,196.6883427205345,220.07
2026-09-01,87,226.00583141685425,217.07
2026-09-01,88,182.0856593155069,206.0
2026-09-01,89,217.8528688621265,212.26
2026-09-01,90,185.0937046374809,199.62
2026-09-01,91,188.0781613299364,195.1
2026-09-01,92,176.78259231677578,190.9
2026-09-01,93,174.7176232663278,188.9
2026-09-01,94,168.41023819283365,179.81
2026-09-01,95,167.4069178428814,176.62
2026-09-01,96,155.06084163253894,172.04
2026-09-02,1,184.62367710164253,189.59
2026-09-02,2,178.80620719664253,177.14
2026-09-02,3,176.61757036146474,165.59
2026-09-02,4,165.88025641462792,150.54
2026-09-02,5,180.4138631249925,166.28
2026-09-02,6,172.90158484632772,163.47
2026-09-02,7,168.29658431794428,161.85
2026-09-02,8,163.71352638059923,157.08
2026-09-02,9,167.34490344313284,159.21
2026-09-02,10,163.28449496410104,151.86
2026-09-02,11,160.51734164366903,150.78
2026-09-02,12,154.36337518693247,150.25
2026-09-02,13,161.0039521110938,148.22
2026-09-02,14,156.6182564283489,149.2
2026-09-02,15,155.481745556367,149.27
2026-09-02,16,153.1069705875085,147.73
2026-09-02,17,154.2394141415353,149.39
2026-09-02,18,155.33613844568615,149.4
2026-09-02,19,158.29778902864012,148.29
2026-09-02,20,159.73743157240963,149.84
2026-09-02,21,154.37478716762567,153.93
2026-09-02,22,162.37133560903237,161.71
2026-09-02,23,171.65396339592536,166.45
2026-09-02,24,186.2486143393906,180.18
2026-09-02,25,181.0761849223141,183.91
2026-09-02,26,183.9068429186804,192.12
2026-09-02,27,191.97715106222,196.96
2026-09-02,28,201.5214977349704,204.95
2026-09-02,29,202.3736454808044,209.43
2026-09-02,30,215.34546430199293,208.63
2026-09-02,31,201.13322251534564,205.46
2026-09-02,32,185.9321469487616,201.03
2026-09-02,33,211.24262092895063,216.25
2026-09-02,34,204.6436884398736,205.93
2026-09-02,35,182.0457171699437,194.87
2026-09-02,36,171.7798321682482,174.99
2026-09-02,37,194.06753799924584,192.02
2026-09-02,38,179.41917475439982,176.87
2026-09-02,39,167.56978450336737,164.87
2026-09-02,40,136.7194862741043,142.62
2026-09-02,41,162.16845238952408,148.96
2026-09-02,42,147.04064767547666,138.36
2026-09-02,43,141.14038656462645,134.9
2026-09-02,44,87.4098693067778,122.28
2026-09-02,45,107.89775123469045,126.15
2026-09-02,46,82.15362883703607,118.1
2026-09-02,47,68.54237518768784,111.85
2026-09-02,48,53.05556130147443,104.11
2026-09-02,49,60.17461890774297,107.42
2026-09-02,50,49.24141478853736,104.82
2026-09-02,51,47.16603107965374,102.3
2026-09-02,52,39.15223593992402,102.77
2026-09-02,53,41.30304429471079,97.46
2026-09-02,54,35.66846744331641,91.75
2026-09-02,55,34.33756075400763,90.85
2026-09-02,56,32.51179056222809,86.61
2026-09-02,57,31.44987256032906,97.59
2026-09-02,58,35.74867827651856,97.0
2026-09-02,59,40.48471290771815,98.61
2026-09-02,60,47.776604997939,103.25
2026-09-02,61,59.52085160686286,101.81
2026-09-02,62,66.92781581187076,109.48
2026-09-02,63,70.75358760161559,115.71
2026-09-02,64,82.59679993151067,114.58
2026-09-02,65,89.34638700066353,116.27
2026-09-02,66,108.61709956031837,127.12
2026-09-02,67,125.93556235185268,139.95
2026-09-02,68,144.91829169424253,154.41
2026-09-02,69,124.65018538817831,142.03
2026-09-02,70,182.78995248582424,161.22
2026-09-02,71,198.66402642330647,179.59
2026-09-02,72,193.6877559553353,190.91
2026-09-02,73,161.9418769505238,175.3
2026-09-02,74,167.97885833199263,193.75
2026-09-02,75,183.1095104159021,202.58
2026-09-02,76,201.796726609539,216.13
2026-09-02,77,190.66980179241057,220.7
2026-09-02,78,203.6933022305224,235.18
2026-09-02,79,215.0240962553601,248.22
2026-09-02,80,230.5843006590588,251.31
2026-09-02,81,230.76198972469365,251.02
2026-09-02,82,225.04517852422845,237.2
2026-09-02,83,213.1411743098259,240.61
2026-09-02,84,211.7882263661903,243.96
2026-09-02,85,214.9267202548239,232.27
2026-09-02,86,206.00255504291664,215.08
2026-09-02,87,192.2360137050264,210.74
2026-09-02,88,188.08665086940127,197.39
2026-09-02,89,196.97899816536903,200.09
2026-09-02,90,189.1717339586825,194.28
2026-09-02,91,183.1536779782729,198.39
2026-09-02,92,179.82530455226512,187.0
2026-09-02,93,179.68545869799846,177.97
2026-09-02,94,171.02629975634312,167.14
2026-09-02,95,167.7482644050982,163.31
2026-09-02,96,157.73037814301276,152.43
2026-09-03,1,171.81834557799914,201.22
2026-09-03,2,162.96763893715118,179.41
2026-09-03,3,157.3088110167961,170.26
2026-09-03,4,151.29812377514472,163.65
2026-09-03,5,158.7800730813838,180.35
2026-09-03,6,153.90074743213472,168.09
2026-09-03,7,151.4732195953856,169.83
2026-09-03,8,145.64910604137037,163.22
2026-09-03,9,149.44280139697617,171.82
2026-09-03,10,145.93874955445006,155.96
2026-09-03,11,142.47485048768672,148.68
2026-09-03,12,140.97087483768698,145.64
2026-09-03,13,142.22379426530134,146.54
2026-09-03,14,139.93470967990515,147.68
2026-09-03,15,139.7372226189969,146.55
2026-09-03,16,138.6570730793023,143.24
2026-09-03,17,139.7841329576536,146.48
2026-09-03,18,138.73952993750387,144.7
2026-09-03,19,139.33703297049976,143.28
2026-09-03,20,140.49805493215064,138.12
2026-09-03,21,140.6013428048775,145.41
2026-09-03,22,142.6742103054401,142.19
2026-09-03,23,147.6283655129696,145.74
2026-09-03,24,156.62953413481705,155.37
2026-09-03,25,161.99181912540138,160.33
2026-09-03,26,171.79017872091393,176.02
2026-09-03,27,174.17177874233147,181.05
2026-09-03,28,172.33392267684033,180.36
2026-09-03,29,180.49663324001145,194.95
2026-09-03,30,174.58758361624518,193.67
2026-09-03,31,175.135133693331,187.37
2026-09-03,32,166.80376400710583,180.81
2026-09-03,33,194.8076006852384,206.0
2026-09-03,34,178.08257825445304,187.2
2026-09-03,35,165.35927427328042,176.99
2026-09-03,36,150.88349204577597,150.0
2026-09-03,37,162.28007294128687,185.21
2026-09-03,38,157.20418964796292,156.62
2026-09-03,39,144.56961189090265,135.0
2026-09-03,40,126.48874370497354,121.5
2026-09-03,41,148.22439021269145,132.3
2026-09-03,42,137.58201745377255,120.01
2026-09-03,43,110.94563517238252,115.29
2026-09-03,44,98.5799426055958,103.05
2026-09-03,45,108.30573707276363,110.02
2026-09-03,46,90.77896800973797,99.72
2026-09-03,47,76.55496359610154,72.44
2026-09-03,48,61.493952534744366,60.42
2026-09-03,49,66.65857427482777,81.72
2026-09-03,50,44.73522199420171,50.67
2026-09-03,51,43.66652306797497,38.99
2026-09-03,52,45.74287767251227,29.71
2026-09-03,53,47.124014764035394,33.98
2026-09-03,54,45.22661520695683,28.98
2026-09-03,55,45.37992099370745,22.59
2026-09-03,56,42.00351794391539,14.45
2026-09-03,57,42.42582652923095,25.45
2026-09-03,58,43.13276240340196,16.82
2026-09-03,59,47.48433046088445,20.8
2026-09-03,60,51.24203952781394,20.49
2026-09-03,61,50.63360176749679,20.82
2026-09-03,62,55.21418661165556,22.38
2026-09-03,63,64.20053045382178,29.35
2026-09-03,64,77.40346456309163,24.93
2026-09-03,65,67.42968060826104,40.03
2026-09-03,66,96.27009785930916,46.66
2026-09-03,67,105.86918799163158,71.87
2026-09-03,68,114.91360342703904,86.99
2026-09-03,69,109.34033657572364,78.72
2026-09-03,70,146.93876260536877,106.62
2026-09-03,71,170.39970255217196,135.3
2026-09-03,72,174.46771862010868,148.36
2026-09-03,73,164.26916924546424,134.9
2026-09-03,74,154.45349911607326,153.65
2026-09-03,75,174.9079534591827,164.29
2026-09-03,76,191.007308402836,167.75
2026-09-03,77,181.81528168359063,170.59
2026-09-03,78,187.50537433344195,179.1
2026-09-03,79,203.80210640791185,185.85
2026-09-03,80,202.2303585247452,188.77
2026-09-03,81,202.39035049024284,186.5
2026-09-03,82,197.77472676435727,205.99
2026-09-03,83,188.3031721866451,217.56
2026-09-03,84,187.04295828875016,207.54
2026-09-03,85,191.40794583609204,213.57
2026-09-03,86,194.1011850946923,194.13
2026-09-03,87,176.31649369402555,187.28
2026-09-03,88,170.25317411050327,175.23
2026-09-03,89,186.6802682568808,184.77
2026-09-03,90,175.260473299583,167.81
2026-09-03,91,172.54290662808978,173.84
2026-09-03,92,166.3346890882074,173.12
2026-09-03,93,166.19225069307083,164.64
2026-09-03,94,156.9458419395254,161.32
2026-09-03,95,155.95916270489604,170.71
2026-09-03,96,145.4456103734094,152.16
2026-09-04,1,163.09293358819,147.64
2026-09-04,2,160.25149352363596,138.83
2026-09-04,3,151.00804967911773,131.96
2026-09-04,4,148.66232320441836,124.53
2026-09-04,5,152.3060632119143,132.68
2026-09-04,6,146.91418524822743,125.01
2026-09-04,7,150.31402429095954,123.28
2026-09-04,8,144.1875018577147,118.36
2026-09-04,9,147.12963377959042,119.56
2026-09-04,10,145.39223142561178,117.12
2026-09-04,11,142.59839850311766,118.05
2026-09-04,12,141.95170333377007,115.78
2026-09-04,13,140.4487321052088,118.86
2026-09-04,14,138.4368881998819,118.51
2026-09-04,15,139.68924636719154,116.34
2026-09-04,16,139.21161402964182,118.18
2026-09-04,17,138.5466184945248,115.09
2026-09-04,18,136.26578375165184,115.4
2026-09-04,19,138.65444397004816,115.57
2026-09-04,20,137.48990356328238,116.03
2026-09-04,21,138.15827804132783,119.95
2026-09-04,22,144.69848887857742,122.88
2026-09-04,23,142.79790253749482,121.01
2026-09-04,24,149.65279192018477,128.89
2026-09-04,25,151.56200431669262,137.42
2026-09-04,26,167.79771568708838,156.0
2026-09-04,27,173.48151958446516,158.85
2026-09-04,28,180.92828790961053,158.05
2026-09-04,29,185.93435753349064,173.2
2026-09-04,30,183.32559048398704,166.48
2026-09-04,31,173.7435560386421,165.15
2026-09-04,32,168.6293123192072,160.43
2026-09-04,33,184.06434758314413,166.07
2026-09-04,34,174.8447555900227,163.93
2026-09-04,35,160.9891771253069,156.48
2026-09-04,36,134.71297311541093,147.0
2026-09-04,37,155.96316987526097,147.7
2026-09-04,38,135.70665840623047,131.6
2026-09-04,39,114.85588220231378,98.6
2026-09-04,40,101.68184539090512,39.04
2026-09-04,41,104.7515413144651,102.11
2026-09-04,42,97.76245457158969,82.64
2026-09-04,43,87.36534809479804,40.71
2026-09-04,44,81.83946655444848,5.92
2026-09-04,45,91.93544647677808,34.99
2026-09-04,46,57.82175948118861,8.77
2026-09-04,47,37.3262814648103,0.04
2026-09-04,48,42.40548349089525,0.0
2026-09-04,49,41.23171547683037,0.0
2026-09-04,50,22.51587313127398,0.0
2026-09-04,51,23.065189445210137,0.0
2026-09-04,52,17.007316097645337,-0.01
2026-09-04,53,30.74719041964437,-0.02
2026-09-04,54,9.363800641657043,-0.04
2026-09-04,55,5.98139144069675,-0.07
2026-09-04,56,5.172974222953609,-0.09
2026-09-04,57,11.248147559681705,-0.13
2026-09-04,58,16.66858941067442,-0.14
2026-09-04,59,22.80242990777961,-0.15
2026-09-04,60,26.54259005712283,-0.14
2026-09-04,61,25.470702914855003,-0.15
2026-09-04,62,39.01767534699262,-0.12
2026-09-04,63,50.18486352059923,-0.07
2026-09-04,64,53.82443024571005,-0.07
2026-09-04,65,55.402235148780434,-0.05
2026-09-04,66,63.03533246509157,-0.01
2026-09-04,67,80.51187427688033,0.0
2026-09-04,68,95.91587003160998,0.0
2026-09-04,69,90.6678942301577,0.0
2026-09-04,70,101.74856458564297,4.51
2026-09-04,71,125.76027449558792,50.0
2026-09-04,72,145.7313649997801,93.14
2026-09-04,73,129.74462280206487,73.16
2026-09-04,74,156.51157789275908,106.16
2026-09-04,75,164.80490315587994,124.28
2026-09-04,76,167.51750993821486,127.82
2026-09-04,77,166.25681068828598,131.86
2026-09-04,78,173.07398379517707,134.37
2026-09-04,79,171.41925933770654,135.27
2026-09-04,80,170.29425877574462,138.89
2026-09-04,81,169.56909409018112,136.29
2026-09-04,82,177.8799044889171,135.83
2026-09-04,83,179.23725826360968,136.32
2026-09-04,84,173.85261374547807,136.39
2026-09-04,85,176.38120565362138,136.04
2026-09-04,86,166.10206336323463,130.85
2026-09-04,87,161.6948161885018,126.25
2026-09-04,88,157.28339756789038,120.51
2026-09-04,89,164.2835985027652,122.86
2026-09-04,90,167.82182539845212,119.12
2026-09-04,91,168.91734271377695,112.15
2026-09-04,92,163.34084666794013,102.64
2026-09-04,93,154.88048931149945,102.65
2026-09-04,94,148.81941776086703,94.78
2026-09-04,95,152.73968767557997,89.03
2026-09-04,96,139.30348430093932,78.95
2026-09-05,1,86.37731065747793,65.01
2026-09-05,2,83.2547757350954,65.12
2026-09-05,3,50.128248401095405,60.01
2026-09-05,4,71.91797518585624,56.4
2026-09-05,5,64.53068411297005,60.42
2026-09-05,6,46.09721325655855,60.0
2026-09-05,7,63.80995100733045,60.49
2026-09-05,8,72.93136329297809,60.03
2026-09-05,9,48.96288186263988,61.14
2026-09-05,10,55.43602408076221,60.06
2026-09-05,11,52.68521564728967,59.0
2026-09-05,12,62.41141270586199,60.09
2026-09-05,13,53.70610187608818,56.78
2026-09-05,14,69.43296289004651,56.16
2026-09-05,15,65.76518363827833,53.76
2026-09-05,16,48.26492512565852,55.33
2026-09-05,17,78.34546663733062,51.45
2026-09-05,18,69.93283326988383,52.42
2026-09-05,19,51.08925986856694,51.31
2026-09-05,20,33.82581946269451,50.01
2026-09-05,21,62.59579028855771,52.69
2026-09-05,22,56.385108661507545,52.39
2026-09-05,23,35.88864933985843,54.89
2026-09-05,24,46.9211181283639,56.19
2026-09-05,25,62.55297984959425,60.06
2026-09-05,26,89.81645423318307,57.4
2026-09-05,27,61.548800151873664,55.01
2026-09-05,28,45.51562672689825,54.82
2026-09-05,29,66.26899321296126,65.76
2026-09-05,30,48.18295106568199,66.73
2026-09-05,31,62.49022220858481,60.05
2026-09-05,32,55.26082680117746,52.51
2026-09-05,33,101.66287229169306,61.77
2026-09-05,34,66.51519047698608,50.01
2026-09-05,35,20.92165346392413,30.0
2026-09-05,36,45.63578407564431,7.76
2026-09-05,37,29.830130479305936,4.16
2026-09-05,38,16.375896121251102,0.0
2026-09-05,39,-21.72615567709086,-0.01
2026-09-05,40,-90.17257299447716,-0.11
2026-09-05,41,-54.986474605951,-0.04
2026-09-05,42,-33.59563584426974,-0.13
2026-09-05,43,-61.95391490336186,-1.0
2026-09-05,44,-68.94666327207142,-2.02
2026-09-05,45,-43.83530017015565,-3.02
2026-09-05,46,-51.63788443635328,-4.92
2026-09-05,47,-37.560573411349296,-4.99
2026-09-05,48,-25.354778506188826,-6.81
2026-09-05,49,-34.480972424999194,-6.74
2026-09-05,50,-25.82300333513701,-7.99
2026-09-05,51,-14.55818221045147,-8.94
2026-09-05,52,-7.489841201910713,-12.18
2026-09-05,53,-19.955442999578903,-15.0
2026-09-05,54,-15.095695736506851,-16.61
2026-09-05,55,-19.414034728667986,-19.0
2026-09-05,56,-13.518225106421006,-19.0
2026-09-05,57,-35.66475952896871,-19.0
2026-09-05,58,-17.024756433785612,-19.0
2026-09-05,59,-2.5645490185024924,-19.0
2026-09-05,60,-3.9027617636659535,-18.98
2026-09-05,61,-18.91652379910576,-15.0
2026-09-05,62,-8.248641291523043,-10.0
2026-09-05,63,-11.953610325111164,-8.0
2026-09-05,64,-18.10639700061881,-7.0
2026-09-05,65,-18.357664083508336,-5.66
2026-09-05,66,-34.95295941160694,-4.74
2026-09-05,67,-100.31472474908084,-2.02
2026-09-05,68,-67.77782683295929,-1.0
2026-09-05,69,-139.136683969297,-0.13
2026-09-05,70,-53.42840644665078,-0.01
2026-09-05,71,25.10019631062029,0.0
2026-09-05,72,88.86202686965856,0.01
2026-09-05,73,52.90069470707374,0.06
2026-09-05,74,95.365136583723,33.44
2026-09-05,75,128.13500183902494,46.19
2026-09-05,76,112.84443356422832,76.83
2026-09-05,77,109.08923154421588,87.2
2026-09-05,78,105.59120590268095,103.34
2026-09-05,79,101.55876306072304,105.51
2026-09-05,80,111.48403866760776,114.91
2026-09-05,81,101.22783420371223,115.25
2026-09-05,82,105.61403456555446,115.66
2026-09-05,83,132.19436188304076,118.15
2026-09-05,84,154.40796522814193,114.91
2026-09-05,85,144.33103084403075,115.31
2026-09-05,86,153.64187649464048,111.71
2026-09-05,87,150.6356895306539,107.78
2026-09-05,88,147.8657107058646,104.81
2026-09-05,89,155.13689268384192,110.79
2026-09-05,90,152.29364810508164,109.21
2026-09-05,91,148.65585998833402,106.69
2026-09-05,92,143.26361223925926,104.72
2026-09-05,93,150.39196617819965,101.63
2026-09-05,94,145.41956858215835,99.61
2026-09-05,95,146.91943466620117,102.84
2026-09-05,96,138.7718957990436,99.75
2026-09-06,1,112.24559099579837,137.91
2026-09-06,2,109.84656378266445,134.93
2026-09-06,3,97.06059589372742,128.97
2026-09-06,4,97.34980084117672,111.09
2026-09-06,5,105.6629111083131,129.99
2026-09-06,6,95.74365813289089,121.01
2026-09-06,7,100.72870711810567,124.7
2026-09-06,8,99.65029601011273,129.67
2026-09-06,9,97.81070901634666,136.79
2026-09-06,10,103.98157925294268,137.11
2026-09-06,11,108.5929892898058,135.83
2026-09-06,12,110.04559863512304,132.01
2026-09-06,13,105.23838264793751,136.89
2026-09-06,14,112.3624128341634,135.24
2026-09-06,15,107.1332089463894,134.78
2026-09-06,16,108.6429444683818,134.99
2026-09-06,17,111.7587609253281,138.84
2026-09-06,18,111.11772431968268,140.0
2026-09-06,19,118.35558186266692,142.26
2026-09-06,20,121.23004870293931,145.0
2026-09-06,21,111.86429847191116,140.0
2026-09-06,22,120.78940146875314,140.97
2026-09-06,23,125.65474136985269,145.39
2026-09-06,24,131.1799471954965,143.77
2026-09-06,25,126.9422080964394,142.19
2026-09-06,26,116.08778781691166,144.27
2026-09-06,27,97.7292029076518,144.73
2026-09-06,28,76.6352330042759,141.77
2026-09-06,29,93.44677140140304,144.18
2026-09-06,30,106.21330781169894,138.41
2026-09-06,31,65.33551264177297,129.9
2026-09-06,32,96.21640156764356,119.91
2026-09-06,33,107.550388476823,137.76
2026-09-06,34,70.1835063518531,123.48
2026-09-06,35,46.21794172208298,97.95
2026-09-06,36,-19.36553045099012,79.12
2026-09-06,37,22.650416933392503,77.82
2026-09-06,38,15.344521088480576,53.4
2026-09-06,39,8.064255314398423,10.29
2026-09-06,40,13.488082391491377,5.74
2026-09-06,41,-62.61290109251888,1.74
2026-09-06,42,1.4187125007702974,0.28
2026-09-06,43,-26.81778080073218,0.01
2026-09-06,44,7.110905780482312,0.0
2026-09-06,45,-11.439336843698811,0.0
2026-09-06,46,11.234032086231508,0.0
2026-09-06,47,18.2995551960196,-0.01
2026-09-06,48,5.8085237545239465,-0.13
2026-09-06,49,17.22905942918925,-0.49
2026-09-06,50,8.599313648002848,-1.19
2026-09-06,51,0.0913352128837114,-1.3
2026-09-06,52,-4.382401115271709,-1.48
2026-09-06,53,-1.4960341423727108,-1.63
2026-09-06,54,-3.811401467342794,-1.81
2026-09-06,55,-5.360303807740099,-1.74
2026-09-06,56,-2.513472640434168,-1.35
2026-09-06,57,-8.919337629464795,-1.46
2026-09-06,58,0.2602688199562055,-1.0
2026-09-06,59,3.246663832806193,-0.1
2026-09-06,60,-1.057205539890257,-0.06
2026-09-06,61,-3.690520459785679,-0.02
2026-09-06,62,-6.312909399995279,-0.01
2026-09-06,63,-1.6892202862941377,0.0
2026-09-06,64,10.266234013564356,0.01
2026-09-06,65,1.7196989517840713,0.01
2026-09-06,66,6.877312425875502,1.94
2026-09-06,67,34.05957315242673,20.0
2026-09-06,68,41.6318453059171,57.83
2026-09-06,69,32.68586380032935,57.23
2026-09-06,70,74.30652916518999,92.4
2026-09-06,71,99.39537786544582,150.74
2026-09-06,72,143.85961592860258,192.31
2026-09-06,73,104.91113180621866,154.52
2026-09-06,74,154.3782853778058,181.83
2026-09-06,75,136.76091151114218,205.87
2026-09-06,76,146.61418039275935,234.2
2026-09-06,77,156.0542361146796,199.96
2026-09-06,78,149.6787318118486,221.99
2026-09-06,79,163.32172160809785,225.53
2026-09-06,80,193.3234731778153,240.47
2026-09-06,81,164.35180428285508,224.99
2026-09-06,82,172.24142798595324,228.57
2026-09-06,83,180.1790137542445,235.06
2026-09-06,84,182.94913389122635,222.0
2026-09-06,85,184.41884462159783,230.95
2026-09-06,86,182.55251761065853,207.44
2026-09-06,87,170.90779308654118,200.0
2026-09-06,88,164.2763415458218,186.23
2026-09-06,89,177.19780463972518,203.97
2026-09-06,90,167.59424929312806,191.26
2026-09-06,91,162.14611219193958,185.8
2026-09-06,92,157.1096001970538,176.51
2026-09-06,93,162.4387400285505,182.34
2026-09-06,94,151.32293905382846,171.84
2026-09-06,95,150.29071446024955,170.43
2026-09-06,96,147.58807609367068,153.72
2026-09-07,1,181.2846106122824,169.99
2026-09-07,2,166.01515020180184,156.71
2026-09-07,3,157.99272646845043,149.59
2026-09-07,4,151.9216535762989,145.72
2026-09-07,5,161.12953057944,157.22
2026-09-07,6,154.96660077014965,150.11
2026-09-07,7,152.12917441844613,149.43
2026-09-07,8,147.2226415621733,146.67
2026-09-07,9,150.98175251876643,149.07
2026-09-07,10,148.0699654945022,149.01
2026-09-07,11,144.10451093908156,148.34
2026-09-07,12,141.90321898747356,146.85
2026-09-07,13,141.55823590578206,150.43
2026-09-07,14,140.88558733112717,147.39
2026-09-07,15,140.8026927547869,147.36
2026-09-07,16,141.21828529161823,147.67
2026-09-07,17,139.97637336699256,147.59
2026-09-07,18,141.25229638798154,149.44
2026-09-07,19,143.97289399585546,150.73
2026-09-07,20,147.68990906013246,159.61
2026-09-07,21,144.95492668664355,154.8
2026-09-07,22,149.8445649875661,165.06
2026-09-07,23,157.8498118144191,178.47
2026-09-07,24,170.91846722202865,193.15
2026-09-07,25,171.2061004331246,194.31
2026-09-07,26,178.80467882014636,205.99
2026-09-07,27,190.0651843620525,211.67
2026-09-07,28,210.9792868188924,217.93
2026-09-07,29,189.08420219444312,220.52
2026-09-07,30,201.70061724397985,224.05
2026-09-07,31,220.9515966438072,222.12
2026-09-07,32,196.8527058125344,214.76
2026-09-07,33,212.8861711671956,230.04
2026-09-07,34,210.86213654070144,219.95
2026-09-07,35,181.1788643908264,206.24
2026-09-07,36,165.7193485417672,193.0
2026-09-07,37,184.7367999233186,208.65
2026-09-07,38,155.04766525748795,198.7
2026-09-07,39,135.100638260751,164.63
2026-09-07,40,134.3695605695667,149.2
2026-09-07,41,142.29419544730052,161.55
2026-09-07,42,114.45570599295608,152.78
2026-09-07,43,103.98799328138116,141.4
2026-09-07,44,93.7068938448442,124.35
2026-09-07,45,92.26324975308088,144.03
2026-09-07,46,86.25471276196649,125.66
2026-09-07,47,70.1669614700348,109.08
2026-09-07,48,49.67688704096702,101.34
2026-09-07,49,42.09801688083365,107.13
2026-09-07,50,19.9505187410523,93.86
2026-09-07,51,16.31704649609106,67.51
2026-09-07,52,14.868202632860164,50.01
2026-09-07,53,14.910094502790283,60.42
2026-09-07,54,20.81526460431065,44.21
2026-09-07,55,18.410256543027835,37.27
2026-09-07,56,23.685847992367187,24.63
2026-09-07,57,36.63336303646748,30.59
2026-09-07,58,22.77029058096703,30.73
2026-09-07,59,19.24456031228832,30.75
2026-09-07,60,17.02334922728749,34.44
2026-09-07,61,21.128756486486367,38.93
2026-09-07,62,18.95792001426074,54.02
2026-09-07,63,39.74178979094455,75.15
2026-09-07,64,64.88342134086844,84.5
2026-09-07,65,51.58558111973561,58.54
2026-09-07,66,84.27536046619679,91.77
2026-09-07,67,109.62175767302364,126.18
2026-09-07,68,121.98695317045647,155.9
2026-09-07,69,113.03932832145728,115.17
2026-09-07,70,140.0335514378424,148.22
2026-09-07,71,161.25381648279927,171.0
2026-09-07,72,182.9921474936473,211.79
2026-09-07,73,156.41163928067738,174.05
2026-09-07,74,189.5133572332888,192.26
2026-09-07,75,220.763846929292,206.0
2026-09-07,76,227.7894337185569,252.97
2026-09-07,77,222.06797532923,221.99
2026-09-07,78,251.8455044051664,236.38
2026-09-07,79,301.2853478740294,253.66
2026-09-07,80,431.36905471194535,248.16
2026-09-07,81,302.0323271825497,229.04
2026-09-07,82,309.4883853750408,235.0
2026-09-07,83,235.27715079467023,240.58
2026-09-07,84,232.73960620572103,227.45
2026-09-07,85,232.2229465998481,234.07
2026-09-07,86,208.3690114411424,207.99
2026-09-07,87,196.7906803353456,198.52
2026-09-07,88,185.53103626659188,180.07
2026-09-07,89,192.74589102737872,194.52
2026-09-07,90,184.9673598029035,188.36
2026-09-07,91,181.20300021834063,185.58
2026-09-07,92,172.37444667884003,180.0
2026-09-07,93,173.93317868383656,179.98
2026-09-07,94,167.146124785463,171.79
2026-09-07,95,163.68408574649547,169.45
2026-09-07,96,153.6404246551005,161.59
2026-09-08,1,177.53680071113448,205.99
2026-09-08,2,168.7991460363114,176.28
2026-09-08,3,160.2121565365039,167.94
2026-09-08,4,152.9922202343642,164.51
2026-09-08,5,162.18025457871695,175.18
2026-09-08,6,156.12423849232755,168.04
2026-09-08,7,157.32460063615815,166.24
2026-09-08,8,151.5168150576887,160.31
2026-09-08,9,153.58061126940717,157.19
2026-09-08,10,149.3404613497071,154.88
2026-09-08,11,145.490433181484,155.48
2026-09-08,12,144.30969115891213,155.34
2026-09-08,13,146.43686468859207,151.3
2026-09-08,14,145.12085960452936,153.05
2026-09-08,15,144.2594079101385,152.59
2026-09-08,16,142.5207779474382,152.77
2026-09-08,17,142.35806759175577,151.47
2026-09-08,18,142.9771120726998,152.27
2026-09-08,19,144.99794239002892,153.16
2026-09-08,20,146.50708606939713,151.0
2026-09-08,21,145.21113713083182,154.02
2026-09-08,22,150.7771271533249,158.86
2026-09-08,23,158.64420401270445,168.81
2026-09-08,24,172.07319452250485,187.82
2026-09-08,25,172.91002025380686,186.85
2026-09-08,26,191.575107301019,202.8
2026-09-08,27,195.9519631618657,210.0
2026-09-08,28,201.17063170547976,212.51
2026-09-08,29,206.0378596143044,244.43
2026-09-08,30,207.64827895959888,228.33
2026-09-08,31,196.99133284249584,216.47
2026-09-08,32,201.39013008508755,212.47
2026-09-08,33,218.0265078788144,230.01
2026-09-08,34,204.75627304845057,215.61
2026-09-08,35,206.90470604823915,199.98
2026-09-08,36,175.22510542455296,157.34
2026-09-08,37,207.95742381204207,199.88
2026-09-08,38,180.72626712338425,167.36
2026-09-08,39,153.89200201839333,138.54
2026-09-08,40,133.87057542000684,105.14
2026-09-08,41,147.62135385778208,149.48
2026-09-08,42,128.97309693486423,129.98
2026-09-08,43,124.84083775193336,99.48
2026-09-08,44,119.95535910285818,50.0
2026-09-08,45,120.35935979122044,95.44
2026-09-08,46,106.7591442904682,67.56
2026-09-08,47,98.49251595138406,44.59
2026-09-08,48,74.11233724014522,21.36
2026-09-08,49,83.99557901000246,30.0
2026-09-08,50,86.28491150199767,23.19
2026-09-08,51,77.65976460134002,10.06
2026-09-08,52,69.01811493204465,3.95
2026-09-08,53,54.51748244558054,7.82
2026-09-08,54,49.50582566188663,0.09
2026-09-08,55,51.37415219349963,0.02
2026-09-08,56,55.03966565519141,0.01
2026-09-08,57,68.49957695852626,0.01
2026-09-08,58,46.94380710376607,0.01
2026-09-08,59,61.66845592262016,0.03
2026-09-08,60,65.55597525806178,6.53
2026-09-08,61,71.44907452241937,14.97
2026-09-08,62,91.82023479490712,32.28
2026-09-08,63,99.36223819890944,66.02
2026-09-08,64,100.78533694468014,81.26
2026-09-08,65,134.70640040226752,15.43
2026-09-08,66,104.95805375345338,50.0
2026-09-08,67,130.40878349934755,109.27
2026-09-08,68,142.08681997420362,139.8
2026-09-08,69,134.315231754838,110.2
2026-09-08,70,149.59591801680236,144.49
2026-09-08,71,228.4302230435901,171.67
2026-09-08,72,244.8550523551673,210.11
2026-09-08,73,198.7165512709575,157.42
2026-09-08,74,247.42506954498072,199.94
2026-09-08,75,244.0076249540204,209.0
2026-09-08,76,201.6829071920947,235.96
2026-09-08,77,223.7895046680461,213.0
2026-09-08,78,211.5238035095905,229.32
2026-09-08,79,217.06229272004592,254.26
2026-09-08,80,238.72432268869875,266.45
2026-09-08,81,221.9115187165123,271.63
2026-09-08,82,246.8461242940708,266.83
2026-09-08,83,221.33530966522264,255.57
2026-09-08,84,225.4368231405829,235.31
2026-09-08,85,224.1421905989088,245.31
2026-09-08,86,211.0497973380889,221.84
2026-09-08,87,200.09596418226988,211.61
2026-09-08,88,189.2399317646748,197.0
2026-09-08,89,196.5257144765103,206.91
2026-09-08,90,214.33325858703205,197.09
2026-09-08,91,189.05229181962883,194.25
2026-09-08,92,196.1945520392071,185.77
2026-09-08,93,179.81913776274928,191.0
2026-09-08,94,168.61455797799303,180.44
2026-09-08,95,175.70548395513288,177.02
2026-09-08,96,161.42390458235442,161.33
2026-09-09,1,166.94948918522044,150.34
2026-09-09,2,158.838642369875,151.09
2026-09-09,3,156.64190462825874,150.92
2026-09-09,4,152.33119153839945,147.48
2026-09-09,5,159.02351061663762,152.62
2026-09-09,6,154.28967478911272,146.63
2026-09-09,7,152.88487353999332,143.25
2026-09-09,8,146.89380413839092,140.79
2026-09-09,9,149.31134902363226,146.76
2026-09-09,10,146.4569776232883,145.21
2026-09-09,11,143.11920469729014,142.41
2026-09-09,12,139.386147087267,138.97
2026-09-09,13,141.2785200438582,144.03
2026-09-09,14,139.22655517672086,138.76
2026-09-09,15,138.2703067398588,138.11
2026-09-09,16,137.34932941125672,137.01
2026-09-09,17,135.43792507746977,138.46
2026-09-09,18,136.42147305896464,137.92
2026-09-09,19,138.82006712710898,137.41
2026-09-09,20,141.62552622583456,137.65
2026-09-09,21,140.00038855356445,136.91
2026-09-09,22,145.23847162999346,138.57
2026-09-09,23,155.5084636934002,144.07
2026-09-09,24,169.06618937071136,149.94
2026-09-09,25,170.1968280089549,154.12
2026-09-09,26,180.8732548897772,174.92
2026-09-09,27,186.3443252593776,178.94
2026-09-09,28,189.1933491591863,188.04
2026-09-09,29,202.2944964249448,201.75
2026-09-09,30,201.7216940373172,200.21
2026-09-09,31,195.7729541109295,199.92
2026-09-09,32,171.70651803504623,197.18
2026-09-09,33,208.4256374808484,220.07
2026-09-09,34,187.90192980266224,202.0
2026-09-09,35,178.19949538571507,196.01
2026-09-09,36,172.85602614348346,173.85
2026-09-09,37,186.26608262099447,195.0
2026-09-09,38,182.4867975246061,163.76
2026-09-09,39,179.86286915999943,148.21
2026-09-09,40,154.04338379955556,135.06
2026-09-09,41,156.1590898404215,137.55
2026-09-09,42,149.25228443678913,132.12
2026-09-09,43,143.49014970933447,123.27
2026-09-09,44,112.53012031968598,100.61
2026-09-09,45,127.24616750907474,123.16
2026-09-09,46,112.30744713744872,108.99
2026-09-09,47,96.16905768994232,92.16
2026-09-09,48,90.62352513579977,79.98
2026-09-09,49,105.0311491022776,108.56
2026-09-09,50,98.2199743836683,87.89
2026-09-09,51,67.08274643719001,83.47
2026-09-09,52,61.00307121079262,72.24
2026-09-09,53,73.64489418536813,79.59
2026-09-09,54,66.5526951499275,70.35
2026-09-09,55,52.896736342588966,62.04
2026-09-09,56,36.47896187340022,56.34
2026-09-09,57,58.46188069097396,60.85
2026-09-09,58,89.63395779247364,62.65
2026-09-09,59,108.51372527035464,60.45
2026-09-09,60,118.90269845162452,62.33
2026-09-09,61,98.64137941851506,60.42
2026-09-09,62,124.36050558505892,69.59
2026-09-09,63,178.7680775811359,78.26
2026-09-09,64,147.52312205926495,83.48
2026-09-09,65,72.59182074991705,64.69
2026-09-09,66,90.16962302285135,82.99
2026-09-09,67,118.8378831671328,111.51
2026-09-09,68,116.6520050932852,123.21
2026-09-09,69,122.23735036224916,106.31
2026-09-09,70,139.25171033709958,129.12
2026-09-09,71,157.12870914782263,140.54
2026-09-09,72,160.58674502417503,152.26
2026-09-09,73,149.1386540193823,138.21
2026-09-09,74,170.17968384428335,167.25
2026-09-09,75,184.61402284605128,187.65
2026-09-09,76,193.6218794618392,201.63
2026-09-09,77,185.790814783034,197.52
2026-09-09,78,201.4913744362439,202.25
2026-09-09,79,225.03045418872264,202.08
2026-09-09,80,224.53315236687075,206.29
2026-09-09,81,213.39070129192768,202.57
2026-09-09,82,226.63419493649909,200.8
2026-09-09,83,211.9743337377491,202.26
2026-09-09,84,205.93411411731472,203.8
2026-09-09,85,215.8235313470909,204.92
2026-09-09,86,196.47191149976365,198.0
2026-09-09,87,188.14823497609376,195.76
2026-09-09,88,175.47244741922125,187.37
2026-09-09,89,182.9393165134436,190.05
2026-09-09,90,176.9987651005759,175.81
2026-09-09,91,175.50409459636637,171.66
2026-09-09,92,168.80835166379882,162.42
2026-09-09,93,169.4791875872438,168.0
2026-09-09,94,163.05981258364656,155.4
2026-09-09,95,158.9970657354593,148.76
2026-09-09,96,149.86762995480368,140.85
2026-09-10,1,165.806187582221,172.77
2026-09-10,2,156.839651728467,160.0
2026-09-10,3,148.7843450112883,154.33
2026-09-10,4,142.98014057263046,153.62
2026-09-10,5,152.4826238522616,154.46
2026-09-10,6,146.57666777056926,159.26
2026-09-10,7,145.71238621852493,158.09
2026-09-10,8,141.19225046219432,157.58
2026-09-10,9,142.55151698293585,157.27
2026-09-10,10,141.43114234966956,156.21
2026-09-10,11,140.4234345362189,162.08
2026-09-10,12,137.70352178384277,162.37
2026-09-10,13,137.27263369548496,162.09
2026-09-10,14,136.63795950688353,163.29
2026-09-10,15,137.5509297348423,160.84
2026-09-10,16,137.48128387165423,163.3
2026-09-10,17,137.63882389536408,163.29
2026-09-10,18,140.39384917561404,165.99
2026-09-10,19,143.6419137182325,171.36
2026-09-10,20,147.25452970704018,177.96
2026-09-10,21,145.19280921454566,170.24
2026-09-10,22,151.4399500922748,177.14
2026-09-10,23,162.04953617535983,187.35
2026-09-10,24,174.04340566411958,200.93
2026-09-10,25,175.11723721447945,192.14
2026-09-10,26,205.09405661554888,206.18
2026-09-10,27,205.92794490099448,218.27
2026-09-10,28,212.02623858255177,226.77
2026-09-10,29,205.31781483801527,226.79
2026-09-10,30,208.7641357801172,234.0
2026-09-10,31,208.91700094440225,236.99
2026-09-10,32,221.75587605901984,229.94
2026-09-10,33,224.52366950979447,248.93
2026-09-10,34,224.91339888819527,227.5
2026-09-10,35,200.1301607387124,216.08
2026-09-10,36,161.75262642601936,195.67
2026-09-10,37,190.5791921735089,215.99
2026-09-10,38,176.02906622665765,195.01
2026-09-10,39,169.2246991986603,173.82
2026-09-10,40,195.31350592821363,155.09
2026-09-10,41,223.43422650061115,174.91
2026-09-10,42,168.41912713201202,151.1
2026-09-10,43,157.96333920276226,137.25
2026-09-10,44,154.0955890571796,122.2
2026-09-10,45,145.55209565380198,131.54
2026-09-10,46,114.91236418408828,117.81
2026-09-10,47,129.62570020476278,99.16
2026-09-10,48,183.86774143892748,73.77
2026-09-10,49,148.3997207855925,90.0
2026-09-10,50,135.75306186000608,75.98
2026-09-10,51,227.3742484514992,74.57
2026-09-10,52,272.1774066136837,66.02
2026-09-10,53,244.32540687560703,69.38
2026-09-10,54,254.88960895808785,62.38
2026-09-10,55,245.4259202164424,63.46
2026-09-10,56,214.18629715710733,69.34
2026-09-10,57,523.9266902076896,77.66
2026-09-10,58,280.6398239008031,89.36
2026-09-10,59,197.8084498261295,96.26
2026-09-10,60,335.3509490004751,103.76
2026-09-10,61,266.9901369927228,101.36
2026-09-10,62,315.0417282117055,112.92
2026-09-10,63,339.7709095850448,123.88
2026-09-10,64,249.6093870309672,132.54
2026-09-10,65,138.69868524254164,111.19
2026-09-10,66,172.48260738202083,143.2
2026-09-10,67,202.1957249313908,162.02
2026-09-10,68,199.7905035925228,181.78
2026-09-10,69,193.2087906935383,154.76
2026-09-10,70,188.58105446625405,184.41
2026-09-10,71,219.37719858944308,196.8
2026-09-10,72,279.50134453007934,215.62
2026-09-10,73,231.2397810655199,204.41
2026-09-10,74,269.08688598732687,238.38
2026-09-10,75,299.11776546282545,255.2
2026-09-10,76,222.48187080988487,302.01
2026-09-10,77,293.8659728840114,354.24
2026-09-10,78,303.060929012619,401.56
2026-09-10,79,472.96375354217406,502.54
2026-09-10,80,285.1207850587616,585.1
2026-09-10,81,348.15504359542393,578.76
2026-09-10,82,318.3757450537616,471.93
2026-09-10,83,272.1421487873335,366.57
2026-09-10,84,264.08337697029987,300.06
2026-09-10,85,312.1750516795416,271.39
2026-09-10,86,241.9247612393063,268.06
2026-09-10,87,218.78833816201097,241.43
2026-09-10,88,205.8879909035463,238.01
2026-09-10,89,253.26827336506105,239.7
2026-09-10,90,223.21704181893628,226.41
2026-09-10,91,205.36029119064807,222.95
2026-09-10,92,190.0030717016813,211.3
2026-09-10,93,196.9254442517588,218.15
2026-09-10,94,188.78623748842145,210.54
2026-09-10,95,177.46506911848527,197.59
2026-09-10,96,163.8770744269898,171.33
2026-09-11,1,200.5956848051378,183.77
2026-09-11,2,187.2085972057536,186.09
2026-09-11,3,178.50976349249126,186.74
2026-09-11,4,171.56369596020764,180.73
2026-09-11,5,184.46359473688565,196.82
2026-09-11,6,177.70627678023203,178.05
2026-09-11,7,176.17204963083665,175.47
2026-09-11,8,167.69352448007368,172.53
2026-09-11,9,168.80242499266825,175.09
2026-09-11,10,166.04167934793165,172.37
2026-09-11,11,162.6293778321815,169.84
2026-09-11,12,158.6639670750697,168.31
2026-09-11,13,159.33962820951496,165.95
2026-09-11,14,158.69438153255675,163.53
2026-09-11,15,159.33772477211528,165.3
2026-09-11,16,158.59670320422592,163.75
2026-09-11,17,157.65688051517012,165.79
2026-09-11,18,159.4833695172751,167.12
2026-09-11,19,160.26184782846238,167.32
2026-09-11,20,163.81871723100306,168.53
2026-09-11,21,164.05044134108388,170.47
2026-09-11,22,169.09272406517712,173.85
2026-09-11,23,170.76810922821147,176.44
2026-09-11,24,194.6985167571712,183.4
2026-09-11,25,191.71026841716147,190.83
2026-09-11,26,211.99068672052493,200.27
2026-09-11,27,214.45757662084048,206.46
2026-09-11,28,222.3074042020749,213.49
2026-09-11,29,211.4888036353543,221.67
2026-09-11,30,210.83498529004635,223.94
2026-09-11,31,217.96493910347823,224.34
2026-09-11,32,223.87871970566533,222.52
2026-09-11,33,212.89500618030743,233.43
2026-09-11,34,217.3280075665651,223.82
2026-09-11,35,195.76514480815868,213.25
2026-09-11,36,175.93719806135442,186.31
2026-09-11,37,197.1571703414216,204.75
2026-09-11,38,179.68322094150332,200.49
2026-09-11,39,171.65705496389023,191.95
2026-09-11,40,148.64214844381618,180.75
2026-09-11,41,190.97640068847755,204.6
2026-09-11,42,159.4173645215733,175.08
2026-09-11,43,151.61016550335853,169.13
2026-09-11,44,133.21090476629968,164.05
2026-09-11,45,144.41782721314138,157.73
2026-09-11,46,126.5167598756974,151.08
2026-09-11,47,112.32940105513435,143.84
2026-09-11,48,83.46702101636325,136.81
2026-09-11,49,118.83248100019524,137.2
2026-09-11,50,111.76575255700983,124.01
2026-09-11,51,88.60857763263455,130.17
2026-09-11,52,81.59225479659727,137.2
2026-09-11,53,103.07529437249308,121.92
2026-09-11,54,109.24496173361226,129.24
2026-09-11,55,102.20206504487156,135.0
2026-09-11,56,98.13866555942292,139.88
2026-09-11,57,90.57933016668254,138.18
2026-09-11,58,74.33111200500935,145.02
2026-09-11,59,85.84762688593456,149.1
2026-09-11,60,118.26172394962832,153.55
2026-09-11,61,122.69793031548232,150.0
2026-09-11,62,80.53600719107666,153.59
2026-09-11,63,195.6904374747026,158.37
2026-09-11,64,117.84372435313594,172.6
2026-09-11,65,105.00169158598698,157.43
2026-09-11,66,141.69624441618225,175.28
2026-09-11,67,180.296253792522,192.0
2026-09-11,68,185.400851155516,201.9
2026-09-11,69,164.04651442094203,181.52
2026-09-11,70,170.84762145214827,205.93
2026-09-11,71,185.146381960492,216.99
2026-09-11,72,303.3756924623556,233.01
2026-09-11,73,189.16953359105813,216.99
2026-09-11,74,241.4357323154461,238.03
2026-09-11,75,229.60612889016448,260.78
2026-09-11,76,233.3971650611924,278.16
2026-09-11,77,265.1753003315277,288.88
2026-09-11,78,265.9836995036519,299.67
2026-09-11,79,306.29378840251707,321.55
2026-09-11,80,315.17575470000577,326.46
2026-09-11,81,349.66793406256164,315.61
2026-09-11,82,287.8192243537067,294.94
2026-09-11,83,278.80524259194107,277.21
2026-09-11,84,254.56628402283727,267.9
2026-09-11,85,250.2130730183424,270.29
2026-09-11,86,239.7475483110326,245.22
2026-09-11,87,218.1516656243082,236.0
2026-09-11,88,208.7355100608695,228.79
2026-09-11,89,241.91482237009336,234.01
2026-09-11,90,225.13383040186,225.01
2026-09-11,91,214.5302026301864,222.31
2026-09-11,92,200.4159744145424,218.53
2026-09-11,93,197.5009072593249,217.0
2026-09-11,94,195.34790483545936,207.0
2026-09-11,95,180.9867940701104,202.41
2026-09-11,96,164.18467932652783,192.02
2026-09-12,1,205.1776425736365,212.04
2026-09-12,2,194.1683020361716,206.52
2026-09-12,3,186.235056872854,203.68
2026-09-12,4,177.26660682428258,198.88
2026-09-12,5,186.7902774493508,205.88
2026-09-12,6,180.2149968840219,199.05
2026-09-12,7,176.29675197505682,197.21
2026-09-12,8,170.34022739429977,194.0
2026-09-12,9,172.9109977315903,197.97
2026-09-12,10,169.27217919279877,198.57
2026-09-12,11,168.50157986247203,195.0
2026-09-12,12,166.14273625572062,194.0
2026-09-12,13,165.39687007777437,190.18
2026-09-12,14,166.08402602511362,189.82
2026-09-12,15,166.55068494308424,188.6
2026-09-12,16,163.64574302386993,188.6
2026-09-12,17,164.91836448919472,184.5
2026-09-12,18,163.8477867162084,182.43
2026-09-12,19,159.9273377371616,185.0
2026-09-12,20,158.06578783890942,185.0
2026-09-12,21,163.04004493941102,184.5
2026-09-12,22,161.36309507580808,185.2
2026-09-12,23,159.6504713574599,186.37
2026-09-12,24,161.48489113749315,190.73
2026-09-12,25,170.72763795243856,190.15
2026-09-12,26,168.9583761166064,192.74
2026-09-12,27,166.04731308447515,196.8
2026-09-12,28,165.39692324006617,193.07
2026-09-12,29,174.1534477861908,199.88
2026-09-12,30,165.11615688026555,196.7
2026-09-12,31,165.3040755582304,191.12
2026-09-12,32,158.61140011836238,186.8
2026-09-12,33,177.06416733797337,200.75
2026-09-12,34,165.53649398740146,188.62
2026-09-12,35,148.8776673923878,161.01
2026-09-12,36,125.7434751280213,144.94
2026-09-12,37,145.66349479460445,182.81
2026-09-12,38,128.73652525807626,150.39
2026-09-12,39,111.8029711916191,131.71
2026-09-12,40,95.5668530897331,108.19
2026-09-12,41,127.75285041353952,122.71
2026-09-12,42,110.95411506357404,105.77
2026-09-12,43,84.38319937227998,85.0
2026-09-12,44,71.78569742562212,43.36
2026-09-12,45,80.18628437492222,65.89
2026-09-12,46,70.29838556352792,42.8
2026-09-12,47,51.23794630400178,16.84
2026-09-12,48,30.0727495280184,5.86
2026-09-12,49,38.41086334119554,4.04
2026-09-12,50,34.55646204685763,0.0
2026-09-12,51,22.97774045292464,-0.01
2026-09-12,52,15.771083982577984,-0.02
2026-09-12,53,17.874779735196732,-0.01
2026-09-12,54,19.505954042635693,-0.05
2026-09-12,55,19.21195452046387,-0.05
2026-09-12,56,21.924193756598207,-0.09
2026-09-12,57,14.528709862087531,-0.48
2026-09-12,58,19.368762595119247,-0.19
2026-09-12,59,24.38136045053718,-0.13
2026-09-12,60,38.48613233730885,-0.17
2026-09-12,61,34.30803438439943,-0.01
2026-09-12,62,48.01778237477673,0.0
2026-09-12,63,68.40347751798313,0.0
2026-09-12,64,71.21478257929056,2.91
2026-09-12,65,78.21153935837668,0.01
2026-09-12,66,94.00110134762149,7.17
2026-09-12,67,111.71908362628594,43.29
2026-09-12,68,116.72703695502216,87.29
2026-09-12,69,102.52563248463063,83.4
2026-09-12,70,115.2857858707111,114.22
2026-09-12,71,140.2371612134486,126.78
2026-09-12,72,183.3182618379452,150.4
2026-09-12,73,147.14024069706355,145.35
2026-09-12,74,174.84221448909122,180.12
2026-09-12,75,198.1032532094648,191.46
2026-09-12,76,188.5162426069064,194.83
2026-09-12,77,209.2504420056396,194.44
2026-09-12,78,205.98199088965373,204.81
2026-09-12,79,220.20227698778075,204.46
2026-09-12,80,217.84987429673828,210.24
2026-09-12,81,208.7949238440622,210.99
2026-09-12,82,203.4880597964978,211.17
2026-09-12,83,205.9982707367008,210.92
2026-09-12,84,205.7354805491968,207.69
2026-09-12,85,207.85044305955307,210.75
2026-09-12,86,190.30855674082767,204.94
2026-09-12,87,183.7439690852048,201.06
2026-09-12,88,179.18034402481064,191.74
2026-09-12,89,195.7460100347949,199.35
2026-09-12,90,190.28626651769773,191.77
2026-09-12,91,184.67080361580503,189.05
2026-09-12,92,178.82364819125448,183.73
2026-09-12,93,187.2432661598245,191.46
2026-09-12,94,176.08802547366753,186.02
2026-09-12,95,167.54829395170137,182.21
2026-09-12,96,154.47360014718828,179.55
2026-09-13,1,180.0932588836451,177.83
2026-09-13,2,170.3578441303154,177.83
2026-09-13,3,164.9513914395414,177.83
2026-09-13,4,157.80014086934625,177.83
2026-09-13,5,166.4461860776878,167.6
2026-09-13,6,160.1360683261495,167.6
2026-09-13,7,154.9716888008505,167.6
2026-09-13,8,150.92451281936218,167.6
2026-09-13,9,153.2880644209386,163.03
2026-09-13,10,151.2106679342997,163.03
2026-09-13,11,147.39577430015257,163.03
2026-09-13,12,145.84904159841548,163.03
2026-09-13,13,147.5234924793551,161.73
2026-09-13,14,147.32625568030866,161.73
2026-09-13,15,146.80563901930944,161.73
2026-09-13,16,145.56144404264174,161.73
2026-09-13,17,145.14305944090427,164.06
2026-09-13,18,144.66922285905085,164.06
2026-09-13,19,144.21120745089874,164.06
2026-09-13,20,147.55857833646704,164.06
2026-09-13,21,145.54865008917437,168.03
2026-09-13,22,148.78586422088833,168.03
2026-09-13,23,154.97454999015702,168.03
2026-09-13,24,163.9976445061907,168.03
2026-09-13,25,159.6964611235399,175.27
2026-09-13,26,174.13546808806157,175.27
2026-09-13,27,170.0411070053056,175.27
2026-09-13,28,170.4307809085212,175.27
2026-09-13,29,177.3141170683142,178.93
2026-09-13,30,175.93057833402077,178.93
2026-09-13,31,176.8814854734441,178.93
2026-09-13,32,174.28464250464583,178.93
2026-09-13,33,192.6680704327088,167.88
2026-09-13,34,174.02739801436616,167.88
2026-09-13,35,168.09956371822497,167.88
2026-09-13,36,146.0382626608133,167.88
2026-09-13,37,167.97286825694596,144.24
2026-09-13,38,141.95737482389006,144.24
2026-09-13,39,119.00288715409688,144.24
2026-09-13,40,103.4534519443586,144.24
2026-09-13,41,112.26778918736989,120.0
2026-09-13,42,105.7197317774886,120.0
2026-09-13,43,96.91422567554488,120.0
2026-09-13,44,95.22156080806646,120.0
2026-09-13,45,94.24023855894116,105.31
2026-09-13,46,97.3784542917791,105.31
2026-09-13,47,91.4309132996411,105.31
2026-09-13,48,82.68436490179087,105.31
2026-09-13,49,113.27666881982805,100.83
2026-09-13,50,90.57882003576071,100.83
2026-09-13,51,76.35564691317211,100.83
2026-09-13,52,40.15198026228477,100.83
2026-09-13,53,69.11557075607764,97.11
2026-09-13,54,66.3664251832447,97.11
2026-09-13,55,45.79755752552607,97.11
2026-09-13,56,23.63740771090551,97.11
2026-09-13,57,19.10078117051141,97.1
2026-09-13,58,28.451577700184043,97.1
2026-09-13,59,27.85085822759336,97.1
2026-09-13,60,30.845184304105835,97.1
2026-09-13,61,24.76717497325674,113.17
2026-09-13,62,36.70492123690472,113.17
2026-09-13,63,89.68513672248864,113.17
2026-09-13,64,82.06926392440494,113.17
2026-09-13,65,21.86893745639093,150.98
2026-09-13,66,69.70115639255488,150.98
2026-09-13,67,78.46657477902443,150.98
2026-09-13,68,86.38933631488263,150.98
2026-09-13,69,84.15200810776449,189.14
2026-09-13,70,109.21275072380632,189.14
2026-09-13,71,136.74829585956292,189.14
2026-09-13,72,190.60822734005453,189.14
2026-09-13,73,141.52754687078718,210.0
2026-09-13,74,185.44851278274984,210.0
2026-09-13,75,186.01255402613933,210.0
2026-09-13,76,184.42935305896629,210.0
2026-09-13,77,183.66405458634824,230.01
2026-09-13,78,186.4679513023302,230.01
2026-09-13,79,176.93976436848988,230.01
2026-09-13,80,201.39734553353227,230.01
2026-09-13,81,184.15314458892087,233.83
2026-09-13,82,192.2034818613484,233.83
2026-09-13,83,197.47247192632128,233.83
2026-09-13,84,206.80790227981944,233.83
2026-09-13,85,195.5665803789477,232.37
2026-09-13,86,185.4044440486354,232.37
2026-09-13,87,177.33756407065994,232.37
2026-09-13,88,174.05700848553892,232.37
2026-09-13,89,188.5268935278355,227.46
2026-09-13,90,182.56409592007,227.46
2026-09-13,91,181.89210729761305,227.46
2026-09-13,92,181.7028732320965,227.46
2026-09-13,93,174.6370907278125,210.59
2026-09-13,94,161.69716813754314,210.59
2026-09-13,95,159.71610383936704,210.59
2026-09-13,96,149.84016192720745,210.59
2026-09-14,1,164.22134010451276,218.18
2026-09-14,2,178.2826942077626,205.79
2026-09-14,3,152.74733381211854,196.0
2026-09-14,4,155.42122397235593,186.85
2026-09-14,5,158.79191403808974,192.1
2026-09-14,6,153.09578386751085,187.5
2026-09-14,7,156.45020910615978,189.38
2026-09-14,8,164.05060342813255,182.59
2026-09-14,9,147.8521941865477,185.42
2026-09-14,10,152.68220237962012,185.05
2026-09-14,11,154.03789509215807,183.47
2026-09-14,12,158.76160701569765,182.75
2026-09-14,13,150.6097526408801,183.46
2026-09-14,14,156.21943640974018,184.16
2026-09-14,15,146.55609876976106,183.8
2026-09-14,16,147.92410293065006,184.05
2026-09-14,17,163.58962353261572,180.24
2026-09-14,18,169.79817068819997,181.2
2026-09-14,19,172.47620880267942,183.46
2026-09-14,20,179.76890483188424,190.12
2026-09-14,21,153.5494964784773,184.46
2026-09-14,22,194.83333920433,194.47
2026-09-14,23,220.31196483167827,208.57
2026-09-14,24,249.2322540519749,221.0
2026-09-14,25,242.24215536038804,217.24
2026-09-14,26,248.08002477069164,250.88
2026-09-14,27,255.738020582949,273.4
2026-09-14,28,297.9435406847848,277.25
2026-09-14,29,310.0582738634388,300.1
2026-09-14,30,314.59554874607795,321.56
2026-09-14,31,298.97320305445027,323.39
2026-09-14,32,330.159218170475,322.58
2026-09-14,33,311.83753656358965,348.3
2026-09-14,34,317.87284795651993,300.05
2026-09-14,35,330.30606369756663,281.75
2026-09-14,36,377.3273192329125,268.3
2026-09-14,37,301.42636016047373,280.22
2026-09-14,38,320.7689727445658,266.7
2026-09-14,39,254.67947568622247,240.05
2026-09-14,40,202.96064751330567,216.56
2026-09-14,41,241.2762563542404,242.08
2026-09-14,42,217.86418322433067,219.99
2026-09-14,43,208.66714062483112,201.59
2026-09-14,44,185.61070733915363,183.66
2026-09-14,45,209.7125151910269,212.14
2026-09-14,46,205.6243645755292,193.79
2026-09-14,47,215.2562866103389,196.8
2026-09-14,48,371.9795145603376,184.47
2026-09-14,49,262.6244223579411,195.54
2026-09-14,50,227.3794314406917,181.43
2026-09-14,51,368.3935006737065,176.87
2026-09-14,52,432.9141320538449,168.87
2026-09-14,53,433.8696604562402,175.15
2026-09-14,54,474.7642008037434,168.46
2026-09-14,55,388.5446669617551,165.82
2026-09-14,56,312.0729889897126,155.59
2026-09-14,57,372.7535552903952,159.82
2026-09-14,58,499.6188511861617,161.77
2026-09-14,59,389.5029973830771,158.11
2026-09-14,60,431.21988026377846,166.0
2026-09-14,61,337.18874743349966,152.91
2026-09-14,62,260.42641310317174,155.59
2026-09-14,63,271.02190515950093,169.1
2026-09-14,64,180.04509028095947,182.0
2026-09-14,65,198.2758015031878,152.0
2026-09-14,66,149.17254732438312,170.08
2026-09-14,67,157.73483106647973,190.0
2026-09-14,68,204.18594913230427,210.51
2026-09-14,69,191.64142588118983,179.23
2026-09-14,70,213.76681387874123,214.0
2026-09-14,71,220.41348465066977,253.13
2026-09-14,72,234.8291968514088,288.31
2026-09-14,73,207.2542666636908,259.12
2026-09-14,74,251.4243505007516,306.36
2026-09-14,75,236.44489063829667,450.0
2026-09-14,76,221.9239622381079,584.88
2026-09-14,77,253.53092006203823,649.11
2026-09-14,78,303.55014757856065,700.07
2026-09-14,79,327.4069635674632,700.04
2026-09-14,80,334.7876034215483,740.01
2026-09-14,81,308.0684060811198,704.41
2026-09-14,82,284.0315971514502,585.23
2026-09-14,83,264.1283715573991,447.3
2026-09-14,84,254.9317285816835,367.47
2026-09-14,85,235.24312923802967,373.3
2026-09-14,86,235.21099541055963,309.41
2026-09-14,87,237.79064711751963,270.06
2026-09-14,88,224.29866943435584,248.81
2026-09-14,89,245.60977657010227,267.01
2026-09-14,90,238.196655537696,252.15
2026-09-14,91,233.133651796616,242.77
2026-09-14,92,196.4085538921493,225.08
2026-09-14,93,200.4529206757896,241.7
2026-09-14,94,213.63787321765736,227.75
2026-09-14,95,180.3356581707414,221.53
2026-09-14,96,166.66937714716693,207.57
2026-09-15,1,261.96540531600056,219.74
2026-09-15,2,219.66501504052144,217.76
2026-09-15,3,201.7201519817896,205.88
2026-09-15,4,193.7327213802838,192.17
2026-09-15,5,209.14822620964367,211.24
2026-09-15,6,200.24629902255305,198.43
2026-09-15,7,196.5452421589301,194.29
2026-09-15,8,184.0143704455914,188.1
2026-09-15,9,185.9266486160291,189.9
2026-09-15,10,178.55083869778304,187.25
2026-09-15,11,180.8174572111851,188.45
2026-09-15,12,181.4579316050855,187.81
2026-09-15,13,174.7388061825002,185.3
2026-09-15,14,178.0602104687865,185.99
2026-09-15,15,176.2957054471764,187.33
2026-09-15,16,173.82571413203925,184.0
2026-09-15,17,175.49312938533518,184.06
2026-09-15,18,175.04038925619972,184.3
2026-09-15,19,170.82672996020895,184.53
2026-09-15,20,189.8049372510188,181.31
2026-09-15,21,172.95936281399105,184.37
2026-09-15,22,224.41581340631177,187.0
2026-09-15,23,225.8052757508189,199.59
2026-09-15,24,294.5125952145472,216.07
2026-09-15,25,346.68516055783334,222.91
2026-09-15,26,278.9474543799731,238.0
2026-09-15,27,287.4116459832409,239.38
2026-09-15,28,323.4073754685755,249.41
2026-09-15,29,361.9650544026032,281.57
2026-09-15,30,318.9025040225416,270.61
2026-09-15,31,198.84994165809127,252.91
2026-09-15,32,347.7846784254974,243.22
2026-09-15,33,468.6021797050531,268.06
2026-09-15,34,359.1381541953465,241.51
2026-09-15,35,351.753500072229,225.01
2026-09-15,36,156.9962206852995,197.87
2026-09-15,37,367.62873172563616,227.5
2026-09-15,38,329.81392512068544,212.6
2026-09-15,39,245.29548476256463,189.05
2026-09-15,40,190.0142081249939,156.43
2026-09-15,41,148.08926585614017,181.16
2026-09-15,42,207.7748253685596,162.59
2026-09-15,43,197.4682958490798,128.03
2026-09-15,44,158.3966259132473,112.06
2026-09-15,45,211.7502418510948,122.33
2026-09-15,46,158.82664505134738,88.74
2026-09-15,47,132.76849406901692,69.0
2026-09-15,48,104.6294485249294,35.41
2026-09-15,49,130.29404217823236,60.68
2026-09-15,50,115.03386339141736,43.42
2026-09-15,51,146.63213250776494,36.38
2026-09-15,52,153.06450969040552,37.39
2026-09-15,53,158.44584011554738,31.87
2026-09-15,54,149.97070582911482,30.18
2026-09-15,55,142.59105760015606,29.56
2026-09-15,56,41.0698974136419,26.39
2026-09-15,57,109.55179521333883,32.36
2026-09-15,58,180.3804153685091,42.31
2026-09-15,59,189.43214341570587,50.08
2026-09-15,60,231.07870033474188,60.05
2026-09-15,61,217.0846954374577,61.65
2026-09-15,62,222.7344411153668,89.83
2026-09-15,63,241.24735353797203,121.19
2026-09-15,64,239.4576567336761,142.1
2026-09-15,65,99.51281760339032,104.05
2026-09-15,66,125.41214506387718,140.36
2026-09-15,67,244.1220119950117,169.79
2026-09-15,68,242.77630469448795,209.89
2026-09-15,69,208.12302997555847,165.79
2026-09-15,70,256.6250325605445,210.15
2026-09-15,71,237.72157690434105,230.2
2026-09-15,72,235.8192192005896,247.72
2026-09-15,73,213.42197723361107,217.83
2026-09-15,74,198.3999018194325,235.0
2026-09-15,75,243.39366747079887,258.69
2026-09-15,76,250.6146529241144,294.52
2026-09-15,77,230.20113711252347,293.68
2026-09-15,78,249.68559141449384,312.4
2026-09-15,79,282.0928937289395,307.35
2026-09-15,80,328.4761218267648,300.03
2026-09-15,81,285.72230261038936,279.77
2026-09-15,82,288.6115053291846,251.2
2026-09-15,83,281.89911551008566,245.93
2026-09-15,84,260.24965316808,238.7
2026-09-15,85,254.89631572183816,231.3
2026-09-15,86,237.2331132953559,226.54
2026-09-15,87,223.77009448382373,223.45
2026-09-15,88,217.5380190759069,208.0
2026-09-15,89,213.003453971311,212.98
2026-09-15,90,206.97287382072108,201.34
2026-09-15,91,204.5572446363101,198.01
2026-09-15,92,204.2556574909354,185.52
2026-09-15,93,202.86683609658576,193.54
2026-09-15,94,195.57839762993865,186.6
2026-09-15,95,183.92075373564467,179.67
2026-09-15,96,173.87095586260466,171.04
2026-09-16,1,181.59664401037583,181.74
2026-09-16,2,175.7372892066678,178.97
2026-09-16,3,168.91066059929574,174.59
2026-09-16,4,164.36906946444915,170.88
2026-09-16,5,170.52983946105317,173.18
2026-09-16,6,165.47153422965337,170.8
2026-09-16,7,161.42173816604935,170.88
2026-09-16,8,156.27449892863,170.01
2026-09-16,9,158.17693990764772,167.58
2026-09-16,10,155.26168581564403,167.45
2026-09-16,11,154.9966825312804,170.04
2026-09-16,12,153.2004624458264,169.73
2026-09-16,13,152.5547026060561,169.85
2026-09-16,14,152.2120061409287,168.75
2026-09-16,15,151.78148388820537,167.24
2026-09-16,16,151.14315932763623,168.73
2026-09-16,17,151.75804202813393,170.19
2026-09-16,18,150.31628980324723,167.33
2026-09-16,19,151.60290360029003,169.26
2026-09-16,20,154.3251656275057,171.92
2026-09-16,21,154.51788310975118,168.04
2026-09-16,22,163.97875348983203,178.58
2026-09-16,23,169.10151614317903,187.88
2026-09-16,24,198.4397298081572,225.99
2026-09-16,25,186.3722767792655,199.41
2026-09-16,26,209.675011376822,218.75
2026-09-16,27,215.66137078792613,233.61
2026-09-16,28,222.2897569990781,243.3
2026-09-16,29,244.1977817408916,246.27
2026-09-16,30,244.8296720886537,240.21
2026-09-16,31,240.8100951472549,235.01
2026-09-16,32,242.81190934467804,230.79
2026-09-16,33,266.20208765556504,247.01
2026-09-16,34,259.2626570085216,237.79
2026-09-16,35,242.4267751446849,223.17
2026-09-16,36,228.6803714232857,192.0
2026-09-16,37,253.81843647377065,219.85
2026-09-16,38,233.09688731901616,200.32
2026-09-16,39,220.33645008655137,176.41
2026-09-16,40,181.7929674166661,169.81
2026-09-16,41,222.3391944345911,186.38
2026-09-16,42,202.3632926360432,174.6
2026-09-16,43,152.01504985260976,168.84
2026-09-16,44,135.0052165254425,161.8
2026-09-16,45,166.45862870952956,154.39
2026-09-16,46,136.43172860978962,149.03
2026-09-16,47,122.7409874029011,136.63
2026-09-16,48,115.15052458531336,128.76
2026-09-16,49,128.44329673293095,130.89
2026-09-16,50,114.69988270114968,113.0
2026-09-16,51,133.4454199852787,109.59
2026-09-16,52,157.09905262250905,100.58
2026-09-16,53,145.8435759679446,104.7
2026-09-16,54,173.97243259147453,98.37
2026-09-16,55,163.9345431998345,96.56
2026-09-16,56,170.25191671488764,90.4
2026-09-16,57,206.65696081969656,99.39
2026-09-16,58,230.08687664337447,101.24
2026-09-16,59,135.74886285950663,103.54
2026-09-16,60,153.88055736962568,105.6
2026-09-16,61,148.65064276526616,107.24
2026-09-16,62,148.92590453879723,117.19
2026-09-16,63,176.89381868913105,130.81
2026-09-16,64,179.48718475464534,132.92
2026-09-16,65,87.44021252747109,131.37
2026-09-16,66,101.70780578027268,143.56
2026-09-16,67,158.22268793391362,165.94
2026-09-16,68,170.53318550455958,193.23
2026-09-16,69,125.30347303976096,182.98
2026-09-16,70,173.275107542429,204.21
2026-09-16,71,166.8593404043835,209.42
2026-09-16,72,177.51542326118096,222.95
2026-09-16,73,155.2850186933533,204.25
2026-09-16,74,188.2332711141638,221.72
2026-09-16,75,189.87856051649817,234.98
2026-09-16,76,200.1322389196014,263.37
2026-09-16,77,203.351929730856,237.97
2026-09-16,78,210.0081169250925,248.0
2026-09-16,79,219.0219471309641,262.56
2026-09-16,80,222.47796023206485,269.18
2026-09-16,81,222.10198913497288,264.58
2026-09-16,82,211.88427376526167,248.79
2026-09-16,83,218.6359229929249,239.85
2026-09-16,84,215.57656056590903,234.43
2026-09-16,85,214.838426422558,236.92
2026-09-16,86,209.49170926320303,229.49
2026-09-16,87,201.96190635731443,215.47
2026-09-16,88,191.95219785829337,199.18
2026-09-16,89,198.4043896195253,213.99
2026-09-16,90,175.66178323387365,201.4
2026-09-16,91,183.8851267492541,196.77
2026-09-16,92,168.55178129674354,191.0
2026-09-16,93,181.28926247348,198.34
2026-09-16,94,170.12755169748706,189.98
2026-09-16,95,163.03364841507673,184.25
2026-09-16,96,148.97352412510003,168.21
2026-09-17,1,182.19950057700888,199.33
2026-09-17,2,174.01183128684244,186.44
2026-09-17,3,167.32522135146905,176.97
2026-09-17,4,160.21485932094487,171.32
2026-09-17,5,168.17139059217467,175.44
2026-09-17,6,163.12338341641905,170.27
2026-09-17,7,161.39949909846916,166.6
2026-09-17,8,155.55940363536385,163.99
2026-09-17,9,156.39907596962965,166.77
2026-09-17,10,154.67334003736198,164.87
2026-09-17,11,152.90820677883173,164.94
2026-09-17,12,150.77594421450002,165.37
2026-09-17,13,152.24257875975462,165.29
2026-09-17,14,151.36048345391637,166.03
2026-09-17,15,149.74964161360433,165.3
2026-09-17,16,148.45733838841954,165.63
2026-09-17,17,149.34809546063448,164.56
2026-09-17,18,148.86332457665625,165.29
2026-09-17,19,150.09611098794008,167.42
2026-09-17,20,150.4685250465421,165.3
2026-09-17,21,151.0967561975896,158.03
2026-09-17,22,155.34163599375228,159.86
2026-09-17,23,166.16824362058608,166.75
2026-09-17,24,175.67659132324408,175.4
2026-09-17,25,178.62280739824487,172.47
2026-09-17,26,204.3401859926741,194.74
2026-09-17,27,218.0270395149183,209.2
2026-09-17,28,221.41961967586604,219.99
2026-09-17,29,240.4627441990184,230.2
2026-09-17,30,246.42502009728287,221.02
2026-09-17,31,242.1934854987636,210.96
2026-09-17,32,239.35549069344324,203.59
2026-09-17,33,258.1317745436508,215.92
2026-09-17,34,234.6220580811309,204.59
2026-09-17,35,210.94382465255185,195.46
2026-09-17,36,197.95243168425125,177.83
2026-09-17,37,224.3496308776004,200.0
2026-09-17,38,198.4626155406877,178.9
2026-09-17,39,170.8332336262186,150.24
2026-09-17,40,152.06963997259487,124.42
2026-09-17,41,189.72912678329945,145.92
2026-09-17,42,175.189536884748,125.69
2026-09-17,43,176.07242424066027,99.3
2026-09-17,44,152.7990205241896,74.45
2026-09-17,45,191.3061898202634,69.57
2026-09-17,46,161.45109885174242,43.17
2026-09-17,47,153.05715980702894,19.12
2026-09-17,48,155.2334749656974,7.2
2026-09-17,49,174.13258582371805,17.53
2026-09-17,50,141.08516671248643,10.1
2026-09-17,51,127.83480945057786,7.62
2026-09-17,52,134.36499389532125,7.43
2026-09-17,53,128.090051085131,5.0
2026-09-17,54,109.78355480636304,2.12
2026-09-17,55,99.33245772970368,0.42
2026-09-17,56,90.34841130586408,0.1
2026-09-17,57,92.2063953815115,3.97
2026-09-17,58,124.37975334956154,6.04
2026-09-17,59,134.97755010204497,13.69
2026-09-17,60,123.7697295174004,25.2
2026-09-17,61,134.3141894018151,10.0
2026-09-17,62,119.60218335921051,23.24
2026-09-17,63,136.85824440324754,42.54
2026-09-17,64,130.07869470420738,49.01
2026-09-17,65,94.26468929626378,27.41
2026-09-17,66,105.31932969559284,51.65
2026-09-17,67,138.5993922829151,101.03
2026-09-17,68,156.7145181215457,117.35
2026-09-17,69,139.96354747823457,97.67
2026-09-17,70,160.52022237423637,135.5
2026-09-17,71,178.77444000654992,163.74
2026-09-17,72,186.35744339171129,208.99
2026-09-17,73,155.1849428636968,181.97
2026-09-17,74,172.23591000329108,197.33
2026-09-17,75,189.6003012874458,205.66
2026-09-17,76,189.30993672046543,208.99
2026-09-17,77,189.0757387980196,210.17
2026-09-17,78,194.8936189549764,211.58
2026-09-17,79,202.67938708268125,213.42
2026-09-17,80,207.884631709354,232.7
2026-09-17,81,210.3420718521136,216.09
2026-09-17,82,202.2664322773936,215.16
2026-09-17,83,200.80035687062545,216.64
2026-09-17,84,201.62888043876512,214.98
2026-09-17,85,198.1721719649522,219.05
2026-09-17,86,193.0241061503572,210.72
2026-09-17,87,189.5164625916753,204.19
2026-09-17,88,181.84393323378995,188.96
2026-09-17,89,188.0271685139154,199.0
2026-09-17,90,180.3839900515385,191.64
2026-09-17,91,177.70964891014404,194.99
2026-09-17,92,171.33809650206695,187.88
2026-09-17,93,176.92159862759618,186.23
2026-09-17,94,166.16964198018113,184.76
2026-09-17,95,164.0262143559084,179.29
2026-09-17,96,155.83407370301862,167.18
2026-09-18,1,173.58606074455085,148.62
2026-09-18,2,164.62922429549496,142.08
2026-09-18,3,160.4246246392624,134.81
2026-09-18,4,154.74225636526026,131.43
2026-09-18,5,160.4316326110203,135.96
2026-09-18,6,154.8826927173149,130.24
2026-09-18,7,153.23079174529695,127.5
2026-09-18,8,148.8204256475555,128.07
2026-09-18,9,150.13837886039678,126.68
2026-09-18,10,149.15114854947245,125.54
2026-09-18,11,146.95809908223663,132.78
2026-09-18,12,144.39626829037803,133.02
2026-09-18,13,146.99551659649393,128.71
2026-09-18,14,145.55583909221403,129.52
2026-09-18,15,145.0974843501515,129.9
2026-09-18,16,143.57036198516886,132.57
2026-09-18,17,143.92672837203523,128.05
2026-09-18,18,143.26354593456082,131.76
2026-09-18,19,144.2199080323815,130.27
2026-09-18,20,145.91934988266456,134.34
2026-09-18,21,144.7491561271546,138.82
2026-09-18,22,148.16759598806726,138.32
2026-09-18,23,162.58232903514403,148.74
2026-09-18,24,173.05829046765976,160.69
2026-09-18,25,167.14131249861398,173.0
2026-09-18,26,185.6023964580784,181.67
2026-09-18,27,201.64770117239604,187.86
2026-09-18,28,209.65106427879687,201.49
2026-09-18,29,211.9505777025896,207.0
2026-09-18,30,209.13403335527656,217.56
2026-09-18,31,205.95758604680967,213.62
2026-09-18,32,199.6757283328256,207.24
2026-09-18,33,220.41217931171283,221.78
2026-09-18,34,204.4238923336238,207.62
2026-09-18,35,195.3862131164153,203.33
2026-09-18,36,173.64931144283165,187.27
2026-09-18,37,203.95058434304565,204.35
2026-09-18,38,179.24864449162675,181.26
2026-09-18,39,165.7923770200803,150.0
2026-09-18,40,155.6654224839711,114.83
2026-09-18,41,175.14319708213293,135.33
2026-09-18,42,162.136036862279,110.0
2026-09-18,43,143.05249921163383,83.5
2026-09-18,44,131.76367320202144,55.06
2026-09-18,45,136.57980590306505,70.83
2026-09-18,46,121.8825446085368,48.15
2026-09-18,47,104.04316109946537,36.32
2026-09-18,48,91.73099756323604,14.31
2026-09-18,49,102.74224289393165,14.62
2026-09-18,50,79.85219793262651,5.82
2026-09-18,51,76.61694008022506,3.52
2026-09-18,52,68.60659648271817,1.08
2026-09-18,53,65.7439803297305,0.5
2026-09-18,54,54.600231832860665,0.04
2026-09-18,55,46.04180477963679,0.01
2026-09-18,56,45.11128069318419,0.0
2026-09-18,57,51.921839087468975,0.0
2026-09-18,58,60.080759343664056,0.0
2026-09-18,59,66.49120322846653,0.0
2026-09-18,60,85.1398264020246,0.01
2026-09-18,61,67.76541690250994,0.07
2026-09-18,62,70.09026362106583,1.94
2026-09-18,63,91.97929086879569,4.15
2026-09-18,64,115.36678534138116,5.97
2026-09-18,65,79.06488016017022,3.88
2026-09-18,66,113.30998392939878,9.28
2026-09-18,67,148.02620885746552,48.23
2026-09-18,68,160.84763074753508,61.63
2026-09-18,69,139.0611036495186,30.0
2026-09-18,70,155.35077224252123,67.3
2026-09-18,71,172.60152433287809,129.39
2026-09-18,72,197.52932866160845,164.97
2026-09-18,73,173.7978362352671,149.46
2026-09-18,74,189.54697764395712,172.5
2026-09-18,75,206.97755359426264,191.15
2026-09-18,76,213.9470331584889,207.29
2026-09-18,77,223.9054072553073,189.3
2026-09-18,78,217.1001274930172,186.45
2026-09-18,79,238.3875339147495,189.82
2026-09-18,80,236.9572922949208,205.31
2026-09-18,81,218.2134190026087,200.57
2026-09-18,82,214.44900390808303,198.19
2026-09-18,83,210.48729199707185,191.41
2026-09-18,84,206.45559667424723,189.78
2026-09-18,85,212.495997425558,189.0
2026-09-18,86,200.9305411258997,184.75
2026-09-18,87,195.71501385742133,174.98
2026-09-18,88,185.7053048073504,164.99
2026-09-18,89,191.06676577601823,172.86
2026-09-18,90,183.1941140712529,169.16
2026-09-18,91,183.98410889900413,164.99
2026-09-18,92,178.08266311202684,145.72
2026-09-18,93,180.28229982752865,157.35
2026-09-18,94,174.14982125521658,139.85
2026-09-18,95,167.14975923016345,130.39
2026-09-18,96,164.77887211455234,111.0
2026-09-19,1,140.7299902702296,132.52
2026-09-19,2,128.94543207901353,117.76
2026-09-19,3,126.62130131692273,97.43
2026-09-19,4,124.46459398630128,65.83
2026-09-19,5,125.44973757221196,96.05
2026-09-19,6,126.5967480417438,82.44
2026-09-19,7,126.06277589456975,79.18
2026-09-19,8,127.2723029497632,60.43
2026-09-19,9,131.05657257428365,73.77
2026-09-19,10,126.60187769489808,62.38
2026-09-19,11,123.2043538870691,52.75
2026-09-19,12,122.0570676408718,48.02
2026-09-19,13,123.05774934424926,45.15
2026-09-19,14,121.8060145380164,32.75
2026-09-19,15,120.50323644431668,26.48
2026-09-19,16,121.12652953037622,23.16
2026-09-19,17,123.6487950772276,33.57
2026-09-19,18,124.46883268675523,36.04
2026-09-19,19,123.2134523848724,36.9
2026-09-19,20,120.69167042538923,36.66
2026-09-19,21,128.58517267072256,34.79
2026-09-19,22,122.7164425119309,34.41
2026-09-19,23,110.91633912207551,34.03
2026-09-19,24,92.30858488441676,39.94
2026-09-19,25,138.98500745853372,40.74
2026-09-19,26,135.86205888003792,46.66
2026-09-19,27,135.52441991273656,40.08
2026-09-19,28,134.74540258239836,43.47
2026-09-19,29,146.53626788029948,41.38
2026-09-19,30,145.20015929141317,41.99
2026-09-19,31,129.81232033749524,45.07
2026-09-19,32,118.97499470228318,40.1
2026-09-19,33,141.96752396609878,47.71
2026-09-19,34,127.90048742181736,36.53
2026-09-19,35,112.85580587212144,27.96
2026-09-19,36,89.54835220964696,11.8
2026-09-19,37,111.09711807182006,16.9
2026-09-19,38,95.02228322768384,6.55
2026-09-19,39,57.19033137233591,2.74
2026-09-19,40,20.765969450806185,0.01
2026-09-19,41,55.55232813040939,0.1
2026-09-19,42,-0.1531698450213525,0.0
2026-09-19,43,-13.289117654608717,-0.03
2026-09-19,44,-6.304508403003496,-0.09
2026-09-19,45,-13.166620777615094,-0.13
2026-09-19,46,-12.553261954844416,-0.16
2026-09-19,47,-12.393901825913003,-0.21
2026-09-19,48,-3.197556465566418,-0.74
2026-09-19,49,1.946964524229795,-0.78
2026-09-19,50,-3.123088776560376,-0.65
2026-09-19,51,-12.143918622077374,-0.71
2026-09-19,52,-8.848485447466093,-0.86
2026-09-19,53,-0.8765765690786118,-1.01
2026-09-19,54,-11.130601076775978,-1.06
2026-09-19,55,-9.294973827006766,-1.34
2026-09-19,56,-2.2425522961262185,-1.62
2026-09-19,57,-2.4622804910995457,-1.27
2026-09-19,58,-4.789977326638262,-1.26
2026-09-19,59,-8.46380137097592,-1.21
2026-09-19,60,14.013170923240407,-1.46
2026-09-19,61,14.597559735179154,-1.85
2026-09-19,62,21.76211140486214,-1.5
2026-09-19,63,21.0770938339821,-1.43
2026-09-19,64,14.647719465900622,-1.94
2026-09-19,65,23.819132993546305,-0.1
2026-09-19,66,16.127177992537355,-0.07
2026-09-19,67,42.764567856623785,-0.01
2026-09-19,68,67.47592454885142,0.0
2026-09-19,69,53.04542708001743,0.0
2026-09-19,70,62.00553526098871,0.0
2026-09-19,71,113.72941473647086,8.2
2026-09-19,72,133.36295691205677,25.0
2026-09-19,73,130.04456578811576,30.0
2026-09-19,74,133.70947368298442,51.74
2026-09-19,75,156.34924595325597,79.66
2026-09-19,76,167.69943059311558,100.43
2026-09-19,77,159.7053505045014,99.98
2026-09-19,78,157.9598513639889,119.52
2026-09-19,79,164.58889464251354,129.37
2026-09-19,80,162.768459941804,134.25
2026-09-19,81,157.20760865991446,133.07
2026-09-19,82,166.0183038637529,119.19
2026-09-19,83,169.7255013774823,107.0
2026-09-19,84,159.10827701941002,99.94
2026-09-19,85,168.4486654803713,101.57
2026-09-19,86,149.05732817930942,99.95
2026-09-19,87,135.12831705692514,91.05
2026-09-19,88,138.78746721280623,67.32
2026-09-19,89,157.34628583994416,88.87
2026-09-19,90,132.16601916480374,86.21
2026-09-19,91,133.3382147746151,83.64
2026-09-19,92,126.45931122050582,75.7
2026-09-19,93,134.6464920736758,85.0
2026-09-19,94,117.06462749169827,80.0
2026-09-19,95,143.42832303664034,77.65
2026-09-19,96,124.88556263117916,70.82
2026-09-20,1,117.9977356205658,18.2
2026-09-20,2,110.4748500197094,16.37
2026-09-20,3,95.95740894141548,14.99
2026-09-20,4,83.38617874708434,13.61
2026-09-20,5,97.861429089983,14.85
2026-09-20,6,95.7432109504994,13.05
2026-09-20,7,99.89216250773316,12.49
2026-09-20,8,95.98779157097422,11.04
2026-09-20,9,92.57866659003246,8.57
2026-09-20,10,83.5890222696973,11.25
2026-09-20,11,88.61957964180517,12.2
2026-09-20,12,84.96195642927732,8.0
2026-09-20,13,84.00767188708036,8.19
2026-09-20,14,83.60742416758052,7.92
2026-09-20,15,86.73352294473462,8.05
2026-09-20,16,87.64517469183802,7.09
2026-09-20,17,93.16614346566848,9.69
2026-09-20,18,88.20306927696325,8.95
2026-09-20,19,82.72740561043645,8.75
2026-09-20,20,75.28771160588643,8.6
2026-09-20,21,76.7810384869248,10.12
2026-09-20,22,71.90490098983264,9.62
2026-09-20,23,59.79918486200435,9.47
2026-09-20,24,60.0140474631102,10.81
2026-09-20,25,53.627481696390845,8.13
2026-09-20,26,14.047253910676943,8.96
2026-09-20,27,41.92107212320673,10.37
2026-09-20,28,50.90112095932746,12.55
2026-09-20,29,75.74603397170236,11.51
2026-09-20,30,59.677784398985466,12.74
2026-09-20,31,73.85530105340696,13.34
2026-09-20,32,67.68042962002124,11.49
2026-09-20,33,67.16251474808719,13.4
2026-09-20,34,53.750696504531135,12.51
2026-09-20,35,45.88944366238791,8.34
2026-09-20,36,30.531453458907265,5.12
2026-09-20,37,35.48737312680855,8.15
2026-09-20,38,-15.392246964564976,5.06
2026-09-20,39,-6.724375580669999,1.4
2026-09-20,40,-60.86361169981021,0.01
2026-09-20,41,-39.29359907743182,0.01
2026-09-20,42,-53.97581004893651,0.0
2026-09-20,43,-71.40398373589022,-0.01
2026-09-20,44,-43.81287022600453,-0.04
2026-09-20,45,-31.957912206478923,-0.04
2026-09-20,46,-22.902727853717607,-0.1
2026-09-20,47,-20.72040278162233,-0.12
2026-09-20,48,-10.399533066964274,-0.17
2026-09-20,49,-1.7298937706549251,-1.0
2026-09-20,50,-1.1658376246523687,-1.0
2026-09-20,51,-0.0567616427323738,-1.05
2026-09-20,52,-1.9900914489114587,-1.59
2026-09-20,53,-2.6937201102903163,-1.92
2026-09-20,54,-5.527219571750255,-1.97
2026-09-20,55,-5.668552139004847,-2.02
2026-09-20,56,-8.94229202075829,-2.02
2026-09-20,57,-9.996442579896474,-1.94
2026-09-20,58,-9.49139369093405,-1.95
2026-09-20,59,-16.447011709745567,-1.94
2026-09-20,60,-22.42462313585265,-1.91
2026-09-20,61,-17.18432970045341,-1.56
2026-09-20,62,-34.066480344097336,-1.39
2026-09-20,63,-43.332524125678304,-1.01
2026-09-20,64,-56.554881074011874,-1.0
2026-09-20,65,-46.06655709563963,-0.18
2026-09-20,66,-70.47614794802857,-0.1
2026-09-20,67,-92.19149234883952,-0.08
2026-09-20,68,-87.0808494672919,-0.01
2026-09-20,69,-116.9464374770494,-0.03
2026-09-20,70,-107.74143996472148,0.0
2026-09-20,71,-32.61501676213493,0.01
2026-09-20,72,-0.5423414080225939,10.72
2026-09-20,73,22.17121967360994,15.13
2026-09-20,74,44.09623885893244,35.62
2026-09-20,75,77.4624168985261,58.37
2026-09-20,76,107.70461649957078,92.51
2026-09-20,77,36.18079367109945,61.64
2026-09-20,78,127.97411506705215,79.14
2026-09-20,79,107.1506643117421,86.21
2026-09-20,80,113.5620682144202,102.24
2026-09-20,81,106.87777840447404,86.69
2026-09-20,82,125.66808822787158,88.42
2026-09-20,83,110.50258073314274,82.02
2026-09-20,84,103.448971718612,89.48
2026-09-20,85,152.55643037355537,90.08
2026-09-20,86,100.67191169146362,79.26
2026-09-20,87,94.4231992329492,67.9
2026-09-20,88,63.81419796012554,65.36
2026-09-20,89,111.47514136364305,76.2
2026-09-20,90,80.0513358252315,80.07
2026-09-20,91,39.60902267894747,67.31
2026-09-20,92,65.7828934848633,61.68
2026-09-20,93,7.416230457082577,63.74
2026-09-20,94,82.43197941916236,60.09
2026-09-20,95,88.95543859027022,57.78
2026-09-20,96,81.59588360186328,51.76
2026-09-21,1,95.4296370001382,50.68
2026-09-21,2,90.89283500248784,50.29
2026-09-21,3,67.82946371526454,45.28
2026-09-21,4,63.92425342357792,40.81
2026-09-21,5,71.65412009364637,45.61
2026-09-21,6,68.50101209502925,41.88
2026-09-21,7,75.98810176165458,42.85
2026-09-21,8,73.22532866128982,40.01
2026-09-21,9,76.23172919486491,41.33
2026-09-21,10,72.93412255802151,37.85
2026-09-21,11,69.22259714065757,38.38
2026-09-21,12,70.28496648701609,39.82
2026-09-21,13,71.28229889565569,40.85
2026-09-21,14,69.80569854953359,41.02
2026-09-21,15,68.2512705085915,39.9
2026-09-21,16,70.31545271449077,37.99
2026-09-21,17,80.55380676426478,37.53
2026-09-21,18,77.44996769957461,39.24
2026-09-21,19,130.03573272118476,43.76
2026-09-21,20,100.83609716080606,47.2
2026-09-21,21,84.27310685142112,43.27
2026-09-21,22,96.0288560950936,54.93
2026-09-21,23,114.30123225464794,60.38
2026-09-21,24,131.7184037976718,76.69
2026-09-21,25,141.11887140286305,91.43
2026-09-21,26,156.94802335448333,124.61
2026-09-21,27,166.21880495494375,130.5
2026-09-21,28,165.05357269330966,148.88
2026-09-21,29,158.83137674228632,160.88
2026-09-21,30,173.2261634558842,187.01
2026-09-21,31,172.59964392234215,194.48
2026-09-21,32,164.51275769655874,170.08
2026-09-21,33,172.28919525460032,257.09
2026-09-21,34,162.72473052132284,195.49
2026-09-21,35,159.43009452363611,154.11
2026-09-21,36,137.2034242980248,108.01
2026-09-21,37,143.91260464136255,121.74
2026-09-21,38,126.33128555186128,103.29
2026-09-21,39,98.18236927371731,63.51
2026-09-21,40,85.05481388038184,43.74
2026-09-21,41,105.36106974969216,62.15
2026-09-21,42,95.1730189396204,33.39
2026-09-21,43,83.90500423777085,28.43
2026-09-21,44,83.44318905451348,11.39
2026-09-21,45,92.45622845057898,19.82
2026-09-21,46,66.35426852100969,13.13
2026-09-21,47,55.76444881553297,2.66
2026-09-21,48,36.67561746833029,0.03
2026-09-21,49,48.173694511671314,0.76
2026-09-21,50,36.40697286696529,0.01
2026-09-21,51,28.5528564891422,0.02
2026-09-21,52,19.387249031298182,0.01
2026-09-21,53,19.04036879560156,0.0
2026-09-21,54,15.58567366875032,0.0
2026-09-21,55,12.797292653030455,0.0
2026-09-21,56,4.335786919869648,0.0
2026-09-21,57,10.71067703096508,0.0
2026-09-21,58,8.436995581407157,0.0
2026-09-21,59,7.931529214424627,0.01
2026-09-21,60,14.715324427506916,0.03
2026-09-21,61,6.968479181857612,0.0
2026-09-21,62,12.271002737236197,0.03
2026-09-21,63,16.424760436752692,0.1
2026-09-21,64,34.93660039675201,5.47
2026-09-21,65,6.097358869940443,0.08
2026-09-21,66,26.23589583063156,20.95
2026-09-21,67,46.93514258410582,33.95
2026-09-21,68,51.16735833866829,59.32
2026-09-21,69,33.4116228642348,22.71
2026-09-21,70,63.58831139451275,67.08
2026-09-21,71,156.5575733831055,135.63
2026-09-21,72,172.53245014433534,203.34
2026-09-21,73,139.58495969030423,166.62
2026-09-21,74,155.79599768820475,198.79
2026-09-21,75,181.41562476368173,222.59
2026-09-21,76,217.1390050813901,261.72
2026-09-21,77,183.8975528608433,220.8
2026-09-21,78,192.33098514820483,223.97
2026-09-21,79,183.2167742416964,251.23
2026-09-21,80,208.9503896928524,275.9
2026-09-21,81,187.23976727877056,251.3
2026-09-21,82,194.96565640808103,250.28
2026-09-21,83,195.2667566998956,243.48
2026-09-21,84,190.91449693049813,219.04
2026-09-21,85,186.74046792806016,232.28
2026-09-21,86,177.09637258222952,218.15
2026-09-21,87,165.0979348770611,213.93
2026-09-21,88,155.72612729778925,206.68
2026-09-21,89,192.30079309136443,216.0
2026-09-21,90,180.21645180663805,204.58
2026-09-21,91,169.42760068948323,206.08
2026-09-21,92,164.82492227965022,196.23
2026-09-21,93,165.52994841199788,197.98
2026-09-21,94,161.3781535287584,184.14
2026-09-21,95,157.57797161567234,186.58
2026-09-21,96,110.72262497368826,172.11
2026-09-22,1,178.47809802366504,189.97
2026-09-22,2,171.26533202514418,183.05
2026-09-22,3,162.70466492951263,176.66
2026-09-22,4,152.84261879447064,175.81
2026-09-22,5,161.56226575665664,177.29
2026-09-22,6,157.12613724705844,174.96
2026-09-22,7,154.7394322563825,176.55
2026-09-22,8,156.20140616592096,175.61
2026-09-22,9,153.2475746490148,175.89
2026-09-22,10,155.99082239977582,174.39
2026-09-22,11,158.49356177705675,172.41
2026-09-22,12,158.27885711599518,171.52
2026-09-22,13,157.27985597679532,173.57
2026-09-22,14,156.6095313382944,170.91
2026-09-22,15,157.82371456304844,170.42
2026-09-22,16,155.37294048255774,171.42
2026-09-22,17,155.20082615040894,172.65
2026-09-22,18,158.6266631266559,172.33
2026-09-22,19,159.03560626109078,174.19
2026-09-22,20,169.03801689246254,180.34
2026-09-22,21,160.60559289366114,167.7
2026-09-22,22,165.60442615982527,180.53
2026-09-22,23,176.34221841924068,193.44
2026-09-22,24,182.0148228687177,224.33
2026-09-22,25,182.0630739463625,198.34
2026-09-22,26,199.6292775988979,225.83
2026-09-22,27,207.59658895003204,253.32
2026-09-22,28,223.18908472324352,277.03
2026-09-22,29,219.9832570863033,289.86
2026-09-22,30,241.7337302708505,302.05
2026-09-22,31,231.6501719152488,293.4
2026-09-22,32,246.14226902809165,276.47
2026-09-22,33,259.13409342644235,282.29
2026-09-22,34,232.0158812278188,268.06
2026-09-22,35,211.1035583049976,240.76
2026-09-22,36,199.11710137907727,204.98
2026-09-22,37,195.692991839416,247.86
2026-09-22,38,185.71404105474912,217.86
2026-09-22,39,146.0940437111141,191.48
2026-09-22,40,124.0113875880276,166.18
2026-09-22,41,152.87902549075366,186.02
2026-09-22,42,123.00091009787272,173.99
2026-09-22,43,103.6830275992488,167.25
2026-09-22,44,88.11904448662135,161.83
2026-09-22,45,79.1734480501386,162.63
2026-09-22,46,80.85316722936318,151.03
2026-09-22,47,66.32586575391984,144.7
2026-09-22,48,57.07162071840576,135.85
2026-09-22,49,70.74311852299033,128.76
2026-09-22,50,74.1907995817165,130.54
2026-09-22,51,57.48559176372965,125.51
2026-09-22,52,43.900431602314896,118.22
2026-09-22,53,41.93312209615079,119.31
2026-09-22,54,35.72241356911954,117.72
2026-09-22,55,37.28858804870074,114.92
2026-09-22,56,40.32397729770994,112.14
2026-09-22,57,33.59864697973164,115.15
2026-09-22,58,30.821446619273694,119.39
2026-09-22,59,29.980869662180368,119.08
2026-09-22,60,42.89117644126711,122.93
2026-09-22,61,49.55984900311195,124.89
2026-09-22,62,35.787161537447304,130.22
2026-09-22,63,48.6962035032661,139.62
2026-09-22,64,66.0906379996369,151.71
2026-09-22,65,49.91655548988463,147.3
2026-09-22,66,86.98867288949933,161.28
2026-09-22,67,113.7270712229789,185.78
2026-09-22,68,137.08973377489122,213.13
2026-09-22,69,106.635558921087,164.68
2026-09-22,70,137.40097015707406,211.86
2026-09-22,71,187.71192697071257,241.96
2026-09-22,72,221.0638871760876,289.06
2026-09-22,73,189.05376713880443,253.0
2026-09-22,74,255.7495064274996,317.94
2026-09-22,75,360.25395997414296,417.93
2026-09-22,76,334.9384815312327,510.34
2026-09-22,77,311.7070440550556,564.09
2026-09-22,78,341.0162845678543,647.5
2026-09-22,79,409.7887122593129,640.67
2026-09-22,80,446.5046924420137,533.26
2026-09-22,81,338.1003769507431,543.39
2026-09-22,82,346.0882751252285,442.38
2026-09-22,83,334.1468612752823,389.22
2026-09-22,84,289.74794694524314,357.66
2026-09-22,85,275.98041078112965,315.72
2026-09-22,86,264.4408563093632,292.8
2026-09-22,87,244.5157878358156,291.88
2026-09-22,88,228.90089723649936,256.14
2026-09-22,89,254.82408678720063,258.79
2026-09-22,90,253.4122192663224,252.99
2026-09-22,91,219.5504815839723,249.35
2026-09-22,92,231.5459455600981,225.58
2026-09-22,93,240.01790941064075,226.09
2026-09-22,94,281.3568291284817,214.54
2026-09-22,95,297.5679993406356,210.21
2026-09-22,96,231.6287226002729,201.18
2026-09-23,1,227.40029275481697,194.51
2026-09-23,2,224.6758500123314,188.57
2026-09-23,3,215.8787108543869,190.3
2026-09-23,4,212.99941038951383,182.46
2026-09-23,5,243.82288345682912,181.76
2026-09-23,6,232.38237254835377,174.93
2026-09-23,7,229.5741662469921,173.68
2026-09-23,8,212.2814097205392,179.0
2026-09-23,9,197.85418708704023,174.52
2026-09-23,10,220.060892800904,171.11
2026-09-23,11,217.9909620417305,177.24
2026-09-23,12,210.69607579081213,183.06
2026-09-23,13,198.33657033143777,176.72
2026-09-23,14,197.0223976626185,178.53
2026-09-23,15,202.14123493916605,178.72
2026-09-23,16,207.6731302452536,173.43
2026-09-23,17,200.67775313952504,173.39
2026-09-23,18,203.86466357431044,178.13
2026-09-23,19,204.63592350011416,178.35
2026-09-23,20,202.2074476125394,173.94
2026-09-23,21,204.14087380047405,171.61
2026-09-23,22,206.60505952606903,188.0
2026-09-23,23,213.59852034582136,202.0
2026-09-23,24,236.8393748515149,232.86
2026-09-23,25,261.4860495048509,236.07
2026-09-23,26,293.9047655905015,260.63
2026-09-23,27,325.7965520888338,355.5
2026-09-23,28,320.00010788802274,347.79
2026-09-23,29,421.0141138233441,370.63
2026-09-23,30,365.1296774028976,385.35
2026-09-23,31,299.40789886705386,348.25
2026-09-23,32,307.1973696324909,280.09
2026-09-23,33,339.0624467849888,274.32
2026-09-23,34,311.32167890361586,240.5
2026-09-23,35,301.39918750414364,224.31
2026-09-23,36,252.5195673209724,189.12
2026-09-23,37,294.37178946178665,217.94
2026-09-23,38,275.8392896636302,193.88
2026-09-23,39,245.1141988621293,170.82
2026-09-23,40,199.5291235944238,146.46
2026-09-23,41,239.67357919947176,166.24
2026-09-23,42,193.2668990454532,148.1
2026-09-23,43,151.16158881419776,134.95
2026-09-23,44,118.39884894769548,116.12
2026-09-23,45,150.79423255963718,119.82
2026-09-23,46,113.00772691748324,107.13
2026-09-23,47,95.78582998908324,86.82
2026-09-23,48,75.20561168649243,75.87
2026-09-23,49,101.27228854687634,85.87
2026-09-23,50,87.59322616107285,73.37
2026-09-23,51,75.4784989236474,69.72
2026-09-23,52,75.79122998755669,63.26
2026-09-23,53,78.93701827106453,64.74
2026-09-23,54,58.02474360160094,60.02
2026-09-23,55,63.13694603961647,55.07
2026-09-23,56,73.1081637076603,49.47
2026-09-23,57,79.56638700846496,41.99
2026-09-23,58,64.70774695252686,64.85
2026-09-23,59,51.91021194883166,85.33
2026-09-23,60,73.35614782475506,108.18
2026-09-23,61,38.5911035266266,72.09
2026-09-23,62,75.10106399993899,101.31
2026-09-23,63,96.49257395179154,126.3
2026-09-23,64,115.66314590938886,141.93
2026-09-23,65,105.71281470237386,124.17
2026-09-23,66,132.0781028481982,148.07
2026-09-23,67,163.68160318305257,165.54
2026-09-23,68,220.64452882092448,189.45
2026-09-23,69,196.70656164484024,158.94
2026-09-23,70,282.9346907317763,186.1
2026-09-23,71,338.09810306773545,211.46
2026-09-23,72,297.5947111133296,239.54
2026-09-23,73,254.84142304388595,206.0
2026-09-23,74,272.683505578889,225.83
2026-09-23,75,275.4679879112176,267.94
2026-09-23,76,290.0874733806637,275.11
2026-09-23,77,343.630224537099,271.83
2026-09-23,78,345.21428256963065,257.33
2026-09-23,79,347.0782067738534,272.89
2026-09-23,80,331.5690680868016,284.31
2026-09-23,81,298.0492712392433,262.21
2026-09-23,82,315.2596186817832,249.7
2026-09-23,83,310.404574629636,223.83
2026-09-23,84,264.02778649277286,210.76
2026-09-23,85,256.3307648407919,213.26
2026-09-23,86,239.25598980256683,205.96
2026-09-23,87,248.09065045495944,190.73
2026-09-23,88,217.1809022239128,170.84
2026-09-23,89,287.95105506285137,182.87
2026-09-23,90,265.38690965920136,170.36
2026-09-23,91,218.3981461972248,165.74
2026-09-23,92,211.5452581981275,161.5
2026-09-23,93,237.1937600748936,166.95
2026-09-23,94,214.4032669974553,154.16
2026-09-23,95,280.7277249974405,150.68
2026-09-23,96,204.6948472289436,144.2
2026-09-24,1,165.4661543020453,124.78
2026-09-24,2,152.6035208764031,136.68
2026-09-24,3,145.86739385299114,130.6
2026-09-24,4,139.78852356073315,129.4
2026-09-24,5,145.74449742969276,121.01
2026-09-24,6,142.17600388478027,118.29
2026-09-24,7,139.30310543625464,119.7
2026-09-24,8,136.01006958314412,116.49
2026-09-24,9,139.29858084674402,117.38
2026-09-24,10,132.52361397799405,114.96
2026-09-24,11,136.66824752965098,114.36
2026-09-24,12,134.20367208866148,111.35
2026-09-24,13,134.04746700538468,109.27
2026-09-24,14,135.82866757854387,107.97
2026-09-24,15,133.79367471525572,106.5
2026-09-24,16,132.94554547456573,104.39
2026-09-24,17,132.94099219311542,106.36
2026-09-24,18,134.56844083733318,106.43
2026-09-24,19,136.50588415278455,105.65
2026-09-24,20,137.1853419097958,110.85
2026-09-24,21,138.26880769644322,118.13
2026-09-24,22,138.19657086045095,118.67
2026-09-24,23,147.1345297255101,121.55
2026-09-24,24,157.76135361402245,128.45
2026-09-24,25,162.66506934239288,123.98
2026-09-24,26,171.69029592574074,142.78
2026-09-24,27,175.47756817828994,156.71
2026-09-24,28,188.27358650228547,167.77
2026-09-24,29,191.43183071232468,161.37
2026-09-24,30,206.2385233726465,167.17
2026-09-24,31,232.16588220197835,172.69
2026-09-24,32,222.8400136217588,170.83
2026-09-24,33,227.2278363257029,185.99
2026-09-24,34,215.03811833437928,175.9
2026-09-24,35,190.33617166699804,172.6
2026-09-24,36,152.9785597745213,160.57
2026-09-24,37,177.34160410617167,172.79
2026-09-24,38,168.09316307920605,162.39
2026-09-24,39,148.50706351627318,144.42
2026-09-24,40,137.2559291659273,130.04
2026-09-24,41,155.86887164801377,136.4
2026-09-24,42,141.1360152558726,122.77
2026-09-24,43,126.54042726088524,106.24
2026-09-24,44,107.97697757109285,81.51
2026-09-24,45,125.57959169803912,98.66
2026-09-24,46,105.7093695029461,78.86
2026-09-24,47,76.92693828474164,60.02
2026-09-24,48,43.75384274553999,36.1
2026-09-24,49,52.93504372031639,25.01
2026-09-24,50,33.08143858727449,15.11
2026-09-24,51,32.91500027967977,13.88
2026-09-24,52,23.58654320974773,10.0
2026-09-24,53,21.60120302891674,14.0
2026-09-24,54,22.69231968667468,10.03
2026-09-24,55,17.575232532661154,12.32
2026-09-24,56,14.088232580505776,10.05
2026-09-24,57,20.145512523279315,8.86
2026-09-24,58,23.78475343386381,10.9
2026-09-24,59,24.379299901460904,24.0
2026-09-24,60,33.28632250386848,34.99
2026-09-24,61,27.77169375899306,38.66
2026-09-24,62,45.13766459040787,61.86
2026-09-24,63,72.72915349029796,95.0
2026-09-24,64,74.74725247372069,108.0
2026-09-24,65,54.47346958129907,76.9
2026-09-24,66,81.47928762114283,108.86
2026-09-24,67,114.7337383638388,132.15
2026-09-24,68,129.46256087506995,152.8
2026-09-24,69,113.80801927868248,141.6
2026-09-24,70,149.16550752920585,170.89
2026-09-24,71,186.47664503607515,193.19
2026-09-24,72,183.80431092997384,214.43
2026-09-24,73,174.03234399611145,186.47
2026-09-24,74,208.0750034592708,218.93
2026-09-24,75,215.33833910730357,236.02
2026-09-24,76,289.75135382119464,262.74
2026-09-24,77,229.49033299194,249.33
2026-09-24,78,239.2090539229068,263.79
2026-09-24,79,248.43033430413504,267.94
2026-09-24,80,244.1661293337565,288.23
2026-09-24,81,240.48887824713415,272.65
2026-09-24,82,230.5341722404136,265.8
2026-09-24,83,231.36903979128735,253.5
2026-09-24,84,224.7039513128858,248.05
2026-09-24,85,222.29944945046475,240.29
2026-09-24,86,216.55070441020672,230.0
2026-09-24,87,211.58580255697632,223.38
2026-09-24,88,198.3842789932588,209.62
2026-09-24,89,220.2356197953841,220.96
2026-09-24,90,196.55054807323896,204.52
2026-09-24,91,189.9644850142131,201.0
2026-09-24,92,179.337916005388,192.99
2026-09-24,93,185.77881974526127,196.93
2026-09-24,94,179.48453698918857,188.32
2026-09-24,95,172.53901669372266,185.64
2026-09-24,96,163.67391642814246,181.14
2026-09-25,1,189.78463114993127,196.99
2026-09-25,2,185.67640994851996,184.4
2026-09-25,3,182.49991336893393,175.79
2026-09-25,4,173.31605007714876,170.59
2026-09-25,5,181.76340882496407,175.13
2026-09-25,6,176.52758038775474,171.84
2026-09-25,7,177.75619064649834,171.43
2026-09-25,8,173.47008898140015,170.27
2026-09-25,9,174.62594324839569,167.76
2026-09-25,10,173.9092089755599,166.49
2026-09-25,11,171.44225442192948,165.93
2026-09-25,12,170.36045003727207,162.38
2026-09-25,13,169.87314141783705,164.46
2026-09-25,14,169.69469876403127,165.55
2026-09-25,15,169.3282845861959,169.18
2026-09-25,16,170.9311815292281,169.27
2026-09-25,17,167.58915801460938,172.29
2026-09-25,18,170.80132269431027,170.87
2026-09-25,19,173.3579097369197,169.82
2026-09-25,20,178.23927025296527,165.87
2026-09-25,21,177.72393160039803,168.41
2026-09-25,22,185.42597522305198,169.79
2026-09-25,23,195.58844813649264,192.29
2026-09-25,24,205.02346547164905,221.15
2026-09-25,25,198.61221624437425,204.38
2026-09-25,26,214.33196434299103,236.08
2026-09-25,27,226.34984177918366,236.44
2026-09-25,28,228.31263132210748,264.16
2026-09-25,29,227.51684600188645,252.93
2026-09-25,30,217.89550507562657,266.66
2026-09-25,31,212.4358194475991,273.61
2026-09-25,32,217.52429571367432,252.41
2026-09-25,33,241.6976598142237,290.87
2026-09-25,34,224.38816211875465,260.69
2026-09-25,35,195.82275814696914,243.4
2026-09-25,36,188.86955510016912,203.99
2026-09-25,37,219.08327824167088,235.46
2026-09-25,38,205.02034353480144,202.74
2026-09-25,39,181.62418098449982,189.27
2026-09-25,40,177.11943499350573,157.5
2026-09-25,41,189.79229091134096,182.5
2026-09-25,42,165.3490958983367,165.0
2026-09-25,43,146.07040950654377,148.66
2026-09-25,44,149.29682487686728,137.99
2026-09-25,45,125.56649172642021,137.82
2026-09-25,46,136.12644754945185,123.02
2026-09-25,47,131.14423714594386,100.36
2026-09-25,48,111.15722424806196,72.42
2026-09-25,49,113.83123332690433,85.78
2026-09-25,50,96.26912981969093,62.83
2026-09-25,51,96.12884334183832,49.38
2026-09-25,52,90.98098304647132,42.75
2026-09-25,53,82.4280764336382,39.01
2026-09-25,54,97.40043919187374,36.12
2026-09-25,55,107.0808293328913,26.14
2026-09-25,56,90.77678318634133,19.17
2026-09-25,57,83.02095680969009,23.12
2026-09-25,58,88.94669999028243,35.0
2026-09-25,59,132.1572374822206,39.94
2026-09-25,60,113.75484031637296,61.49
2026-09-25,61,110.24351352113575,40.0
2026-09-25,62,102.61534787233617,73.58
2026-09-25,63,119.09464910571276,107.83
2026-09-25,64,127.58560186226313,126.76
2026-09-25,65,100.70732237713787,119.91
2026-09-25,66,124.24320888323695,142.44
2026-09-25,67,151.47615825753934,165.0
2026-09-25,68,182.10006838147558,190.71
2026-09-25,69,137.9875934957378,157.71
2026-09-25,70,171.25752222942285,192.8
2026-09-25,71,207.304126754111,206.21
2026-09-25,72,236.80605641173594,239.26
2026-09-25,73,189.18012140109147,202.24
2026-09-25,74,215.62768338939384,230.0
2026-09-25,75,254.58931027986523,248.72
2026-09-25,76,330.60716306131536,284.74
2026-09-25,77,277.45963246924373,291.76
2026-09-25,78,305.52218848038586,305.47
2026-09-25,79,336.7013288211737,315.78
2026-09-25,80,380.0242727491996,300.7
2026-09-25,81,325.14999495279164,270.0
2026-09-25,82,293.83464200647705,255.0
2026-09-25,83,272.25618631237995,246.96
2026-09-25,84,260.2416685223221,236.7
2026-09-25,85,257.3698771999614,244.18
2026-09-25,86,244.40822495308132,231.25
2026-09-25,87,233.84481498310697,218.38
2026-09-25,88,218.21522472746932,202.89
2026-09-25,89,231.6536476423271,219.99
2026-09-25,90,221.2272478506788,208.59
2026-09-25,91,216.28654436561777,202.11
2026-09-25,92,204.91435044011033,194.72
2026-09-25,93,214.7250933157107,199.81
2026-09-25,94,204.80378066728878,193.53
2026-09-25,95,195.39191140412782,182.41
2026-09-25,96,181.78400844086144,171.29
2026-09-26,1,187.1538102944528,
2026-09-26,2,183.62186190720382,
2026-09-26,3,175.64373673428932,
2026-09-26,4,165.99567453600343,
2026-09-26,5,180.64330936075618,
2026-09-26,6,174.32073492426215,
2026-09-26,7,173.1873546476702,
2026-09-26,8,166.596157229282,
2026-09-26,9,169.13382874321383,
2026-09-26,10,168.9876983041186,
2026-09-26,11,168.39786022184416,
2026-09-26,12,164.60688221157193,
2026-09-26,13,164.4283748847076,
2026-09-26,14,163.03349316590905,
2026-09-26,15,164.55340261869003,
2026-09-26,16,166.01377251894712,
2026-09-26,17,165.24227013058197,
2026-09-26,18,167.087066706646,
2026-09-26,19,170.07920725164988,
2026-09-26,20,170.95822547240147,
2026-09-26,21,169.69503173589368,
2026-09-26,22,174.06890162449,
2026-09-26,23,178.0142886068718,
2026-09-26,24,182.5420160407044,
2026-09-26,25,190.9683562527921,
2026-09-26,26,196.71608646832314,
2026-09-26,27,201.7802167027454,
2026-09-26,28,203.89246769260544,
2026-09-26,29,201.72354823009522,
2026-09-26,30,209.3277134150893,
2026-09-26,31,208.80195956133005,
2026-09-26,32,205.81934944637777,
2026-09-26,33,197.37717683710366,
2026-09-26,34,197.17135863925532,
2026-09-26,35,166.1595710168895,
2026-09-26,36,147.92620644023967,
2026-09-26,37,166.74691650324363,
2026-09-26,38,151.55302912414567,
2026-09-26,39,135.98084412691813,
2026-09-26,40,127.96822711592085,
2026-09-26,41,139.8078200011278,
2026-09-26,42,126.82578010525536,
2026-09-26,43,111.79604222937888,
2026-09-26,44,100.64673806285559,
2026-09-26,45,86.20871994241051,
2026-09-26,46,98.07874157704288,
2026-09-26,47,78.86687235351513,
2026-09-26,48,66.70903919077249,
2026-09-26,49,73.35874328033728,
2026-09-26,50,55.00886003674182,
2026-09-26,51,41.90435062920878,
2026-09-26,52,42.76476151137099,
2026-09-26,53,33.65600014225319,
2026-09-26,54,42.539861239430664,
2026-09-26,55,44.908901970140676,
2026-09-26,56,39.40462806522504,
2026-09-26,57,49.74700408724655,
2026-09-26,58,31.949496261834188,
2026-09-26,59,64.1718970886928,
2026-09-26,60,71.81136666434398,
2026-09-26,61,57.38132928409321,
2026-09-26,62,34.74302658768795,
2026-09-26,63,64.37794778426938,
2026-09-26,64,74.15807517168133,
2026-09-26,65,65.23234539944127,
2026-09-26,66,88.92855121800353,
2026-09-26,67,115.26986588620827,
2026-09-26,68,142.11944112311818,
2026-09-26,69,125.04549424830583,
2026-09-26,70,156.29657155826166,
2026-09-26,71,176.3761711548472,
2026-09-26,72,209.56940712430878,
2026-09-26,73,187.12681078069173,
2026-09-26,74,227.16447541728394,
2026-09-26,75,230.81937984150966,
2026-09-26,76,243.09150053021028,
2026-09-26,77,246.42034622123612,
2026-09-26,78,264.5167655090488,
2026-09-26,79,264.9870255083092,
2026-09-26,80,266.4324690331089,
2026-09-26,81,252.3199553977278,
2026-09-26,82,246.51193218631576,
2026-09-26,83,235.9250193690829,
2026-09-26,84,241.5821451474079,
2026-09-26,85,234.31340195907399,
2026-09-26,86,232.73001306601407,
2026-09-26,87,223.49333251071062,
2026-09-26,88,209.84710610788906,
2026-09-26,89,226.4817014058713,
2026-09-26,90,214.80522060845135,
2026-09-26,91,204.48753769564024,
2026-09-26,92,199.20413064766797,
2026-09-26,93,208.09891315464296,
2026-09-26,94,200.54456388103176,
2026-09-26,95,189.68665422285707,
2026-09-26,96,183.81450889435482,
